[INFO] [launch]: All log files can be found below /home/lidio/.ros/log/2026-10-08-10-38-00-517984-Estara-138797
[INFO] [launch]: Default logging verbosity is set to INFO
[INFO] [rviz2-1]: process started with pid [138825]
[INFO] [robot_state_publisher-2]: process started with pid [138827]
[INFO] [ros2_control_node-3]: process started with pid [138829]
[INFO] [spawner-4]: process started with pid [138831]
[ros2_control_node-3] [INFO] [1791427080.674823355] [controller_manager]: Subscribing to '~/robot_description' topic for robot description file.
[ros2_control_node-3] [INFO] [1791427080.675381393] [controller_manager]: update rate is 1000 Hz
[ros2_control_node-3] [INFO] [1791427080.675396574] [controller_manager]: Spawning controller_manager RT thread with scheduler priority: 50
[ros2_control_node-3] [WARN] [1791427080.675474039] [controller_manager]: Could not enable FIFO RT scheduling policy: with error number <1>(Operation not permitted). See [https://control.ros.org/master/doc/ros2_control/controller_manager/doc/userdoc.html] for details on how to enable realtime scheduling.
[robot_state_publisher-2] [INFO] [1791427080.681894469] [robot_state_publisher]: got segment FL_calf
[robot_state_publisher-2] [INFO] [1791427080.682000442] [robot_state_publisher]: got segment FL_foot
[robot_state_publisher-2] [INFO] [1791427080.682005848] [robot_state_publisher]: got segment FL_hip
[robot_state_publisher-2] [INFO] [1791427080.682009026] [robot_state_publisher]: got segment FL_thigh
[robot_state_publisher-2] [INFO] [1791427080.682011615] [robot_state_publisher]: got segment FR_calf
[robot_state_publisher-2] [INFO] [1791427080.682014232] [robot_state_publisher]: got segment FR_foot
[robot_state_publisher-2] [INFO] [1791427080.682016671] [robot_state_publisher]: got segment FR_hip
[robot_state_publisher-2] [INFO] [1791427080.682019181] [robot_state_publisher]: got segment FR_thigh
[robot_state_publisher-2] [INFO] [1791427080.682021530] [robot_state_publisher]: got segment RL_calf
[robot_state_publisher-2] [INFO] [1791427080.682023989] [robot_state_publisher]: got segment RL_foot
[robot_state_publisher-2] [INFO] [1791427080.682026353] [robot_state_publisher]: got segment RL_hip
[robot_state_publisher-2] [INFO] [1791427080.682028767] [robot_state_publisher]: got segment RL_thigh
[robot_state_publisher-2] [INFO] [1791427080.682031144] [robot_state_publisher]: got segment RR_calf
[robot_state_publisher-2] [INFO] [1791427080.682033553] [robot_state_publisher]: got segment RR_foot
[robot_state_publisher-2] [INFO] [1791427080.682035889] [robot_state_publisher]: got segment RR_hip
[robot_state_publisher-2] [INFO] [1791427080.682038244] [robot_state_publisher]: got segment RR_thigh
[robot_state_publisher-2] [INFO] [1791427080.682040585] [robot_state_publisher]: got segment base
[robot_state_publisher-2] [INFO] [1791427080.682042980] [robot_state_publisher]: got segment front_camera
[robot_state_publisher-2] [INFO] [1791427080.682045458] [robot_state_publisher]: got segment imu_link
[robot_state_publisher-2] [INFO] [1791427080.682047783] [robot_state_publisher]: got segment lidar
[robot_state_publisher-2] [INFO] [1791427080.682050354] [robot_state_publisher]: got segment trunk
[ros2_control_node-3] [INFO] [1791427080.752221576] [controller_manager]: Received robot description file.
[ros2_control_node-3] [INFO] [1791427080.752681356] [resource_manager]: Loading hardware 'UnitreeSystem' 
[ros2_control_node-3] [INFO] [1791427080.756237950] [resource_manager]: Initialize hardware 'UnitreeSystem' 
[ros2_control_node-3] [INFO] [1791427080.756303199] [unitree_hardware]:  network_interface: lo, domain: 1
[ros2_control_node-3] 1791427080.758006 [1] ros2_contr: selected interface "lo" is not multicast-capable: disabling multicast
[ros2_control_node-3] [INFO] [1791427080.861054303] [unitree_hardware]: [MOTOR-MAP] controller[0] FR_hip_joint -> Unitree motor[0]
[ros2_control_node-3] [INFO] [1791427080.861077718] [unitree_hardware]: [MOTOR-MAP] controller[1] FR_thigh_joint -> Unitree motor[1]
[ros2_control_node-3] [INFO] [1791427080.861081197] [unitree_hardware]: [MOTOR-MAP] controller[2] FR_calf_joint -> Unitree motor[2]
[ros2_control_node-3] [INFO] [1791427080.861084113] [unitree_hardware]: [MOTOR-MAP] controller[3] FL_hip_joint -> Unitree motor[3]
[ros2_control_node-3] [INFO] [1791427080.861086929] [unitree_hardware]: [MOTOR-MAP] controller[4] FL_thigh_joint -> Unitree motor[4]
[ros2_control_node-3] [INFO] [1791427080.861089757] [unitree_hardware]: [MOTOR-MAP] controller[5] FL_calf_joint -> Unitree motor[5]
[ros2_control_node-3] [INFO] [1791427080.861092625] [unitree_hardware]: [MOTOR-MAP] controller[6] RR_hip_joint -> Unitree motor[6]
[ros2_control_node-3] [INFO] [1791427080.861095447] [unitree_hardware]: [MOTOR-MAP] controller[7] RR_thigh_joint -> Unitree motor[7]
[ros2_control_node-3] [INFO] [1791427080.861098334] [unitree_hardware]: [MOTOR-MAP] controller[8] RR_calf_joint -> Unitree motor[8]
[ros2_control_node-3] [INFO] [1791427080.861101168] [unitree_hardware]: [MOTOR-MAP] controller[9] RL_hip_joint -> Unitree motor[9]
[ros2_control_node-3] [INFO] [1791427080.861103992] [unitree_hardware]: [MOTOR-MAP] controller[10] RL_thigh_joint -> Unitree motor[10]
[ros2_control_node-3] [INFO] [1791427080.861106958] [unitree_hardware]: [MOTOR-MAP] controller[11] RL_calf_joint -> Unitree motor[11]
[ros2_control_node-3] [INFO] [1791427080.861640067] [resource_manager]: Successful initialization of hardware 'UnitreeSystem'
[ros2_control_node-3] [INFO] [1791427080.861799042] [resource_manager]: 'configure' hardware 'UnitreeSystem' 
[ros2_control_node-3] [INFO] [1791427080.861807185] [resource_manager]: Successful 'configure' of hardware 'UnitreeSystem'
[ros2_control_node-3] [INFO] [1791427080.861826902] [resource_manager]: 'activate' hardware 'UnitreeSystem' 
[ros2_control_node-3] [INFO] [1791427080.861831520] [resource_manager]: Successful 'activate' of hardware 'UnitreeSystem'
[ros2_control_node-3] [INFO] [1791427080.907360621] [controller_manager]: Loading controller 'joint_state_broadcaster'
[spawner-4] [INFO] [1791427080.919675306] [spawner_joint_state_broadcaster]: [94mLoaded [1mjoint_state_broadcaster[0m
[ros2_control_node-3] [INFO] [1791427080.920142114] [controller_manager]: Configuring controller 'joint_state_broadcaster'
[ros2_control_node-3] [INFO] [1791427080.920233337] [joint_state_broadcaster]: 'joints' or 'interfaces' parameter is empty. All available state interfaces will be published
[spawner-4] [INFO] [1791427080.927126637] [spawner_joint_state_broadcaster]: [92mConfigured and activated [1mjoint_state_broadcaster[0m
[INFO] [spawner-4]: process has finished cleanly [pid 138831]
[INFO] [spawner-5]: process started with pid [138945]
[rviz2-1] [INFO] [1791427081.134768519] [rviz2]: Stereo is NOT SUPPORTED
[rviz2-1] [INFO] [1791427081.134908235] [rviz2]: OpenGl version: 4.6 (GLSL 4.6)
[rviz2-1] [INFO] [1791427081.149930795] [rviz2]: Stereo is NOT SUPPORTED
[ros2_control_node-3] [INFO] [1791427081.343202155] [controller_manager]: Loading controller 'imu_sensor_broadcaster'
[spawner-5] [INFO] [1791427081.370423378] [spawner_imu_sensor_broadcaster]: [94mLoaded [1mimu_sensor_broadcaster[0m
[ros2_control_node-3] [INFO] [1791427081.371349281] [controller_manager]: Configuring controller 'imu_sensor_broadcaster'
[spawner-5] [INFO] [1791427081.376187956] [spawner_imu_sensor_broadcaster]: [92mConfigured and activated [1mimu_sensor_broadcaster[0m
[INFO] [spawner-5]: process has finished cleanly [pid 138945]
[INFO] [spawner-6]: process started with pid [138983]
[ros2_control_node-3] [INFO] [1791427082.132828487] [controller_manager]: Loading controller 'rl_quadruped_controller'
[ros2_control_node-3] [INFO] [1791427082.357286325] [rl_quadruped_controller]: Controller Update Rate: 200 Hz
[ros2_control_node-3] [INFO] [1791427082.357333228] [rl_quadruped_controller]: Enable Estimator
[ros2_control_node-3] dt: 0.005
[spawner-6] [INFO] [1791427082.368647769] [spawner_rl_quadruped_controller]: [94mLoaded [1mrl_quadruped_controller[0m
[ros2_control_node-3] [INFO] [1791427082.369564463] [controller_manager]: Configuring controller 'rl_quadruped_controller'
[ros2_control_node-3] [INFO] [1791427082.373849508] [rl_quadruped_controller]: [VERIFY] joint interface order: FR_hip_joint FR_thigh_joint FR_calf_joint ... RL_calf_joint
[ros2_control_node-3] [INFO] [1791427082.373995824] [rl_quadruped_controller]: Using robot model from go2_description
[ros2_control_node-3] [INFO] [1791427082.377249630] [rl_quadruped_controller]: Model loading: policy.pt
[ros2_control_node-3] robot_legs_.size(): 4
[ros2_control_node-3] [INFO] [1791427082.416469014] [rl_quadruped_controller]: [VERIFY] num_observations=61, num_of_dofs=12
[ros2_control_node-3] [INFO] [1791427082.416539290] [rl_quadruped_controller]: [VERIFY] observations order: contact ang_vel gravity_vec commands timer dof_pos dof_vel actions ray2d 
[ros2_control_node-3] [INFO] [1791427082.416640733] [rl_quadruped_controller]: [VERIFY] rl_kp[0]=30.00, rl_kd[0]=0.65
[ros2_control_node-3] [INFO] [1791427082.416654809] [rl_quadruped_controller]: [VERIFY] scales: action=0.25 lin_vel=1.00 ang_vel=1.00 dof_pos=1.00 dof_vel=0.20
[ros2_control_node-3] [INFO] [1791427082.416670431] [rl_quadruped_controller]: [VERIFY] default_dof_pos: 0.0000 0.8000 -1.5000 (first 3 joints = FR hip/thigh/calf)
[ros2_control_node-3] [INFO] [1791427082.416678868] [rl_quadruped_controller]: [VERIFY] ABS: max_ep_len=9.0s contact_thr=1.0N ray2d_count=11 ray2d_max_range=6.0m
[ros2_control_node-3] [INFO] [1791427082.416686608] [rl_quadruped_controller]: [VERIFY] decimation=4 frequency=200Hz dt=0.0200s
[ros2_control_node-3] [INFO] [1791427082.416697458] [rl_quadruped_controller]: [VERIFY] use_rl_thread=false policy_joint_order=ros1_fl_fr_rl_rr
[ros2_control_node-3] [INFO] [1791427082.420095205] [rl_quadruped_controller]: [RA] Value network loaded: ra_value.pt
[ros2_control_node-3] [INFO] [1791427082.433630897] [rl_quadruped_controller]: [REC] Recovery policy loaded: /tmp/s1_03_overlay/share/go2_description/config/rec/policy.pt
[ros2_control_node-3] [INFO] [1791427082.435980620] [rl_quadruped_controller]: StateRLRec: Loading recovery model: policy.pt
[ros2_control_node-3] [INFO] [1791427082.446964377] [rl_quadruped_controller]: [REC-VERIFY] num_observations=49, num_of_dofs=12
[ros2_control_node-3] [INFO] [1791427082.447030964] [rl_quadruped_controller]: [REC-VERIFY] observations: contact ang_vel gravity_vec commands dof_pos dof_vel actions 
[ros2_control_node-3] [INFO] [1791427082.447079614] [rl_quadruped_controller]: [REC-VERIFY] rl_kp[0]=30.00, rl_kd[0]=0.65
[ros2_control_node-3] [INFO] [1791427082.447099935] [rl_quadruped_controller]: [REC-VERIFY] action_scale=0.25 dof_vel_scale=0.20 contact_thr=1.0N
[spawner-6] [INFO] [1791427082.449098910] [spawner_rl_quadruped_controller]: [92mConfigured and activated [1mrl_quadruped_controller[0m
[INFO] [spawner-6]: process has finished cleanly [pid 138983]
[ros2_control_node-3] [INFO] [1791427089.145270967] [rl_quadruped_controller]: Switched from passive to fixed down
[ros2_control_node-3] [INFO] [1791427090.955185541] [rl_quadruped_controller]: Switched from fixed down to fixed stand
[ros2_control_node-3] [INFO] [1791427090.965018290] [BaseFixedStand]: [STAND-SYMM] phase=0.004 q_thigh FR=1.255 FL=1.255 RR=1.353 RL=1.353 diff_FLFR=0.000 diff_RLRR=-0.000 q_calf FR=-2.732 FL=-2.732 RR=-2.743 RL=-2.743 diff_FLFR=-0.000 diff_RLRR=-0.000
[ros2_control_node-3] [INFO] [1791427091.465158044] [BaseFixedStand]: [STAND-SYMM] phase=0.398 q_thigh FR=1.074 FL=1.074 RR=1.140 RL=1.140 diff_FLFR=0.000 diff_RLRR=-0.000 q_calf FR=-2.367 FL=-2.367 RR=-2.393 RL=-2.393 diff_FLFR=-0.000 diff_RLRR=0.000
[ros2_control_node-3] [INFO] [1791427091.964943023] [BaseFixedStand]: [STAND-SYMM] phase=0.684 q_thigh FR=0.938 FL=0.938 RR=0.980 RL=0.980 diff_FLFR=0.000 diff_RLRR=-0.000 q_calf FR=-1.996 FL=-1.996 RR=-2.010 RL=-2.010 diff_FLFR=-0.000 diff_RLRR=-0.000
[ros2_control_node-3] [INFO] [1791427092.465253441] [BaseFixedStand]: [STAND-SYMM] phase=0.849 q_thigh FR=0.860 FL=0.860 RR=0.889 RL=0.889 diff_FLFR=0.000 diff_RLRR=-0.000 q_calf FR=-1.778 FL=-1.778 RR=-1.779 RL=-1.779 diff_FLFR=-0.000 diff_RLRR=-0.000
[ros2_control_node-3] [INFO] [1791427092.965195770] [BaseFixedStand]: [STAND-SYMM] phase=0.932 q_thigh FR=0.822 FL=0.822 RR=0.844 RL=0.844 diff_FLFR=0.000 diff_RLRR=-0.000 q_calf FR=-1.668 FL=-1.668 RR=-1.663 RL=-1.663 diff_FLFR=-0.000 diff_RLRR=-0.000
[ros2_control_node-3] [INFO] [1791427093.465110828] [BaseFixedStand]: [STAND-SYMM] phase=0.970 q_thigh FR=0.804 FL=0.804 RR=0.823 RL=0.823 diff_FLFR=0.000 diff_RLRR=-0.000 q_calf FR=-1.617 FL=-1.617 RR=-1.608 RL=-1.608 diff_FLFR=-0.000 diff_RLRR=-0.000
[ros2_control_node-3] [INFO] [1791427093.964769244] [BaseFixedStand]: [STAND-SYMM] phase=0.987 q_thigh FR=0.796 FL=0.796 RR=0.814 RL=0.814 diff_FLFR=0.000 diff_RLRR=-0.000 q_calf FR=-1.594 FL=-1.594 RR=-1.584 RL=-1.584 diff_FLFR=0.000 diff_RLRR=-0.000
[ros2_control_node-3] [INFO] [1791427094.464910611] [BaseFixedStand]: [STAND-SYMM] phase=0.994 q_thigh FR=0.792 FL=0.792 RR=0.810 RL=0.810 diff_FLFR=0.000 diff_RLRR=-0.000 q_calf FR=-1.584 FL=-1.584 RR=-1.573 RL=-1.573 diff_FLFR=0.000 diff_RLRR=-0.000
[ros2_control_node-3] [INFO] [1791427094.965163700] [BaseFixedStand]: [STAND-SYMM] phase=0.997 q_thigh FR=0.790 FL=0.790 RR=0.807 RL=0.807 diff_FLFR=0.000 diff_RLRR=-0.000 q_calf FR=-1.578 FL=-1.578 RR=-1.567 RL=-1.567 diff_FLFR=0.000 diff_RLRR=-0.000
[ros2_control_node-3] [INFO] [1791427095.465272247] [BaseFixedStand]: [STAND-SYMM] phase=0.999 q_thigh FR=0.789 FL=0.789 RR=0.806 RL=0.806 diff_FLFR=0.000 diff_RLRR=-0.000 q_calf FR=-1.575 FL=-1.575 RR=-1.564 RL=-1.564 diff_FLFR=0.000 diff_RLRR=-0.000
[ros2_control_node-3] [INFO] [1791427095.869985683] [rl_quadruped_controller]: Switched from fixed stand to rl
[ros2_control_node-3] [INFO] [1791427095.875351172] [StateRL]: [Ray2D] Shared memory connected: /mujoco_ray2d
[ros2_control_node-3] [INFO] [1791427095.875461287] [StateRL]: [RtFrame] Shared memory initialized: /mujoco_rt_frame session_id=8882229733386
[ros2_control_node-3] [INFO] [1791427095.876099834] [StateRL]: [RL] enable_estimator_=1 rec_loaded=1 ra_loaded=1 ra_threshold=-0.0500
[ros2_control_node-3] [INFO] [1791427095.876125937] [StateRL]: [RL] Ray2d: shm connected, policy active
[ros2_control_node-3] [INFO] [1791427095.879986551] [StateRL]: [ABS-POLICY-CMD] event=command_write clock=steady_clock_ns write_ns=8882234259781 write_id=1 source_session_id=0 source_policy_cycle_id=0 source_mode=0 action_source=0 transition_reason=0 recovery_episode_id=0 q_rad=[0.000000,0.800000,-1.500000,-0.000000,0.800000,-1.500000,0.000000,0.800000,-1.500000,-0.000000,0.800000,-1.500000]
[ros2_control_node-3] [INFO] [1791427095.885096519] [StateRL]: [ABS-POLICY-CMD] event=command_write clock=steady_clock_ns write_ns=8882239365065 write_id=2 source_session_id=0 source_policy_cycle_id=0 source_mode=0 action_source=0 transition_reason=0 recovery_episode_id=0 q_rad=[0.000000,0.800000,-1.500000,-0.000000,0.800000,-1.500000,0.000000,0.800000,-1.500000,-0.000000,0.800000,-1.500000]
[ros2_control_node-3] [INFO] [1791427095.890333992] [StateRL]: [ABS-POLICY-CMD] event=command_write clock=steady_clock_ns write_ns=8882244583937 write_id=3 source_session_id=0 source_policy_cycle_id=0 source_mode=0 action_source=0 transition_reason=0 recovery_episode_id=0 q_rad=[0.000000,0.800000,-1.500000,-0.000000,0.800000,-1.500000,0.000000,0.800000,-1.500000,-0.000000,0.800000,-1.500000]
[ros2_control_node-3] [INFO] [1791427095.902062013] [StateRL]: [PATH] start=(-0.04,0.00) goal=(9.00,0.00) tracking=1 lateral_gain=2.50 heading_gain=2.50
[ros2_control_node-3] [INFO] [1791427095.902137145] [StateRL]: [GOAL] 位置=(-0.04,0.00) 偏航=-0.00 目标=(9.00,0.00) 距离=9.04 机体系=(4.99,0.00) 航向=0.00 path_err=0.00 path_on=1
[ros2_control_node-3] [INFO] [1791427095.941078661] [StateRL]: [RA] ra=-0.3831 ray2d=[1.13 0.95 2.05 2.58 2.58 2.58 2.14 0.77 0.87 2.58 2.58]
[ros2_control_node-3] [INFO] [1791427095.942959879] [StateRL]: [EVAL] step=0 t=0.000 robot=(-0.036,0.000) yaw=-0.000 goal=(9.000,0.000) dist=9.036 body=(4.994,0.000) heading=0.000 arrived=0 ra=-0.38312 entry=-0.05000 recovery=0 hold=0 twist=(0.000,0.000,0.000) min_ray_log=0.773 max_ray_log=2.585 min_ray_m=1.709 lin_vel=(0.001,0.000,-0.074) ang_vel=(-0.000,0.043,-0.000) action_range=(-0.553,2.411) contact=(1,1,1,1)
[ros2_control_node-3] [INFO] [1791427095.943064432] [StateRL]: [ABS-POLICY-CMD] event=command_write clock=steady_clock_ns write_ns=8882297365090 write_id=4 source_session_id=8882229733386 source_policy_cycle_id=0 source_mode=0 action_source=1 transition_reason=0 recovery_episode_id=0 q_rad=[-0.138265,0.962546,-1.523556,0.063405,0.906651,-1.465431,-0.067805,1.402703,-1.498835,0.028593,1.072625,-1.366347]
[ros2_control_node-3] [INFO] [1791427095.943452982] [StateRL]: [ABS-POLICY-CMD] event=command_write clock=steady_clock_ns write_ns=8882297754423 write_id=5 source_session_id=8882229733386 source_policy_cycle_id=0 source_mode=0 action_source=1 transition_reason=0 recovery_episode_id=0 q_rad=[-0.138265,0.962546,-1.523556,0.063405,0.906651,-1.465431,-0.067805,1.402703,-1.498835,0.028593,1.072625,-1.366347]
[ros2_control_node-3] [INFO] [1791427095.943756064] [StateRL]: [ABS-POLICY-CMD] event=command_write clock=steady_clock_ns write_ns=8882298058681 write_id=6 source_session_id=8882229733386 source_policy_cycle_id=0 source_mode=0 action_source=1 transition_reason=0 recovery_episode_id=0 q_rad=[-0.138265,0.962546,-1.523556,0.063405,0.906651,-1.465431,-0.067805,1.402703,-1.498835,0.028593,1.072625,-1.366347]
[ros2_control_node-3] [INFO] [1791427095.944039822] [StateRL]: [ABS-POLICY-CMD] event=command_write clock=steady_clock_ns write_ns=8882298342801 write_id=7 source_session_id=8882229733386 source_policy_cycle_id=0 source_mode=0 action_source=1 transition_reason=0 recovery_episode_id=0 q_rad=[-0.138265,0.962546,-1.523556,0.063405,0.906651,-1.465431,-0.067805,1.402703,-1.498835,0.028593,1.072625,-1.366347]
[ros2_control_node-3] [INFO] [1791427095.947483374] [StateRL]: [ABS-POLICY-CMD] event=command_write clock=steady_clock_ns write_ns=8882301774002 write_id=8 source_session_id=8882229733386 source_policy_cycle_id=1 source_mode=0 action_source=1 transition_reason=0 recovery_episode_id=0 q_rad=[-0.110527,0.967958,-1.505002,0.015599,1.030948,-1.388355,-0.139284,1.377168,-1.498087,-0.027822,1.139825,-1.328157]
[ros2_control_node-3] [INFO] [1791427095.948003121] [StateRL]: [ABS-POLICY-CMD] event=command_write clock=steady_clock_ns write_ns=8882302301288 write_id=9 source_session_id=8882229733386 source_policy_cycle_id=1 source_mode=0 action_source=1 transition_reason=0 recovery_episode_id=0 q_rad=[-0.110527,0.967958,-1.505002,0.015599,1.030948,-1.388355,-0.139284,1.377168,-1.498087,-0.027822,1.139825,-1.328157]
[ros2_control_node-3] [INFO] [1791427095.948379870] [StateRL]: [ABS-POLICY-CMD] event=command_write clock=steady_clock_ns write_ns=8882302679725 write_id=10 source_session_id=8882229733386 source_policy_cycle_id=1 source_mode=0 action_source=1 transition_reason=0 recovery_episode_id=0 q_rad=[-0.110527,0.967958,-1.505002,0.015599,1.030948,-1.388355,-0.139284,1.377168,-1.498087,-0.027822,1.139825,-1.328157]
[ros2_control_node-3] [INFO] [1791427095.948763598] [StateRL]: [ABS-POLICY-CMD] event=command_write clock=steady_clock_ns write_ns=8882303059041 write_id=11 source_session_id=8882229733386 source_policy_cycle_id=1 source_mode=0 action_source=1 transition_reason=0 recovery_episode_id=0 q_rad=[-0.110527,0.967958,-1.505002,0.015599,1.030948,-1.388355,-0.139284,1.377168,-1.498087,-0.027822,1.139825,-1.328157]
[ros2_control_node-3] [INFO] [1791427095.950072987] [StateRL]: [ABS-POLICY-CMD] event=command_write clock=steady_clock_ns write_ns=8882304367922 write_id=12 source_session_id=8882229733386 source_policy_cycle_id=2 source_mode=0 action_source=1 transition_reason=0 recovery_episode_id=0 q_rad=[-0.107439,0.969040,-1.534814,0.013535,1.054892,-1.363010,-0.155450,1.365225,-1.492021,-0.038081,1.120197,-1.300612]
[ros2_control_node-3] [INFO] [1791427095.950456163] [StateRL]: [ABS-POLICY-CMD] event=command_write clock=steady_clock_ns write_ns=8882304757427 write_id=13 source_session_id=8882229733386 source_policy_cycle_id=2 source_mode=0 action_source=1 transition_reason=0 recovery_episode_id=0 q_rad=[-0.107439,0.969040,-1.534814,0.013535,1.054892,-1.363010,-0.155450,1.365225,-1.492021,-0.038081,1.120197,-1.300612]
[ros2_control_node-3] [INFO] [1791427095.950768108] [StateRL]: [ABS-POLICY-CMD] event=command_write clock=steady_clock_ns write_ns=8882305070010 write_id=14 source_session_id=8882229733386 source_policy_cycle_id=2 source_mode=0 action_source=1 transition_reason=0 recovery_episode_id=0 q_rad=[-0.107439,0.969040,-1.534814,0.013535,1.054892,-1.363010,-0.155450,1.365225,-1.492021,-0.038081,1.120197,-1.300612]
[ros2_control_node-3] [INFO] [1791427095.951056013] [StateRL]: [ABS-POLICY-CMD] event=command_write clock=steady_clock_ns write_ns=8882305357496 write_id=15 source_session_id=8882229733386 source_policy_cycle_id=2 source_mode=0 action_source=1 transition_reason=0 recovery_episode_id=0 q_rad=[-0.107439,0.969040,-1.534814,0.013535,1.054892,-1.363010,-0.155450,1.365225,-1.492021,-0.038081,1.120197,-1.300612]
[ros2_control_node-3] [INFO] [1791427095.956168078] [StateRL]: [ABS-POLICY-CMD] event=command_write clock=steady_clock_ns write_ns=8882310455617 write_id=16 source_session_id=8882229733386 source_policy_cycle_id=3 source_mode=0 action_source=1 transition_reason=0 recovery_episode_id=0 q_rad=[-0.105670,0.969794,-1.548460,0.010066,1.061436,-1.353123,-0.161646,1.361630,-1.492284,-0.039292,1.113117,-1.284931]
[ros2_control_node-3] [INFO] [1791427095.959727703] [StateRL]: [ABS-POLICY-CMD] event=command_write clock=steady_clock_ns write_ns=8882314020981 write_id=17 source_session_id=8882229733386 source_policy_cycle_id=3 source_mode=0 action_source=1 transition_reason=0 recovery_episode_id=0 q_rad=[-0.105670,0.969794,-1.548460,0.010066,1.061436,-1.353123,-0.161646,1.361630,-1.492284,-0.039292,1.113117,-1.284931]
[ros2_control_node-3] [INFO] [1791427095.964865336] [StateRL]: [ABS-POLICY-CMD] event=command_write clock=steady_clock_ns write_ns=8882319144815 write_id=18 source_session_id=8882229733386 source_policy_cycle_id=3 source_mode=0 action_source=1 transition_reason=0 recovery_episode_id=0 q_rad=[-0.105670,0.969794,-1.548460,0.010066,1.061436,-1.353123,-0.161646,1.361630,-1.492284,-0.039292,1.113117,-1.284931]
[ros2_control_node-3] [INFO] [1791427095.969808449] [StateRL]: [ABS-POLICY-CMD] event=command_write clock=steady_clock_ns write_ns=8882324096612 write_id=19 source_session_id=8882229733386 source_policy_cycle_id=3 source_mode=0 action_source=1 transition_reason=0 recovery_episode_id=0 q_rad=[-0.105670,0.969794,-1.548460,0.010066,1.061436,-1.353123,-0.161646,1.361630,-1.492284,-0.039292,1.113117,-1.284931]
[ros2_control_node-3] [INFO] [1791427095.976013988] [StateRL]: [ABS-POLICY-CMD] event=command_write clock=steady_clock_ns write_ns=8882330303927 write_id=20 source_session_id=8882229733386 source_policy_cycle_id=4 source_mode=0 action_source=1 transition_reason=0 recovery_episode_id=0 q_rad=[-0.091352,0.983554,-1.540879,0.005012,1.072204,-1.374851,-0.149567,1.365381,-1.486749,-0.042160,1.145517,-1.315713]
[ros2_control_node-3] [INFO] [1791427095.980253373] [StateRL]: [ABS-POLICY-CMD] event=command_write clock=steady_clock_ns write_ns=8882334498671 write_id=21 source_session_id=8882229733386 source_policy_cycle_id=4 source_mode=0 action_source=1 transition_reason=0 recovery_episode_id=0 q_rad=[-0.091352,0.983554,-1.540879,0.005012,1.072204,-1.374851,-0.149567,1.365381,-1.486749,-0.042160,1.145517,-1.315713]
[ros2_control_node-3] [INFO] [1791427095.985091465] [StateRL]: [ABS-POLICY-CMD] event=command_write clock=steady_clock_ns write_ns=8882339360894 write_id=22 source_session_id=8882229733386 source_policy_cycle_id=4 source_mode=0 action_source=1 transition_reason=0 recovery_episode_id=0 q_rad=[-0.091352,0.983554,-1.540879,0.005012,1.072204,-1.374851,-0.149567,1.365381,-1.486749,-0.042160,1.145517,-1.315713]
[ros2_control_node-3] [INFO] [1791427095.990149945] [StateRL]: [ABS-POLICY-CMD] event=command_write clock=steady_clock_ns write_ns=8882344399301 write_id=23 source_session_id=8882229733386 source_policy_cycle_id=4 source_mode=0 action_source=1 transition_reason=0 recovery_episode_id=0 q_rad=[-0.091352,0.983554,-1.540879,0.005012,1.072204,-1.374851,-0.149567,1.365381,-1.486749,-0.042160,1.145517,-1.315713]
[ros2_control_node-3] [INFO] [1791427095.998606466] [StateRL]: [ABS-POLICY-CMD] event=command_write clock=steady_clock_ns write_ns=8882352860995 write_id=24 source_session_id=8882229733386 source_policy_cycle_id=5 source_mode=0 action_source=1 transition_reason=0 recovery_episode_id=0 q_rad=[-0.068114,1.006794,-1.533879,0.001125,1.079451,-1.428138,-0.120706,1.373562,-1.482300,-0.049772,1.196296,-1.377657]
[ros2_control_node-3] [INFO] [1791427096.000536976] [StateRL]: [ABS-POLICY-CMD] event=command_write clock=steady_clock_ns write_ns=8882354815135 write_id=25 source_session_id=8882229733386 source_policy_cycle_id=5 source_mode=0 action_source=1 transition_reason=0 recovery_episode_id=0 q_rad=[-0.068114,1.006794,-1.533879,0.001125,1.079451,-1.428138,-0.120706,1.373562,-1.482300,-0.049772,1.196296,-1.377657]
[ros2_control_node-3] [INFO] [1791427096.000651385] [StateRL]: [ABS-LIVE-CMD] event=rl_command_write clock=steady_clock_ns timestamp_ns=8882354957979 sequence=25 controller_state=RL rl_active=1 finite=1 kp_zero=0 kd_zero=0 tau_zero=1 veto_reason= q=[-0.0681,1.0068,-1.5339,0.0011,1.0795,-1.4281,-0.1207,1.3736,-1.4823,-0.0498,1.1963,-1.3777] kp=[3.0000,3.0000,3.0000,3.0000,3.0000,3.0000,3.0000,3.0000,3.0000,3.0000,3.0000,3.0000] kd=[0.0650,0.0650,0.0650,0.0650,0.0650,0.0650,0.0650,0.0650,0.0650,0.0650,0.0650,0.0650] tau=[0.0000,0.0000,0.0000,0.0000,0.0000,0.0000,0.0000,0.0000,0.0000,0.0000,0.0000,0.0000]
[ros2_control_node-3] [INFO] [1791427096.005306476] [StateRL]: [ABS-POLICY-CMD] event=command_write clock=steady_clock_ns write_ns=8882359554354 write_id=26 source_session_id=8882229733386 source_policy_cycle_id=5 source_mode=0 action_source=1 transition_reason=0 recovery_episode_id=0 q_rad=[-0.068114,1.006794,-1.533879,0.001125,1.079451,-1.428138,-0.120706,1.373562,-1.482300,-0.049772,1.196296,-1.377657]
[ros2_control_node-3] [INFO] [1791427096.010222235] [StateRL]: [ABS-POLICY-CMD] event=command_write clock=steady_clock_ns write_ns=8882364470779 write_id=27 source_session_id=8882229733386 source_policy_cycle_id=5 source_mode=0 action_source=1 transition_reason=0 recovery_episode_id=0 q_rad=[-0.068114,1.006794,-1.533879,0.001125,1.079451,-1.428138,-0.120706,1.373562,-1.482300,-0.049772,1.196296,-1.377657]
[ros2_control_node-3] [INFO] [1791427096.019669940] [StateRL]: [ABS-POLICY-CMD] event=command_write clock=steady_clock_ns write_ns=8882373897494 write_id=28 source_session_id=8882229733386 source_policy_cycle_id=6 source_mode=0 action_source=1 transition_reason=0 recovery_episode_id=0 q_rad=[-0.045827,1.032962,-1.557408,-0.011316,1.084326,-1.499099,-0.082753,1.382983,-1.503619,-0.052069,1.247910,-1.447214]
[ros2_control_node-3] [INFO] [1791427096.022503115] [StateRL]: [ABS-POLICY-CMD] event=command_write clock=steady_clock_ns write_ns=8882376747878 write_id=29 source_session_id=8882229733386 source_policy_cycle_id=6 source_mode=0 action_source=1 transition_reason=0 recovery_episode_id=0 q_rad=[-0.045827,1.032962,-1.557408,-0.011316,1.084326,-1.499099,-0.082753,1.382983,-1.503619,-0.052069,1.247910,-1.447214]
[ros2_control_node-3] [INFO] [1791427096.026427144] [StateRL]: [ABS-POLICY-CMD] event=command_write clock=steady_clock_ns write_ns=8882380671906 write_id=30 source_session_id=8882229733386 source_policy_cycle_id=6 source_mode=0 action_source=1 transition_reason=0 recovery_episode_id=0 q_rad=[-0.045827,1.032962,-1.557408,-0.011316,1.084326,-1.499099,-0.082753,1.382983,-1.503619,-0.052069,1.247910,-1.447214]
[ros2_control_node-3] [INFO] [1791427096.032829340] [StateRL]: [ABS-POLICY-CMD] event=command_write clock=steady_clock_ns write_ns=8882387052722 write_id=31 source_session_id=8882229733386 source_policy_cycle_id=6 source_mode=0 action_source=1 transition_reason=0 recovery_episode_id=0 q_rad=[-0.045827,1.032962,-1.557408,-0.011316,1.084326,-1.499099,-0.082753,1.382983,-1.503619,-0.052069,1.247910,-1.447214]
[ros2_control_node-3] [INFO] [1791427096.049081121] [StateRL]: [ABS-POLICY-CMD] event=command_write clock=steady_clock_ns write_ns=8882403328113 write_id=32 source_session_id=8882229733386 source_policy_cycle_id=7 source_mode=0 action_source=1 transition_reason=0 recovery_episode_id=0 q_rad=[-0.033084,1.073288,-1.590681,-0.022832,1.087623,-1.581046,-0.045771,1.407661,-1.539560,-0.046169,1.281310,-1.518498]
[ros2_control_node-3] [INFO] [1791427096.051811300] [StateRL]: [ABS-POLICY-CMD] event=command_write clock=steady_clock_ns write_ns=8882406058543 write_id=33 source_session_id=8882229733386 source_policy_cycle_id=7 source_mode=0 action_source=1 transition_reason=0 recovery_episode_id=0 q_rad=[-0.033084,1.073288,-1.590681,-0.022832,1.087623,-1.581046,-0.045771,1.407661,-1.539560,-0.046169,1.281310,-1.518498]
[ros2_control_node-3] [INFO] [1791427096.054428882] [StateRL]: [ABS-POLICY-CMD] event=command_write clock=steady_clock_ns write_ns=8882408694045 write_id=34 source_session_id=8882229733386 source_policy_cycle_id=7 source_mode=0 action_source=1 transition_reason=0 recovery_episode_id=0 q_rad=[-0.033084,1.073288,-1.590681,-0.022832,1.087623,-1.581046,-0.045771,1.407661,-1.539560,-0.046169,1.281310,-1.518498]
[ros2_control_node-3] [INFO] [1791427096.057011244] [StateRL]: [ABS-POLICY-CMD] event=command_write clock=steady_clock_ns write_ns=8882411280742 write_id=35 source_session_id=8882229733386 source_policy_cycle_id=7 source_mode=0 action_source=1 transition_reason=0 recovery_episode_id=0 q_rad=[-0.033084,1.073288,-1.590681,-0.022832,1.087623,-1.581046,-0.045771,1.407661,-1.539560,-0.046169,1.281310,-1.518498]
[ros2_control_node-3] [INFO] [1791427096.064883429] [StateRL]: [ABS-POLICY-CMD] event=command_write clock=steady_clock_ns write_ns=8882419146324 write_id=36 source_session_id=8882229733386 source_policy_cycle_id=8 source_mode=0 action_source=1 transition_reason=0 recovery_episode_id=0 q_rad=[-0.031695,1.124768,-1.629387,-0.039851,1.086222,-1.668470,-0.016888,1.434725,-1.569364,-0.035698,1.298611,-1.584592]
[ros2_control_node-3] [INFO] [1791427096.066835283] [StateRL]: [ABS-POLICY-CMD] event=command_write clock=steady_clock_ns write_ns=8882421110056 write_id=37 source_session_id=8882229733386 source_policy_cycle_id=8 source_mode=0 action_source=1 transition_reason=0 recovery_episode_id=0 q_rad=[-0.031695,1.124768,-1.629387,-0.039851,1.086222,-1.668470,-0.016888,1.434725,-1.569364,-0.035698,1.298611,-1.584592]
[ros2_control_node-3] [INFO] [1791427096.068807720] [StateRL]: [ABS-POLICY-CMD] event=command_write clock=steady_clock_ns write_ns=8882423082377 write_id=38 source_session_id=8882229733386 source_policy_cycle_id=8 source_mode=0 action_source=1 transition_reason=0 recovery_episode_id=0 q_rad=[-0.031695,1.124768,-1.629387,-0.039851,1.086222,-1.668470,-0.016888,1.434725,-1.569364,-0.035698,1.298611,-1.584592]
[ros2_control_node-3] [INFO] [1791427096.070686937] [StateRL]: [ABS-POLICY-CMD] event=command_write clock=steady_clock_ns write_ns=8882424967886 write_id=39 source_session_id=8882229733386 source_policy_cycle_id=8 source_mode=0 action_source=1 transition_reason=0 recovery_episode_id=0 q_rad=[-0.031695,1.124768,-1.629387,-0.039851,1.086222,-1.668470,-0.016888,1.434725,-1.569364,-0.035698,1.298611,-1.584592]
[ros2_control_node-3] [INFO] [1791427096.079637977] [StateRL]: [ABS-POLICY-CMD] event=command_write clock=steady_clock_ns write_ns=8882433904285 write_id=40 source_session_id=8882229733386 source_policy_cycle_id=9 source_mode=0 action_source=1 transition_reason=0 recovery_episode_id=0 q_rad=[-0.036640,1.167328,-1.646533,-0.050559,1.074836,-1.741785,0.005816,1.462702,-1.581102,-0.028937,1.297391,-1.625876]
[ros2_control_node-3] [INFO] [1791427096.081350634] [StateRL]: [ABS-POLICY-CMD] event=command_write clock=steady_clock_ns write_ns=8882435616368 write_id=41 source_session_id=8882229733386 source_policy_cycle_id=9 source_mode=0 action_source=1 transition_reason=0 recovery_episode_id=0 q_rad=[-0.036640,1.167328,-1.646533,-0.050559,1.074836,-1.741785,0.005816,1.462702,-1.581102,-0.028937,1.297391,-1.625876]
[ros2_control_node-3] [INFO] [1791427096.084972451] [StateRL]: [ABS-POLICY-CMD] event=command_write clock=steady_clock_ns write_ns=8882439250464 write_id=42 source_session_id=8882229733386 source_policy_cycle_id=9 source_mode=0 action_source=1 transition_reason=0 recovery_episode_id=0 q_rad=[-0.036640,1.167328,-1.646533,-0.050559,1.074836,-1.741785,0.005816,1.462702,-1.581102,-0.028937,1.297391,-1.625876]
[ros2_control_node-3] [INFO] [1791427096.090064336] [StateRL]: [ABS-POLICY-CMD] event=command_write clock=steady_clock_ns write_ns=8882444335304 write_id=43 source_session_id=8882229733386 source_policy_cycle_id=9 source_mode=0 action_source=1 transition_reason=0 recovery_episode_id=0 q_rad=[-0.036640,1.167328,-1.646533,-0.050559,1.074836,-1.741785,0.005816,1.462702,-1.581102,-0.028937,1.297391,-1.625876]
[ros2_control_node-3] [INFO] [1791427096.097827485] [StateRL]: [ABS-POLICY-CMD] event=command_write clock=steady_clock_ns write_ns=8882452029629 write_id=44 source_session_id=8882229733386 source_policy_cycle_id=10 source_mode=0 action_source=1 transition_reason=0 recovery_episode_id=0 q_rad=[-0.037337,1.202021,-1.673581,-0.064515,1.073318,-1.788257,0.019379,1.478256,-1.599252,-0.019875,1.301906,-1.654904]
[ros2_control_node-3] [INFO] [1791427096.100183678] [StateRL]: [ABS-POLICY-CMD] event=command_write clock=steady_clock_ns write_ns=8882454452557 write_id=45 source_session_id=8882229733386 source_policy_cycle_id=10 source_mode=0 action_source=1 transition_reason=0 recovery_episode_id=0 q_rad=[-0.037337,1.202021,-1.673581,-0.064515,1.073318,-1.788257,0.019379,1.478256,-1.599252,-0.019875,1.301906,-1.654904]
[ros2_control_node-3] [INFO] [1791427096.105009356] [StateRL]: [ABS-POLICY-CMD] event=command_write clock=steady_clock_ns write_ns=8882459283623 write_id=46 source_session_id=8882229733386 source_policy_cycle_id=10 source_mode=0 action_source=1 transition_reason=0 recovery_episode_id=0 q_rad=[-0.037337,1.202021,-1.673581,-0.064515,1.073318,-1.788257,0.019379,1.478256,-1.599252,-0.019875,1.301906,-1.654904]
[ros2_control_node-3] [INFO] [1791427096.109976541] [StateRL]: [ABS-POLICY-CMD] event=command_write clock=steady_clock_ns write_ns=8882464243304 write_id=47 source_session_id=8882229733386 source_policy_cycle_id=10 source_mode=0 action_source=1 transition_reason=0 recovery_episode_id=0 q_rad=[-0.037337,1.202021,-1.673581,-0.064515,1.073318,-1.788257,0.019379,1.478256,-1.599252,-0.019875,1.301906,-1.654904]
[ros2_control_node-3] [INFO] [1791427096.117812097] [StateRL]: [ABS-POLICY-CMD] event=command_write clock=steady_clock_ns write_ns=8882472079307 write_id=48 source_session_id=8882229733386 source_policy_cycle_id=11 source_mode=0 action_source=1 transition_reason=0 recovery_episode_id=0 q_rad=[-0.037331,1.223021,-1.692511,-0.078349,1.084400,-1.810793,0.024302,1.484458,-1.607655,-0.015066,1.308399,-1.666394]
[ros2_control_node-3] [INFO] [1791427096.119960226] [StateRL]: [ABS-POLICY-CMD] event=command_write clock=steady_clock_ns write_ns=8882474248908 write_id=49 source_session_id=8882229733386 source_policy_cycle_id=11 source_mode=0 action_source=1 transition_reason=0 recovery_episode_id=0 q_rad=[-0.037331,1.223021,-1.692511,-0.078349,1.084400,-1.810793,0.024302,1.484458,-1.607655,-0.015066,1.308399,-1.666394]
[ros2_control_node-3] [INFO] [1791427096.124962616] [StateRL]: [ABS-POLICY-CMD] event=command_write clock=steady_clock_ns write_ns=8882479229224 write_id=50 source_session_id=8882229733386 source_policy_cycle_id=11 source_mode=0 action_source=1 transition_reason=0 recovery_episode_id=0 q_rad=[-0.037331,1.223021,-1.692511,-0.078349,1.084400,-1.810793,0.024302,1.484458,-1.607655,-0.015066,1.308399,-1.666394]
[ros2_control_node-3] [INFO] [1791427096.125051058] [StateRL]: [ABS-LIVE-CMD] event=rl_command_write clock=steady_clock_ns timestamp_ns=8882479357873 sequence=50 controller_state=RL rl_active=1 finite=1 kp_zero=0 kd_zero=0 tau_zero=1 veto_reason= q=[-0.0373,1.2230,-1.6925,-0.0783,1.0844,-1.8108,0.0243,1.4845,-1.6077,-0.0151,1.3084,-1.6664] kp=[6.0000,6.0000,6.0000,6.0000,6.0000,6.0000,6.0000,6.0000,6.0000,6.0000,6.0000,6.0000] kd=[0.1300,0.1300,0.1300,0.1300,0.1300,0.1300,0.1300,0.1300,0.1300,0.1300,0.1300,0.1300] tau=[0.0000,0.0000,0.0000,0.0000,0.0000,0.0000,0.0000,0.0000,0.0000,0.0000,0.0000,0.0000]
[ros2_control_node-3] [INFO] [1791427096.129949274] [StateRL]: [ABS-POLICY-CMD] event=command_write clock=steady_clock_ns write_ns=8882484225839 write_id=51 source_session_id=8882229733386 source_policy_cycle_id=11 source_mode=0 action_source=1 transition_reason=0 recovery_episode_id=0 q_rad=[-0.037331,1.223021,-1.692511,-0.078349,1.084400,-1.810793,0.024302,1.484458,-1.607655,-0.015066,1.308399,-1.666394]
[ros2_control_node-3] [INFO] [1791427096.140254341] [StateRL]: [ABS-POLICY-CMD] event=command_write clock=steady_clock_ns write_ns=8882494485170 write_id=52 source_session_id=8882229733386 source_policy_cycle_id=12 source_mode=0 action_source=1 transition_reason=0 recovery_episode_id=0 q_rad=[-0.026650,1.276994,-1.886309,-0.039305,1.090741,-1.925165,0.023253,1.576939,-1.573358,-0.000254,1.328493,-1.641087]
[ros2_control_node-3] [INFO] [1791427096.142491543] [StateRL]: [ABS-POLICY-CMD] event=command_write clock=steady_clock_ns write_ns=8882496750989 write_id=53 source_session_id=8882229733386 source_policy_cycle_id=12 source_mode=0 action_source=1 transition_reason=0 recovery_episode_id=0 q_rad=[-0.026650,1.276994,-1.886309,-0.039305,1.090741,-1.925165,0.023253,1.576939,-1.573358,-0.000254,1.328493,-1.641087]
[ros2_control_node-3] [INFO] [1791427096.145190583] [StateRL]: [ABS-POLICY-CMD] event=command_write clock=steady_clock_ns write_ns=8882499459591 write_id=54 source_session_id=8882229733386 source_policy_cycle_id=12 source_mode=0 action_source=1 transition_reason=0 recovery_episode_id=0 q_rad=[-0.026650,1.276994,-1.886309,-0.039305,1.090741,-1.925165,0.023253,1.576939,-1.573358,-0.000254,1.328493,-1.641087]
[ros2_control_node-3] [INFO] [1791427096.150137494] [StateRL]: [ABS-POLICY-CMD] event=command_write clock=steady_clock_ns write_ns=8882504404444 write_id=55 source_session_id=8882229733386 source_policy_cycle_id=12 source_mode=0 action_source=1 transition_reason=0 recovery_episode_id=0 q_rad=[-0.026650,1.276994,-1.886309,-0.039305,1.090741,-1.925165,0.023253,1.576939,-1.573358,-0.000254,1.328493,-1.641087]
[ros2_control_node-3] [INFO] [1791427096.156822340] [StateRL]: [ABS-POLICY-CMD] event=command_write clock=steady_clock_ns write_ns=8882511081500 write_id=56 source_session_id=8882229733386 source_policy_cycle_id=13 source_mode=0 action_source=1 transition_reason=0 recovery_episode_id=0 q_rad=[0.038492,1.349951,-2.184241,-0.049422,1.212915,-2.133687,0.011854,1.618031,-1.611798,0.010172,1.333373,-1.600186]
[ros2_control_node-3] [INFO] [1791427096.159802817] [StateRL]: [ABS-POLICY-CMD] event=command_write clock=steady_clock_ns write_ns=8882514091523 write_id=57 source_session_id=8882229733386 source_policy_cycle_id=13 source_mode=0 action_source=1 transition_reason=0 recovery_episode_id=0 q_rad=[0.038492,1.349951,-2.184241,-0.049422,1.212915,-2.133687,0.011854,1.618031,-1.611798,0.010172,1.333373,-1.600186]
[ros2_control_node-3] [INFO] [1791427096.164758297] [StateRL]: [ABS-POLICY-CMD] event=command_write clock=steady_clock_ns write_ns=8882519036513 write_id=58 source_session_id=8882229733386 source_policy_cycle_id=13 source_mode=0 action_source=1 transition_reason=0 recovery_episode_id=0 q_rad=[0.038492,1.349951,-2.184241,-0.049422,1.212915,-2.133687,0.011854,1.618031,-1.611798,0.010172,1.333373,-1.600186]
[ros2_control_node-3] [INFO] [1791427096.169814674] [StateRL]: [ABS-POLICY-CMD] event=command_write clock=steady_clock_ns write_ns=8882524103032 write_id=59 source_session_id=8882229733386 source_policy_cycle_id=13 source_mode=0 action_source=1 transition_reason=0 recovery_episode_id=0 q_rad=[0.038492,1.349951,-2.184241,-0.049422,1.212915,-2.133687,0.011854,1.618031,-1.611798,0.010172,1.333373,-1.600186]
[ros2_control_node-3] [INFO] [1791427096.176754550] [StateRL]: [ABS-POLICY-CMD] event=command_write clock=steady_clock_ns write_ns=8882531039926 write_id=60 source_session_id=8882229733386 source_policy_cycle_id=14 source_mode=0 action_source=1 transition_reason=0 recovery_episode_id=0 q_rad=[0.054216,1.418249,-2.326625,-0.058440,1.288428,-2.182873,0.000538,1.609286,-1.659210,-0.002180,1.335314,-1.528824]
[ros2_control_node-3] [INFO] [1791427096.179812255] [StateRL]: [ABS-POLICY-CMD] event=command_write clock=steady_clock_ns write_ns=8882534088972 write_id=61 source_session_id=8882229733386 source_policy_cycle_id=14 source_mode=0 action_source=1 transition_reason=0 recovery_episode_id=0 q_rad=[0.054216,1.418249,-2.326625,-0.058440,1.288428,-2.182873,0.000538,1.609286,-1.659210,-0.002180,1.335314,-1.528824]
[ros2_control_node-3] [INFO] [1791427096.184796793] [StateRL]: [ABS-POLICY-CMD] event=command_write clock=steady_clock_ns write_ns=8882539084055 write_id=62 source_session_id=8882229733386 source_policy_cycle_id=14 source_mode=0 action_source=1 transition_reason=0 recovery_episode_id=0 q_rad=[0.054216,1.418249,-2.326625,-0.058440,1.288428,-2.182873,0.000538,1.609286,-1.659210,-0.002180,1.335314,-1.528824]
[ros2_control_node-3] [INFO] [1791427096.190302777] [StateRL]: [ABS-POLICY-CMD] event=command_write clock=steady_clock_ns write_ns=8882544572759 write_id=63 source_session_id=8882229733386 source_policy_cycle_id=14 source_mode=0 action_source=1 transition_reason=0 recovery_episode_id=0 q_rad=[0.054216,1.418249,-2.326625,-0.058440,1.288428,-2.182873,0.000538,1.609286,-1.659210,-0.002180,1.335314,-1.528824]
[ros2_control_node-3] [INFO] [1791427096.196990698] [StateRL]: [ABS-POLICY-CMD] event=command_write clock=steady_clock_ns write_ns=8882551274938 write_id=64 source_session_id=8882229733386 source_policy_cycle_id=15 source_mode=0 action_source=1 transition_reason=0 recovery_episode_id=0 q_rad=[0.056215,1.409503,-2.335083,-0.073924,1.293006,-2.160845,0.006785,1.605050,-1.662192,-0.000283,1.333472,-1.520572]
[ros2_control_node-3] [INFO] [1791427096.199894553] [StateRL]: [ABS-POLICY-CMD] event=command_write clock=steady_clock_ns write_ns=8882554175045 write_id=65 source_session_id=8882229733386 source_policy_cycle_id=15 source_mode=0 action_source=1 transition_reason=0 recovery_episode_id=0 q_rad=[0.056215,1.409503,-2.335083,-0.073924,1.293006,-2.160845,0.006785,1.605050,-1.662192,-0.000283,1.333472,-1.520572]
[ros2_control_node-3] [INFO] [1791427096.204816828] [StateRL]: [ABS-POLICY-CMD] event=command_write clock=steady_clock_ns write_ns=8882559085269 write_id=66 source_session_id=8882229733386 source_policy_cycle_id=15 source_mode=0 action_source=1 transition_reason=0 recovery_episode_id=0 q_rad=[0.056215,1.409503,-2.335083,-0.073924,1.293006,-2.160845,0.006785,1.605050,-1.662192,-0.000283,1.333472,-1.520572]
[ros2_control_node-3] [INFO] [1791427096.209764997] [StateRL]: [ABS-POLICY-CMD] event=command_write clock=steady_clock_ns write_ns=8882564058255 write_id=67 source_session_id=8882229733386 source_policy_cycle_id=15 source_mode=0 action_source=1 transition_reason=0 recovery_episode_id=0 q_rad=[0.056215,1.409503,-2.335083,-0.073924,1.293006,-2.160845,0.006785,1.605050,-1.662192,-0.000283,1.333472,-1.520572]
[ros2_control_node-3] [INFO] [1791427096.215780520] [StateRL]: [ABS-POLICY-CMD] event=command_write clock=steady_clock_ns write_ns=8882570062660 write_id=68 source_session_id=8882229733386 source_policy_cycle_id=16 source_mode=0 action_source=1 transition_reason=0 recovery_episode_id=0 q_rad=[0.048880,1.379301,-2.240902,-0.089646,1.244483,-2.158820,0.023373,1.616538,-1.640451,0.013895,1.343253,-1.543504]
[ros2_control_node-3] [INFO] [1791427096.219744517] [StateRL]: [ABS-POLICY-CMD] event=command_write clock=steady_clock_ns write_ns=8882574036973 write_id=69 source_session_id=8882229733386 source_policy_cycle_id=16 source_mode=0 action_source=1 transition_reason=0 recovery_episode_id=0 q_rad=[0.048880,1.379301,-2.240902,-0.089646,1.244483,-2.158820,0.023373,1.616538,-1.640451,0.013895,1.343253,-1.543504]
[ros2_control_node-3] [INFO] [1791427096.224857726] [StateRL]: [ABS-POLICY-CMD] event=command_write clock=steady_clock_ns write_ns=8882579132683 write_id=70 source_session_id=8882229733386 source_policy_cycle_id=16 source_mode=0 action_source=1 transition_reason=0 recovery_episode_id=0 q_rad=[0.048880,1.379301,-2.240902,-0.089646,1.244483,-2.158820,0.023373,1.616538,-1.640451,0.013895,1.343253,-1.543504]
[ros2_control_node-3] [INFO] [1791427096.229864459] [StateRL]: [ABS-POLICY-CMD] event=command_write clock=steady_clock_ns write_ns=8882584150237 write_id=71 source_session_id=8882229733386 source_policy_cycle_id=16 source_mode=0 action_source=1 transition_reason=0 recovery_episode_id=0 q_rad=[0.048880,1.379301,-2.240902,-0.089646,1.244483,-2.158820,0.023373,1.616538,-1.640451,0.013895,1.343253,-1.543504]
[ros2_control_node-3] [INFO] [1791427096.236923281] [StateRL]: [ABS-POLICY-CMD] event=command_write clock=steady_clock_ns write_ns=8882591206927 write_id=72 source_session_id=8882229733386 source_policy_cycle_id=17 source_mode=0 action_source=1 transition_reason=0 recovery_episode_id=0 q_rad=[0.010901,1.315665,-2.107140,-0.091953,1.170564,-2.093256,0.021842,1.629987,-1.617247,0.029874,1.362193,-1.578140]
[ros2_control_node-3] [INFO] [1791427096.239898974] [StateRL]: [ABS-POLICY-CMD] event=command_write clock=steady_clock_ns write_ns=8882594178090 write_id=73 source_session_id=8882229733386 source_policy_cycle_id=17 source_mode=0 action_source=1 transition_reason=0 recovery_episode_id=0 q_rad=[0.010901,1.315665,-2.107140,-0.091953,1.170564,-2.093256,0.021842,1.629987,-1.617247,0.029874,1.362193,-1.578140]
[ros2_control_node-3] [INFO] [1791427096.244766327] [StateRL]: [ABS-POLICY-CMD] event=command_write clock=steady_clock_ns write_ns=8882599057625 write_id=74 source_session_id=8882229733386 source_policy_cycle_id=17 source_mode=0 action_source=1 transition_reason=0 recovery_episode_id=0 q_rad=[0.010901,1.315665,-2.107140,-0.091953,1.170564,-2.093256,0.021842,1.629987,-1.617247,0.029874,1.362193,-1.578140]
[ros2_control_node-3] [INFO] [1791427096.249851111] [StateRL]: [ABS-POLICY-CMD] event=command_write clock=steady_clock_ns write_ns=8882604134898 write_id=75 source_session_id=8882229733386 source_policy_cycle_id=17 source_mode=0 action_source=1 transition_reason=0 recovery_episode_id=0 q_rad=[0.010901,1.315665,-2.107140,-0.091953,1.170564,-2.093256,0.021842,1.629987,-1.617247,0.029874,1.362193,-1.578140]
[ros2_control_node-3] [INFO] [1791427096.249903736] [StateRL]: [ABS-LIVE-CMD] event=rl_command_write clock=steady_clock_ns timestamp_ns=8882604210723 sequence=75 controller_state=RL rl_active=1 finite=1 kp_zero=0 kd_zero=0 tau_zero=1 veto_reason= q=[0.0109,1.3157,-2.1071,-0.0920,1.1706,-2.0933,0.0218,1.6300,-1.6172,0.0299,1.3622,-1.5781] kp=[9.0000,9.0000,9.0000,9.0000,9.0000,9.0000,9.0000,9.0000,9.0000,9.0000,9.0000,9.0000] kd=[0.1950,0.1950,0.1950,0.1950,0.1950,0.1950,0.1950,0.1950,0.1950,0.1950,0.1950,0.1950] tau=[0.0000,0.0000,0.0000,0.0000,0.0000,0.0000,0.0000,0.0000,0.0000,0.0000,0.0000,0.0000]
[ros2_control_node-3] [INFO] [1791427096.257092967] [StateRL]: [ABS-POLICY-CMD] event=command_write clock=steady_clock_ns write_ns=8882611372917 write_id=76 source_session_id=8882229733386 source_policy_cycle_id=18 source_mode=0 action_source=1 transition_reason=0 recovery_episode_id=0 q_rad=[-0.016823,1.286705,-2.003913,-0.082678,1.136774,-2.024303,0.020638,1.621125,-1.603337,0.026373,1.366268,-1.607166]
[ros2_control_node-3] [INFO] [1791427096.260297168] [StateRL]: [ABS-POLICY-CMD] event=command_write clock=steady_clock_ns write_ns=8882614552504 write_id=77 source_session_id=8882229733386 source_policy_cycle_id=18 source_mode=0 action_source=1 transition_reason=0 recovery_episode_id=0 q_rad=[-0.016823,1.286705,-2.003913,-0.082678,1.136774,-2.024303,0.020638,1.621125,-1.603337,0.026373,1.366268,-1.607166]
[ros2_control_node-3] [INFO] [1791427096.265361060] [StateRL]: [ABS-POLICY-CMD] event=command_write clock=steady_clock_ns write_ns=8882619594800 write_id=78 source_session_id=8882229733386 source_policy_cycle_id=18 source_mode=0 action_source=1 transition_reason=0 recovery_episode_id=0 q_rad=[-0.016823,1.286705,-2.003913,-0.082678,1.136774,-2.024303,0.020638,1.621125,-1.603337,0.026373,1.366268,-1.607166]
[ros2_control_node-3] [INFO] [1791427096.270371566] [StateRL]: [ABS-POLICY-CMD] event=command_write clock=steady_clock_ns write_ns=8882624625084 write_id=79 source_session_id=8882229733386 source_policy_cycle_id=18 source_mode=0 action_source=1 transition_reason=0 recovery_episode_id=0 q_rad=[-0.016823,1.286705,-2.003913,-0.082678,1.136774,-2.024303,0.020638,1.621125,-1.603337,0.026373,1.366268,-1.607166]
[ros2_control_node-3] [INFO] [1791427096.283403775] [StateRL]: [ABS-POLICY-CMD] event=command_write clock=steady_clock_ns write_ns=8882637600407 write_id=80 source_session_id=8882229733386 source_policy_cycle_id=19 source_mode=0 action_source=1 transition_reason=0 recovery_episode_id=0 q_rad=[-0.018601,1.288586,-1.975106,-0.079107,1.137392,-1.989908,0.018362,1.610551,-1.603224,0.020958,1.362814,-1.614232]
[ros2_control_node-3] [INFO] [1791427096.287624200] [StateRL]: [ABS-POLICY-CMD] event=command_write clock=steady_clock_ns write_ns=8882641866666 write_id=81 source_session_id=8882229733386 source_policy_cycle_id=19 source_mode=0 action_source=1 transition_reason=0 recovery_episode_id=0 q_rad=[-0.018601,1.288586,-1.975106,-0.079107,1.137392,-1.989908,0.018362,1.610551,-1.603224,0.020958,1.362814,-1.614232]
[ros2_control_node-3] [INFO] [1791427096.291537644] [StateRL]: [ABS-POLICY-CMD] event=command_write clock=steady_clock_ns write_ns=8882645783370 write_id=82 source_session_id=8882229733386 source_policy_cycle_id=19 source_mode=0 action_source=1 transition_reason=0 recovery_episode_id=0 q_rad=[-0.018601,1.288586,-1.975106,-0.079107,1.137392,-1.989908,0.018362,1.610551,-1.603224,0.020958,1.362814,-1.614232]
[ros2_control_node-3] [INFO] [1791427096.295326238] [StateRL]: [ABS-POLICY-CMD] event=command_write clock=steady_clock_ns write_ns=8882649574334 write_id=83 source_session_id=8882229733386 source_policy_cycle_id=19 source_mode=0 action_source=1 transition_reason=0 recovery_episode_id=0 q_rad=[-0.018601,1.288586,-1.975106,-0.079107,1.137392,-1.989908,0.018362,1.610551,-1.603224,0.020958,1.362814,-1.614232]
[ros2_control_node-3] [INFO] [1791427096.305518847] [StateRL]: [ABS-POLICY-CMD] event=command_write clock=steady_clock_ns write_ns=8882659802520 write_id=84 source_session_id=8882229733386 source_policy_cycle_id=20 source_mode=0 action_source=1 transition_reason=0 recovery_episode_id=0 q_rad=[-0.016850,1.287077,-1.976658,-0.072152,1.130772,-1.990434,0.019791,1.611743,-1.598287,0.020682,1.358774,-1.611523]
[ros2_control_node-3] [INFO] [1791427096.306214757] [StateRL]: [ABS-POLICY-CMD] event=command_write clock=steady_clock_ns write_ns=8882660511674 write_id=85 source_session_id=8882229733386 source_policy_cycle_id=20 source_mode=0 action_source=1 transition_reason=0 recovery_episode_id=0 q_rad=[-0.016850,1.287077,-1.976658,-0.072152,1.130772,-1.990434,0.019791,1.611743,-1.598287,0.020682,1.358774,-1.611523]
[ros2_control_node-3] [INFO] [1791427096.306813059] [StateRL]: [ABS-POLICY-CMD] event=command_write clock=steady_clock_ns write_ns=8882661108510 write_id=86 source_session_id=8882229733386 source_policy_cycle_id=20 source_mode=0 action_source=1 transition_reason=0 recovery_episode_id=0 q_rad=[-0.016850,1.287077,-1.976658,-0.072152,1.130772,-1.990434,0.019791,1.611743,-1.598287,0.020682,1.358774,-1.611523]
[ros2_control_node-3] [INFO] [1791427096.309874552] [StateRL]: [ABS-POLICY-CMD] event=command_write clock=steady_clock_ns write_ns=8882664143979 write_id=87 source_session_id=8882229733386 source_policy_cycle_id=20 source_mode=0 action_source=1 transition_reason=0 recovery_episode_id=0 q_rad=[-0.016850,1.287077,-1.976658,-0.072152,1.130772,-1.990434,0.019791,1.611743,-1.598287,0.020682,1.358774,-1.611523]
[ros2_control_node-3] [INFO] [1791427096.315728197] [StateRL]: [ABS-POLICY-CMD] event=command_write clock=steady_clock_ns write_ns=8882670017825 write_id=88 source_session_id=8882229733386 source_policy_cycle_id=21 source_mode=0 action_source=1 transition_reason=0 recovery_episode_id=0 q_rad=[-0.018826,1.286124,-1.969737,-0.071027,1.131650,-1.985978,0.020635,1.608433,-1.597443,0.019144,1.358470,-1.611688]
[ros2_control_node-3] [INFO] [1791427096.319765490] [StateRL]: [ABS-POLICY-CMD] event=command_write clock=steady_clock_ns write_ns=8882674058242 write_id=89 source_session_id=8882229733386 source_policy_cycle_id=21 source_mode=0 action_source=1 transition_reason=0 recovery_episode_id=0 q_rad=[-0.018826,1.286124,-1.969737,-0.071027,1.131650,-1.985978,0.020635,1.608433,-1.597443,0.019144,1.358470,-1.611688]
[ros2_control_node-3] [INFO] [1791427096.324764150] [StateRL]: [ABS-POLICY-CMD] event=command_write clock=steady_clock_ns write_ns=8882679047720 write_id=90 source_session_id=8882229733386 source_policy_cycle_id=21 source_mode=0 action_source=1 transition_reason=0 recovery_episode_id=0 q_rad=[-0.018826,1.286124,-1.969737,-0.071027,1.131650,-1.985978,0.020635,1.608433,-1.597443,0.019144,1.358470,-1.611688]
[ros2_control_node-3] [INFO] [1791427096.329759345] [StateRL]: [ABS-POLICY-CMD] event=command_write clock=steady_clock_ns write_ns=8882684049020 write_id=91 source_session_id=8882229733386 source_policy_cycle_id=21 source_mode=0 action_source=1 transition_reason=0 recovery_episode_id=0 q_rad=[-0.018826,1.286124,-1.969737,-0.071027,1.131650,-1.985978,0.020635,1.608433,-1.597443,0.019144,1.358470,-1.611688]
[ros2_control_node-3] [INFO] [1791427096.355594837] [StateRL]: [ABS-POLICY-CMD] event=command_write clock=steady_clock_ns write_ns=8882709873718 write_id=92 source_session_id=8882229733386 source_policy_cycle_id=22 source_mode=0 action_source=1 transition_reason=0 recovery_episode_id=0 q_rad=[-0.021658,1.290730,-1.952241,-0.068821,1.136565,-1.964503,0.019344,1.599912,-1.605864,0.014204,1.362937,-1.609897]
[ros2_control_node-3] [INFO] [1791427096.356444050] [StateRL]: [ABS-POLICY-CMD] event=command_write clock=steady_clock_ns write_ns=8882710731066 write_id=93 source_session_id=8882229733386 source_policy_cycle_id=22 source_mode=0 action_source=1 transition_reason=0 recovery_episode_id=0 q_rad=[-0.021658,1.290730,-1.952241,-0.068821,1.136565,-1.964503,0.019344,1.599912,-1.605864,0.014204,1.362937,-1.609897]
[ros2_control_node-3] [INFO] [1791427096.357088317] [StateRL]: [ABS-POLICY-CMD] event=command_write clock=steady_clock_ns write_ns=8882711380210 write_id=94 source_session_id=8882229733386 source_policy_cycle_id=22 source_mode=0 action_source=1 transition_reason=0 recovery_episode_id=0 q_rad=[-0.021658,1.290730,-1.952241,-0.068821,1.136565,-1.964503,0.019344,1.599912,-1.605864,0.014204,1.362937,-1.609897]
[ros2_control_node-3] [INFO] [1791427096.357654954] [StateRL]: [ABS-POLICY-CMD] event=command_write clock=steady_clock_ns write_ns=8882711949164 write_id=95 source_session_id=8882229733386 source_policy_cycle_id=22 source_mode=0 action_source=1 transition_reason=0 recovery_episode_id=0 q_rad=[-0.021658,1.290730,-1.952241,-0.068821,1.136565,-1.964503,0.019344,1.599912,-1.605864,0.014204,1.362937,-1.609897]
[ros2_control_node-3] [INFO] [1791427096.366553175] [StateRL]: [ABS-POLICY-CMD] event=command_write clock=steady_clock_ns write_ns=8882720838056 write_id=96 source_session_id=8882229733386 source_policy_cycle_id=23 source_mode=0 action_source=1 transition_reason=0 recovery_episode_id=0 q_rad=[-0.024521,1.290607,-1.932336,-0.069570,1.143576,-1.943265,0.018580,1.586926,-1.603792,0.009864,1.359949,-1.610264]
[ros2_control_node-3] [INFO] [1791427096.367294734] [StateRL]: [ABS-POLICY-CMD] event=command_write clock=steady_clock_ns write_ns=8882721588946 write_id=97 source_session_id=8882229733386 source_policy_cycle_id=23 source_mode=0 action_source=1 transition_reason=0 recovery_episode_id=0 q_rad=[-0.024521,1.290607,-1.932336,-0.069570,1.143576,-1.943265,0.018580,1.586926,-1.603792,0.009864,1.359949,-1.610264]
[ros2_control_node-3] [INFO] [1791427096.367914517] [StateRL]: [ABS-POLICY-CMD] event=command_write clock=steady_clock_ns write_ns=8882722210252 write_id=98 source_session_id=8882229733386 source_policy_cycle_id=23 source_mode=0 action_source=1 transition_reason=0 recovery_episode_id=0 q_rad=[-0.024521,1.290607,-1.932336,-0.069570,1.143576,-1.943265,0.018580,1.586926,-1.603792,0.009864,1.359949,-1.610264]
[ros2_control_node-3] [INFO] [1791427096.369783692] [StateRL]: [ABS-POLICY-CMD] event=command_write clock=steady_clock_ns write_ns=8882724076250 write_id=99 source_session_id=8882229733386 source_policy_cycle_id=23 source_mode=0 action_source=1 transition_reason=0 recovery_episode_id=0 q_rad=[-0.024521,1.290607,-1.932336,-0.069570,1.143576,-1.943265,0.018580,1.586926,-1.603792,0.009864,1.359949,-1.610264]
[ros2_control_node-3] [INFO] [1791427096.387091719] [StateRL]: [ABS-POLICY-CMD] event=command_write clock=steady_clock_ns write_ns=8882741379169 write_id=100 source_session_id=8882229733386 source_policy_cycle_id=24 source_mode=0 action_source=1 transition_reason=0 recovery_episode_id=0 q_rad=[-0.026929,1.290580,-1.916545,-0.067058,1.147364,-1.928393,0.018944,1.577716,-1.599765,0.005756,1.356962,-1.609605]
[ros2_control_node-3] [INFO] [1791427096.387132303] [StateRL]: [ABS-LIVE-CMD] event=rl_command_write clock=steady_clock_ns timestamp_ns=8882741439392 sequence=100 controller_state=RL rl_active=1 finite=1 kp_zero=0 kd_zero=0 tau_zero=1 veto_reason= q=[-0.0269,1.2906,-1.9165,-0.0671,1.1474,-1.9284,0.0189,1.5777,-1.5998,0.0058,1.3570,-1.6096] kp=[12.0000,12.0000,12.0000,12.0000,12.0000,12.0000,12.0000,12.0000,12.0000,12.0000,12.0000,12.0000] kd=[0.2600,0.2600,0.2600,0.2600,0.2600,0.2600,0.2600,0.2600,0.2600,0.2600,0.2600,0.2600] tau=[0.0000,0.0000,0.0000,0.0000,0.0000,0.0000,0.0000,0.0000,0.0000,0.0000,0.0000,0.0000]
[ros2_control_node-3] [INFO] [1791427096.387587575] [StateRL]: [ABS-POLICY-CMD] event=command_write clock=steady_clock_ns write_ns=8882741887772 write_id=101 source_session_id=8882229733386 source_policy_cycle_id=24 source_mode=0 action_source=1 transition_reason=0 recovery_episode_id=0 q_rad=[-0.026929,1.290580,-1.916545,-0.067058,1.147364,-1.928393,0.018944,1.577716,-1.599765,0.005756,1.356962,-1.609605]
[ros2_control_node-3] [INFO] [1791427096.387945281] [StateRL]: [ABS-POLICY-CMD] event=command_write clock=steady_clock_ns write_ns=8882742247754 write_id=102 source_session_id=8882229733386 source_policy_cycle_id=24 source_mode=0 action_source=1 transition_reason=0 recovery_episode_id=0 q_rad=[-0.026929,1.290580,-1.916545,-0.067058,1.147364,-1.928393,0.018944,1.577716,-1.599765,0.005756,1.356962,-1.609605]
[ros2_control_node-3] [INFO] [1791427096.389885218] [StateRL]: [ABS-POLICY-CMD] event=command_write clock=steady_clock_ns write_ns=8882744164701 write_id=103 source_session_id=8882229733386 source_policy_cycle_id=24 source_mode=0 action_source=1 transition_reason=0 recovery_episode_id=0 q_rad=[-0.026929,1.290580,-1.916545,-0.067058,1.147364,-1.928393,0.018944,1.577716,-1.599765,0.005756,1.356962,-1.609605]
[ros2_control_node-3] [INFO] [1791427096.396541781] [StateRL]: [EVAL] step=25 t=0.500 robot=(-0.077,-0.002) yaw=0.034 goal=(9.000,0.000) dist=9.077 body=(4.992,-0.163) heading=-0.081 arrived=0 ra=-0.41732 entry=-0.05000 recovery=0 hold=0 twist=(0.000,0.000,0.000) min_ray_log=0.824 max_ray_log=2.585 min_ray_m=1.770 lin_vel=(0.052,-0.026,0.306) ang_vel=(0.177,0.748,0.225) action_range=(-1.666,3.078) contact=(1,1,1,1)
[ros2_control_node-3] [INFO] [1791427096.396910382] [StateRL]: [ABS-POLICY-CMD] event=command_write clock=steady_clock_ns write_ns=8882751186860 write_id=104 source_session_id=8882229733386 source_policy_cycle_id=25 source_mode=0 action_source=1 transition_reason=0 recovery_episode_id=0 q_rad=[-0.028620,1.288709,-1.901137,-0.062279,1.149170,-1.916580,0.019494,1.569600,-1.594694,0.001439,1.353764,-1.608110]
[ros2_control_node-3] [INFO] [1791427096.399877812] [StateRL]: [ABS-POLICY-CMD] event=command_write clock=steady_clock_ns write_ns=8882754155114 write_id=105 source_session_id=8882229733386 source_policy_cycle_id=25 source_mode=0 action_source=1 transition_reason=0 recovery_episode_id=0 q_rad=[-0.028620,1.288709,-1.901137,-0.062279,1.149170,-1.916580,0.019494,1.569600,-1.594694,0.001439,1.353764,-1.608110]
[ros2_control_node-3] [INFO] [1791427096.404846461] [StateRL]: [ABS-POLICY-CMD] event=command_write clock=steady_clock_ns write_ns=8882759123783 write_id=106 source_session_id=8882229733386 source_policy_cycle_id=25 source_mode=0 action_source=1 transition_reason=0 recovery_episode_id=0 q_rad=[-0.028620,1.288709,-1.901137,-0.062279,1.149170,-1.916580,0.019494,1.569600,-1.594694,0.001439,1.353764,-1.608110]
[ros2_control_node-3] [INFO] [1791427096.409794678] [StateRL]: [ABS-POLICY-CMD] event=command_write clock=steady_clock_ns write_ns=8882764084991 write_id=107 source_session_id=8882229733386 source_policy_cycle_id=25 source_mode=0 action_source=1 transition_reason=0 recovery_episode_id=0 q_rad=[-0.028620,1.288709,-1.901137,-0.062279,1.149170,-1.916580,0.019494,1.569600,-1.594694,0.001439,1.353764,-1.608110]
[ros2_control_node-3] [INFO] [1791427096.416991209] [StateRL]: [ABS-POLICY-CMD] event=command_write clock=steady_clock_ns write_ns=8882771274908 write_id=108 source_session_id=8882229733386 source_policy_cycle_id=26 source_mode=0 action_source=1 transition_reason=0 recovery_episode_id=0 q_rad=[-0.029668,1.283855,-1.888206,-0.056104,1.147580,-1.908731,0.020410,1.564193,-1.589799,-0.002174,1.350424,-1.606248]
[ros2_control_node-3] [INFO] [1791427096.420202807] [StateRL]: [ABS-POLICY-CMD] event=command_write clock=steady_clock_ns write_ns=8882774472780 write_id=109 source_session_id=8882229733386 source_policy_cycle_id=26 source_mode=0 action_source=1 transition_reason=0 recovery_episode_id=0 q_rad=[-0.029668,1.283855,-1.888206,-0.056104,1.147580,-1.908731,0.020410,1.564193,-1.589799,-0.002174,1.350424,-1.606248]
[ros2_control_node-3] [INFO] [1791427096.425272126] [StateRL]: [ABS-POLICY-CMD] event=command_write clock=steady_clock_ns write_ns=8882779518280 write_id=110 source_session_id=8882229733386 source_policy_cycle_id=26 source_mode=0 action_source=1 transition_reason=0 recovery_episode_id=0 q_rad=[-0.029668,1.283855,-1.888206,-0.056104,1.147580,-1.908731,0.020410,1.564193,-1.589799,-0.002174,1.350424,-1.606248]
[ros2_control_node-3] [INFO] [1791427096.430048799] [StateRL]: [ABS-POLICY-CMD] event=command_write clock=steady_clock_ns write_ns=8882784320968 write_id=111 source_session_id=8882229733386 source_policy_cycle_id=26 source_mode=0 action_source=1 transition_reason=0 recovery_episode_id=0 q_rad=[-0.029668,1.283855,-1.888206,-0.056104,1.147580,-1.908731,0.020410,1.564193,-1.589799,-0.002174,1.350424,-1.606248]
[ros2_control_node-3] [INFO] [1791427096.437682372] [StateRL]: [ABS-POLICY-CMD] event=command_write clock=steady_clock_ns write_ns=8882791951911 write_id=112 source_session_id=8882229733386 source_policy_cycle_id=27 source_mode=0 action_source=1 transition_reason=0 recovery_episode_id=0 q_rad=[-0.030678,1.275960,-1.877252,-0.049622,1.143846,-1.904470,0.021370,1.560861,-1.585938,-0.005306,1.347756,-1.604186]
[ros2_control_node-3] [INFO] [1791427096.440192680] [StateRL]: [ABS-POLICY-CMD] event=command_write clock=steady_clock_ns write_ns=8882794438632 write_id=113 source_session_id=8882229733386 source_policy_cycle_id=27 source_mode=0 action_source=1 transition_reason=0 recovery_episode_id=0 q_rad=[-0.030678,1.275960,-1.877252,-0.049622,1.143846,-1.904470,0.021370,1.560861,-1.585938,-0.005306,1.347756,-1.604186]
[ros2_control_node-3] [INFO] [1791427096.445932965] [StateRL]: [ABS-POLICY-CMD] event=command_write clock=steady_clock_ns write_ns=8882800188922 write_id=114 source_session_id=8882229733386 source_policy_cycle_id=27 source_mode=0 action_source=1 transition_reason=0 recovery_episode_id=0 q_rad=[-0.030678,1.275960,-1.877252,-0.049622,1.143846,-1.904470,0.021370,1.560861,-1.585938,-0.005306,1.347756,-1.604186]
[ros2_control_node-3] [INFO] [1791427096.450085735] [StateRL]: [ABS-POLICY-CMD] event=command_write clock=steady_clock_ns write_ns=8882804338988 write_id=115 source_session_id=8882229733386 source_policy_cycle_id=27 source_mode=0 action_source=1 transition_reason=0 recovery_episode_id=0 q_rad=[-0.030678,1.275960,-1.877252,-0.049622,1.143846,-1.904470,0.021370,1.560861,-1.585938,-0.005306,1.347756,-1.604186]
[ros2_control_node-3] [INFO] [1791427096.458013796] [StateRL]: [ABS-POLICY-CMD] event=command_write clock=steady_clock_ns write_ns=8882812262975 write_id=116 source_session_id=8882229733386 source_policy_cycle_id=28 source_mode=0 action_source=1 transition_reason=0 recovery_episode_id=0 q_rad=[-0.033283,1.260808,-1.861853,-0.042294,1.138088,-1.904693,0.022629,1.558109,-1.582260,-0.009400,1.345319,-1.601502]
[ros2_control_node-3] [INFO] [1791427096.460091452] [StateRL]: [ABS-POLICY-CMD] event=command_write clock=steady_clock_ns write_ns=8882814372005 write_id=117 source_session_id=8882229733386 source_policy_cycle_id=28 source_mode=0 action_source=1 transition_reason=0 recovery_episode_id=0 q_rad=[-0.033283,1.260808,-1.861853,-0.042294,1.138088,-1.904693,0.022629,1.558109,-1.582260,-0.009400,1.345319,-1.601502]
[ros2_control_node-3] [INFO] [1791427096.465405116] [StateRL]: [ABS-POLICY-CMD] event=command_write clock=steady_clock_ns write_ns=8882819660770 write_id=118 source_session_id=8882229733386 source_policy_cycle_id=28 source_mode=0 action_source=1 transition_reason=0 recovery_episode_id=0 q_rad=[-0.033283,1.260808,-1.861853,-0.042294,1.138088,-1.904693,0.022629,1.558109,-1.582260,-0.009400,1.345319,-1.601502]
[ros2_control_node-3] [INFO] [1791427096.470124757] [StateRL]: [ABS-POLICY-CMD] event=command_write clock=steady_clock_ns write_ns=8882824390034 write_id=119 source_session_id=8882229733386 source_policy_cycle_id=28 source_mode=0 action_source=1 transition_reason=0 recovery_episode_id=0 q_rad=[-0.033283,1.260808,-1.861853,-0.042294,1.138088,-1.904693,0.022629,1.558109,-1.582260,-0.009400,1.345319,-1.601502]
[ros2_control_node-3] [INFO] [1791427096.478373840] [StateRL]: [ABS-POLICY-CMD] event=command_write clock=steady_clock_ns write_ns=8882832624151 write_id=120 source_session_id=8882229733386 source_policy_cycle_id=29 source_mode=0 action_source=1 transition_reason=0 recovery_episode_id=0 q_rad=[-0.035361,1.244499,-1.845273,-0.033689,1.130490,-1.905760,0.024187,1.553877,-1.577379,-0.014570,1.343457,-1.598230]
[ros2_control_node-3] [INFO] [1791427096.480006900] [StateRL]: [ABS-POLICY-CMD] event=command_write clock=steady_clock_ns write_ns=8882834289281 write_id=121 source_session_id=8882229733386 source_policy_cycle_id=29 source_mode=0 action_source=1 transition_reason=0 recovery_episode_id=0 q_rad=[-0.035361,1.244499,-1.845273,-0.033689,1.130490,-1.905760,0.024187,1.553877,-1.577379,-0.014570,1.343457,-1.598230]
[ros2_control_node-3] [INFO] [1791427096.485035771] [StateRL]: [ABS-POLICY-CMD] event=command_write clock=steady_clock_ns write_ns=8882839313264 write_id=122 source_session_id=8882229733386 source_policy_cycle_id=29 source_mode=0 action_source=1 transition_reason=0 recovery_episode_id=0 q_rad=[-0.035361,1.244499,-1.845273,-0.033689,1.130490,-1.905760,0.024187,1.553877,-1.577379,-0.014570,1.343457,-1.598230]
[ros2_control_node-3] [INFO] [1791427096.489805796] [StateRL]: [ABS-POLICY-CMD] event=command_write clock=steady_clock_ns write_ns=8882844092452 write_id=123 source_session_id=8882229733386 source_policy_cycle_id=29 source_mode=0 action_source=1 transition_reason=0 recovery_episode_id=0 q_rad=[-0.035361,1.244499,-1.845273,-0.033689,1.130490,-1.905760,0.024187,1.553877,-1.577379,-0.014570,1.343457,-1.598230]
[ros2_control_node-3] [INFO] [1791427096.496674050] [StateRL]: [ABS-POLICY-CMD] event=command_write clock=steady_clock_ns write_ns=8882850949126 write_id=124 source_session_id=8882229733386 source_policy_cycle_id=30 source_mode=0 action_source=1 transition_reason=0 recovery_episode_id=0 q_rad=[-0.047561,1.218966,-1.823139,-0.039046,1.131356,-1.907709,0.027726,1.545586,-1.572766,-0.013945,1.340249,-1.605302]
[ros2_control_node-3] [INFO] [1791427096.499786642] [StateRL]: [ABS-POLICY-CMD] event=command_write clock=steady_clock_ns write_ns=8882854068743 write_id=125 source_session_id=8882229733386 source_policy_cycle_id=30 source_mode=0 action_source=1 transition_reason=0 recovery_episode_id=0 q_rad=[-0.047561,1.218966,-1.823139,-0.039046,1.131356,-1.907709,0.027726,1.545586,-1.572766,-0.013945,1.340249,-1.605302]
[ros2_control_node-3] [INFO] [1791427096.499839981] [StateRL]: [ABS-LIVE-CMD] event=rl_command_write clock=steady_clock_ns timestamp_ns=8882854147102 sequence=125 controller_state=RL rl_active=1 finite=1 kp_zero=0 kd_zero=0 tau_zero=1 veto_reason= q=[-0.0476,1.2190,-1.8231,-0.0390,1.1314,-1.9077,0.0277,1.5456,-1.5728,-0.0139,1.3402,-1.6053] kp=[15.0000,15.0000,15.0000,15.0000,15.0000,15.0000,15.0000,15.0000,15.0000,15.0000,15.0000,15.0000] kd=[0.3250,0.3250,0.3250,0.3250,0.3250,0.3250,0.3250,0.3250,0.3250,0.3250,0.3250,0.3250] tau=[0.0000,0.0000,0.0000,0.0000,0.0000,0.0000,0.0000,0.0000,0.0000,0.0000,0.0000,0.0000]
[ros2_control_node-3] [INFO] [1791427096.504734877] [StateRL]: [ABS-POLICY-CMD] event=command_write clock=steady_clock_ns write_ns=8882859029490 write_id=126 source_session_id=8882229733386 source_policy_cycle_id=30 source_mode=0 action_source=1 transition_reason=0 recovery_episode_id=0 q_rad=[-0.047561,1.218966,-1.823139,-0.039046,1.131356,-1.907709,0.027726,1.545586,-1.572766,-0.013945,1.340249,-1.605302]
[ros2_control_node-3] [INFO] [1791427096.509763426] [StateRL]: [ABS-POLICY-CMD] event=command_write clock=steady_clock_ns write_ns=8882864038084 write_id=127 source_session_id=8882229733386 source_policy_cycle_id=30 source_mode=0 action_source=1 transition_reason=0 recovery_episode_id=0 q_rad=[-0.047561,1.218966,-1.823139,-0.039046,1.131356,-1.907709,0.027726,1.545586,-1.572766,-0.013945,1.340249,-1.605302]
[ros2_control_node-3] [INFO] [1791427096.516006394] [StateRL]: [ABS-POLICY-CMD] event=command_write clock=steady_clock_ns write_ns=8882870271168 write_id=128 source_session_id=8882229733386 source_policy_cycle_id=31 source_mode=0 action_source=1 transition_reason=0 recovery_episode_id=0 q_rad=[-0.052955,1.204792,-1.795250,-0.025518,1.120095,-1.913387,0.032291,1.535161,-1.558225,-0.024312,1.338081,-1.604106]
[ros2_control_node-3] [INFO] [1791427096.520436591] [StateRL]: [ABS-POLICY-CMD] event=command_write clock=steady_clock_ns write_ns=8882874682740 write_id=129 source_session_id=8882229733386 source_policy_cycle_id=31 source_mode=0 action_source=1 transition_reason=0 recovery_episode_id=0 q_rad=[-0.052955,1.204792,-1.795250,-0.025518,1.120095,-1.913387,0.032291,1.535161,-1.558225,-0.024312,1.338081,-1.604106]
[ros2_control_node-3] [INFO] [1791427096.525606201] [StateRL]: [ABS-POLICY-CMD] event=command_write clock=steady_clock_ns write_ns=8882879839358 write_id=130 source_session_id=8882229733386 source_policy_cycle_id=31 source_mode=0 action_source=1 transition_reason=0 recovery_episode_id=0 q_rad=[-0.052955,1.204792,-1.795250,-0.025518,1.120095,-1.913387,0.032291,1.535161,-1.558225,-0.024312,1.338081,-1.604106]
[ros2_control_node-3] [INFO] [1791427096.530247470] [StateRL]: [ABS-POLICY-CMD] event=command_write clock=steady_clock_ns write_ns=8882884505275 write_id=131 source_session_id=8882229733386 source_policy_cycle_id=31 source_mode=0 action_source=1 transition_reason=0 recovery_episode_id=0 q_rad=[-0.052955,1.204792,-1.795250,-0.025518,1.120095,-1.913387,0.032291,1.535161,-1.558225,-0.024312,1.338081,-1.604106]
[ros2_control_node-3] [INFO] [1791427096.540711739] [StateRL]: [ABS-POLICY-CMD] event=command_write clock=steady_clock_ns write_ns=8882894991117 write_id=132 source_session_id=8882229733386 source_policy_cycle_id=32 source_mode=0 action_source=1 transition_reason=0 recovery_episode_id=0 q_rad=[-0.054704,1.187205,-1.782046,-0.018492,1.116390,-1.906067,0.030169,1.531290,-1.556929,-0.028401,1.337892,-1.603042]
[ros2_control_node-3] [INFO] [1791427096.541166676] [StateRL]: [ABS-POLICY-CMD] event=command_write clock=steady_clock_ns write_ns=8882895466179 write_id=133 source_session_id=8882229733386 source_policy_cycle_id=32 source_mode=0 action_source=1 transition_reason=0 recovery_episode_id=0 q_rad=[-0.054704,1.187205,-1.782046,-0.018492,1.116390,-1.906067,0.030169,1.531290,-1.556929,-0.028401,1.337892,-1.603042]
[ros2_control_node-3] [INFO] [1791427096.544783696] [StateRL]: [ABS-POLICY-CMD] event=command_write clock=steady_clock_ns write_ns=8882899069254 write_id=134 source_session_id=8882229733386 source_policy_cycle_id=32 source_mode=0 action_source=1 transition_reason=0 recovery_episode_id=0 q_rad=[-0.054704,1.187205,-1.782046,-0.018492,1.116390,-1.906067,0.030169,1.531290,-1.556929,-0.028401,1.337892,-1.603042]
[ros2_control_node-3] [INFO] [1791427096.549769827] [StateRL]: [ABS-POLICY-CMD] event=command_write clock=steady_clock_ns write_ns=8882904057336 write_id=135 source_session_id=8882229733386 source_policy_cycle_id=32 source_mode=0 action_source=1 transition_reason=0 recovery_episode_id=0 q_rad=[-0.054704,1.187205,-1.782046,-0.018492,1.116390,-1.906067,0.030169,1.531290,-1.556929,-0.028401,1.337892,-1.603042]
[ros2_control_node-3] [INFO] [1791427096.556024060] [StateRL]: [ABS-POLICY-CMD] event=command_write clock=steady_clock_ns write_ns=8882910293090 write_id=136 source_session_id=8882229733386 source_policy_cycle_id=33 source_mode=0 action_source=1 transition_reason=0 recovery_episode_id=0 q_rad=[-0.056635,1.162464,-1.746522,-0.002022,1.105856,-1.904942,0.030376,1.510945,-1.539101,-0.041420,1.336336,-1.598079]
[ros2_control_node-3] [INFO] [1791427096.559749971] [StateRL]: [ABS-POLICY-CMD] event=command_write clock=steady_clock_ns write_ns=8882914042552 write_id=137 source_session_id=8882229733386 source_policy_cycle_id=33 source_mode=0 action_source=1 transition_reason=0 recovery_episode_id=0 q_rad=[-0.056635,1.162464,-1.746522,-0.002022,1.105856,-1.904942,0.030376,1.510945,-1.539101,-0.041420,1.336336,-1.598079]
[ros2_control_node-3] [INFO] [1791427096.564793988] [StateRL]: [ABS-POLICY-CMD] event=command_write clock=steady_clock_ns write_ns=8882919073800 write_id=138 source_session_id=8882229733386 source_policy_cycle_id=33 source_mode=0 action_source=1 transition_reason=0 recovery_episode_id=0 q_rad=[-0.056635,1.162464,-1.746522,-0.002022,1.105856,-1.904942,0.030376,1.510945,-1.539101,-0.041420,1.336336,-1.598079]
[ros2_control_node-3] [INFO] [1791427096.569761569] [StateRL]: [ABS-POLICY-CMD] event=command_write clock=steady_clock_ns write_ns=8882924050807 write_id=139 source_session_id=8882229733386 source_policy_cycle_id=33 source_mode=0 action_source=1 transition_reason=0 recovery_episode_id=0 q_rad=[-0.056635,1.162464,-1.746522,-0.002022,1.105856,-1.904942,0.030376,1.510945,-1.539101,-0.041420,1.336336,-1.598079]
[ros2_control_node-3] [INFO] [1791427096.576204947] [StateRL]: [ABS-POLICY-CMD] event=command_write clock=steady_clock_ns write_ns=8882930476918 write_id=140 source_session_id=8882229733386 source_policy_cycle_id=34 source_mode=0 action_source=1 transition_reason=0 recovery_episode_id=0 q_rad=[-0.058335,1.138503,-1.723058,0.005161,1.105653,-1.883459,0.024566,1.497448,-1.537959,-0.046572,1.336356,-1.594737]
[ros2_control_node-3] [INFO] [1791427096.579802373] [StateRL]: [ABS-POLICY-CMD] event=command_write clock=steady_clock_ns write_ns=8882934082578 write_id=141 source_session_id=8882229733386 source_policy_cycle_id=34 source_mode=0 action_source=1 transition_reason=0 recovery_episode_id=0 q_rad=[-0.058335,1.138503,-1.723058,0.005161,1.105653,-1.883459,0.024566,1.497448,-1.537959,-0.046572,1.336356,-1.594737]
[ros2_control_node-3] [INFO] [1791427096.584716323] [StateRL]: [ABS-POLICY-CMD] event=command_write clock=steady_clock_ns write_ns=8882939009992 write_id=142 source_session_id=8882229733386 source_policy_cycle_id=34 source_mode=0 action_source=1 transition_reason=0 recovery_episode_id=0 q_rad=[-0.058335,1.138503,-1.723058,0.005161,1.105653,-1.883459,0.024566,1.497448,-1.537959,-0.046572,1.336356,-1.594737]
[ros2_control_node-3] [INFO] [1791427096.589822681] [StateRL]: [ABS-POLICY-CMD] event=command_write clock=steady_clock_ns write_ns=8882944108832 write_id=143 source_session_id=8882229733386 source_policy_cycle_id=34 source_mode=0 action_source=1 transition_reason=0 recovery_episode_id=0 q_rad=[-0.058335,1.138503,-1.723058,0.005161,1.105653,-1.883459,0.024566,1.497448,-1.537959,-0.046572,1.336356,-1.594737]
[ros2_control_node-3] [INFO] [1791427096.597493807] [StateRL]: [ABS-POLICY-CMD] event=command_write clock=steady_clock_ns write_ns=8882951730929 write_id=144 source_session_id=8882229733386 source_policy_cycle_id=35 source_mode=0 action_source=1 transition_reason=0 recovery_episode_id=0 q_rad=[-0.059158,1.110519,-1.691513,0.014565,1.104512,-1.860679,0.018125,1.475147,-1.530724,-0.054754,1.336157,-1.586380]
[ros2_control_node-3] [INFO] [1791427096.601125831] [StateRL]: [ABS-POLICY-CMD] event=command_write clock=steady_clock_ns write_ns=8882955390994 write_id=145 source_session_id=8882229733386 source_policy_cycle_id=35 source_mode=0 action_source=1 transition_reason=0 recovery_episode_id=0 q_rad=[-0.059158,1.110519,-1.691513,0.014565,1.104512,-1.860679,0.018125,1.475147,-1.530724,-0.054754,1.336157,-1.586380]
[ros2_control_node-3] [INFO] [1791427096.605374167] [StateRL]: [ABS-POLICY-CMD] event=command_write clock=steady_clock_ns write_ns=8882959618684 write_id=146 source_session_id=8882229733386 source_policy_cycle_id=35 source_mode=0 action_source=1 transition_reason=0 recovery_episode_id=0 q_rad=[-0.059158,1.110519,-1.691513,0.014565,1.104512,-1.860679,0.018125,1.475147,-1.530724,-0.054754,1.336157,-1.586380]
[ros2_control_node-3] [INFO] [1791427096.610786211] [StateRL]: [ABS-POLICY-CMD] event=command_write clock=steady_clock_ns write_ns=8882964982999 write_id=147 source_session_id=8882229733386 source_policy_cycle_id=35 source_mode=0 action_source=1 transition_reason=0 recovery_episode_id=0 q_rad=[-0.059158,1.110519,-1.691513,0.014565,1.104512,-1.860679,0.018125,1.475147,-1.530724,-0.054754,1.336157,-1.586380]
[ros2_control_node-3] [INFO] [1791427096.625908479] [StateRL]: [ABS-POLICY-CMD] event=command_write clock=steady_clock_ns write_ns=8882980122107 write_id=148 source_session_id=8882229733386 source_policy_cycle_id=36 source_mode=0 action_source=1 transition_reason=0 recovery_episode_id=0 q_rad=[-0.059019,1.079992,-1.660206,0.026478,1.107634,-1.823994,0.005962,1.447548,-1.525365,-0.063222,1.338328,-1.569362]
[ros2_control_node-3] [INFO] [1791427096.630470956] [StateRL]: [ABS-POLICY-CMD] event=command_write clock=steady_clock_ns write_ns=8882984706454 write_id=149 source_session_id=8882229733386 source_policy_cycle_id=36 source_mode=0 action_source=1 transition_reason=0 recovery_episode_id=0 q_rad=[-0.059019,1.079992,-1.660206,0.026478,1.107634,-1.823994,0.005962,1.447548,-1.525365,-0.063222,1.338328,-1.569362]
[ros2_control_node-3] [INFO] [1791427096.634593848] [StateRL]: [ABS-POLICY-CMD] event=command_write clock=steady_clock_ns write_ns=8882988818370 write_id=150 source_session_id=8882229733386 source_policy_cycle_id=36 source_mode=0 action_source=1 transition_reason=0 recovery_episode_id=0 q_rad=[-0.059019,1.079992,-1.660206,0.026478,1.107634,-1.823994,0.005962,1.447548,-1.525365,-0.063222,1.338328,-1.569362]
[ros2_control_node-3] [INFO] [1791427096.634886717] [StateRL]: [ABS-LIVE-CMD] event=rl_command_write clock=steady_clock_ns timestamp_ns=8882989192361 sequence=150 controller_state=RL rl_active=1 finite=1 kp_zero=0 kd_zero=0 tau_zero=1 veto_reason= q=[-0.0590,1.0800,-1.6602,0.0265,1.1076,-1.8240,0.0060,1.4475,-1.5254,-0.0632,1.3383,-1.5694] kp=[18.0000,18.0000,18.0000,18.0000,18.0000,18.0000,18.0000,18.0000,18.0000,18.0000,18.0000,18.0000] kd=[0.3900,0.3900,0.3900,0.3900,0.3900,0.3900,0.3900,0.3900,0.3900,0.3900,0.3900,0.3900] tau=[0.0000,0.0000,0.0000,0.0000,0.0000,0.0000,0.0000,0.0000,0.0000,0.0000,0.0000,0.0000]
[ros2_control_node-3] [INFO] [1791427096.639062537] [StateRL]: [ABS-POLICY-CMD] event=command_write clock=steady_clock_ns write_ns=8882993296117 write_id=151 source_session_id=8882229733386 source_policy_cycle_id=36 source_mode=0 action_source=1 transition_reason=0 recovery_episode_id=0 q_rad=[-0.059019,1.079992,-1.660206,0.026478,1.107634,-1.823994,0.005962,1.447548,-1.525365,-0.063222,1.338328,-1.569362]
[ros2_control_node-3] [INFO] [1791427096.657329020] [StateRL]: [ABS-POLICY-CMD] event=command_write clock=steady_clock_ns write_ns=8883011591093 write_id=152 source_session_id=8882229733386 source_policy_cycle_id=37 source_mode=0 action_source=1 transition_reason=0 recovery_episode_id=0 q_rad=[-0.049844,1.046101,-1.601583,0.046690,1.098809,-1.797102,-0.011629,1.409666,-1.502632,-0.081604,1.342921,-1.545080]
[ros2_control_node-3] [INFO] [1791427096.658195540] [StateRL]: [ABS-POLICY-CMD] event=command_write clock=steady_clock_ns write_ns=8883012490355 write_id=153 source_session_id=8882229733386 source_policy_cycle_id=37 source_mode=0 action_source=1 transition_reason=0 recovery_episode_id=0 q_rad=[-0.049844,1.046101,-1.601583,0.046690,1.098809,-1.797102,-0.011629,1.409666,-1.502632,-0.081604,1.342921,-1.545080]
[ros2_control_node-3] [INFO] [1791427096.658585087] [StateRL]: [ABS-POLICY-CMD] event=command_write clock=steady_clock_ns write_ns=8883012887089 write_id=154 source_session_id=8882229733386 source_policy_cycle_id=37 source_mode=0 action_source=1 transition_reason=0 recovery_episode_id=0 q_rad=[-0.049844,1.046101,-1.601583,0.046690,1.098809,-1.797102,-0.011629,1.409666,-1.502632,-0.081604,1.342921,-1.545080]
[ros2_control_node-3] [INFO] [1791427096.658990330] [StateRL]: [ABS-POLICY-CMD] event=command_write clock=steady_clock_ns write_ns=8883013290959 write_id=155 source_session_id=8882229733386 source_policy_cycle_id=37 source_mode=0 action_source=1 transition_reason=0 recovery_episode_id=0 q_rad=[-0.049844,1.046101,-1.601583,0.046690,1.098809,-1.797102,-0.011629,1.409666,-1.502632,-0.081604,1.342921,-1.545080]
[ros2_control_node-3] [INFO] [1791427096.660534708] [StateRL]: [ABS-POLICY-CMD] event=command_write clock=steady_clock_ns write_ns=8883014822236 write_id=156 source_session_id=8882229733386 source_policy_cycle_id=38 source_mode=0 action_source=1 transition_reason=0 recovery_episode_id=0 q_rad=[-0.038198,1.008932,-1.528910,0.063867,1.092437,-1.750896,-0.045276,1.365658,-1.479244,-0.098659,1.341316,-1.505849]
[ros2_control_node-3] [INFO] [1791427096.661000055] [StateRL]: [ABS-POLICY-CMD] event=command_write clock=steady_clock_ns write_ns=8883015300117 write_id=157 source_session_id=8882229733386 source_policy_cycle_id=38 source_mode=0 action_source=1 transition_reason=0 recovery_episode_id=0 q_rad=[-0.038198,1.008932,-1.528910,0.063867,1.092437,-1.750896,-0.045276,1.365658,-1.479244,-0.098659,1.341316,-1.505849]
[ros2_control_node-3] [INFO] [1791427096.664812616] [StateRL]: [ABS-POLICY-CMD] event=command_write clock=steady_clock_ns write_ns=8883019100837 write_id=158 source_session_id=8882229733386 source_policy_cycle_id=38 source_mode=0 action_source=1 transition_reason=0 recovery_episode_id=0 q_rad=[-0.038198,1.008932,-1.528910,0.063867,1.092437,-1.750896,-0.045276,1.365658,-1.479244,-0.098659,1.341316,-1.505849]
[ros2_control_node-3] [INFO] [1791427096.669840460] [StateRL]: [ABS-POLICY-CMD] event=command_write clock=steady_clock_ns write_ns=8883024127576 write_id=159 source_session_id=8882229733386 source_policy_cycle_id=38 source_mode=0 action_source=1 transition_reason=0 recovery_episode_id=0 q_rad=[-0.038198,1.008932,-1.528910,0.063867,1.092437,-1.750896,-0.045276,1.365658,-1.479244,-0.098659,1.341316,-1.505849]
[ros2_control_node-3] [INFO] [1791427096.677211206] [StateRL]: [ABS-POLICY-CMD] event=command_write clock=steady_clock_ns write_ns=8883031496025 write_id=160 source_session_id=8882229733386 source_policy_cycle_id=39 source_mode=0 action_source=1 transition_reason=0 recovery_episode_id=0 q_rad=[-0.037227,0.988534,-1.496398,0.081603,1.092619,-1.701674,-0.078093,1.339768,-1.467301,-0.104506,1.333858,-1.469470]
[ros2_control_node-3] [INFO] [1791427096.680000154] [StateRL]: [ABS-POLICY-CMD] event=command_write clock=steady_clock_ns write_ns=8883034266845 write_id=161 source_session_id=8882229733386 source_policy_cycle_id=39 source_mode=0 action_source=1 transition_reason=0 recovery_episode_id=0 q_rad=[-0.037227,0.988534,-1.496398,0.081603,1.092619,-1.701674,-0.078093,1.339768,-1.467301,-0.104506,1.333858,-1.469470]
[ros2_control_node-3] [INFO] [1791427096.684812777] [StateRL]: [ABS-POLICY-CMD] event=command_write clock=steady_clock_ns write_ns=8883039100758 write_id=162 source_session_id=8882229733386 source_policy_cycle_id=39 source_mode=0 action_source=1 transition_reason=0 recovery_episode_id=0 q_rad=[-0.037227,0.988534,-1.496398,0.081603,1.092619,-1.701674,-0.078093,1.339768,-1.467301,-0.104506,1.333858,-1.469470]
[ros2_control_node-3] [INFO] [1791427096.689897700] [StateRL]: [ABS-POLICY-CMD] event=command_write clock=steady_clock_ns write_ns=8883044178058 write_id=163 source_session_id=8882229733386 source_policy_cycle_id=39 source_mode=0 action_source=1 transition_reason=0 recovery_episode_id=0 q_rad=[-0.037227,0.988534,-1.496398,0.081603,1.092619,-1.701674,-0.078093,1.339768,-1.467301,-0.104506,1.333858,-1.469470]
[ros2_control_node-3] [INFO] [1791427096.695766212] [StateRL]: [ABS-POLICY-CMD] event=command_write clock=steady_clock_ns write_ns=8883050057282 write_id=164 source_session_id=8882229733386 source_policy_cycle_id=40 source_mode=0 action_source=1 transition_reason=0 recovery_episode_id=0 q_rad=[-0.052484,0.964299,-1.482233,0.091287,1.093992,-1.631124,-0.120000,1.322217,-1.474636,-0.100709,1.322524,-1.423171]
[ros2_control_node-3] [INFO] [1791427096.699814601] [StateRL]: [ABS-POLICY-CMD] event=command_write clock=steady_clock_ns write_ns=8883054104609 write_id=165 source_session_id=8882229733386 source_policy_cycle_id=40 source_mode=0 action_source=1 transition_reason=0 recovery_episode_id=0 q_rad=[-0.052484,0.964299,-1.482233,0.091287,1.093992,-1.631124,-0.120000,1.322217,-1.474636,-0.100709,1.322524,-1.423171]
[ros2_control_node-3] [INFO] [1791427096.704859418] [StateRL]: [ABS-POLICY-CMD] event=command_write clock=steady_clock_ns write_ns=8883059132510 write_id=166 source_session_id=8882229733386 source_policy_cycle_id=40 source_mode=0 action_source=1 transition_reason=0 recovery_episode_id=0 q_rad=[-0.052484,0.964299,-1.482233,0.091287,1.093992,-1.631124,-0.120000,1.322217,-1.474636,-0.100709,1.322524,-1.423171]
[ros2_control_node-3] [INFO] [1791427096.709755110] [StateRL]: [ABS-POLICY-CMD] event=command_write clock=steady_clock_ns write_ns=8883064046224 write_id=167 source_session_id=8882229733386 source_policy_cycle_id=40 source_mode=0 action_source=1 transition_reason=0 recovery_episode_id=0 q_rad=[-0.052484,0.964299,-1.482233,0.091287,1.093992,-1.631124,-0.120000,1.322217,-1.474636,-0.100709,1.322524,-1.423171]
[ros2_control_node-3] [INFO] [1791427096.716921300] [StateRL]: [ABS-POLICY-CMD] event=command_write clock=steady_clock_ns write_ns=8883071206914 write_id=168 source_session_id=8882229733386 source_policy_cycle_id=41 source_mode=0 action_source=1 transition_reason=0 recovery_episode_id=0 q_rad=[-0.082694,0.941066,-1.489280,0.091474,1.098115,-1.536127,-0.180238,1.302809,-1.516143,-0.079801,1.295820,-1.355973]
[ros2_control_node-3] [INFO] [1791427096.720010179] [StateRL]: [ABS-POLICY-CMD] event=command_write clock=steady_clock_ns write_ns=8883074291196 write_id=169 source_session_id=8882229733386 source_policy_cycle_id=41 source_mode=0 action_source=1 transition_reason=0 recovery_episode_id=0 q_rad=[-0.082694,0.941066,-1.489280,0.091474,1.098115,-1.536127,-0.180238,1.302809,-1.516143,-0.079801,1.295820,-1.355973]
[ros2_control_node-3] [INFO] [1791427096.724994833] [StateRL]: [ABS-POLICY-CMD] event=command_write clock=steady_clock_ns write_ns=8883079259777 write_id=170 source_session_id=8882229733386 source_policy_cycle_id=41 source_mode=0 action_source=1 transition_reason=0 recovery_episode_id=0 q_rad=[-0.082694,0.941066,-1.489280,0.091474,1.098115,-1.536127,-0.180238,1.302809,-1.516143,-0.079801,1.295820,-1.355973]
[ros2_control_node-3] [INFO] [1791427096.729881896] [StateRL]: [ABS-POLICY-CMD] event=command_write clock=steady_clock_ns write_ns=8883084164989 write_id=171 source_session_id=8882229733386 source_policy_cycle_id=41 source_mode=0 action_source=1 transition_reason=0 recovery_episode_id=0 q_rad=[-0.082694,0.941066,-1.489280,0.091474,1.098115,-1.536127,-0.180238,1.302809,-1.516143,-0.079801,1.295820,-1.355973]
[ros2_control_node-3] [INFO] [1791427096.737746904] [StateRL]: [ABS-POLICY-CMD] event=command_write clock=steady_clock_ns write_ns=8883092023574 write_id=172 source_session_id=8882229733386 source_policy_cycle_id=42 source_mode=0 action_source=1 transition_reason=0 recovery_episode_id=0 q_rad=[-0.118267,0.925630,-1.512988,0.074185,1.097408,-1.440613,-0.243630,1.281727,-1.597730,-0.039006,1.253337,-1.290632]
[ros2_control_node-3] [INFO] [1791427096.739916909] [StateRL]: [ABS-POLICY-CMD] event=command_write clock=steady_clock_ns write_ns=8883094195649 write_id=173 source_session_id=8882229733386 source_policy_cycle_id=42 source_mode=0 action_source=1 transition_reason=0 recovery_episode_id=0 q_rad=[-0.118267,0.925630,-1.512988,0.074185,1.097408,-1.440613,-0.243630,1.281727,-1.597730,-0.039006,1.253337,-1.290632]
[ros2_control_node-3] [INFO] [1791427096.744868604] [StateRL]: [ABS-POLICY-CMD] event=command_write clock=steady_clock_ns write_ns=8883099153918 write_id=174 source_session_id=8882229733386 source_policy_cycle_id=42 source_mode=0 action_source=1 transition_reason=0 recovery_episode_id=0 q_rad=[-0.118267,0.925630,-1.512988,0.074185,1.097408,-1.440613,-0.243630,1.281727,-1.597730,-0.039006,1.253337,-1.290632]
[ros2_control_node-3] [INFO] [1791427096.749917217] [StateRL]: [ABS-POLICY-CMD] event=command_write clock=steady_clock_ns write_ns=8883104190420 write_id=175 source_session_id=8882229733386 source_policy_cycle_id=42 source_mode=0 action_source=1 transition_reason=0 recovery_episode_id=0 q_rad=[-0.118267,0.925630,-1.512988,0.074185,1.097408,-1.440613,-0.243630,1.281727,-1.597730,-0.039006,1.253337,-1.290632]
[ros2_control_node-3] [INFO] [1791427096.750004112] [StateRL]: [ABS-LIVE-CMD] event=rl_command_write clock=steady_clock_ns timestamp_ns=8883104310962 sequence=175 controller_state=RL rl_active=1 finite=1 kp_zero=0 kd_zero=0 tau_zero=1 veto_reason= q=[-0.1183,0.9256,-1.5130,0.0742,1.0974,-1.4406,-0.2436,1.2817,-1.5977,-0.0390,1.2533,-1.2906] kp=[21.0000,21.0000,21.0000,21.0000,21.0000,21.0000,21.0000,21.0000,21.0000,21.0000,21.0000,21.0000] kd=[0.4550,0.4550,0.4550,0.4550,0.4550,0.4550,0.4550,0.4550,0.4550,0.4550,0.4550,0.4550] tau=[0.0000,0.0000,0.0000,0.0000,0.0000,0.0000,0.0000,0.0000,0.0000,0.0000,0.0000,0.0000]
[ros2_control_node-3] [INFO] [1791427096.756976686] [StateRL]: [ABS-POLICY-CMD] event=command_write clock=steady_clock_ns write_ns=8883111256196 write_id=176 source_session_id=8882229733386 source_policy_cycle_id=43 source_mode=0 action_source=1 transition_reason=0 recovery_episode_id=0 q_rad=[-0.193037,0.908845,-1.841943,0.079313,1.091993,-1.252557,-0.232898,1.161657,-1.763525,0.095889,1.209973,-1.257815]
[ros2_control_node-3] [INFO] [1791427096.759811756] [StateRL]: [ABS-POLICY-CMD] event=command_write clock=steady_clock_ns write_ns=8883114101088 write_id=177 source_session_id=8882229733386 source_policy_cycle_id=43 source_mode=0 action_source=1 transition_reason=0 recovery_episode_id=0 q_rad=[-0.193037,0.908845,-1.841943,0.079313,1.091993,-1.252557,-0.232898,1.161657,-1.763525,0.095889,1.209973,-1.257815]
[ros2_control_node-3] [INFO] [1791427096.764962833] [StateRL]: [ABS-POLICY-CMD] event=command_write clock=steady_clock_ns write_ns=8883119227717 write_id=178 source_session_id=8882229733386 source_policy_cycle_id=43 source_mode=0 action_source=1 transition_reason=0 recovery_episode_id=0 q_rad=[-0.193037,0.908845,-1.841943,0.079313,1.091993,-1.252557,-0.232898,1.161657,-1.763525,0.095889,1.209973,-1.257815]
[ros2_control_node-3] [INFO] [1791427096.769799109] [StateRL]: [ABS-POLICY-CMD] event=command_write clock=steady_clock_ns write_ns=8883124087049 write_id=179 source_session_id=8882229733386 source_policy_cycle_id=43 source_mode=0 action_source=1 transition_reason=0 recovery_episode_id=0 q_rad=[-0.193037,0.908845,-1.841943,0.079313,1.091993,-1.252557,-0.232898,1.161657,-1.763525,0.095889,1.209973,-1.257815]
[ros2_control_node-3] [INFO] [1791427096.775824622] [StateRL]: [ABS-POLICY-CMD] event=command_write clock=steady_clock_ns write_ns=8883130114839 write_id=180 source_session_id=8882229733386 source_policy_cycle_id=44 source_mode=0 action_source=1 transition_reason=0 recovery_episode_id=0 q_rad=[-0.273217,0.941900,-2.178111,0.010378,1.045535,-1.190155,-0.174467,1.066681,-1.931756,0.194353,1.214985,-1.247917]
[ros2_control_node-3] [INFO] [1791427096.779721595] [StateRL]: [ABS-POLICY-CMD] event=command_write clock=steady_clock_ns write_ns=8883134016153 write_id=181 source_session_id=8882229733386 source_policy_cycle_id=44 source_mode=0 action_source=1 transition_reason=0 recovery_episode_id=0 q_rad=[-0.273217,0.941900,-2.178111,0.010378,1.045535,-1.190155,-0.174467,1.066681,-1.931756,0.194353,1.214985,-1.247917]
[ros2_control_node-3] [INFO] [1791427096.784823154] [StateRL]: [ABS-POLICY-CMD] event=command_write clock=steady_clock_ns write_ns=8883139107595 write_id=182 source_session_id=8882229733386 source_policy_cycle_id=44 source_mode=0 action_source=1 transition_reason=0 recovery_episode_id=0 q_rad=[-0.273217,0.941900,-2.178111,0.010378,1.045535,-1.190155,-0.174467,1.066681,-1.931756,0.194353,1.214985,-1.247917]
[ros2_control_node-3] [INFO] [1791427096.789781786] [StateRL]: [ABS-POLICY-CMD] event=command_write clock=steady_clock_ns write_ns=8883144070127 write_id=183 source_session_id=8882229733386 source_policy_cycle_id=44 source_mode=0 action_source=1 transition_reason=0 recovery_episode_id=0 q_rad=[-0.273217,0.941900,-2.178111,0.010378,1.045535,-1.190155,-0.174467,1.066681,-1.931756,0.194353,1.214985,-1.247917]
[ros2_control_node-3] [INFO] [1791427096.796420880] [StateRL]: [ABS-POLICY-CMD] event=command_write clock=steady_clock_ns write_ns=8883150707557 write_id=184 source_session_id=8882229733386 source_policy_cycle_id=45 source_mode=0 action_source=1 transition_reason=0 recovery_episode_id=0 q_rad=[-0.347839,1.093446,-2.355440,-0.092689,1.001622,-1.200721,-0.167949,1.081515,-2.060721,0.268153,1.228986,-1.231743]
[ros2_control_node-3] [INFO] [1791427096.799942261] [StateRL]: [ABS-POLICY-CMD] event=command_write clock=steady_clock_ns write_ns=8883154203917 write_id=185 source_session_id=8882229733386 source_policy_cycle_id=45 source_mode=0 action_source=1 transition_reason=0 recovery_episode_id=0 q_rad=[-0.347839,1.093446,-2.355440,-0.092689,1.001622,-1.200721,-0.167949,1.081515,-2.060721,0.268153,1.228986,-1.231743]
[ros2_control_node-3] [INFO] [1791427096.804823282] [StateRL]: [ABS-POLICY-CMD] event=command_write clock=steady_clock_ns write_ns=8883159105955 write_id=186 source_session_id=8882229733386 source_policy_cycle_id=45 source_mode=0 action_source=1 transition_reason=0 recovery_episode_id=0 q_rad=[-0.347839,1.093446,-2.355440,-0.092689,1.001622,-1.200721,-0.167949,1.081515,-2.060721,0.268153,1.228986,-1.231743]
[ros2_control_node-3] [INFO] [1791427096.809829924] [StateRL]: [ABS-POLICY-CMD] event=command_write clock=steady_clock_ns write_ns=8883164117414 write_id=187 source_session_id=8882229733386 source_policy_cycle_id=45 source_mode=0 action_source=1 transition_reason=0 recovery_episode_id=0 q_rad=[-0.347839,1.093446,-2.355440,-0.092689,1.001622,-1.200721,-0.167949,1.081515,-2.060721,0.268153,1.228986,-1.231743]
[ros2_control_node-3] [INFO] [1791427096.816460357] [StateRL]: [ABS-POLICY-CMD] event=command_write clock=steady_clock_ns write_ns=8883170721211 write_id=188 source_session_id=8882229733386 source_policy_cycle_id=46 source_mode=0 action_source=1 transition_reason=0 recovery_episode_id=0 q_rad=[-0.336376,0.965753,-2.314694,-0.181433,0.994678,-1.202266,-0.140522,1.102825,-1.963040,0.207846,1.242466,-1.318687]
[ros2_control_node-3] [INFO] [1791427096.819742951] [StateRL]: [ABS-POLICY-CMD] event=command_write clock=steady_clock_ns write_ns=8883174031902 write_id=189 source_session_id=8882229733386 source_policy_cycle_id=46 source_mode=0 action_source=1 transition_reason=0 recovery_episode_id=0 q_rad=[-0.336376,0.965753,-2.314694,-0.181433,0.994678,-1.202266,-0.140522,1.102825,-1.963040,0.207846,1.242466,-1.318687]
[ros2_control_node-3] [INFO] [1791427096.824847452] [StateRL]: [ABS-POLICY-CMD] event=command_write clock=steady_clock_ns write_ns=8883179139141 write_id=190 source_session_id=8882229733386 source_policy_cycle_id=46 source_mode=0 action_source=1 transition_reason=0 recovery_episode_id=0 q_rad=[-0.336376,0.965753,-2.314694,-0.181433,0.994678,-1.202266,-0.140522,1.102825,-1.963040,0.207846,1.242466,-1.318687]
[ros2_control_node-3] [INFO] [1791427096.829878673] [StateRL]: [ABS-POLICY-CMD] event=command_write clock=steady_clock_ns write_ns=8883184151775 write_id=191 source_session_id=8882229733386 source_policy_cycle_id=46 source_mode=0 action_source=1 transition_reason=0 recovery_episode_id=0 q_rad=[-0.336376,0.965753,-2.314694,-0.181433,0.994678,-1.202266,-0.140522,1.102825,-1.963040,0.207846,1.242466,-1.318687]
[ros2_control_node-3] [INFO] [1791427096.835543218] [StateRL]: [ABS-POLICY-CMD] event=command_write clock=steady_clock_ns write_ns=8883189836381 write_id=192 source_session_id=8882229733386 source_policy_cycle_id=47 source_mode=0 action_source=1 transition_reason=0 recovery_episode_id=0 q_rad=[-0.331772,0.943293,-2.292120,-0.190537,1.003886,-1.203580,-0.137550,1.098708,-1.953425,0.211307,1.250290,-1.329341]
[ros2_control_node-3] [INFO] [1791427096.839832066] [StateRL]: [ABS-POLICY-CMD] event=command_write clock=steady_clock_ns write_ns=8883194112517 write_id=193 source_session_id=8882229733386 source_policy_cycle_id=47 source_mode=0 action_source=1 transition_reason=0 recovery_episode_id=0 q_rad=[-0.331772,0.943293,-2.292120,-0.190537,1.003886,-1.203580,-0.137550,1.098708,-1.953425,0.211307,1.250290,-1.329341]
[ros2_control_node-3] [INFO] [1791427096.844802203] [StateRL]: [ABS-POLICY-CMD] event=command_write clock=steady_clock_ns write_ns=8883199086814 write_id=194 source_session_id=8882229733386 source_policy_cycle_id=47 source_mode=0 action_source=1 transition_reason=0 recovery_episode_id=0 q_rad=[-0.331772,0.943293,-2.292120,-0.190537,1.003886,-1.203580,-0.137550,1.098708,-1.953425,0.211307,1.250290,-1.329341]
[ros2_control_node-3] [INFO] [1791427096.849795295] [StateRL]: [ABS-POLICY-CMD] event=command_write clock=steady_clock_ns write_ns=8883204081076 write_id=195 source_session_id=8882229733386 source_policy_cycle_id=47 source_mode=0 action_source=1 transition_reason=0 recovery_episode_id=0 q_rad=[-0.331772,0.943293,-2.292120,-0.190537,1.003886,-1.203580,-0.137550,1.098708,-1.953425,0.211307,1.250290,-1.329341]
[ros2_control_node-3] [INFO] [1791427096.857029843] [StateRL]: [ABS-POLICY-CMD] event=command_write clock=steady_clock_ns write_ns=8883211317052 write_id=196 source_session_id=8882229733386 source_policy_cycle_id=48 source_mode=0 action_source=1 transition_reason=0 recovery_episode_id=0 q_rad=[-0.326076,0.935542,-2.286549,-0.189208,1.008172,-1.206346,-0.131797,1.099076,-1.953022,0.213286,1.252928,-1.332702]
[ros2_control_node-3] [INFO] [1791427096.859814583] [StateRL]: [ABS-POLICY-CMD] event=command_write clock=steady_clock_ns write_ns=8883214100674 write_id=197 source_session_id=8882229733386 source_policy_cycle_id=48 source_mode=0 action_source=1 transition_reason=0 recovery_episode_id=0 q_rad=[-0.326076,0.935542,-2.286549,-0.189208,1.008172,-1.206346,-0.131797,1.099076,-1.953022,0.213286,1.252928,-1.332702]
[ros2_control_node-3] [INFO] [1791427096.864819626] [StateRL]: [ABS-POLICY-CMD] event=command_write clock=steady_clock_ns write_ns=8883219104217 write_id=198 source_session_id=8882229733386 source_policy_cycle_id=48 source_mode=0 action_source=1 transition_reason=0 recovery_episode_id=0 q_rad=[-0.326076,0.935542,-2.286549,-0.189208,1.008172,-1.206346,-0.131797,1.099076,-1.953022,0.213286,1.252928,-1.332702]
[ros2_control_node-3] [INFO] [1791427096.869791707] [StateRL]: [ABS-POLICY-CMD] event=command_write clock=steady_clock_ns write_ns=8883224079153 write_id=199 source_session_id=8882229733386 source_policy_cycle_id=48 source_mode=0 action_source=1 transition_reason=0 recovery_episode_id=0 q_rad=[-0.326076,0.935542,-2.286549,-0.189208,1.008172,-1.206346,-0.131797,1.099076,-1.953022,0.213286,1.252928,-1.332702]
[ros2_control_node-3] [INFO] [1791427096.875157916] [StateRL]: [ABS-LIVE-RAY-CHECK] clock=steady_clock_ns now_ns=8883229452514 checks=50 average_period_ms=0.000000
[ros2_control_node-3] [INFO] [1791427096.876703400] [StateRL]: [ABS-POLICY-CMD] event=command_write clock=steady_clock_ns write_ns=8883230983770 write_id=200 source_session_id=8882229733386 source_policy_cycle_id=49 source_mode=0 action_source=1 transition_reason=0 recovery_episode_id=0 q_rad=[-0.321338,0.933425,-2.286708,-0.188390,1.008822,-1.207953,-0.127486,1.100731,-1.953310,0.215197,1.253416,-1.334192]
[ros2_control_node-3] [INFO] [1791427096.876746222] [StateRL]: [ABS-LIVE-CMD] event=rl_command_write clock=steady_clock_ns timestamp_ns=8883231053155 sequence=200 controller_state=RL rl_active=1 finite=1 kp_zero=0 kd_zero=0 tau_zero=1 veto_reason= q=[-0.3213,0.9334,-2.2867,-0.1884,1.0088,-1.2080,-0.1275,1.1007,-1.9533,0.2152,1.2534,-1.3342] kp=[24.0000,24.0000,24.0000,24.0000,24.0000,24.0000,24.0000,24.0000,24.0000,24.0000,24.0000,24.0000] kd=[0.5200,0.5200,0.5200,0.5200,0.5200,0.5200,0.5200,0.5200,0.5200,0.5200,0.5200,0.5200] tau=[0.0000,0.0000,0.0000,0.0000,0.0000,0.0000,0.0000,0.0000,0.0000,0.0000,0.0000,0.0000]
[ros2_control_node-3] [INFO] [1791427096.879828397] [StateRL]: [ABS-POLICY-CMD] event=command_write clock=steady_clock_ns write_ns=8883234105872 write_id=201 source_session_id=8882229733386 source_policy_cycle_id=49 source_mode=0 action_source=1 transition_reason=0 recovery_episode_id=0 q_rad=[-0.321338,0.933425,-2.286708,-0.188390,1.008822,-1.207953,-0.127486,1.100731,-1.953310,0.215197,1.253416,-1.334192]
[ros2_control_node-3] [INFO] [1791427096.884784419] [StateRL]: [ABS-POLICY-CMD] event=command_write clock=steady_clock_ns write_ns=8883239071668 write_id=202 source_session_id=8882229733386 source_policy_cycle_id=49 source_mode=0 action_source=1 transition_reason=0 recovery_episode_id=0 q_rad=[-0.321338,0.933425,-2.286708,-0.188390,1.008822,-1.207953,-0.127486,1.100731,-1.953310,0.215197,1.253416,-1.334192]
[ros2_control_node-3] [INFO] [1791427096.889952708] [StateRL]: [ABS-POLICY-CMD] event=command_write clock=steady_clock_ns write_ns=8883244241359 write_id=203 source_session_id=8882229733386 source_policy_cycle_id=49 source_mode=0 action_source=1 transition_reason=0 recovery_episode_id=0 q_rad=[-0.321338,0.933425,-2.286708,-0.188390,1.008822,-1.207953,-0.127486,1.100731,-1.953310,0.215197,1.253416,-1.334192]
[ros2_control_node-3] [INFO] [1791427096.896511972] [StateRL]: [EVAL] step=50 t=1.000 robot=(0.021,0.013) yaw=0.060 goal=(9.000,0.000) dist=8.979 body=(4.985,-0.338) heading=-0.168 arrived=0 ra=-0.42225 entry=-0.05000 recovery=0 hold=0 twist=(0.000,0.000,0.000) min_ray_log=0.752 max_ray_log=2.585 min_ray_m=1.684 lin_vel=(0.462,-0.018,0.288) ang_vel=(1.426,-0.008,-0.494) action_range=(-3.153,1.814) contact=(-1,1,-1,1)
[ros2_control_node-3] [INFO] [1791427096.896848750] [StateRL]: [ABS-POLICY-CMD] event=command_write clock=steady_clock_ns write_ns=8883251131644 write_id=204 source_session_id=8882229733386 source_policy_cycle_id=50 source_mode=0 action_source=1 transition_reason=0 recovery_episode_id=0 q_rad=[-0.318596,0.933248,-2.288156,-0.188210,1.008493,-1.208414,-0.125115,1.101804,-1.953660,0.216553,1.253523,-1.335102]
[ros2_control_node-3] [INFO] [1791427096.899776837] [StateRL]: [ABS-POLICY-CMD] event=command_write clock=steady_clock_ns write_ns=8883254068244 write_id=205 source_session_id=8882229733386 source_policy_cycle_id=50 source_mode=0 action_source=1 transition_reason=0 recovery_episode_id=0 q_rad=[-0.318596,0.933248,-2.288156,-0.188210,1.008493,-1.208414,-0.125115,1.101804,-1.953660,0.216553,1.253523,-1.335102]
[ros2_control_node-3] [INFO] [1791427096.904960126] [StateRL]: [ABS-POLICY-CMD] event=command_write clock=steady_clock_ns write_ns=8883259223101 write_id=206 source_session_id=8882229733386 source_policy_cycle_id=50 source_mode=0 action_source=1 transition_reason=0 recovery_episode_id=0 q_rad=[-0.318596,0.933248,-2.288156,-0.188210,1.008493,-1.208414,-0.125115,1.101804,-1.953660,0.216553,1.253523,-1.335102]
[ros2_control_node-3] [INFO] [1791427096.909778199] [StateRL]: [ABS-POLICY-CMD] event=command_write clock=steady_clock_ns write_ns=8883264065715 write_id=207 source_session_id=8882229733386 source_policy_cycle_id=50 source_mode=0 action_source=1 transition_reason=0 recovery_episode_id=0 q_rad=[-0.318596,0.933248,-2.288156,-0.188210,1.008493,-1.208414,-0.125115,1.101804,-1.953660,0.216553,1.253523,-1.335102]
[ros2_control_node-3] [INFO] [1791427096.916593561] [StateRL]: [ABS-POLICY-CMD] event=command_write clock=steady_clock_ns write_ns=8883270882316 write_id=208 source_session_id=8882229733386 source_policy_cycle_id=51 source_mode=0 action_source=1 transition_reason=0 recovery_episode_id=0 q_rad=[-0.317416,0.933646,-2.289532,-0.188235,1.008112,-1.208339,-0.124115,1.102201,-1.954058,0.217321,1.253623,-1.335620]
[ros2_control_node-3] [INFO] [1791427096.919847172] [StateRL]: [ABS-POLICY-CMD] event=command_write clock=steady_clock_ns write_ns=8883274132469 write_id=209 source_session_id=8882229733386 source_policy_cycle_id=51 source_mode=0 action_source=1 transition_reason=0 recovery_episode_id=0 q_rad=[-0.317416,0.933646,-2.289532,-0.188235,1.008112,-1.208339,-0.124115,1.102201,-1.954058,0.217321,1.253623,-1.335620]
[ros2_control_node-3] [INFO] [1791427096.924845053] [StateRL]: [ABS-POLICY-CMD] event=command_write clock=steady_clock_ns write_ns=8883279128563 write_id=210 source_session_id=8882229733386 source_policy_cycle_id=51 source_mode=0 action_source=1 transition_reason=0 recovery_episode_id=0 q_rad=[-0.317416,0.933646,-2.289532,-0.188235,1.008112,-1.208339,-0.124115,1.102201,-1.954058,0.217321,1.253623,-1.335620]
[ros2_control_node-3] [INFO] [1791427096.929918778] [StateRL]: [ABS-POLICY-CMD] event=command_write clock=steady_clock_ns write_ns=8883284181854 write_id=211 source_session_id=8882229733386 source_policy_cycle_id=51 source_mode=0 action_source=1 transition_reason=0 recovery_episode_id=0 q_rad=[-0.317416,0.933646,-2.289532,-0.188235,1.008112,-1.208339,-0.124115,1.102201,-1.954058,0.217321,1.253623,-1.335620]
[ros2_control_node-3] [INFO] [1791427096.936736575] [StateRL]: [ABS-POLICY-CMD] event=command_write clock=steady_clock_ns write_ns=8883291020529 write_id=212 source_session_id=8882229733386 source_policy_cycle_id=52 source_mode=0 action_source=1 transition_reason=0 recovery_episode_id=0 q_rad=[-0.317186,0.934151,-2.290594,-0.188293,1.007914,-1.208096,-0.123912,1.102174,-1.954505,0.217658,1.253775,-1.335836]
[ros2_control_node-3] [INFO] [1791427096.939815747] [StateRL]: [ABS-POLICY-CMD] event=command_write clock=steady_clock_ns write_ns=8883294102154 write_id=213 source_session_id=8882229733386 source_policy_cycle_id=52 source_mode=0 action_source=1 transition_reason=0 recovery_episode_id=0 q_rad=[-0.317186,0.934151,-2.290594,-0.188293,1.007914,-1.208096,-0.123912,1.102174,-1.954505,0.217658,1.253775,-1.335836]
[ros2_control_node-3] [INFO] [1791427096.944808322] [StateRL]: [ABS-POLICY-CMD] event=command_write clock=steady_clock_ns write_ns=8883299090451 write_id=214 source_session_id=8882229733386 source_policy_cycle_id=52 source_mode=0 action_source=1 transition_reason=0 recovery_episode_id=0 q_rad=[-0.317186,0.934151,-2.290594,-0.188293,1.007914,-1.208096,-0.123912,1.102174,-1.954505,0.217658,1.253775,-1.335836]
[ros2_control_node-3] [INFO] [1791427096.949821325] [StateRL]: [ABS-POLICY-CMD] event=command_write clock=steady_clock_ns write_ns=8883304107279 write_id=215 source_session_id=8882229733386 source_policy_cycle_id=52 source_mode=0 action_source=1 transition_reason=0 recovery_episode_id=0 q_rad=[-0.317186,0.934151,-2.290594,-0.188293,1.007914,-1.208096,-0.123912,1.102174,-1.954505,0.217658,1.253775,-1.335836]
[ros2_control_node-3] [INFO] [1791427096.978794723] [StateRL]: [ABS-POLICY-CMD] event=command_write clock=steady_clock_ns write_ns=8883333077536 write_id=216 source_session_id=8882229733386 source_policy_cycle_id=53 source_mode=0 action_source=1 transition_reason=0 recovery_episode_id=0 q_rad=[-0.317468,0.934632,-2.291410,-0.188348,1.007898,-1.207837,-0.124127,1.101929,-1.954989,0.217733,1.253969,-1.335851]
[ros2_control_node-3] [INFO] [1791427096.981950051] [StateRL]: [ABS-POLICY-CMD] event=command_write clock=steady_clock_ns write_ns=8883336225339 write_id=217 source_session_id=8882229733386 source_policy_cycle_id=53 source_mode=0 action_source=1 transition_reason=0 recovery_episode_id=0 q_rad=[-0.317468,0.934632,-2.291410,-0.188348,1.007898,-1.207837,-0.124127,1.101929,-1.954989,0.217733,1.253969,-1.335851]
[ros2_control_node-3] [INFO] [1791427096.984173187] [StateRL]: [ABS-POLICY-CMD] event=command_write clock=steady_clock_ns write_ns=8883338464606 write_id=218 source_session_id=8882229733386 source_policy_cycle_id=53 source_mode=0 action_source=1 transition_reason=0 recovery_episode_id=0 q_rad=[-0.317468,0.934632,-2.291410,-0.188348,1.007898,-1.207837,-0.124127,1.101929,-1.954989,0.217733,1.253969,-1.335851]
[ros2_control_node-3] [INFO] [1791427096.986174868] [StateRL]: [ABS-POLICY-CMD] event=command_write clock=steady_clock_ns write_ns=8883340465587 write_id=219 source_session_id=8882229733386 source_policy_cycle_id=53 source_mode=0 action_source=1 transition_reason=0 recovery_episode_id=0 q_rad=[-0.317468,0.934632,-2.291410,-0.188348,1.007898,-1.207837,-0.124127,1.101929,-1.954989,0.217733,1.253969,-1.335851]
[ros2_control_node-3] [INFO] [1791427097.008592466] [StateRL]: [ABS-POLICY-CMD] event=command_write clock=steady_clock_ns write_ns=8883362875044 write_id=220 source_session_id=8882229733386 source_policy_cycle_id=54 source_mode=0 action_source=1 transition_reason=0 recovery_episode_id=0 q_rad=[-0.318003,0.935072,-2.292083,-0.188400,1.008008,-1.207608,-0.124547,1.101585,-1.955499,0.217665,1.254192,-1.335750]
[ros2_control_node-3] [INFO] [1791427097.010951096] [StateRL]: [ABS-POLICY-CMD] event=command_write clock=steady_clock_ns write_ns=8883365245131 write_id=221 source_session_id=8882229733386 source_policy_cycle_id=54 source_mode=0 action_source=1 transition_reason=0 recovery_episode_id=0 q_rad=[-0.318003,0.935072,-2.292083,-0.188400,1.008008,-1.207608,-0.124547,1.101585,-1.955499,0.217665,1.254192,-1.335750]
[ros2_control_node-3] [INFO] [1791427097.011472575] [StateRL]: [ABS-POLICY-CMD] event=command_write clock=steady_clock_ns write_ns=8883365769550 write_id=222 source_session_id=8882229733386 source_policy_cycle_id=54 source_mode=0 action_source=1 transition_reason=0 recovery_episode_id=0 q_rad=[-0.318003,0.935072,-2.292083,-0.188400,1.008008,-1.207608,-0.124547,1.101585,-1.955499,0.217665,1.254192,-1.335750]
[ros2_control_node-3] [INFO] [1791427097.013480690] [StateRL]: [ABS-POLICY-CMD] event=command_write clock=steady_clock_ns write_ns=8883367770456 write_id=223 source_session_id=8882229733386 source_policy_cycle_id=54 source_mode=0 action_source=1 transition_reason=0 recovery_episode_id=0 q_rad=[-0.318003,0.935072,-2.292083,-0.188400,1.008008,-1.207608,-0.124547,1.101585,-1.955499,0.217665,1.254192,-1.335750]
[ros2_control_node-3] [INFO] [1791427097.037942503] [StateRL]: [ABS-POLICY-CMD] event=command_write clock=steady_clock_ns write_ns=8883392226658 write_id=224 source_session_id=8882229733386 source_policy_cycle_id=55 source_mode=0 action_source=1 transition_reason=0 recovery_episode_id=0 q_rad=[-0.318656,0.935483,-2.292688,-0.188455,1.008191,-1.207411,-0.125063,1.101201,-1.956024,0.217526,1.254432,-1.335591]
[ros2_control_node-3] [INFO] [1791427097.039648016] [StateRL]: [ABS-POLICY-CMD] event=command_write clock=steady_clock_ns write_ns=8883393917269 write_id=225 source_session_id=8882229733386 source_policy_cycle_id=55 source_mode=0 action_source=1 transition_reason=0 recovery_episode_id=0 q_rad=[-0.318656,0.935483,-2.292688,-0.188455,1.008191,-1.207411,-0.125063,1.101201,-1.956024,0.217526,1.254432,-1.335591]
[ros2_control_node-3] [INFO] [1791427097.039739281] [StateRL]: [ABS-LIVE-CMD] event=rl_command_write clock=steady_clock_ns timestamp_ns=8883394045947 sequence=225 controller_state=RL rl_active=1 finite=1 kp_zero=0 kd_zero=0 tau_zero=1 veto_reason= q=[-0.3187,0.9355,-2.2927,-0.1885,1.0082,-1.2074,-0.1251,1.1012,-1.9560,0.2175,1.2544,-1.3356] kp=[27.0000,27.0000,27.0000,27.0000,27.0000,27.0000,27.0000,27.0000,27.0000,27.0000,27.0000,27.0000] kd=[0.5850,0.5850,0.5850,0.5850,0.5850,0.5850,0.5850,0.5850,0.5850,0.5850,0.5850,0.5850] tau=[0.0000,0.0000,0.0000,0.0000,0.0000,0.0000,0.0000,0.0000,0.0000,0.0000,0.0000,0.0000]
[ros2_control_node-3] [INFO] [1791427097.042313613] [StateRL]: [ABS-POLICY-CMD] event=command_write clock=steady_clock_ns write_ns=8883396604279 write_id=226 source_session_id=8882229733386 source_policy_cycle_id=55 source_mode=0 action_source=1 transition_reason=0 recovery_episode_id=0 q_rad=[-0.318656,0.935483,-2.292688,-0.188455,1.008191,-1.207411,-0.125063,1.101201,-1.956024,0.217526,1.254432,-1.335591]
[ros2_control_node-3] [INFO] [1791427097.042868158] [StateRL]: [ABS-POLICY-CMD] event=command_write clock=steady_clock_ns write_ns=8883397164464 write_id=227 source_session_id=8882229733386 source_policy_cycle_id=55 source_mode=0 action_source=1 transition_reason=0 recovery_episode_id=0 q_rad=[-0.318656,0.935483,-2.292688,-0.188455,1.008191,-1.207411,-0.125063,1.101201,-1.956024,0.217526,1.254432,-1.335591]
[ros2_control_node-3] [INFO] [1791427097.045161451] [StateRL]: [ABS-POLICY-CMD] event=command_write clock=steady_clock_ns write_ns=8883399446844 write_id=228 source_session_id=8882229733386 source_policy_cycle_id=56 source_mode=0 action_source=1 transition_reason=0 recovery_episode_id=0 q_rad=[-0.319360,0.935880,-2.293265,-0.188514,1.008412,-1.207237,-0.125622,1.100803,-1.956559,0.217356,1.254681,-1.335404]
[ros2_control_node-3] [INFO] [1791427097.045748091] [StateRL]: [ABS-POLICY-CMD] event=command_write clock=steady_clock_ns write_ns=8883400046145 write_id=229 source_session_id=8882229733386 source_policy_cycle_id=56 source_mode=0 action_source=1 transition_reason=0 recovery_episode_id=0 q_rad=[-0.319360,0.935880,-2.293265,-0.188514,1.008412,-1.207237,-0.125622,1.100803,-1.956559,0.217356,1.254681,-1.335404]
[ros2_control_node-3] [INFO] [1791427097.046245532] [StateRL]: [ABS-POLICY-CMD] event=command_write clock=steady_clock_ns write_ns=8883400544617 write_id=230 source_session_id=8882229733386 source_policy_cycle_id=56 source_mode=0 action_source=1 transition_reason=0 recovery_episode_id=0 q_rad=[-0.319360,0.935880,-2.293265,-0.188514,1.008412,-1.207237,-0.125622,1.100803,-1.956559,0.217356,1.254681,-1.335404]
[ros2_control_node-3] [INFO] [1791427097.046766618] [StateRL]: [ABS-POLICY-CMD] event=command_write clock=steady_clock_ns write_ns=8883401064862 write_id=231 source_session_id=8882229733386 source_policy_cycle_id=56 source_mode=0 action_source=1 transition_reason=0 recovery_episode_id=0 q_rad=[-0.319360,0.935880,-2.293265,-0.188514,1.008412,-1.207237,-0.125622,1.100803,-1.956559,0.217356,1.254681,-1.335404]
[ros2_control_node-3] [INFO] [1791427097.049284048] [StateRL]: [ABS-POLICY-CMD] event=command_write clock=steady_clock_ns write_ns=8883403569351 write_id=232 source_session_id=8882229733386 source_policy_cycle_id=57 source_mode=0 action_source=1 transition_reason=0 recovery_episode_id=0 q_rad=[-0.320085,0.936270,-2.293834,-0.188578,1.008652,-1.207075,-0.126200,1.100398,-1.957098,0.217171,1.254936,-1.335207]
[ros2_control_node-3] [INFO] [1791427097.049936048] [StateRL]: [ABS-POLICY-CMD] event=command_write clock=steady_clock_ns write_ns=8883404230778 write_id=233 source_session_id=8882229733386 source_policy_cycle_id=57 source_mode=0 action_source=1 transition_reason=0 recovery_episode_id=0 q_rad=[-0.320085,0.936270,-2.293834,-0.188578,1.008652,-1.207075,-0.126200,1.100398,-1.957098,0.217171,1.254936,-1.335207]
[ros2_control_node-3] [INFO] [1791427097.050509976] [StateRL]: [ABS-POLICY-CMD] event=command_write clock=steady_clock_ns write_ns=8883404806269 write_id=234 source_session_id=8882229733386 source_policy_cycle_id=57 source_mode=0 action_source=1 transition_reason=0 recovery_episode_id=0 q_rad=[-0.320085,0.936270,-2.293834,-0.188578,1.008652,-1.207075,-0.126200,1.100398,-1.957098,0.217171,1.254936,-1.335207]
[ros2_control_node-3] [INFO] [1791427097.051076190] [StateRL]: [ABS-POLICY-CMD] event=command_write clock=steady_clock_ns write_ns=8883405373747 write_id=235 source_session_id=8882229733386 source_policy_cycle_id=57 source_mode=0 action_source=1 transition_reason=0 recovery_episode_id=0 q_rad=[-0.320085,0.936270,-2.293834,-0.188578,1.008652,-1.207075,-0.126200,1.100398,-1.957098,0.217171,1.254936,-1.335207]
[ros2_control_node-3] [INFO] [1791427097.056822021] [StateRL]: [ABS-POLICY-CMD] event=command_write clock=steady_clock_ns write_ns=8883411088389 write_id=236 source_session_id=8882229733386 source_policy_cycle_id=58 source_mode=0 action_source=1 transition_reason=0 recovery_episode_id=0 q_rad=[-0.320819,0.936658,-2.294401,-0.188646,1.008901,-1.206920,-0.126789,1.099989,-1.957639,0.216981,1.255192,-1.335006]
[ros2_control_node-3] [INFO] [1791427097.059766478] [StateRL]: [ABS-POLICY-CMD] event=command_write clock=steady_clock_ns write_ns=8883414050853 write_id=237 source_session_id=8882229733386 source_policy_cycle_id=58 source_mode=0 action_source=1 transition_reason=0 recovery_episode_id=0 q_rad=[-0.320819,0.936658,-2.294401,-0.188646,1.008901,-1.206920,-0.126789,1.099989,-1.957639,0.216981,1.255192,-1.335006]
[ros2_control_node-3] [INFO] [1791427097.064778492] [StateRL]: [ABS-POLICY-CMD] event=command_write clock=steady_clock_ns write_ns=8883419062562 write_id=238 source_session_id=8882229733386 source_policy_cycle_id=58 source_mode=0 action_source=1 transition_reason=0 recovery_episode_id=0 q_rad=[-0.320819,0.936658,-2.294401,-0.188646,1.008901,-1.206920,-0.126789,1.099989,-1.957639,0.216981,1.255192,-1.335006]
[ros2_control_node-3] [INFO] [1791427097.069811822] [StateRL]: [ABS-POLICY-CMD] event=command_write clock=steady_clock_ns write_ns=8883424104712 write_id=239 source_session_id=8882229733386 source_policy_cycle_id=58 source_mode=0 action_source=1 transition_reason=0 recovery_episode_id=0 q_rad=[-0.320819,0.936658,-2.294401,-0.188646,1.008901,-1.206920,-0.126789,1.099989,-1.957639,0.216981,1.255192,-1.335006]
[ros2_control_node-3] [INFO] [1791427097.076641575] [StateRL]: [ABS-POLICY-CMD] event=command_write clock=steady_clock_ns write_ns=8883430928941 write_id=240 source_session_id=8882229733386 source_policy_cycle_id=59 source_mode=0 action_source=1 transition_reason=0 recovery_episode_id=0 q_rad=[-0.321557,0.937045,-2.294970,-0.188715,1.009153,-1.206768,-0.127383,1.099577,-1.958181,0.216789,1.255450,-1.334804]
[ros2_control_node-3] [INFO] [1791427097.079743534] [StateRL]: [ABS-POLICY-CMD] event=command_write clock=steady_clock_ns write_ns=8883434032602 write_id=241 source_session_id=8882229733386 source_policy_cycle_id=59 source_mode=0 action_source=1 transition_reason=0 recovery_episode_id=0 q_rad=[-0.321557,0.937045,-2.294970,-0.188715,1.009153,-1.206768,-0.127383,1.099577,-1.958181,0.216789,1.255450,-1.334804]
[ros2_control_node-3] [INFO] [1791427097.084724540] [StateRL]: [ABS-POLICY-CMD] event=command_write clock=steady_clock_ns write_ns=8883439014269 write_id=242 source_session_id=8882229733386 source_policy_cycle_id=59 source_mode=0 action_source=1 transition_reason=0 recovery_episode_id=0 q_rad=[-0.321557,0.937045,-2.294970,-0.188715,1.009153,-1.206768,-0.127383,1.099577,-1.958181,0.216789,1.255450,-1.334804]
[ros2_control_node-3] [INFO] [1791427097.089799928] [StateRL]: [ABS-POLICY-CMD] event=command_write clock=steady_clock_ns write_ns=8883444071039 write_id=243 source_session_id=8882229733386 source_policy_cycle_id=59 source_mode=0 action_source=1 transition_reason=0 recovery_episode_id=0 q_rad=[-0.321557,0.937045,-2.294970,-0.188715,1.009153,-1.206768,-0.127383,1.099577,-1.958181,0.216789,1.255450,-1.334804]
[ros2_control_node-3] [INFO] [1791427097.096015777] [StateRL]: [ABS-POLICY-CMD] event=command_write clock=steady_clock_ns write_ns=8883450297279 write_id=244 source_session_id=8882229733386 source_policy_cycle_id=60 source_mode=0 action_source=1 transition_reason=0 recovery_episode_id=0 q_rad=[-0.322298,0.937432,-2.295540,-0.188786,1.009408,-1.206617,-0.127981,1.099161,-1.958722,0.216595,1.255709,-1.334604]
[ros2_control_node-3] [INFO] [1791427097.099776302] [StateRL]: [ABS-POLICY-CMD] event=command_write clock=steady_clock_ns write_ns=8883454065751 write_id=245 source_session_id=8882229733386 source_policy_cycle_id=60 source_mode=0 action_source=1 transition_reason=0 recovery_episode_id=0 q_rad=[-0.322298,0.937432,-2.295540,-0.188786,1.009408,-1.206617,-0.127981,1.099161,-1.958722,0.216595,1.255709,-1.334604]
[ros2_control_node-3] [INFO] [1791427097.104865673] [StateRL]: [ABS-POLICY-CMD] event=command_write clock=steady_clock_ns write_ns=8883459146195 write_id=246 source_session_id=8882229733386 source_policy_cycle_id=60 source_mode=0 action_source=1 transition_reason=0 recovery_episode_id=0 q_rad=[-0.322298,0.937432,-2.295540,-0.188786,1.009408,-1.206617,-0.127981,1.099161,-1.958722,0.216595,1.255709,-1.334604]
[ros2_control_node-3] [INFO] [1791427097.109762925] [StateRL]: [ABS-POLICY-CMD] event=command_write clock=steady_clock_ns write_ns=8883464052756 write_id=247 source_session_id=8882229733386 source_policy_cycle_id=60 source_mode=0 action_source=1 transition_reason=0 recovery_episode_id=0 q_rad=[-0.322298,0.937432,-2.295540,-0.188786,1.009408,-1.206617,-0.127981,1.099161,-1.958722,0.216595,1.255709,-1.334604]
[ros2_control_node-3] [INFO] [1791427097.115789170] [StateRL]: [ABS-POLICY-CMD] event=command_write clock=steady_clock_ns write_ns=8883470071707 write_id=248 source_session_id=8882229733386 source_policy_cycle_id=61 source_mode=0 action_source=1 transition_reason=0 recovery_episode_id=0 q_rad=[-0.323041,0.937819,-2.296110,-0.188856,1.009663,-1.206465,-0.128583,1.098740,-1.959262,0.216401,1.255969,-1.334405]
[ros2_control_node-3] [INFO] [1791427097.119869619] [StateRL]: [ABS-POLICY-CMD] event=command_write clock=steady_clock_ns write_ns=8883474146147 write_id=249 source_session_id=8882229733386 source_policy_cycle_id=61 source_mode=0 action_source=1 transition_reason=0 recovery_episode_id=0 q_rad=[-0.323041,0.937819,-2.296110,-0.188856,1.009663,-1.206465,-0.128583,1.098740,-1.959262,0.216401,1.255969,-1.334405]
[ros2_control_node-3] [INFO] [1791427097.124871551] [StateRL]: [ABS-POLICY-CMD] event=command_write clock=steady_clock_ns write_ns=8883479150800 write_id=250 source_session_id=8882229733386 source_policy_cycle_id=61 source_mode=0 action_source=1 transition_reason=0 recovery_episode_id=0 q_rad=[-0.323041,0.937819,-2.296110,-0.188856,1.009663,-1.206465,-0.128583,1.098740,-1.959262,0.216401,1.255969,-1.334405]
[ros2_control_node-3] [INFO] [1791427097.124931558] [StateRL]: [ABS-LIVE-CMD] event=rl_command_write clock=steady_clock_ns timestamp_ns=8883479238482 sequence=250 controller_state=RL rl_active=1 finite=1 kp_zero=0 kd_zero=0 tau_zero=1 veto_reason= q=[-0.3230,0.9378,-2.2961,-0.1889,1.0097,-1.2065,-0.1286,1.0987,-1.9593,0.2164,1.2560,-1.3344] kp=[30.0000,30.0000,30.0000,30.0000,30.0000,30.0000,30.0000,30.0000,30.0000,30.0000,30.0000,30.0000] kd=[0.6500,0.6500,0.6500,0.6500,0.6500,0.6500,0.6500,0.6500,0.6500,0.6500,0.6500,0.6500] tau=[0.0000,0.0000,0.0000,0.0000,0.0000,0.0000,0.0000,0.0000,0.0000,0.0000,0.0000,0.0000]
[ros2_control_node-3] [INFO] [1791427097.130053030] [StateRL]: [ABS-POLICY-CMD] event=command_write clock=steady_clock_ns write_ns=8883484314700 write_id=251 source_session_id=8882229733386 source_policy_cycle_id=61 source_mode=0 action_source=1 transition_reason=0 recovery_episode_id=0 q_rad=[-0.323041,0.937819,-2.296110,-0.188856,1.009663,-1.206465,-0.128583,1.098740,-1.959262,0.216401,1.255969,-1.334405]
[ros2_control_node-3] [INFO] [1791427097.136588026] [StateRL]: [ABS-POLICY-CMD] event=command_write clock=steady_clock_ns write_ns=8883490873263 write_id=252 source_session_id=8882229733386 source_policy_cycle_id=62 source_mode=0 action_source=1 transition_reason=0 recovery_episode_id=0 q_rad=[-0.323786,0.938205,-2.296680,-0.188928,1.009920,-1.206313,-0.129189,1.098314,-1.959801,0.216207,1.256229,-1.334208]
[ros2_control_node-3] [INFO] [1791427097.139995134] [StateRL]: [ABS-POLICY-CMD] event=command_write clock=steady_clock_ns write_ns=8883494259828 write_id=253 source_session_id=8882229733386 source_policy_cycle_id=62 source_mode=0 action_source=1 transition_reason=0 recovery_episode_id=0 q_rad=[-0.323786,0.938205,-2.296680,-0.188928,1.009920,-1.206313,-0.129189,1.098314,-1.959801,0.216207,1.256229,-1.334208]
[ros2_control_node-3] [INFO] [1791427097.145147573] [StateRL]: [ABS-POLICY-CMD] event=command_write clock=steady_clock_ns write_ns=8883499422843 write_id=254 source_session_id=8882229733386 source_policy_cycle_id=62 source_mode=0 action_source=1 transition_reason=0 recovery_episode_id=0 q_rad=[-0.323786,0.938205,-2.296680,-0.188928,1.009920,-1.206313,-0.129189,1.098314,-1.959801,0.216207,1.256229,-1.334208]
[ros2_control_node-3] [INFO] [1791427097.150281359] [StateRL]: [ABS-POLICY-CMD] event=command_write clock=steady_clock_ns write_ns=8883504508350 write_id=255 source_session_id=8882229733386 source_policy_cycle_id=62 source_mode=0 action_source=1 transition_reason=0 recovery_episode_id=0 q_rad=[-0.323786,0.938205,-2.296680,-0.188928,1.009920,-1.206313,-0.129189,1.098314,-1.959801,0.216207,1.256229,-1.334208]
[ros2_control_node-3] [INFO] [1791427097.157993111] [StateRL]: [ABS-POLICY-CMD] event=command_write clock=steady_clock_ns write_ns=8883512207902 write_id=256 source_session_id=8882229733386 source_policy_cycle_id=63 source_mode=0 action_source=1 transition_reason=0 recovery_episode_id=0 q_rad=[-0.324532,0.938590,-2.297251,-0.188998,1.010177,-1.206161,-0.129798,1.097885,-1.960340,0.216011,1.256490,-1.334011]
[ros2_control_node-3] [INFO] [1791427097.160038145] [StateRL]: [ABS-POLICY-CMD] event=command_write clock=steady_clock_ns write_ns=8883514308825 write_id=257 source_session_id=8882229733386 source_policy_cycle_id=63 source_mode=0 action_source=1 transition_reason=0 recovery_episode_id=0 q_rad=[-0.324532,0.938590,-2.297251,-0.188998,1.010177,-1.206161,-0.129798,1.097885,-1.960340,0.216011,1.256490,-1.334011]
[ros2_control_node-3] [INFO] [1791427097.165450910] [StateRL]: [ABS-POLICY-CMD] event=command_write clock=steady_clock_ns write_ns=8883519689215 write_id=258 source_session_id=8882229733386 source_policy_cycle_id=63 source_mode=0 action_source=1 transition_reason=0 recovery_episode_id=0 q_rad=[-0.324532,0.938590,-2.297251,-0.188998,1.010177,-1.206161,-0.129798,1.097885,-1.960340,0.216011,1.256490,-1.334011]
[ros2_control_node-3] [INFO] [1791427097.170323098] [StateRL]: [ABS-POLICY-CMD] event=command_write clock=steady_clock_ns write_ns=8883524557745 write_id=259 source_session_id=8882229733386 source_policy_cycle_id=63 source_mode=0 action_source=1 transition_reason=0 recovery_episode_id=0 q_rad=[-0.324532,0.938590,-2.297251,-0.188998,1.010177,-1.206161,-0.129798,1.097885,-1.960340,0.216011,1.256490,-1.334011]
[ros2_control_node-3] [INFO] [1791427097.178151911] [StateRL]: [ABS-POLICY-CMD] event=command_write clock=steady_clock_ns write_ns=8883532404973 write_id=260 source_session_id=8882229733386 source_policy_cycle_id=64 source_mode=0 action_source=1 transition_reason=0 recovery_episode_id=0 q_rad=[-0.325279,0.938977,-2.297822,-0.189068,1.010434,-1.206009,-0.130409,1.097454,-1.960879,0.215814,1.256752,-1.333816]
[ros2_control_node-3] [INFO] [1791427097.180221430] [StateRL]: [ABS-POLICY-CMD] event=command_write clock=steady_clock_ns write_ns=8883534483584 write_id=261 source_session_id=8882229733386 source_policy_cycle_id=64 source_mode=0 action_source=1 transition_reason=0 recovery_episode_id=0 q_rad=[-0.325279,0.938977,-2.297822,-0.189068,1.010434,-1.206009,-0.130409,1.097454,-1.960879,0.215814,1.256752,-1.333816]
[ros2_control_node-3] [INFO] [1791427097.185464298] [StateRL]: [ABS-POLICY-CMD] event=command_write clock=steady_clock_ns write_ns=8883539699185 write_id=262 source_session_id=8882229733386 source_policy_cycle_id=64 source_mode=0 action_source=1 transition_reason=0 recovery_episode_id=0 q_rad=[-0.325279,0.938977,-2.297822,-0.189068,1.010434,-1.206009,-0.130409,1.097454,-1.960879,0.215814,1.256752,-1.333816]
[ros2_control_node-3] [INFO] [1791427097.190105603] [StateRL]: [ABS-POLICY-CMD] event=command_write clock=steady_clock_ns write_ns=8883544364627 write_id=263 source_session_id=8882229733386 source_policy_cycle_id=64 source_mode=0 action_source=1 transition_reason=0 recovery_episode_id=0 q_rad=[-0.325279,0.938977,-2.297822,-0.189068,1.010434,-1.206009,-0.130409,1.097454,-1.960879,0.215814,1.256752,-1.333816]
[ros2_control_node-3] [INFO] [1791427097.199613073] [StateRL]: [ABS-POLICY-CMD] event=command_write clock=steady_clock_ns write_ns=8883553835651 write_id=264 source_session_id=8882229733386 source_policy_cycle_id=65 source_mode=0 action_source=1 transition_reason=0 recovery_episode_id=0 q_rad=[-0.326026,0.939365,-2.298393,-0.189136,1.010690,-1.205856,-0.131021,1.097021,-1.961419,0.215616,1.257014,-1.333621]
[ros2_control_node-3] [INFO] [1791427097.202023127] [StateRL]: [ABS-POLICY-CMD] event=command_write clock=steady_clock_ns write_ns=8883556299231 write_id=265 source_session_id=8882229733386 source_policy_cycle_id=65 source_mode=0 action_source=1 transition_reason=0 recovery_episode_id=0 q_rad=[-0.326026,0.939365,-2.298393,-0.189136,1.010690,-1.205856,-0.131021,1.097021,-1.961419,0.215616,1.257014,-1.333621]
[ros2_control_node-3] [INFO] [1791427097.205072426] [StateRL]: [ABS-POLICY-CMD] event=command_write clock=steady_clock_ns write_ns=8883559349863 write_id=266 source_session_id=8882229733386 source_policy_cycle_id=65 source_mode=0 action_source=1 transition_reason=0 recovery_episode_id=0 q_rad=[-0.326026,0.939365,-2.298393,-0.189136,1.010690,-1.205856,-0.131021,1.097021,-1.961419,0.215616,1.257014,-1.333621]
[ros2_control_node-3] [INFO] [1791427097.210187060] [StateRL]: [ABS-POLICY-CMD] event=command_write clock=steady_clock_ns write_ns=8883564435888 write_id=267 source_session_id=8882229733386 source_policy_cycle_id=65 source_mode=0 action_source=1 transition_reason=0 recovery_episode_id=0 q_rad=[-0.326026,0.939365,-2.298393,-0.189136,1.010690,-1.205856,-0.131021,1.097021,-1.961419,0.215616,1.257014,-1.333621]
[ros2_control_node-3] [INFO] [1791427097.216407468] [StateRL]: [ABS-POLICY-CMD] event=command_write clock=steady_clock_ns write_ns=8883570685224 write_id=268 source_session_id=8882229733386 source_policy_cycle_id=66 source_mode=0 action_source=1 transition_reason=0 recovery_episode_id=0 q_rad=[-0.326774,0.939754,-2.298965,-0.189204,1.010947,-1.205704,-0.131635,1.096587,-1.961959,0.215417,1.257278,-1.333427]
[ros2_control_node-3] [INFO] [1791427097.219775747] [StateRL]: [ABS-POLICY-CMD] event=command_write clock=steady_clock_ns write_ns=8883574064044 write_id=269 source_session_id=8882229733386 source_policy_cycle_id=66 source_mode=0 action_source=1 transition_reason=0 recovery_episode_id=0 q_rad=[-0.326774,0.939754,-2.298965,-0.189204,1.010947,-1.205704,-0.131635,1.096587,-1.961959,0.215417,1.257278,-1.333427]
[ros2_control_node-3] [INFO] [1791427097.224767699] [StateRL]: [ABS-POLICY-CMD] event=command_write clock=steady_clock_ns write_ns=8883579059488 write_id=270 source_session_id=8882229733386 source_policy_cycle_id=66 source_mode=0 action_source=1 transition_reason=0 recovery_episode_id=0 q_rad=[-0.326774,0.939754,-2.298965,-0.189204,1.010947,-1.205704,-0.131635,1.096587,-1.961959,0.215417,1.257278,-1.333427]
[ros2_control_node-3] [INFO] [1791427097.229783451] [StateRL]: [ABS-POLICY-CMD] event=command_write clock=steady_clock_ns write_ns=8883584071277 write_id=271 source_session_id=8882229733386 source_policy_cycle_id=66 source_mode=0 action_source=1 transition_reason=0 recovery_episode_id=0 q_rad=[-0.326774,0.939754,-2.298965,-0.189204,1.010947,-1.205704,-0.131635,1.096587,-1.961959,0.215417,1.257278,-1.333427]
[ros2_control_node-3] [INFO] [1791427097.236060419] [StateRL]: [ABS-POLICY-CMD] event=command_write clock=steady_clock_ns write_ns=8883590342345 write_id=272 source_session_id=8882229733386 source_policy_cycle_id=67 source_mode=0 action_source=1 transition_reason=0 recovery_episode_id=0 q_rad=[-0.327521,0.940143,-2.299536,-0.189270,1.011202,-1.205552,-0.132250,1.096151,-1.962500,0.215216,1.257542,-1.333233]
[ros2_control_node-3] [INFO] [1791427097.240259520] [StateRL]: [ABS-POLICY-CMD] event=command_write clock=steady_clock_ns write_ns=8883594515672 write_id=273 source_session_id=8882229733386 source_policy_cycle_id=67 source_mode=0 action_source=1 transition_reason=0 recovery_episode_id=0 q_rad=[-0.327521,0.940143,-2.299536,-0.189270,1.011202,-1.205552,-0.132250,1.096151,-1.962500,0.215216,1.257542,-1.333233]
[ros2_control_node-3] [INFO] [1791427097.245169052] [StateRL]: [ABS-POLICY-CMD] event=command_write clock=steady_clock_ns write_ns=8883599430022 write_id=274 source_session_id=8882229733386 source_policy_cycle_id=67 source_mode=0 action_source=1 transition_reason=0 recovery_episode_id=0 q_rad=[-0.327521,0.940143,-2.299536,-0.189270,1.011202,-1.205552,-0.132250,1.096151,-1.962500,0.215216,1.257542,-1.333233]
[ros2_control_node-3] [INFO] [1791427097.250678409] [StateRL]: [ABS-POLICY-CMD] event=command_write clock=steady_clock_ns write_ns=8883604909458 write_id=275 source_session_id=8882229733386 source_policy_cycle_id=67 source_mode=0 action_source=1 transition_reason=0 recovery_episode_id=0 q_rad=[-0.327521,0.940143,-2.299536,-0.189270,1.011202,-1.205552,-0.132250,1.096151,-1.962500,0.215216,1.257542,-1.333233]
[ros2_control_node-3] [INFO] [1791427097.251003842] [StateRL]: [ABS-LIVE-CMD] event=rl_command_write clock=steady_clock_ns timestamp_ns=8883605309457 sequence=275 controller_state=RL rl_active=1 finite=1 kp_zero=0 kd_zero=0 tau_zero=1 veto_reason= q=[-0.3275,0.9401,-2.2995,-0.1893,1.0112,-1.2056,-0.1323,1.0962,-1.9625,0.2152,1.2575,-1.3332] kp=[30.0000,30.0000,30.0000,30.0000,30.0000,30.0000,30.0000,30.0000,30.0000,30.0000,30.0000,30.0000] kd=[0.6500,0.6500,0.6500,0.6500,0.6500,0.6500,0.6500,0.6500,0.6500,0.6500,0.6500,0.6500] tau=[0.0000,0.0000,0.0000,0.0000,0.0000,0.0000,0.0000,0.0000,0.0000,0.0000,0.0000,0.0000]
[ros2_control_node-3] [INFO] [1791427097.258691843] [StateRL]: [ABS-POLICY-CMD] event=command_write clock=steady_clock_ns write_ns=8883612942136 write_id=276 source_session_id=8882229733386 source_policy_cycle_id=68 source_mode=0 action_source=1 transition_reason=0 recovery_episode_id=0 q_rad=[-0.328268,0.940534,-2.300108,-0.189335,1.011458,-1.205399,-0.132867,1.095713,-1.963041,0.215014,1.257807,-1.333041]
[ros2_control_node-3] [INFO] [1791427097.260674327] [StateRL]: [ABS-POLICY-CMD] event=command_write clock=steady_clock_ns write_ns=8883614946833 write_id=277 source_session_id=8882229733386 source_policy_cycle_id=68 source_mode=0 action_source=1 transition_reason=0 recovery_episode_id=0 q_rad=[-0.328268,0.940534,-2.300108,-0.189335,1.011458,-1.205399,-0.132867,1.095713,-1.963041,0.215014,1.257807,-1.333041]
[ros2_control_node-3] [INFO] [1791427097.265147181] [StateRL]: [ABS-POLICY-CMD] event=command_write clock=steady_clock_ns write_ns=8883619413113 write_id=278 source_session_id=8882229733386 source_policy_cycle_id=68 source_mode=0 action_source=1 transition_reason=0 recovery_episode_id=0 q_rad=[-0.328268,0.940534,-2.300108,-0.189335,1.011458,-1.205399,-0.132867,1.095713,-1.963041,0.215014,1.257807,-1.333041]
[ros2_control_node-3] [FATAL] [1791427097.269653894] [rl_quadruped_controller]: [EMERGENCY] DDS timeout detected (100 steps frozen)! Forcing PASSIVE!
[ros2_control_node-3] [INFO] [1791427097.269759411] [StateRL]: [VERIFY-EXIT] RL steps executed: 69
[rviz2-1] [INFO] [1791427547.131415375] [rclcpp]: signal_handler(SIGINT/SIGTERM)
[INFO] [rviz2-1]: process has finished cleanly [pid 138825]
[ros2_control_node-3] [INFO] [1791434673.313821548] [controller_manager]: Received robot description file.
[ros2_control_node-3] [WARN] [1791434673.313860840] [controller_manager]: ResourceManager has already loaded an urdf file. Ignoring attempt to reload a robot description file.
[ros2_control_node-3] robot_legs_.size(): 4
[ros2_control_node-3] [INFO] [1791434674.250387418] [controller_manager]: Configuring controller 'joint_state_broadcaster'
[ros2_control_node-3] [ERROR] [1791434674.250542676] [controller_manager]: Controller 'joint_state_broadcaster' can not be configured from 'active' state.
[ros2_control_node-3] [INFO] [1791434683.690088084] [rl_quadruped_controller]: Switched from passive to fixed down
[ros2_control_node-3] [INFO] [1791434686.329809137] [rl_quadruped_controller]: Switched from fixed down to fixed stand
[ros2_control_node-3] [INFO] [1791434686.429852780] [BaseFixedStand]: [STAND-SYMM] phase=0.079 q_thigh FR=1.242 FL=1.242 RR=1.276 RL=1.276 diff_FLFR=0.000 diff_RLRR=0.000 q_calf FR=-2.725 FL=-2.725 RR=-2.730 RL=-2.730 diff_FLFR=0.000 diff_RLRR=-0.000
[ros2_control_node-3] [INFO] [1791434686.930206378] [BaseFixedStand]: [STAND-SYMM] phase=0.459 q_thigh FR=1.046 FL=1.046 RR=1.071 RL=1.071 diff_FLFR=-0.000 diff_RLRR=0.000 q_calf FR=-2.288 FL=-2.288 RR=-2.317 RL=-2.317 diff_FLFR=0.000 diff_RLRR=0.000
[ros2_control_node-3] [INFO] [1791434687.429808034] [BaseFixedStand]: [STAND-SYMM] phase=0.722 q_thigh FR=0.924 FL=0.924 RR=0.938 RL=0.938 diff_FLFR=-0.000 diff_RLRR=0.000 q_calf FR=-1.944 FL=-1.944 RR=-1.960 RL=-1.960 diff_FLFR=0.000 diff_RLRR=-0.000
[ros2_control_node-3] [INFO] [1791434687.929965882] [BaseFixedStand]: [STAND-SYMM] phase=0.869 q_thigh FR=0.857 FL=0.857 RR=0.865 RL=0.865 diff_FLFR=-0.000 diff_RLRR=0.000 q_calf FR=-1.749 FL=-1.749 RR=-1.754 RL=-1.754 diff_FLFR=0.000 diff_RLRR=-0.000
[ros2_control_node-3] [INFO] [1791434688.429921775] [BaseFixedStand]: [STAND-SYMM] phase=0.941 q_thigh FR=0.824 FL=0.824 RR=0.829 RL=0.829 diff_FLFR=-0.000 diff_RLRR=0.000 q_calf FR=-1.652 FL=-1.652 RR=-1.652 RL=-1.652 diff_FLFR=0.000 diff_RLRR=-0.000
[ros2_control_node-3] [INFO] [1791434688.929878383] [BaseFixedStand]: [STAND-SYMM] phase=0.974 q_thigh FR=0.809 FL=0.809 RR=0.813 RL=0.813 diff_FLFR=-0.000 diff_RLRR=0.000 q_calf FR=-1.608 FL=-1.608 RR=-1.605 RL=-1.605 diff_FLFR=0.000 diff_RLRR=-0.000
[ros2_control_node-3] [INFO] [1791434689.430203992] [BaseFixedStand]: [STAND-SYMM] phase=0.989 q_thigh FR=0.803 FL=0.803 RR=0.805 RL=0.805 diff_FLFR=-0.000 diff_RLRR=0.000 q_calf FR=-1.588 FL=-1.588 RR=-1.584 RL=-1.584 diff_FLFR=0.000 diff_RLRR=-0.000
[ros2_control_node-3] [INFO] [1791434689.930185735] [BaseFixedStand]: [STAND-SYMM] phase=0.995 q_thigh FR=0.800 FL=0.800 RR=0.802 RL=0.802 diff_FLFR=-0.000 diff_RLRR=0.000 q_calf FR=-1.578 FL=-1.578 RR=-1.574 RL=-1.574 diff_FLFR=0.000 diff_RLRR=-0.000
[ros2_control_node-3] [INFO] [1791434690.429959601] [BaseFixedStand]: [STAND-SYMM] phase=0.998 q_thigh FR=0.798 FL=0.798 RR=0.800 RL=0.800 diff_FLFR=-0.000 diff_RLRR=0.000 q_calf FR=-1.573 FL=-1.573 RR=-1.569 RL=-1.569 diff_FLFR=0.000 diff_RLRR=-0.000
[ros2_control_node-3] [INFO] [1791434690.929739781] [BaseFixedStand]: [STAND-SYMM] phase=0.999 q_thigh FR=0.797 FL=0.797 RR=0.799 RL=0.799 diff_FLFR=-0.000 diff_RLRR=0.000 q_calf FR=-1.571 FL=-1.571 RR=-1.566 RL=-1.566 diff_FLFR=0.000 diff_RLRR=-0.000
[ros2_control_node-3] [INFO] [1791434691.429945062] [BaseFixedStand]: [STAND-SYMM] phase=1.000 q_thigh FR=0.797 FL=0.797 RR=0.799 RL=0.799 diff_FLFR=-0.000 diff_RLRR=0.000 q_calf FR=-1.569 FL=-1.569 RR=-1.564 RL=-1.564 diff_FLFR=0.000 diff_RLRR=-0.000
[ros2_control_node-3] [INFO] [1791434691.859759182] [rl_quadruped_controller]: Switched from fixed stand to rl
[ros2_control_node-3] [INFO] [1791434691.865095266] [StateRL]: [Ray2D] Shared memory connected: /mujoco_ray2d
[ros2_control_node-3] [INFO] [1791434691.865190544] [StateRL]: [RtFrame] Shared memory initialized: /mujoco_rt_frame session_id=16478219458311
[ros2_control_node-3] [INFO] [1791434691.865394709] [StateRL]: [RL] enable_estimator_=1 rec_loaded=1 ra_loaded=1 ra_threshold=-0.0500
[ros2_control_node-3] [INFO] [1791434691.865408093] [StateRL]: [RL] Ray2d: shm connected, policy active
[ros2_control_node-3] [INFO] [1791434691.869806803] [StateRL]: [ABS-POLICY-CMD] event=command_write clock=steady_clock_ns write_ns=16478224093198 write_id=1 source_session_id=0 source_policy_cycle_id=0 source_mode=0 action_source=0 transition_reason=0 recovery_episode_id=0 q_rad=[0.000000,0.800000,-1.500000,-0.000000,0.800000,-1.500000,0.000000,0.800000,-1.500000,-0.000000,0.800000,-1.500000]
[ros2_control_node-3] [INFO] [1791434691.874905093] [StateRL]: [ABS-POLICY-CMD] event=command_write clock=steady_clock_ns write_ns=16478229185938 write_id=2 source_session_id=0 source_policy_cycle_id=0 source_mode=0 action_source=0 transition_reason=0 recovery_episode_id=0 q_rad=[0.000000,0.800000,-1.500000,-0.000000,0.800000,-1.500000,0.000000,0.800000,-1.500000,-0.000000,0.800000,-1.500000]
[ros2_control_node-3] [INFO] [1791434691.879872989] [StateRL]: [ABS-POLICY-CMD] event=command_write clock=steady_clock_ns write_ns=16478234159242 write_id=3 source_session_id=0 source_policy_cycle_id=0 source_mode=0 action_source=0 transition_reason=0 recovery_episode_id=0 q_rad=[0.000000,0.800000,-1.500000,-0.000000,0.800000,-1.500000,0.000000,0.800000,-1.500000,-0.000000,0.800000,-1.500000]
[ros2_control_node-3] [INFO] [1791434691.885319742] [StateRL]: [PATH] start=(-0.03,-0.00) goal=(7.00,0.00) tracking=1 lateral_gain=2.50 heading_gain=2.50
[ros2_control_node-3] [INFO] [1791434691.887458167] [StateRL]: [EVAL] step=0 t=0.000 robot=(-0.032,-0.000) yaw=-0.000 goal=(7.000,0.000) dist=7.032 body=(4.993,0.000) heading=0.000 arrived=0 ra=-0.38301 entry=-0.05000 recovery=0 hold=0 twist=(0.000,0.000,0.000) min_ray_log=0.770 max_ray_log=2.585 min_ray_m=1.705 lin_vel=(0.000,0.000,-0.074) ang_vel=(-0.000,0.052,-0.000) action_range=(-0.540,2.409) contact=(1,1,1,1)
[ros2_control_node-3] [INFO] [1791434691.887815771] [StateRL]: [ABS-POLICY-CMD] event=command_write clock=steady_clock_ns write_ns=16478242091180 write_id=4 source_session_id=16478219458311 source_policy_cycle_id=0 source_mode=0 action_source=1 transition_reason=0 recovery_episode_id=0 q_rad=[-0.135123,0.961783,-1.524629,0.063163,0.907211,-1.465957,-0.069860,1.402361,-1.501633,0.029330,1.074577,-1.368896]
[ros2_control_node-3] [INFO] [1791434691.890057040] [StateRL]: [ABS-POLICY-CMD] event=command_write clock=steady_clock_ns write_ns=16478244330987 write_id=5 source_session_id=16478219458311 source_policy_cycle_id=0 source_mode=0 action_source=1 transition_reason=0 recovery_episode_id=0 q_rad=[-0.135123,0.961783,-1.524629,0.063163,0.907211,-1.465957,-0.069860,1.402361,-1.501633,0.029330,1.074577,-1.368896]
[ros2_control_node-3] [INFO] [1791434691.895168330] [StateRL]: [ABS-POLICY-CMD] event=command_write clock=steady_clock_ns write_ns=16478249434557 write_id=6 source_session_id=16478219458311 source_policy_cycle_id=0 source_mode=0 action_source=1 transition_reason=0 recovery_episode_id=0 q_rad=[-0.135123,0.961783,-1.524629,0.063163,0.907211,-1.465957,-0.069860,1.402361,-1.501633,0.029330,1.074577,-1.368896]
[ros2_control_node-3] [INFO] [1791434691.900101788] [StateRL]: [ABS-POLICY-CMD] event=command_write clock=steady_clock_ns write_ns=16478254348677 write_id=7 source_session_id=16478219458311 source_policy_cycle_id=0 source_mode=0 action_source=1 transition_reason=0 recovery_episode_id=0 q_rad=[-0.135123,0.961783,-1.524629,0.063163,0.907211,-1.465957,-0.069860,1.402361,-1.501633,0.029330,1.074577,-1.368896]
[ros2_control_node-3] [INFO] [1791434691.911768923] [StateRL]: [ABS-POLICY-CMD] event=command_write clock=steady_clock_ns write_ns=16478265994616 write_id=8 source_session_id=16478219458311 source_policy_cycle_id=1 source_mode=0 action_source=1 transition_reason=0 recovery_episode_id=0 q_rad=[-0.140304,0.947267,-1.582914,0.026764,1.016536,-1.377142,-0.137222,1.374251,-1.518381,0.004414,1.091512,-1.302527]
[ros2_control_node-3] [INFO] [1791434691.914649763] [StateRL]: [ABS-POLICY-CMD] event=command_write clock=steady_clock_ns write_ns=16478268913897 write_id=9 source_session_id=16478219458311 source_policy_cycle_id=1 source_mode=0 action_source=1 transition_reason=0 recovery_episode_id=0 q_rad=[-0.140304,0.947267,-1.582914,0.026764,1.016536,-1.377142,-0.137222,1.374251,-1.518381,0.004414,1.091512,-1.302527]
[ros2_control_node-3] [INFO] [1791434691.917261843] [StateRL]: [ABS-POLICY-CMD] event=command_write clock=steady_clock_ns write_ns=16478271521970 write_id=10 source_session_id=16478219458311 source_policy_cycle_id=1 source_mode=0 action_source=1 transition_reason=0 recovery_episode_id=0 q_rad=[-0.140304,0.947267,-1.582914,0.026764,1.016536,-1.377142,-0.137222,1.374251,-1.518381,0.004414,1.091512,-1.302527]
[ros2_control_node-3] [INFO] [1791434691.920400479] [StateRL]: [ABS-POLICY-CMD] event=command_write clock=steady_clock_ns write_ns=16478274632358 write_id=11 source_session_id=16478219458311 source_policy_cycle_id=1 source_mode=0 action_source=1 transition_reason=0 recovery_episode_id=0 q_rad=[-0.140304,0.947267,-1.582914,0.026764,1.016536,-1.377142,-0.137222,1.374251,-1.518381,0.004414,1.091512,-1.302527]
[ros2_control_node-3] [INFO] [1791434691.930496081] [StateRL]: [ABS-POLICY-CMD] event=command_write clock=steady_clock_ns write_ns=16478284690576 write_id=12 source_session_id=16478219458311 source_policy_cycle_id=2 source_mode=0 action_source=1 transition_reason=0 recovery_episode_id=0 q_rad=[-0.136093,0.941379,-1.639297,0.005810,1.048170,-1.332118,-0.163011,1.349733,-1.536704,-0.004525,1.064648,-1.254072]
[ros2_control_node-3] [INFO] [1791434691.933531637] [StateRL]: [ABS-POLICY-CMD] event=command_write clock=steady_clock_ns write_ns=16478287772611 write_id=13 source_session_id=16478219458311 source_policy_cycle_id=2 source_mode=0 action_source=1 transition_reason=0 recovery_episode_id=0 q_rad=[-0.136093,0.941379,-1.639297,0.005810,1.048170,-1.332118,-0.163011,1.349733,-1.536704,-0.004525,1.064648,-1.254072]
[ros2_control_node-3] [INFO] [1791434691.936578230] [StateRL]: [ABS-POLICY-CMD] event=command_write clock=steady_clock_ns write_ns=16478290832112 write_id=14 source_session_id=16478219458311 source_policy_cycle_id=2 source_mode=0 action_source=1 transition_reason=0 recovery_episode_id=0 q_rad=[-0.136093,0.941379,-1.639297,0.005810,1.048170,-1.332118,-0.163011,1.349733,-1.536704,-0.004525,1.064648,-1.254072]
[ros2_control_node-3] [INFO] [1791434691.940900481] [StateRL]: [ABS-POLICY-CMD] event=command_write clock=steady_clock_ns write_ns=16478295125721 write_id=15 source_session_id=16478219458311 source_policy_cycle_id=2 source_mode=0 action_source=1 transition_reason=0 recovery_episode_id=0 q_rad=[-0.136093,0.941379,-1.639297,0.005810,1.048170,-1.332118,-0.163011,1.349733,-1.536704,-0.004525,1.064648,-1.254072]
[ros2_control_node-3] [INFO] [1791434691.971372264] [StateRL]: [ABS-POLICY-CMD] event=command_write clock=steady_clock_ns write_ns=16478325620761 write_id=16 source_session_id=16478219458311 source_policy_cycle_id=3 source_mode=0 action_source=1 transition_reason=0 recovery_episode_id=0 q_rad=[-0.129539,0.944964,-1.664743,-0.008679,1.064520,-1.318595,-0.170904,1.343323,-1.550445,-0.007074,1.063475,-1.238824]
[ros2_control_node-3] [INFO] [1791434691.974091509] [StateRL]: [ABS-POLICY-CMD] event=command_write clock=steady_clock_ns write_ns=16478328356235 write_id=17 source_session_id=16478219458311 source_policy_cycle_id=3 source_mode=0 action_source=1 transition_reason=0 recovery_episode_id=0 q_rad=[-0.129539,0.944964,-1.664743,-0.008679,1.064520,-1.318595,-0.170904,1.343323,-1.550445,-0.007074,1.063475,-1.238824]
[ros2_control_node-3] [INFO] [1791434691.976536340] [StateRL]: [ABS-POLICY-CMD] event=command_write clock=steady_clock_ns write_ns=16478330797483 write_id=18 source_session_id=16478219458311 source_policy_cycle_id=3 source_mode=0 action_source=1 transition_reason=0 recovery_episode_id=0 q_rad=[-0.129539,0.944964,-1.664743,-0.008679,1.064520,-1.318595,-0.170904,1.343323,-1.550445,-0.007074,1.063475,-1.238824]
[ros2_control_node-3] [INFO] [1791434691.979007168] [StateRL]: [ABS-POLICY-CMD] event=command_write clock=steady_clock_ns write_ns=16478333275205 write_id=19 source_session_id=16478219458311 source_policy_cycle_id=3 source_mode=0 action_source=1 transition_reason=0 recovery_episode_id=0 q_rad=[-0.129539,0.944964,-1.664743,-0.008679,1.064520,-1.318595,-0.170904,1.343323,-1.550445,-0.007074,1.063475,-1.238824]
[ros2_control_node-3] [INFO] [1791434691.993650081] [StateRL]: [ABS-POLICY-CMD] event=command_write clock=steady_clock_ns write_ns=16478347911250 write_id=20 source_session_id=16478219458311 source_policy_cycle_id=4 source_mode=0 action_source=1 transition_reason=0 recovery_episode_id=0 q_rad=[-0.101357,0.963996,-1.615161,-0.021903,1.089289,-1.362198,-0.145715,1.361992,-1.538289,-0.013080,1.132922,-1.304930]
[ros2_control_node-3] [INFO] [1791434691.995192443] [StateRL]: [ABS-POLICY-CMD] event=command_write clock=steady_clock_ns write_ns=16478349473180 write_id=21 source_session_id=16478219458311 source_policy_cycle_id=4 source_mode=0 action_source=1 transition_reason=0 recovery_episode_id=0 q_rad=[-0.101357,0.963996,-1.615161,-0.021903,1.089289,-1.362198,-0.145715,1.361992,-1.538289,-0.013080,1.132922,-1.304930]
[ros2_control_node-3] [INFO] [1791434691.996464381] [StateRL]: [ABS-POLICY-CMD] event=command_write clock=steady_clock_ns write_ns=16478350750782 write_id=22 source_session_id=16478219458311 source_policy_cycle_id=4 source_mode=0 action_source=1 transition_reason=0 recovery_episode_id=0 q_rad=[-0.101357,0.963996,-1.615161,-0.021903,1.089289,-1.362198,-0.145715,1.361992,-1.538289,-0.013080,1.132922,-1.304930]
[ros2_control_node-3] [INFO] [1791434691.996533396] [StateRL]: [ABS-LIVE-CMD] event=rl_command_write clock=steady_clock_ns timestamp_ns=16478350840143 sequence=300 controller_state=RL rl_active=1 finite=1 kp_zero=0 kd_zero=0 tau_zero=1 veto_reason= q=[-0.1014,0.9640,-1.6152,-0.0219,1.0893,-1.3622,-0.1457,1.3620,-1.5383,-0.0131,1.1329,-1.3049] kp=[2.6400,2.6400,2.6400,2.6400,2.6400,2.6400,2.6400,2.6400,2.6400,2.6400,2.6400,2.6400] kd=[0.0572,0.0572,0.0572,0.0572,0.0572,0.0572,0.0572,0.0572,0.0572,0.0572,0.0572,0.0572] tau=[0.0000,0.0000,0.0000,0.0000,0.0000,0.0000,0.0000,0.0000,0.0000,0.0000,0.0000,0.0000]
[ros2_control_node-3] [INFO] [1791434691.997736045] [StateRL]: [ABS-POLICY-CMD] event=command_write clock=steady_clock_ns write_ns=16478351988620 write_id=23 source_session_id=16478219458311 source_policy_cycle_id=4 source_mode=0 action_source=1 transition_reason=0 recovery_episode_id=0 q_rad=[-0.101357,0.963996,-1.615161,-0.021903,1.089289,-1.362198,-0.145715,1.361992,-1.538289,-0.013080,1.132922,-1.304930]
[ros2_control_node-3] [INFO] [1791434692.002051788] [StateRL]: [ABS-POLICY-CMD] event=command_write clock=steady_clock_ns write_ns=16478356330705 write_id=24 source_session_id=16478219458311 source_policy_cycle_id=5 source_mode=0 action_source=1 transition_reason=0 recovery_episode_id=0 q_rad=[-0.063585,0.999930,-1.577994,-0.025866,1.100023,-1.445487,-0.102486,1.379033,-1.521310,-0.032011,1.211919,-1.401150]
[ros2_control_node-3] [INFO] [1791434692.003143748] [StateRL]: [ABS-POLICY-CMD] event=command_write clock=steady_clock_ns write_ns=16478357431260 write_id=25 source_session_id=16478219458311 source_policy_cycle_id=5 source_mode=0 action_source=1 transition_reason=0 recovery_episode_id=0 q_rad=[-0.063585,0.999930,-1.577994,-0.025866,1.100023,-1.445487,-0.102486,1.379033,-1.521310,-0.032011,1.211919,-1.401150]
[ros2_control_node-3] [INFO] [1791434692.004113837] [StateRL]: [ABS-POLICY-CMD] event=command_write clock=steady_clock_ns write_ns=16478358404051 write_id=26 source_session_id=16478219458311 source_policy_cycle_id=5 source_mode=0 action_source=1 transition_reason=0 recovery_episode_id=0 q_rad=[-0.063585,0.999930,-1.577994,-0.025866,1.100023,-1.445487,-0.102486,1.379033,-1.521310,-0.032011,1.211919,-1.401150]
[ros2_control_node-3] [INFO] [1791434692.005055218] [StateRL]: [ABS-POLICY-CMD] event=command_write clock=steady_clock_ns write_ns=16478359345809 write_id=27 source_session_id=16478219458311 source_policy_cycle_id=5 source_mode=0 action_source=1 transition_reason=0 recovery_episode_id=0 q_rad=[-0.063585,0.999930,-1.577994,-0.025866,1.100023,-1.445487,-0.102486,1.379033,-1.521310,-0.032011,1.211919,-1.401150]
[ros2_control_node-3] [INFO] [1791434692.008656316] [StateRL]: [ABS-POLICY-CMD] event=command_write clock=steady_clock_ns write_ns=16478362929251 write_id=28 source_session_id=16478219458311 source_policy_cycle_id=6 source_mode=0 action_source=1 transition_reason=0 recovery_episode_id=0 q_rad=[-0.041157,1.034342,-1.573594,-0.020606,1.091134,-1.526583,-0.067336,1.395029,-1.527988,-0.046060,1.258616,-1.474866]
[ros2_control_node-3] [INFO] [1791434692.009824999] [StateRL]: [ABS-POLICY-CMD] event=command_write clock=steady_clock_ns write_ns=16478364116121 write_id=29 source_session_id=16478219458311 source_policy_cycle_id=6 source_mode=0 action_source=1 transition_reason=0 recovery_episode_id=0 q_rad=[-0.041157,1.034342,-1.573594,-0.020606,1.091134,-1.526583,-0.067336,1.395029,-1.527988,-0.046060,1.258616,-1.474866]
[ros2_control_node-3] [INFO] [1791434692.014959163] [StateRL]: [ABS-POLICY-CMD] event=command_write clock=steady_clock_ns write_ns=16478369222869 write_id=30 source_session_id=16478219458311 source_policy_cycle_id=6 source_mode=0 action_source=1 transition_reason=0 recovery_episode_id=0 q_rad=[-0.041157,1.034342,-1.573594,-0.020606,1.091134,-1.526583,-0.067336,1.395029,-1.527988,-0.046060,1.258616,-1.474866]
[ros2_control_node-3] [INFO] [1791434692.019952943] [StateRL]: [ABS-POLICY-CMD] event=command_write clock=steady_clock_ns write_ns=16478374233068 write_id=31 source_session_id=16478219458311 source_policy_cycle_id=6 source_mode=0 action_source=1 transition_reason=0 recovery_episode_id=0 q_rad=[-0.041157,1.034342,-1.573594,-0.020606,1.091134,-1.526583,-0.067336,1.395029,-1.527988,-0.046060,1.258616,-1.474866]
[ros2_control_node-3] [INFO] [1791434692.027691579] [StateRL]: [ABS-POLICY-CMD] event=command_write clock=steady_clock_ns write_ns=16478381975012 write_id=32 source_session_id=16478219458311 source_policy_cycle_id=7 source_mode=0 action_source=1 transition_reason=0 recovery_episode_id=0 q_rad=[-0.029965,1.080548,-1.593930,-0.022907,1.084854,-1.611268,-0.038224,1.415121,-1.550350,-0.046331,1.288512,-1.545110]
[ros2_control_node-3] [INFO] [1791434692.029847095] [StateRL]: [ABS-POLICY-CMD] event=command_write clock=steady_clock_ns write_ns=16478384130788 write_id=33 source_session_id=16478219458311 source_policy_cycle_id=7 source_mode=0 action_source=1 transition_reason=0 recovery_episode_id=0 q_rad=[-0.029965,1.080548,-1.593930,-0.022907,1.084854,-1.611268,-0.038224,1.415121,-1.550350,-0.046331,1.288512,-1.545110]
[ros2_control_node-3] [INFO] [1791434692.034918287] [StateRL]: [ABS-POLICY-CMD] event=command_write clock=steady_clock_ns write_ns=16478389194304 write_id=34 source_session_id=16478219458311 source_policy_cycle_id=7 source_mode=0 action_source=1 transition_reason=0 recovery_episode_id=0 q_rad=[-0.029965,1.080548,-1.593930,-0.022907,1.084854,-1.611268,-0.038224,1.415121,-1.550350,-0.046331,1.288512,-1.545110]
[ros2_control_node-3] [INFO] [1791434692.039953415] [StateRL]: [ABS-POLICY-CMD] event=command_write clock=steady_clock_ns write_ns=16478394233574 write_id=35 source_session_id=16478219458311 source_policy_cycle_id=7 source_mode=0 action_source=1 transition_reason=0 recovery_episode_id=0 q_rad=[-0.029965,1.080548,-1.593930,-0.022907,1.084854,-1.611268,-0.038224,1.415121,-1.550350,-0.046331,1.288512,-1.545110]
[ros2_control_node-3] [INFO] [1791434692.067987485] [StateRL]: [ABS-POLICY-CMD] event=command_write clock=steady_clock_ns write_ns=16478422241840 write_id=36 source_session_id=16478219458311 source_policy_cycle_id=8 source_mode=0 action_source=1 transition_reason=0 recovery_episode_id=0 q_rad=[-0.032137,1.123960,-1.618551,-0.033852,1.071123,-1.691621,-0.010343,1.443667,-1.573603,-0.036074,1.295931,-1.605531]
[ros2_control_node-3] [INFO] [1791434692.070064713] [StateRL]: [ABS-POLICY-CMD] event=command_write clock=steady_clock_ns write_ns=16478424337316 write_id=37 source_session_id=16478219458311 source_policy_cycle_id=8 source_mode=0 action_source=1 transition_reason=0 recovery_episode_id=0 q_rad=[-0.032137,1.123960,-1.618551,-0.033852,1.071123,-1.691621,-0.010343,1.443667,-1.573603,-0.036074,1.295931,-1.605531]
[ros2_control_node-3] [INFO] [1791434692.071208542] [StateRL]: [ABS-POLICY-CMD] event=command_write clock=steady_clock_ns write_ns=16478425502138 write_id=38 source_session_id=16478219458311 source_policy_cycle_id=8 source_mode=0 action_source=1 transition_reason=0 recovery_episode_id=0 q_rad=[-0.032137,1.123960,-1.618551,-0.033852,1.071123,-1.691621,-0.010343,1.443667,-1.573603,-0.036074,1.295931,-1.605531]
[ros2_control_node-3] [INFO] [1791434692.071974379] [StateRL]: [ABS-POLICY-CMD] event=command_write clock=steady_clock_ns write_ns=16478426268089 write_id=39 source_session_id=16478219458311 source_policy_cycle_id=8 source_mode=0 action_source=1 transition_reason=0 recovery_episode_id=0 q_rad=[-0.032137,1.123960,-1.618551,-0.033852,1.071123,-1.691621,-0.010343,1.443667,-1.573603,-0.036074,1.295931,-1.605531]
[ros2_control_node-3] [INFO] [1791434692.086537551] [StateRL]: [ABS-POLICY-CMD] event=command_write clock=steady_clock_ns write_ns=16478440818776 write_id=40 source_session_id=16478219458311 source_policy_cycle_id=9 source_mode=0 action_source=1 transition_reason=0 recovery_episode_id=0 q_rad=[-0.034430,1.174883,-1.645528,-0.050824,1.066512,-1.765404,0.010574,1.466572,-1.593197,-0.026555,1.300023,-1.647534]
[ros2_control_node-3] [INFO] [1791434692.087407446] [StateRL]: [ABS-POLICY-CMD] event=command_write clock=steady_clock_ns write_ns=16478441701389 write_id=41 source_session_id=16478219458311 source_policy_cycle_id=9 source_mode=0 action_source=1 transition_reason=0 recovery_episode_id=0 q_rad=[-0.034430,1.174883,-1.645528,-0.050824,1.066512,-1.765404,0.010574,1.466572,-1.593197,-0.026555,1.300023,-1.647534]
[ros2_control_node-3] [INFO] [1791434692.088095408] [StateRL]: [ABS-POLICY-CMD] event=command_write clock=steady_clock_ns write_ns=16478442390496 write_id=42 source_session_id=16478219458311 source_policy_cycle_id=9 source_mode=0 action_source=1 transition_reason=0 recovery_episode_id=0 q_rad=[-0.034430,1.174883,-1.645528,-0.050824,1.066512,-1.765404,0.010574,1.466572,-1.593197,-0.026555,1.300023,-1.647534]
[ros2_control_node-3] [INFO] [1791434692.088779208] [StateRL]: [ABS-POLICY-CMD] event=command_write clock=steady_clock_ns write_ns=16478443075178 write_id=43 source_session_id=16478219458311 source_policy_cycle_id=9 source_mode=0 action_source=1 transition_reason=0 recovery_episode_id=0 q_rad=[-0.034430,1.174883,-1.645528,-0.050824,1.066512,-1.765404,0.010574,1.466572,-1.593197,-0.026555,1.300023,-1.647534]
[ros2_control_node-3] [INFO] [1791434692.102616864] [StateRL]: [ABS-POLICY-CMD] event=command_write clock=steady_clock_ns write_ns=16478456902379 write_id=44 source_session_id=16478219458311 source_policy_cycle_id=10 source_mode=0 action_source=1 transition_reason=0 recovery_episode_id=0 q_rad=[-0.036993,1.205406,-1.658358,-0.054137,1.061956,-1.806918,0.022356,1.482769,-1.601296,-0.024724,1.302884,-1.670623]
[ros2_control_node-3] [INFO] [1791434692.103481863] [StateRL]: [ABS-POLICY-CMD] event=command_write clock=steady_clock_ns write_ns=16478457778129 write_id=45 source_session_id=16478219458311 source_policy_cycle_id=10 source_mode=0 action_source=1 transition_reason=0 recovery_episode_id=0 q_rad=[-0.036993,1.205406,-1.658358,-0.054137,1.061956,-1.806918,0.022356,1.482769,-1.601296,-0.024724,1.302884,-1.670623]
[ros2_control_node-3] [INFO] [1791434692.104168516] [StateRL]: [ABS-POLICY-CMD] event=command_write clock=steady_clock_ns write_ns=16478458465174 write_id=46 source_session_id=16478219458311 source_policy_cycle_id=10 source_mode=0 action_source=1 transition_reason=0 recovery_episode_id=0 q_rad=[-0.036993,1.205406,-1.658358,-0.054137,1.061956,-1.806918,0.022356,1.482769,-1.601296,-0.024724,1.302884,-1.670623]
[ros2_control_node-3] [INFO] [1791434692.104823074] [StateRL]: [ABS-POLICY-CMD] event=command_write clock=steady_clock_ns write_ns=16478459120526 write_id=47 source_session_id=16478219458311 source_policy_cycle_id=10 source_mode=0 action_source=1 transition_reason=0 recovery_episode_id=0 q_rad=[-0.036993,1.205406,-1.658358,-0.054137,1.061956,-1.806918,0.022356,1.482769,-1.601296,-0.024724,1.302884,-1.670623]
[ros2_control_node-3] [INFO] [1791434692.104856362] [StateRL]: [ABS-LIVE-CMD] event=rl_command_write clock=steady_clock_ns timestamp_ns=16478459163344 sequence=325 controller_state=RL rl_active=1 finite=1 kp_zero=0 kd_zero=0 tau_zero=1 veto_reason= q=[-0.0370,1.2054,-1.6584,-0.0541,1.0620,-1.8069,0.0224,1.4828,-1.6013,-0.0247,1.3029,-1.6706] kp=[5.6400,5.6400,5.6400,5.6400,5.6400,5.6400,5.6400,5.6400,5.6400,5.6400,5.6400,5.6400] kd=[0.1222,0.1222,0.1222,0.1222,0.1222,0.1222,0.1222,0.1222,0.1222,0.1222,0.1222,0.1222] tau=[0.0000,0.0000,0.0000,0.0000,0.0000,0.0000,0.0000,0.0000,0.0000,0.0000,0.0000,0.0000]
[ros2_control_node-3] [INFO] [1791434692.117735557] [StateRL]: [ABS-POLICY-CMD] event=command_write clock=steady_clock_ns write_ns=16478471964057 write_id=48 source_session_id=16478219458311 source_policy_cycle_id=11 source_mode=0 action_source=1 transition_reason=0 recovery_episode_id=0 q_rad=[-0.035979,1.225606,-1.683650,-0.070393,1.079840,-1.827731,0.024197,1.486998,-1.609865,-0.019017,1.313488,-1.676330]
[ros2_control_node-3] [INFO] [1791434692.118898626] [StateRL]: [ABS-POLICY-CMD] event=command_write clock=steady_clock_ns write_ns=16478473185113 write_id=49 source_session_id=16478219458311 source_policy_cycle_id=11 source_mode=0 action_source=1 transition_reason=0 recovery_episode_id=0 q_rad=[-0.035979,1.225606,-1.683650,-0.070393,1.079840,-1.827731,0.024197,1.486998,-1.609865,-0.019017,1.313488,-1.676330]
[ros2_control_node-3] [INFO] [1791434692.119628605] [StateRL]: [ABS-POLICY-CMD] event=command_write clock=steady_clock_ns write_ns=16478473924892 write_id=50 source_session_id=16478219458311 source_policy_cycle_id=11 source_mode=0 action_source=1 transition_reason=0 recovery_episode_id=0 q_rad=[-0.035979,1.225606,-1.683650,-0.070393,1.079840,-1.827731,0.024197,1.486998,-1.609865,-0.019017,1.313488,-1.676330]
[ros2_control_node-3] [INFO] [1791434692.120550822] [StateRL]: [ABS-POLICY-CMD] event=command_write clock=steady_clock_ns write_ns=16478474842652 write_id=51 source_session_id=16478219458311 source_policy_cycle_id=11 source_mode=0 action_source=1 transition_reason=0 recovery_episode_id=0 q_rad=[-0.035979,1.225606,-1.683650,-0.070393,1.079840,-1.827731,0.024197,1.486998,-1.609865,-0.019017,1.313488,-1.676330]
[ros2_control_node-3] [INFO] [1791434692.143637320] [StateRL]: [ABS-POLICY-CMD] event=command_write clock=steady_clock_ns write_ns=16478497921329 write_id=52 source_session_id=16478219458311 source_policy_cycle_id=12 source_mode=0 action_source=1 transition_reason=0 recovery_episode_id=0 q_rad=[-0.024612,1.288145,-1.924827,-0.017908,1.083938,-1.973101,0.021434,1.598179,-1.560839,-0.002312,1.342596,-1.650691]
[ros2_control_node-3] [INFO] [1791434692.145292630] [StateRL]: [ABS-POLICY-CMD] event=command_write clock=steady_clock_ns write_ns=16478499584510 write_id=53 source_session_id=16478219458311 source_policy_cycle_id=12 source_mode=0 action_source=1 transition_reason=0 recovery_episode_id=0 q_rad=[-0.024612,1.288145,-1.924827,-0.017908,1.083938,-1.973101,0.021434,1.598179,-1.560839,-0.002312,1.342596,-1.650691]
[ros2_control_node-3] [INFO] [1791434692.147233941] [StateRL]: [ABS-POLICY-CMD] event=command_write clock=steady_clock_ns write_ns=16478501527209 write_id=54 source_session_id=16478219458311 source_policy_cycle_id=12 source_mode=0 action_source=1 transition_reason=0 recovery_episode_id=0 q_rad=[-0.024612,1.288145,-1.924827,-0.017908,1.083938,-1.973101,0.021434,1.598179,-1.560839,-0.002312,1.342596,-1.650691]
[ros2_control_node-3] [INFO] [1791434692.149393206] [StateRL]: [ABS-POLICY-CMD] event=command_write clock=steady_clock_ns write_ns=16478503672272 write_id=55 source_session_id=16478219458311 source_policy_cycle_id=12 source_mode=0 action_source=1 transition_reason=0 recovery_episode_id=0 q_rad=[-0.024612,1.288145,-1.924827,-0.017908,1.083938,-1.973101,0.021434,1.598179,-1.560839,-0.002312,1.342596,-1.650691]
[ros2_control_node-3] [INFO] [1791434692.180609525] [StateRL]: [ABS-POLICY-CMD] event=command_write clock=steady_clock_ns write_ns=16478534888540 write_id=56 source_session_id=16478219458311 source_policy_cycle_id=13 source_mode=0 action_source=1 transition_reason=0 recovery_episode_id=0 q_rad=[0.056589,1.407404,-2.308984,-0.028231,1.268229,-2.174762,-0.002590,1.610230,-1.639774,-0.005753,1.330761,-1.567025]
[ros2_control_node-3] [INFO] [1791434692.182898350] [StateRL]: [ABS-POLICY-CMD] event=command_write clock=steady_clock_ns write_ns=16478537172577 write_id=57 source_session_id=16478219458311 source_policy_cycle_id=13 source_mode=0 action_source=1 transition_reason=0 recovery_episode_id=0 q_rad=[0.056589,1.407404,-2.308984,-0.028231,1.268229,-2.174762,-0.002590,1.610230,-1.639774,-0.005753,1.330761,-1.567025]
[ros2_control_node-3] [INFO] [1791434692.184487613] [StateRL]: [ABS-POLICY-CMD] event=command_write clock=steady_clock_ns write_ns=16478538771381 write_id=58 source_session_id=16478219458311 source_policy_cycle_id=13 source_mode=0 action_source=1 transition_reason=0 recovery_episode_id=0 q_rad=[0.056589,1.407404,-2.308984,-0.028231,1.268229,-2.174762,-0.002590,1.610230,-1.639774,-0.005753,1.330761,-1.567025]
[ros2_control_node-3] [INFO] [1791434692.185979203] [StateRL]: [ABS-POLICY-CMD] event=command_write clock=steady_clock_ns write_ns=16478540273232 write_id=59 source_session_id=16478219458311 source_policy_cycle_id=13 source_mode=0 action_source=1 transition_reason=0 recovery_episode_id=0 q_rad=[0.056589,1.407404,-2.308984,-0.028231,1.268229,-2.174762,-0.002590,1.610230,-1.639774,-0.005753,1.330761,-1.567025]
[ros2_control_node-3] [INFO] [1791434692.204711391] [StateRL]: [ABS-POLICY-CMD] event=command_write clock=steady_clock_ns write_ns=16478558987062 write_id=60 source_session_id=16478219458311 source_policy_cycle_id=14 source_mode=0 action_source=1 transition_reason=0 recovery_episode_id=0 q_rad=[0.060353,1.435814,-2.376617,-0.060003,1.315349,-2.187109,0.004866,1.599845,-1.667040,-0.009014,1.332776,-1.507116]
[ros2_control_node-3] [INFO] [1791434692.205499699] [StateRL]: [ABS-POLICY-CMD] event=command_write clock=steady_clock_ns write_ns=16478559791514 write_id=61 source_session_id=16478219458311 source_policy_cycle_id=14 source_mode=0 action_source=1 transition_reason=0 recovery_episode_id=0 q_rad=[0.060353,1.435814,-2.376617,-0.060003,1.315349,-2.187109,0.004866,1.599845,-1.667040,-0.009014,1.332776,-1.507116]
[ros2_control_node-3] [INFO] [1791434692.206670338] [StateRL]: [ABS-POLICY-CMD] event=command_write clock=steady_clock_ns write_ns=16478560964597 write_id=62 source_session_id=16478219458311 source_policy_cycle_id=14 source_mode=0 action_source=1 transition_reason=0 recovery_episode_id=0 q_rad=[0.060353,1.435814,-2.376617,-0.060003,1.315349,-2.187109,0.004866,1.599845,-1.667040,-0.009014,1.332776,-1.507116]
[ros2_control_node-3] [INFO] [1791434692.211142185] [StateRL]: [ABS-POLICY-CMD] event=command_write clock=steady_clock_ns write_ns=16478565430631 write_id=63 source_session_id=16478219458311 source_policy_cycle_id=14 source_mode=0 action_source=1 transition_reason=0 recovery_episode_id=0 q_rad=[0.060353,1.435814,-2.376617,-0.060003,1.315349,-2.187109,0.004866,1.599845,-1.667040,-0.009014,1.332776,-1.507116]
[ros2_control_node-3] [INFO] [1791434692.237870535] [StateRL]: [ABS-POLICY-CMD] event=command_write clock=steady_clock_ns write_ns=16478592130047 write_id=64 source_session_id=16478219458311 source_policy_cycle_id=15 source_mode=0 action_source=1 transition_reason=0 recovery_episode_id=0 q_rad=[0.057733,1.379189,-2.258343,-0.091437,1.240353,-2.174508,0.029836,1.624101,-1.640428,0.014774,1.342559,-1.543335]
[ros2_control_node-3] [INFO] [1791434692.239375814] [StateRL]: [ABS-POLICY-CMD] event=command_write clock=steady_clock_ns write_ns=16478593664926 write_id=65 source_session_id=16478219458311 source_policy_cycle_id=15 source_mode=0 action_source=1 transition_reason=0 recovery_episode_id=0 q_rad=[0.057733,1.379189,-2.258343,-0.091437,1.240353,-2.174508,0.029836,1.624101,-1.640428,0.014774,1.342559,-1.543335]
[ros2_control_node-3] [INFO] [1791434692.240647817] [StateRL]: [ABS-POLICY-CMD] event=command_write clock=steady_clock_ns write_ns=16478594918358 write_id=66 source_session_id=16478219458311 source_policy_cycle_id=15 source_mode=0 action_source=1 transition_reason=0 recovery_episode_id=0 q_rad=[0.057733,1.379189,-2.258343,-0.091437,1.240353,-2.174508,0.029836,1.624101,-1.640428,0.014774,1.342559,-1.543335]
[ros2_control_node-3] [INFO] [1791434692.243004690] [StateRL]: [ABS-POLICY-CMD] event=command_write clock=steady_clock_ns write_ns=16478597285629 write_id=67 source_session_id=16478219458311 source_policy_cycle_id=15 source_mode=0 action_source=1 transition_reason=0 recovery_episode_id=0 q_rad=[0.057733,1.379189,-2.258343,-0.091437,1.240353,-2.174508,0.029836,1.624101,-1.640428,0.014774,1.342559,-1.543335]
[ros2_control_node-3] [INFO] [1791434692.256586903] [StateRL]: [ABS-POLICY-CMD] event=command_write clock=steady_clock_ns write_ns=16478610853435 write_id=68 source_session_id=16478219458311 source_policy_cycle_id=16 source_mode=0 action_source=1 transition_reason=0 recovery_episode_id=0 q_rad=[-0.012105,1.280686,-2.021096,-0.098871,1.152450,-2.034785,0.019269,1.612786,-1.607085,0.027348,1.375296,-1.592142]
[ros2_control_node-3] [INFO] [1791434692.258689587] [StateRL]: [ABS-POLICY-CMD] event=command_write clock=steady_clock_ns write_ns=16478612976058 write_id=69 source_session_id=16478219458311 source_policy_cycle_id=16 source_mode=0 action_source=1 transition_reason=0 recovery_episode_id=0 q_rad=[-0.012105,1.280686,-2.021096,-0.098871,1.152450,-2.034785,0.019269,1.612786,-1.607085,0.027348,1.375296,-1.592142]
[ros2_control_node-3] [INFO] [1791434692.260833380] [StateRL]: [ABS-POLICY-CMD] event=command_write clock=steady_clock_ns write_ns=16478615125756 write_id=70 source_session_id=16478219458311 source_policy_cycle_id=16 source_mode=0 action_source=1 transition_reason=0 recovery_episode_id=0 q_rad=[-0.012105,1.280686,-2.021096,-0.098871,1.152450,-2.034785,0.019269,1.612786,-1.607085,0.027348,1.375296,-1.592142]
[ros2_control_node-3] [INFO] [1791434692.261608766] [StateRL]: [ABS-POLICY-CMD] event=command_write clock=steady_clock_ns write_ns=16478615904219 write_id=71 source_session_id=16478219458311 source_policy_cycle_id=16 source_mode=0 action_source=1 transition_reason=0 recovery_episode_id=0 q_rad=[-0.012105,1.280686,-2.021096,-0.098871,1.152450,-2.034785,0.019269,1.612786,-1.607085,0.027348,1.375296,-1.592142]
[ros2_control_node-3] [INFO] [1791434692.274094972] [StateRL]: [ABS-POLICY-CMD] event=command_write clock=steady_clock_ns write_ns=16478628373473 write_id=72 source_session_id=16478219458311 source_policy_cycle_id=17 source_mode=0 action_source=1 transition_reason=0 recovery_episode_id=0 q_rad=[-0.015155,1.285689,-1.993559,-0.069561,1.124398,-2.015959,0.020823,1.623396,-1.602980,0.023396,1.366353,-1.611498]
[ros2_control_node-3] [INFO] [1791434692.274158041] [StateRL]: [ABS-LIVE-CMD] event=rl_command_write clock=steady_clock_ns timestamp_ns=16478628464955 sequence=350 controller_state=RL rl_active=1 finite=1 kp_zero=0 kd_zero=0 tau_zero=1 veto_reason= q=[-0.0152,1.2857,-1.9936,-0.0696,1.1244,-2.0160,0.0208,1.6234,-1.6030,0.0234,1.3664,-1.6115] kp=[8.6400,8.6400,8.6400,8.6400,8.6400,8.6400,8.6400,8.6400,8.6400,8.6400,8.6400,8.6400] kd=[0.1872,0.1872,0.1872,0.1872,0.1872,0.1872,0.1872,0.1872,0.1872,0.1872,0.1872,0.1872] tau=[0.0000,0.0000,0.0000,0.0000,0.0000,0.0000,0.0000,0.0000,0.0000,0.0000,0.0000,0.0000]
[ros2_control_node-3] [INFO] [1791434692.275954324] [StateRL]: [ABS-POLICY-CMD] event=command_write clock=steady_clock_ns write_ns=16478630244380 write_id=73 source_session_id=16478219458311 source_policy_cycle_id=17 source_mode=0 action_source=1 transition_reason=0 recovery_episode_id=0 q_rad=[-0.015155,1.285689,-1.993559,-0.069561,1.124398,-2.015959,0.020823,1.623396,-1.602980,0.023396,1.366353,-1.611498]
[ros2_control_node-3] [INFO] [1791434692.277352704] [StateRL]: [ABS-POLICY-CMD] event=command_write clock=steady_clock_ns write_ns=16478631646493 write_id=74 source_session_id=16478219458311 source_policy_cycle_id=17 source_mode=0 action_source=1 transition_reason=0 recovery_episode_id=0 q_rad=[-0.015155,1.285689,-1.993559,-0.069561,1.124398,-2.015959,0.020823,1.623396,-1.602980,0.023396,1.366353,-1.611498]
[ros2_control_node-3] [INFO] [1791434692.278269292] [StateRL]: [ABS-POLICY-CMD] event=command_write clock=steady_clock_ns write_ns=16478632563272 write_id=75 source_session_id=16478219458311 source_policy_cycle_id=17 source_mode=0 action_source=1 transition_reason=0 recovery_episode_id=0 q_rad=[-0.015155,1.285689,-1.993559,-0.069561,1.124398,-2.015959,0.020823,1.623396,-1.602980,0.023396,1.366353,-1.611498]
[ros2_control_node-3] [INFO] [1791434692.290794735] [StateRL]: [ABS-POLICY-CMD] event=command_write clock=steady_clock_ns write_ns=16478645052560 write_id=76 source_session_id=16478219458311 source_policy_cycle_id=18 source_mode=0 action_source=1 transition_reason=0 recovery_episode_id=0 q_rad=[-0.013977,1.288428,-1.992402,-0.061811,1.120856,-2.012449,0.020248,1.625710,-1.602366,0.021862,1.365625,-1.611155]
[ros2_control_node-3] [INFO] [1791434692.292136080] [StateRL]: [ABS-POLICY-CMD] event=command_write clock=steady_clock_ns write_ns=16478646418415 write_id=77 source_session_id=16478219458311 source_policy_cycle_id=18 source_mode=0 action_source=1 transition_reason=0 recovery_episode_id=0 q_rad=[-0.013977,1.288428,-1.992402,-0.061811,1.120856,-2.012449,0.020248,1.625710,-1.602366,0.021862,1.365625,-1.611155]
[ros2_control_node-3] [INFO] [1791434692.293908345] [StateRL]: [ABS-POLICY-CMD] event=command_write clock=steady_clock_ns write_ns=16478648199229 write_id=78 source_session_id=16478219458311 source_policy_cycle_id=18 source_mode=0 action_source=1 transition_reason=0 recovery_episode_id=0 q_rad=[-0.013977,1.288428,-1.992402,-0.061811,1.120856,-2.012449,0.020248,1.625710,-1.602366,0.021862,1.365625,-1.611155]
[ros2_control_node-3] [INFO] [1791434692.294590197] [StateRL]: [ABS-POLICY-CMD] event=command_write clock=steady_clock_ns write_ns=16478648886346 write_id=79 source_session_id=16478219458311 source_policy_cycle_id=18 source_mode=0 action_source=1 transition_reason=0 recovery_episode_id=0 q_rad=[-0.013977,1.288428,-1.992402,-0.061811,1.120856,-2.012449,0.020248,1.625710,-1.602366,0.021862,1.365625,-1.611155]
[ros2_control_node-3] [INFO] [1791434692.310989662] [StateRL]: [ABS-POLICY-CMD] event=command_write clock=steady_clock_ns write_ns=16478665272594 write_id=80 source_session_id=16478219458311 source_policy_cycle_id=19 source_mode=0 action_source=1 transition_reason=0 recovery_episode_id=0 q_rad=[-0.012722,1.288528,-1.993321,-0.062355,1.123428,-2.007546,0.018804,1.625772,-1.602998,0.021978,1.364810,-1.610374]
[ros2_control_node-3] [INFO] [1791434692.312651423] [StateRL]: [ABS-POLICY-CMD] event=command_write clock=steady_clock_ns write_ns=16478666944859 write_id=81 source_session_id=16478219458311 source_policy_cycle_id=19 source_mode=0 action_source=1 transition_reason=0 recovery_episode_id=0 q_rad=[-0.012722,1.288528,-1.993321,-0.062355,1.123428,-2.007546,0.018804,1.625772,-1.602998,0.021978,1.364810,-1.610374]
[ros2_control_node-3] [INFO] [1791434692.313954464] [StateRL]: [ABS-POLICY-CMD] event=command_write clock=steady_clock_ns write_ns=16478668247509 write_id=82 source_session_id=16478219458311 source_policy_cycle_id=19 source_mode=0 action_source=1 transition_reason=0 recovery_episode_id=0 q_rad=[-0.012722,1.288528,-1.993321,-0.062355,1.123428,-2.007546,0.018804,1.625772,-1.602998,0.021978,1.364810,-1.610374]
[ros2_control_node-3] [INFO] [1791434692.315368015] [StateRL]: [ABS-POLICY-CMD] event=command_write clock=steady_clock_ns write_ns=16478669638122 write_id=83 source_session_id=16478219458311 source_policy_cycle_id=19 source_mode=0 action_source=1 transition_reason=0 recovery_episode_id=0 q_rad=[-0.012722,1.288528,-1.993321,-0.062355,1.123428,-2.007546,0.018804,1.625772,-1.602998,0.021978,1.364810,-1.610374]
[ros2_control_node-3] [INFO] [1791434692.330668021] [StateRL]: [ABS-POLICY-CMD] event=command_write clock=steady_clock_ns write_ns=16478684929238 write_id=84 source_session_id=16478219458311 source_policy_cycle_id=20 source_mode=0 action_source=1 transition_reason=0 recovery_episode_id=0 q_rad=[-0.012771,1.287107,-1.987795,-0.066235,1.128893,-1.997066,0.017759,1.619582,-1.602513,0.020920,1.363862,-1.609777]
[ros2_control_node-3] [INFO] [1791434692.333150852] [StateRL]: [ABS-POLICY-CMD] event=command_write clock=steady_clock_ns write_ns=16478687415782 write_id=85 source_session_id=16478219458311 source_policy_cycle_id=20 source_mode=0 action_source=1 transition_reason=0 recovery_episode_id=0 q_rad=[-0.012771,1.287107,-1.987795,-0.066235,1.128893,-1.997066,0.017759,1.619582,-1.602513,0.020920,1.363862,-1.609777]
[ros2_control_node-3] [INFO] [1791434692.335253703] [StateRL]: [ABS-POLICY-CMD] event=command_write clock=steady_clock_ns write_ns=16478689539065 write_id=86 source_session_id=16478219458311 source_policy_cycle_id=20 source_mode=0 action_source=1 transition_reason=0 recovery_episode_id=0 q_rad=[-0.012771,1.287107,-1.987795,-0.066235,1.128893,-1.997066,0.017759,1.619582,-1.602513,0.020920,1.363862,-1.609777]
[ros2_control_node-3] [INFO] [1791434692.337109527] [StateRL]: [ABS-POLICY-CMD] event=command_write clock=steady_clock_ns write_ns=16478691399545 write_id=87 source_session_id=16478219458311 source_policy_cycle_id=20 source_mode=0 action_source=1 transition_reason=0 recovery_episode_id=0 q_rad=[-0.012771,1.287107,-1.987795,-0.066235,1.128893,-1.997066,0.017759,1.619582,-1.602513,0.020920,1.363862,-1.609777]
[ros2_control_node-3] [INFO] [1791434692.362764586] [StateRL]: [ABS-POLICY-CMD] event=command_write clock=steady_clock_ns write_ns=16478717038175 write_id=88 source_session_id=16478219458311 source_policy_cycle_id=21 source_mode=0 action_source=1 transition_reason=0 recovery_episode_id=0 q_rad=[-0.018390,1.285610,-1.967155,-0.065538,1.127124,-1.988137,0.022075,1.609878,-1.598256,0.016991,1.361805,-1.614362]
[ros2_control_node-3] [INFO] [1791434692.363607734] [StateRL]: [ABS-POLICY-CMD] event=command_write clock=steady_clock_ns write_ns=16478717900190 write_id=89 source_session_id=16478219458311 source_policy_cycle_id=21 source_mode=0 action_source=1 transition_reason=0 recovery_episode_id=0 q_rad=[-0.018390,1.285610,-1.967155,-0.065538,1.127124,-1.988137,0.022075,1.609878,-1.598256,0.016991,1.361805,-1.614362]
[ros2_control_node-3] [INFO] [1791434692.364313693] [StateRL]: [ABS-POLICY-CMD] event=command_write clock=steady_clock_ns write_ns=16478718606696 write_id=90 source_session_id=16478219458311 source_policy_cycle_id=21 source_mode=0 action_source=1 transition_reason=0 recovery_episode_id=0 q_rad=[-0.018390,1.285610,-1.967155,-0.065538,1.127124,-1.988137,0.022075,1.609878,-1.598256,0.016991,1.361805,-1.614362]
[ros2_control_node-3] [INFO] [1791434692.367413079] [StateRL]: [ABS-POLICY-CMD] event=command_write clock=steady_clock_ns write_ns=16478721701934 write_id=91 source_session_id=16478219458311 source_policy_cycle_id=21 source_mode=0 action_source=1 transition_reason=0 recovery_episode_id=0 q_rad=[-0.018390,1.285610,-1.967155,-0.065538,1.127124,-1.988137,0.022075,1.609878,-1.598256,0.016991,1.361805,-1.614362]
[ros2_control_node-3] [INFO] [1791434692.388493330] [StateRL]: [ABS-POLICY-CMD] event=command_write clock=steady_clock_ns write_ns=16478742775803 write_id=92 source_session_id=16478219458311 source_policy_cycle_id=22 source_mode=0 action_source=1 transition_reason=0 recovery_episode_id=0 q_rad=[-0.016986,1.291048,-1.966955,-0.056334,1.122033,-1.982304,0.021416,1.614108,-1.604899,0.015076,1.365922,-1.611888]
[ros2_control_node-3] [INFO] [1791434692.389765565] [StateRL]: [ABS-POLICY-CMD] event=command_write clock=steady_clock_ns write_ns=16478744050498 write_id=93 source_session_id=16478219458311 source_policy_cycle_id=22 source_mode=0 action_source=1 transition_reason=0 recovery_episode_id=0 q_rad=[-0.016986,1.291048,-1.966955,-0.056334,1.122033,-1.982304,0.021416,1.614108,-1.604899,0.015076,1.365922,-1.611888]
[ros2_control_node-3] [INFO] [1791434692.392869840] [StateRL]: [ABS-POLICY-CMD] event=command_write clock=steady_clock_ns write_ns=16478747158687 write_id=94 source_session_id=16478219458311 source_policy_cycle_id=22 source_mode=0 action_source=1 transition_reason=0 recovery_episode_id=0 q_rad=[-0.016986,1.291048,-1.966955,-0.056334,1.122033,-1.982304,0.021416,1.614108,-1.604899,0.015076,1.365922,-1.611888]
[ros2_control_node-3] [INFO] [1791434692.394329266] [StateRL]: [ABS-POLICY-CMD] event=command_write clock=steady_clock_ns write_ns=16478748619490 write_id=95 source_session_id=16478219458311 source_policy_cycle_id=22 source_mode=0 action_source=1 transition_reason=0 recovery_episode_id=0 q_rad=[-0.016986,1.291048,-1.966955,-0.056334,1.122033,-1.982304,0.021416,1.614108,-1.604899,0.015076,1.365922,-1.611888]
[ros2_control_node-3] [INFO] [1791434692.417713358] [StateRL]: [ABS-POLICY-CMD] event=command_write clock=steady_clock_ns write_ns=16478771986518 write_id=96 source_session_id=16478219458311 source_policy_cycle_id=23 source_mode=0 action_source=1 transition_reason=0 recovery_episode_id=0 q_rad=[-0.016662,1.290117,-1.960813,-0.056425,1.123681,-1.974552,0.020783,1.610283,-1.604297,0.013953,1.364623,-1.612813]
[ros2_control_node-3] [INFO] [1791434692.419927935] [StateRL]: [ABS-POLICY-CMD] event=command_write clock=steady_clock_ns write_ns=16478774220413 write_id=97 source_session_id=16478219458311 source_policy_cycle_id=23 source_mode=0 action_source=1 transition_reason=0 recovery_episode_id=0 q_rad=[-0.016662,1.290117,-1.960813,-0.056425,1.123681,-1.974552,0.020783,1.610283,-1.604297,0.013953,1.364623,-1.612813]
[ros2_control_node-3] [INFO] [1791434692.419996290] [StateRL]: [ABS-LIVE-CMD] event=rl_command_write clock=steady_clock_ns timestamp_ns=16478774303174 sequence=375 controller_state=RL rl_active=1 finite=1 kp_zero=0 kd_zero=0 tau_zero=1 veto_reason= q=[-0.0167,1.2901,-1.9608,-0.0564,1.1237,-1.9746,0.0208,1.6103,-1.6043,0.0140,1.3646,-1.6128] kp=[11.6400,11.6400,11.6400,11.6400,11.6400,11.6400,11.6400,11.6400,11.6400,11.6400,11.6400,11.6400] kd=[0.2522,0.2522,0.2522,0.2522,0.2522,0.2522,0.2522,0.2522,0.2522,0.2522,0.2522,0.2522] tau=[0.0000,0.0000,0.0000,0.0000,0.0000,0.0000,0.0000,0.0000,0.0000,0.0000,0.0000,0.0000]
[ros2_control_node-3] [INFO] [1791434692.422270139] [StateRL]: [ABS-POLICY-CMD] event=command_write clock=steady_clock_ns write_ns=16478776561622 write_id=98 source_session_id=16478219458311 source_policy_cycle_id=23 source_mode=0 action_source=1 transition_reason=0 recovery_episode_id=0 q_rad=[-0.016662,1.290117,-1.960813,-0.056425,1.123681,-1.974552,0.020783,1.610283,-1.604297,0.013953,1.364623,-1.612813]
[ros2_control_node-3] [INFO] [1791434692.423002858] [StateRL]: [ABS-POLICY-CMD] event=command_write clock=steady_clock_ns write_ns=16478777296974 write_id=99 source_session_id=16478219458311 source_policy_cycle_id=23 source_mode=0 action_source=1 transition_reason=0 recovery_episode_id=0 q_rad=[-0.016662,1.290117,-1.960813,-0.056425,1.123681,-1.974552,0.020783,1.610283,-1.604297,0.013953,1.364623,-1.612813]
[ros2_control_node-3] [INFO] [1791434692.447620818] [StateRL]: [ABS-POLICY-CMD] event=command_write clock=steady_clock_ns write_ns=16478801901499 write_id=100 source_session_id=16478219458311 source_policy_cycle_id=24 source_mode=0 action_source=1 transition_reason=0 recovery_episode_id=0 q_rad=[-0.018881,1.289340,-1.943851,-0.056522,1.126753,-1.961017,0.021528,1.600132,-1.601626,0.009990,1.362930,-1.614452]
[ros2_control_node-3] [INFO] [1791434692.448633172] [StateRL]: [ABS-POLICY-CMD] event=command_write clock=steady_clock_ns write_ns=16478802905966 write_id=101 source_session_id=16478219458311 source_policy_cycle_id=24 source_mode=0 action_source=1 transition_reason=0 recovery_episode_id=0 q_rad=[-0.018881,1.289340,-1.943851,-0.056522,1.126753,-1.961017,0.021528,1.600132,-1.601626,0.009990,1.362930,-1.614452]
[ros2_control_node-3] [INFO] [1791434692.453094173] [StateRL]: [ABS-POLICY-CMD] event=command_write clock=steady_clock_ns write_ns=16478807381519 write_id=102 source_session_id=16478219458311 source_policy_cycle_id=24 source_mode=0 action_source=1 transition_reason=0 recovery_episode_id=0 q_rad=[-0.018881,1.289340,-1.943851,-0.056522,1.126753,-1.961017,0.021528,1.600132,-1.601626,0.009990,1.362930,-1.614452]
[ros2_control_node-3] [INFO] [1791434692.453834991] [StateRL]: [ABS-POLICY-CMD] event=command_write clock=steady_clock_ns write_ns=16478808129428 write_id=103 source_session_id=16478219458311 source_policy_cycle_id=24 source_mode=0 action_source=1 transition_reason=0 recovery_episode_id=0 q_rad=[-0.018881,1.289340,-1.943851,-0.056522,1.126753,-1.961017,0.021528,1.600132,-1.601626,0.009990,1.362930,-1.614452]
[ros2_control_node-3] [INFO] [1791434692.472381084] [StateRL]: [EVAL] step=25 t=0.500 robot=(-0.073,-0.004) yaw=0.034 goal=(7.000,0.000) dist=7.073 body=(4.990,-0.158) heading=-0.079 arrived=0 ra=-0.41529 entry=-0.05000 recovery=0 hold=0 twist=(0.000,0.000,0.000) min_ray_log=0.821 max_ray_log=2.585 min_ray_m=1.766 lin_vel=(0.041,-0.028,0.178) ang_vel=(0.175,0.496,0.165) action_range=(-1.776,3.152) contact=(1,1,1,1)
[ros2_control_node-3] [INFO] [1791434692.472724161] [StateRL]: [ABS-POLICY-CMD] event=command_write clock=steady_clock_ns write_ns=16478827015125 write_id=104 source_session_id=16478219458311 source_policy_cycle_id=25 source_mode=0 action_source=1 transition_reason=0 recovery_episode_id=0 q_rad=[-0.021094,1.288310,-1.922509,-0.053841,1.129572,-1.944005,0.022272,1.587924,-1.596752,0.004533,1.359841,-1.615484]
[ros2_control_node-3] [INFO] [1791434692.473531986] [StateRL]: [ABS-POLICY-CMD] event=command_write clock=steady_clock_ns write_ns=16478827824154 write_id=105 source_session_id=16478219458311 source_policy_cycle_id=25 source_mode=0 action_source=1 transition_reason=0 recovery_episode_id=0 q_rad=[-0.021094,1.288310,-1.922509,-0.053841,1.129572,-1.944005,0.022272,1.587924,-1.596752,0.004533,1.359841,-1.615484]
[ros2_control_node-3] [INFO] [1791434692.474459115] [StateRL]: [ABS-POLICY-CMD] event=command_write clock=steady_clock_ns write_ns=16478828735226 write_id=106 source_session_id=16478219458311 source_policy_cycle_id=25 source_mode=0 action_source=1 transition_reason=0 recovery_episode_id=0 q_rad=[-0.021094,1.288310,-1.922509,-0.053841,1.129572,-1.944005,0.022272,1.587924,-1.596752,0.004533,1.359841,-1.615484]
[ros2_control_node-3] [INFO] [1791434692.478288091] [StateRL]: [ABS-POLICY-CMD] event=command_write clock=steady_clock_ns write_ns=16478832574318 write_id=107 source_session_id=16478219458311 source_policy_cycle_id=25 source_mode=0 action_source=1 transition_reason=0 recovery_episode_id=0 q_rad=[-0.021094,1.288310,-1.922509,-0.053841,1.129572,-1.944005,0.022272,1.587924,-1.596752,0.004533,1.359841,-1.615484]
[ros2_control_node-3] [INFO] [1791434692.496525775] [StateRL]: [ABS-POLICY-CMD] event=command_write clock=steady_clock_ns write_ns=16478850804222 write_id=108 source_session_id=16478219458311 source_policy_cycle_id=26 source_mode=0 action_source=1 transition_reason=0 recovery_episode_id=0 q_rad=[-0.022789,1.286122,-1.906240,-0.049839,1.130020,-1.932082,0.023143,1.579304,-1.591815,0.000296,1.356408,-1.615291]
[ros2_control_node-3] [INFO] [1791434692.497357549] [StateRL]: [ABS-POLICY-CMD] event=command_write clock=steady_clock_ns write_ns=16478851646746 write_id=109 source_session_id=16478219458311 source_policy_cycle_id=26 source_mode=0 action_source=1 transition_reason=0 recovery_episode_id=0 q_rad=[-0.022789,1.286122,-1.906240,-0.049839,1.130020,-1.932082,0.023143,1.579304,-1.591815,0.000296,1.356408,-1.615291]
[ros2_control_node-3] [INFO] [1791434692.498090137] [StateRL]: [ABS-POLICY-CMD] event=command_write clock=steady_clock_ns write_ns=16478852384750 write_id=110 source_session_id=16478219458311 source_policy_cycle_id=26 source_mode=0 action_source=1 transition_reason=0 recovery_episode_id=0 q_rad=[-0.022789,1.286122,-1.906240,-0.049839,1.130020,-1.932082,0.023143,1.579304,-1.591815,0.000296,1.356408,-1.615291]
[ros2_control_node-3] [INFO] [1791434692.501817797] [StateRL]: [ABS-POLICY-CMD] event=command_write clock=steady_clock_ns write_ns=16478856098157 write_id=111 source_session_id=16478219458311 source_policy_cycle_id=26 source_mode=0 action_source=1 transition_reason=0 recovery_episode_id=0 q_rad=[-0.022789,1.286122,-1.906240,-0.049839,1.130020,-1.932082,0.023143,1.579304,-1.591815,0.000296,1.356408,-1.615291]
[ros2_control_node-3] [INFO] [1791434692.520707982] [StateRL]: [ABS-POLICY-CMD] event=command_write clock=steady_clock_ns write_ns=16478874956816 write_id=112 source_session_id=16478219458311 source_policy_cycle_id=27 source_mode=0 action_source=1 transition_reason=0 recovery_episode_id=0 q_rad=[-0.024005,1.280238,-1.890634,-0.043959,1.128127,-1.923121,0.024041,1.572663,-1.586180,-0.003998,1.352317,-1.614100]
[ros2_control_node-3] [INFO] [1791434692.521631329] [StateRL]: [ABS-POLICY-CMD] event=command_write clock=steady_clock_ns write_ns=16478875924171 write_id=113 source_session_id=16478219458311 source_policy_cycle_id=27 source_mode=0 action_source=1 transition_reason=0 recovery_episode_id=0 q_rad=[-0.024005,1.280238,-1.890634,-0.043959,1.128127,-1.923121,0.024041,1.572663,-1.586180,-0.003998,1.352317,-1.614100]
[ros2_control_node-3] [INFO] [1791434692.522416831] [StateRL]: [ABS-POLICY-CMD] event=command_write clock=steady_clock_ns write_ns=16478876710970 write_id=114 source_session_id=16478219458311 source_policy_cycle_id=27 source_mode=0 action_source=1 transition_reason=0 recovery_episode_id=0 q_rad=[-0.024005,1.280238,-1.890634,-0.043959,1.128127,-1.923121,0.024041,1.572663,-1.586180,-0.003998,1.352317,-1.614100]
[ros2_control_node-3] [INFO] [1791434692.524716408] [StateRL]: [ABS-POLICY-CMD] event=command_write clock=steady_clock_ns write_ns=16478878984173 write_id=115 source_session_id=16478219458311 source_policy_cycle_id=27 source_mode=0 action_source=1 transition_reason=0 recovery_episode_id=0 q_rad=[-0.024005,1.280238,-1.890634,-0.043959,1.128127,-1.923121,0.024041,1.572663,-1.586180,-0.003998,1.352317,-1.614100]
[ros2_control_node-3] [INFO] [1791434692.545545587] [StateRL]: [ABS-POLICY-CMD] event=command_write clock=steady_clock_ns write_ns=16478899806444 write_id=116 source_session_id=16478219458311 source_policy_cycle_id=28 source_mode=0 action_source=1 transition_reason=0 recovery_episode_id=0 q_rad=[-0.025992,1.271012,-1.875815,-0.038605,1.124688,-1.919498,0.025043,1.568500,-1.582353,-0.007671,1.349205,-1.612773]
[ros2_control_node-3] [INFO] [1791434692.546386617] [StateRL]: [ABS-POLICY-CMD] event=command_write clock=steady_clock_ns write_ns=16478900678983 write_id=117 source_session_id=16478219458311 source_policy_cycle_id=28 source_mode=0 action_source=1 transition_reason=0 recovery_episode_id=0 q_rad=[-0.025992,1.271012,-1.875815,-0.038605,1.124688,-1.919498,0.025043,1.568500,-1.582353,-0.007671,1.349205,-1.612773]
[ros2_control_node-3] [INFO] [1791434692.547143504] [StateRL]: [ABS-POLICY-CMD] event=command_write clock=steady_clock_ns write_ns=16478901435620 write_id=118 source_session_id=16478219458311 source_policy_cycle_id=28 source_mode=0 action_source=1 transition_reason=0 recovery_episode_id=0 q_rad=[-0.025992,1.271012,-1.875815,-0.038605,1.124688,-1.919498,0.025043,1.568500,-1.582353,-0.007671,1.349205,-1.612773]
[ros2_control_node-3] [INFO] [1791434692.549050150] [StateRL]: [ABS-POLICY-CMD] event=command_write clock=steady_clock_ns write_ns=16478903337172 write_id=119 source_session_id=16478219458311 source_policy_cycle_id=28 source_mode=0 action_source=1 transition_reason=0 recovery_episode_id=0 q_rad=[-0.025992,1.271012,-1.875815,-0.038605,1.124688,-1.919498,0.025043,1.568500,-1.582353,-0.007671,1.349205,-1.612773]
[ros2_control_node-3] [INFO] [1791434692.574307035] [StateRL]: [ABS-POLICY-CMD] event=command_write clock=steady_clock_ns write_ns=16478928592735 write_id=120 source_session_id=16478219458311 source_policy_cycle_id=29 source_mode=0 action_source=1 transition_reason=0 recovery_episode_id=0 q_rad=[-0.029248,1.254296,-1.857342,-0.030611,1.119582,-1.917961,0.026274,1.563415,-1.576727,-0.012939,1.345819,-1.608582]
[ros2_control_node-3] [INFO] [1791434692.574941550] [StateRL]: [ABS-POLICY-CMD] event=command_write clock=steady_clock_ns write_ns=16478929233367 write_id=121 source_session_id=16478219458311 source_policy_cycle_id=29 source_mode=0 action_source=1 transition_reason=0 recovery_episode_id=0 q_rad=[-0.029248,1.254296,-1.857342,-0.030611,1.119582,-1.917961,0.026274,1.563415,-1.576727,-0.012939,1.345819,-1.608582]
[ros2_control_node-3] [INFO] [1791434692.575438242] [StateRL]: [ABS-POLICY-CMD] event=command_write clock=steady_clock_ns write_ns=16478929737146 write_id=122 source_session_id=16478219458311 source_policy_cycle_id=29 source_mode=0 action_source=1 transition_reason=0 recovery_episode_id=0 q_rad=[-0.029248,1.254296,-1.857342,-0.030611,1.119582,-1.917961,0.026274,1.563415,-1.576727,-0.012939,1.345819,-1.608582]
[ros2_control_node-3] [INFO] [1791434692.575464906] [StateRL]: [ABS-LIVE-CMD] event=rl_command_write clock=steady_clock_ns timestamp_ns=16478929771882 sequence=400 controller_state=RL rl_active=1 finite=1 kp_zero=0 kd_zero=0 tau_zero=1 veto_reason= q=[-0.0292,1.2543,-1.8573,-0.0306,1.1196,-1.9180,0.0263,1.5634,-1.5767,-0.0129,1.3458,-1.6086] kp=[14.6400,14.6400,14.6400,14.6400,14.6400,14.6400,14.6400,14.6400,14.6400,14.6400,14.6400,14.6400] kd=[0.3172,0.3172,0.3172,0.3172,0.3172,0.3172,0.3172,0.3172,0.3172,0.3172,0.3172,0.3172] tau=[0.0000,0.0000,0.0000,0.0000,0.0000,0.0000,0.0000,0.0000,0.0000,0.0000,0.0000,0.0000]
[ros2_control_node-3] [INFO] [1791434692.575915050] [StateRL]: [ABS-POLICY-CMD] event=command_write clock=steady_clock_ns write_ns=16478930215645 write_id=123 source_session_id=16478219458311 source_policy_cycle_id=29 source_mode=0 action_source=1 transition_reason=0 recovery_episode_id=0 q_rad=[-0.029248,1.254296,-1.857342,-0.030611,1.119582,-1.917961,0.026274,1.563415,-1.576727,-0.012939,1.345819,-1.608582]
[ros2_control_node-3] [INFO] [1791434692.593247754] [StateRL]: [ABS-POLICY-CMD] event=command_write clock=steady_clock_ns write_ns=16478947528834 write_id=124 source_session_id=16478219458311 source_policy_cycle_id=30 source_mode=0 action_source=1 transition_reason=0 recovery_episode_id=0 q_rad=[-0.031777,1.237206,-1.839287,-0.022322,1.113770,-1.916603,0.027285,1.557202,-1.571085,-0.018536,1.343573,-1.603994]
[ros2_control_node-3] [INFO] [1791434692.593900186] [StateRL]: [ABS-POLICY-CMD] event=command_write clock=steady_clock_ns write_ns=16478948195320 write_id=125 source_session_id=16478219458311 source_policy_cycle_id=30 source_mode=0 action_source=1 transition_reason=0 recovery_episode_id=0 q_rad=[-0.031777,1.237206,-1.839287,-0.022322,1.113770,-1.916603,0.027285,1.557202,-1.571085,-0.018536,1.343573,-1.603994]
[ros2_control_node-3] [INFO] [1791434692.594463797] [StateRL]: [ABS-POLICY-CMD] event=command_write clock=steady_clock_ns write_ns=16478948761228 write_id=126 source_session_id=16478219458311 source_policy_cycle_id=30 source_mode=0 action_source=1 transition_reason=0 recovery_episode_id=0 q_rad=[-0.031777,1.237206,-1.839287,-0.022322,1.113770,-1.916603,0.027285,1.557202,-1.571085,-0.018536,1.343573,-1.603994]
[ros2_control_node-3] [INFO] [1791434692.594908230] [StateRL]: [ABS-POLICY-CMD] event=command_write clock=steady_clock_ns write_ns=16478949209815 write_id=127 source_session_id=16478219458311 source_policy_cycle_id=30 source_mode=0 action_source=1 transition_reason=0 recovery_episode_id=0 q_rad=[-0.031777,1.237206,-1.839287,-0.022322,1.113770,-1.916603,0.027285,1.557202,-1.571085,-0.018536,1.343573,-1.603994]
[ros2_control_node-3] [INFO] [1791434692.595446568] [StateRL]: [GOAL] 位置=(-0.06,-0.01) 偏航=0.06 目标=(7.00,0.00) 距离=7.06 机体系=(4.98,-0.27) 航向=-0.14 path_err=-0.01 path_on=1
[ros2_control_node-3] [INFO] [1791434692.616203215] [StateRL]: [ABS-POLICY-CMD] event=command_write clock=steady_clock_ns write_ns=16478970487453 write_id=128 source_session_id=16478219458311 source_policy_cycle_id=31 source_mode=0 action_source=1 transition_reason=0 recovery_episode_id=0 q_rad=[-0.045481,1.212591,-1.816547,-0.027055,1.117759,-1.916776,0.029121,1.547294,-1.567032,-0.018280,1.340975,-1.609320]
[ros2_control_node-3] [INFO] [1791434692.616820308] [StateRL]: [ABS-POLICY-CMD] event=command_write clock=steady_clock_ns write_ns=16478971115113 write_id=129 source_session_id=16478219458311 source_policy_cycle_id=31 source_mode=0 action_source=1 transition_reason=0 recovery_episode_id=0 q_rad=[-0.045481,1.212591,-1.816547,-0.027055,1.117759,-1.916776,0.029121,1.547294,-1.567032,-0.018280,1.340975,-1.609320]
[ros2_control_node-3] [INFO] [1791434692.617539482] [StateRL]: [ABS-POLICY-CMD] event=command_write clock=steady_clock_ns write_ns=16478971820165 write_id=130 source_session_id=16478219458311 source_policy_cycle_id=31 source_mode=0 action_source=1 transition_reason=0 recovery_episode_id=0 q_rad=[-0.045481,1.212591,-1.816547,-0.027055,1.117759,-1.916776,0.029121,1.547294,-1.567032,-0.018280,1.340975,-1.609320]
[ros2_control_node-3] [INFO] [1791434692.618181718] [StateRL]: [ABS-POLICY-CMD] event=command_write clock=steady_clock_ns write_ns=16478972477039 write_id=131 source_session_id=16478219458311 source_policy_cycle_id=31 source_mode=0 action_source=1 transition_reason=0 recovery_episode_id=0 q_rad=[-0.045481,1.212591,-1.816547,-0.027055,1.117759,-1.916776,0.029121,1.547294,-1.567032,-0.018280,1.340975,-1.609320]
[ros2_control_node-3] [INFO] [1791434692.634230596] [StateRL]: [ABS-POLICY-CMD] event=command_write clock=steady_clock_ns write_ns=16478988491528 write_id=132 source_session_id=16478219458311 source_policy_cycle_id=32 source_mode=0 action_source=1 transition_reason=0 recovery_episode_id=0 q_rad=[-0.050792,1.192348,-1.790984,-0.018468,1.113286,-1.913600,0.029787,1.536608,-1.558821,-0.026268,1.339180,-1.605763]
[ros2_control_node-3] [INFO] [1791434692.635183809] [StateRL]: [ABS-POLICY-CMD] event=command_write clock=steady_clock_ns write_ns=16478989476063 write_id=133 source_session_id=16478219458311 source_policy_cycle_id=32 source_mode=0 action_source=1 transition_reason=0 recovery_episode_id=0 q_rad=[-0.050792,1.192348,-1.790984,-0.018468,1.113286,-1.913600,0.029787,1.536608,-1.558821,-0.026268,1.339180,-1.605763]
[ros2_control_node-3] [INFO] [1791434692.635738756] [StateRL]: [ABS-POLICY-CMD] event=command_write clock=steady_clock_ns write_ns=16478990036706 write_id=134 source_session_id=16478219458311 source_policy_cycle_id=32 source_mode=0 action_source=1 transition_reason=0 recovery_episode_id=0 q_rad=[-0.050792,1.192348,-1.790984,-0.018468,1.113286,-1.913600,0.029787,1.536608,-1.558821,-0.026268,1.339180,-1.605763]
[ros2_control_node-3] [INFO] [1791434692.636185227] [StateRL]: [ABS-POLICY-CMD] event=command_write clock=steady_clock_ns write_ns=16478990481580 write_id=135 source_session_id=16478219458311 source_policy_cycle_id=32 source_mode=0 action_source=1 transition_reason=0 recovery_episode_id=0 q_rad=[-0.050792,1.192348,-1.790984,-0.018468,1.113286,-1.913600,0.029787,1.536608,-1.558821,-0.026268,1.339180,-1.605763]
[ros2_control_node-3] [INFO] [1791434692.650208172] [StateRL]: [ABS-POLICY-CMD] event=command_write clock=steady_clock_ns write_ns=16479004490734 write_id=136 source_session_id=16478219458311 source_policy_cycle_id=33 source_mode=0 action_source=1 transition_reason=0 recovery_episode_id=0 q_rad=[-0.053866,1.175019,-1.760030,-0.005654,1.105231,-1.911069,0.030942,1.521176,-1.545822,-0.037021,1.338192,-1.603391]
[ros2_control_node-3] [INFO] [1791434692.650880608] [StateRL]: [ABS-POLICY-CMD] event=command_write clock=steady_clock_ns write_ns=16479005172863 write_id=137 source_session_id=16478219458311 source_policy_cycle_id=33 source_mode=0 action_source=1 transition_reason=0 recovery_episode_id=0 q_rad=[-0.053866,1.175019,-1.760030,-0.005654,1.105231,-1.911069,0.030942,1.521176,-1.545822,-0.037021,1.338192,-1.603391]
[ros2_control_node-3] [INFO] [1791434692.651469556] [StateRL]: [ABS-POLICY-CMD] event=command_write clock=steady_clock_ns write_ns=16479005763876 write_id=138 source_session_id=16478219458311 source_policy_cycle_id=33 source_mode=0 action_source=1 transition_reason=0 recovery_episode_id=0 q_rad=[-0.053866,1.175019,-1.760030,-0.005654,1.105231,-1.911069,0.030942,1.521176,-1.545822,-0.037021,1.338192,-1.603391]
[ros2_control_node-3] [INFO] [1791434692.651982196] [StateRL]: [ABS-POLICY-CMD] event=command_write clock=steady_clock_ns write_ns=16479006279119 write_id=139 source_session_id=16478219458311 source_policy_cycle_id=33 source_mode=0 action_source=1 transition_reason=0 recovery_episode_id=0 q_rad=[-0.053866,1.175019,-1.760030,-0.005654,1.105231,-1.911069,0.030942,1.521176,-1.545822,-0.037021,1.338192,-1.603391]
[ros2_control_node-3] [INFO] [1791434692.671242132] [StateRL]: [ABS-POLICY-CMD] event=command_write clock=steady_clock_ns write_ns=16479025523926 write_id=140 source_session_id=16478219458311 source_policy_cycle_id=34 source_mode=0 action_source=1 transition_reason=0 recovery_episode_id=0 q_rad=[-0.056037,1.154132,-1.739144,-0.000481,1.105689,-1.893780,0.026742,1.510351,-1.545161,-0.041485,1.337460,-1.600696]
[ros2_control_node-3] [INFO] [1791434692.671811373] [StateRL]: [ABS-POLICY-CMD] event=command_write clock=steady_clock_ns write_ns=16479026110934 write_id=141 source_session_id=16478219458311 source_policy_cycle_id=34 source_mode=0 action_source=1 transition_reason=0 recovery_episode_id=0 q_rad=[-0.056037,1.154132,-1.739144,-0.000481,1.105689,-1.893780,0.026742,1.510351,-1.545161,-0.041485,1.337460,-1.600696]
[ros2_control_node-3] [INFO] [1791434692.672197772] [StateRL]: [ABS-POLICY-CMD] event=command_write clock=steady_clock_ns write_ns=16479026499072 write_id=142 source_session_id=16478219458311 source_policy_cycle_id=34 source_mode=0 action_source=1 transition_reason=0 recovery_episode_id=0 q_rad=[-0.056037,1.154132,-1.739144,-0.000481,1.105689,-1.893780,0.026742,1.510351,-1.545161,-0.041485,1.337460,-1.600696]
[ros2_control_node-3] [INFO] [1791434692.672614458] [StateRL]: [ABS-POLICY-CMD] event=command_write clock=steady_clock_ns write_ns=16479026911480 write_id=143 source_session_id=16478219458311 source_policy_cycle_id=34 source_mode=0 action_source=1 transition_reason=0 recovery_episode_id=0 q_rad=[-0.056037,1.154132,-1.739144,-0.000481,1.105689,-1.893780,0.026742,1.510351,-1.545161,-0.041485,1.337460,-1.600696]
[ros2_control_node-3] [INFO] [1791434692.690464134] [StateRL]: [ABS-POLICY-CMD] event=command_write clock=steady_clock_ns write_ns=16479044717725 write_id=144 source_session_id=16478219458311 source_policy_cycle_id=35 source_mode=0 action_source=1 transition_reason=0 recovery_episode_id=0 q_rad=[-0.056821,1.130142,-1.705700,0.010177,1.101708,-1.881790,0.023815,1.488408,-1.533689,-0.051094,1.336777,-1.594161]
[ros2_control_node-3] [INFO] [1791434692.691196939] [StateRL]: [ABS-POLICY-CMD] event=command_write clock=steady_clock_ns write_ns=16479045491312 write_id=145 source_session_id=16478219458311 source_policy_cycle_id=35 source_mode=0 action_source=1 transition_reason=0 recovery_episode_id=0 q_rad=[-0.056821,1.130142,-1.705700,0.010177,1.101708,-1.881790,0.023815,1.488408,-1.533689,-0.051094,1.336777,-1.594161]
[ros2_control_node-3] [INFO] [1791434692.691868739] [StateRL]: [ABS-POLICY-CMD] event=command_write clock=steady_clock_ns write_ns=16479046162478 write_id=146 source_session_id=16478219458311 source_policy_cycle_id=35 source_mode=0 action_source=1 transition_reason=0 recovery_episode_id=0 q_rad=[-0.056821,1.130142,-1.705700,0.010177,1.101708,-1.881790,0.023815,1.488408,-1.533689,-0.051094,1.336777,-1.594161]
[ros2_control_node-3] [INFO] [1791434692.692365158] [StateRL]: [ABS-POLICY-CMD] event=command_write clock=steady_clock_ns write_ns=16479046664575 write_id=147 source_session_id=16478219458311 source_policy_cycle_id=35 source_mode=0 action_source=1 transition_reason=0 recovery_episode_id=0 q_rad=[-0.056821,1.130142,-1.705700,0.010177,1.101708,-1.881790,0.023815,1.488408,-1.533689,-0.051094,1.336777,-1.594161]
[ros2_control_node-3] [INFO] [1791434692.692394375] [StateRL]: [ABS-LIVE-CMD] event=rl_command_write clock=steady_clock_ns timestamp_ns=16479046701441 sequence=425 controller_state=RL rl_active=1 finite=1 kp_zero=0 kd_zero=0 tau_zero=1 veto_reason= q=[-0.0568,1.1301,-1.7057,0.0102,1.1017,-1.8818,0.0238,1.4884,-1.5337,-0.0511,1.3368,-1.5942] kp=[17.6400,17.6400,17.6400,17.6400,17.6400,17.6400,17.6400,17.6400,17.6400,17.6400,17.6400,17.6400] kd=[0.3822,0.3822,0.3822,0.3822,0.3822,0.3822,0.3822,0.3822,0.3822,0.3822,0.3822,0.3822] tau=[0.0000,0.0000,0.0000,0.0000,0.0000,0.0000,0.0000,0.0000,0.0000,0.0000,0.0000,0.0000]
[ros2_control_node-3] [INFO] [1791434692.710305872] [StateRL]: [ABS-POLICY-CMD] event=command_write clock=steady_clock_ns write_ns=16479064596131 write_id=148 source_session_id=16478219458311 source_policy_cycle_id=36 source_mode=0 action_source=1 transition_reason=0 recovery_episode_id=0 q_rad=[-0.056686,1.098038,-1.662152,0.025836,1.096277,-1.863702,0.017335,1.460240,-1.521817,-0.063243,1.338742,-1.581388]
[ros2_control_node-3] [INFO] [1791434692.710918072] [StateRL]: [ABS-POLICY-CMD] event=command_write clock=steady_clock_ns write_ns=16479065213514 write_id=149 source_session_id=16478219458311 source_policy_cycle_id=36 source_mode=0 action_source=1 transition_reason=0 recovery_episode_id=0 q_rad=[-0.056686,1.098038,-1.662152,0.025836,1.096277,-1.863702,0.017335,1.460240,-1.521817,-0.063243,1.338742,-1.581388]
[ros2_control_node-3] [INFO] [1791434692.711544318] [StateRL]: [ABS-POLICY-CMD] event=command_write clock=steady_clock_ns write_ns=16479065840955 write_id=150 source_session_id=16478219458311 source_policy_cycle_id=36 source_mode=0 action_source=1 transition_reason=0 recovery_episode_id=0 q_rad=[-0.056686,1.098038,-1.662152,0.025836,1.096277,-1.863702,0.017335,1.460240,-1.521817,-0.063243,1.338742,-1.581388]
[ros2_control_node-3] [INFO] [1791434692.712018191] [StateRL]: [ABS-POLICY-CMD] event=command_write clock=steady_clock_ns write_ns=16479066316689 write_id=151 source_session_id=16478219458311 source_policy_cycle_id=36 source_mode=0 action_source=1 transition_reason=0 recovery_episode_id=0 q_rad=[-0.056686,1.098038,-1.662152,0.025836,1.096277,-1.863702,0.017335,1.460240,-1.521817,-0.063243,1.338742,-1.581388]
[ros2_control_node-3] [INFO] [1791434692.723369346] [StateRL]: [ABS-POLICY-CMD] event=command_write clock=steady_clock_ns write_ns=16479077640733 write_id=152 source_session_id=16478219458311 source_policy_cycle_id=37 source_mode=0 action_source=1 transition_reason=0 recovery_episode_id=0 q_rad=[-0.052252,1.060671,-1.615409,0.040322,1.099137,-1.816410,-0.001620,1.425826,-1.515022,-0.075878,1.343343,-1.558025]
[ros2_control_node-3] [INFO] [1791434692.724356053] [StateRL]: [ABS-POLICY-CMD] event=command_write clock=steady_clock_ns write_ns=16479078598325 write_id=153 source_session_id=16478219458311 source_policy_cycle_id=37 source_mode=0 action_source=1 transition_reason=0 recovery_episode_id=0 q_rad=[-0.052252,1.060671,-1.615409,0.040322,1.099137,-1.816410,-0.001620,1.425826,-1.515022,-0.075878,1.343343,-1.558025]
[ros2_control_node-3] [INFO] [1791434692.724879966] [StateRL]: [ABS-POLICY-CMD] event=command_write clock=steady_clock_ns write_ns=16479079178829 write_id=154 source_session_id=16478219458311 source_policy_cycle_id=37 source_mode=0 action_source=1 transition_reason=0 recovery_episode_id=0 q_rad=[-0.052252,1.060671,-1.615409,0.040322,1.099137,-1.816410,-0.001620,1.425826,-1.515022,-0.075878,1.343343,-1.558025]
[ros2_control_node-3] [INFO] [1791434692.725399160] [StateRL]: [ABS-POLICY-CMD] event=command_write clock=steady_clock_ns write_ns=16479079695013 write_id=155 source_session_id=16478219458311 source_policy_cycle_id=37 source_mode=0 action_source=1 transition_reason=0 recovery_episode_id=0 q_rad=[-0.052252,1.060671,-1.615409,0.040322,1.099137,-1.816410,-0.001620,1.425826,-1.515022,-0.075878,1.343343,-1.558025]
[ros2_control_node-3] [INFO] [1791434692.740460505] [StateRL]: [ABS-POLICY-CMD] event=command_write clock=steady_clock_ns write_ns=16479094712790 write_id=156 source_session_id=16478219458311 source_policy_cycle_id=38 source_mode=0 action_source=1 transition_reason=0 recovery_episode_id=0 q_rad=[-0.041710,1.031351,-1.575350,0.049745,1.103956,-1.764315,-0.026142,1.394204,-1.506165,-0.085733,1.345836,-1.535552]
[ros2_control_node-3] [INFO] [1791434692.741339738] [StateRL]: [ABS-POLICY-CMD] event=command_write clock=steady_clock_ns write_ns=16479095632350 write_id=157 source_session_id=16478219458311 source_policy_cycle_id=38 source_mode=0 action_source=1 transition_reason=0 recovery_episode_id=0 q_rad=[-0.041710,1.031351,-1.575350,0.049745,1.103956,-1.764315,-0.026142,1.394204,-1.506165,-0.085733,1.345836,-1.535552]
[ros2_control_node-3] [INFO] [1791434692.741962512] [StateRL]: [ABS-POLICY-CMD] event=command_write clock=steady_clock_ns write_ns=16479096258971 write_id=158 source_session_id=16478219458311 source_policy_cycle_id=38 source_mode=0 action_source=1 transition_reason=0 recovery_episode_id=0 q_rad=[-0.041710,1.031351,-1.575350,0.049745,1.103956,-1.764315,-0.026142,1.394204,-1.506165,-0.085733,1.345836,-1.535552]
[ros2_control_node-3] [INFO] [1791434692.742472954] [StateRL]: [ABS-POLICY-CMD] event=command_write clock=steady_clock_ns write_ns=16479096771035 write_id=159 source_session_id=16478219458311 source_policy_cycle_id=38 source_mode=0 action_source=1 transition_reason=0 recovery_episode_id=0 q_rad=[-0.041710,1.031351,-1.575350,0.049745,1.103956,-1.764315,-0.026142,1.394204,-1.506165,-0.085733,1.345836,-1.535552]
[ros2_control_node-3] [INFO] [1791434692.767390873] [StateRL]: [ABS-POLICY-CMD] event=command_write clock=steady_clock_ns write_ns=16479121663663 write_id=160 source_session_id=16478219458311 source_policy_cycle_id=39 source_mode=0 action_source=1 transition_reason=0 recovery_episode_id=0 q_rad=[-0.036200,1.001665,-1.531126,0.065367,1.103877,-1.719690,-0.054302,1.360016,-1.490620,-0.095253,1.342304,-1.502628]
[ros2_control_node-3] [INFO] [1791434692.768119753] [StateRL]: [ABS-POLICY-CMD] event=command_write clock=steady_clock_ns write_ns=16479122408489 write_id=161 source_session_id=16478219458311 source_policy_cycle_id=39 source_mode=0 action_source=1 transition_reason=0 recovery_episode_id=0 q_rad=[-0.036200,1.001665,-1.531126,0.065367,1.103877,-1.719690,-0.054302,1.360016,-1.490620,-0.095253,1.342304,-1.502628]
[ros2_control_node-3] [INFO] [1791434692.768639698] [StateRL]: [ABS-POLICY-CMD] event=command_write clock=steady_clock_ns write_ns=16479122938446 write_id=162 source_session_id=16478219458311 source_policy_cycle_id=39 source_mode=0 action_source=1 transition_reason=0 recovery_episode_id=0 q_rad=[-0.036200,1.001665,-1.531126,0.065367,1.103877,-1.719690,-0.054302,1.360016,-1.490620,-0.095253,1.342304,-1.502628]
[ros2_control_node-3] [INFO] [1791434692.769229003] [StateRL]: [ABS-POLICY-CMD] event=command_write clock=steady_clock_ns write_ns=16479123523966 write_id=163 source_session_id=16478219458311 source_policy_cycle_id=39 source_mode=0 action_source=1 transition_reason=0 recovery_episode_id=0 q_rad=[-0.036200,1.001665,-1.531126,0.065367,1.103877,-1.719690,-0.054302,1.360016,-1.490620,-0.095253,1.342304,-1.502628]
[ros2_control_node-3] [INFO] [1791434692.780901709] [StateRL]: [ABS-POLICY-CMD] event=command_write clock=steady_clock_ns write_ns=16479135185685 write_id=164 source_session_id=16478219458311 source_policy_cycle_id=40 source_mode=0 action_source=1 transition_reason=0 recovery_episode_id=0 q_rad=[-0.037988,0.959878,-1.460425,0.081782,1.088268,-1.659238,-0.108747,1.318726,-1.479628,-0.101393,1.326368,-1.442110]
[ros2_control_node-3] [INFO] [1791434692.781618582] [StateRL]: [ABS-POLICY-CMD] event=command_write clock=steady_clock_ns write_ns=16479135911464 write_id=165 source_session_id=16478219458311 source_policy_cycle_id=40 source_mode=0 action_source=1 transition_reason=0 recovery_episode_id=0 q_rad=[-0.037988,0.959878,-1.460425,0.081782,1.088268,-1.659238,-0.108747,1.318726,-1.479628,-0.101393,1.326368,-1.442110]
[ros2_control_node-3] [INFO] [1791434692.782505087] [StateRL]: [ABS-POLICY-CMD] event=command_write clock=steady_clock_ns write_ns=16479136775550 write_id=166 source_session_id=16478219458311 source_policy_cycle_id=40 source_mode=0 action_source=1 transition_reason=0 recovery_episode_id=0 q_rad=[-0.037988,0.959878,-1.460425,0.081782,1.088268,-1.659238,-0.108747,1.318726,-1.479628,-0.101393,1.326368,-1.442110]
[ros2_control_node-3] [INFO] [1791434692.783197512] [StateRL]: [ABS-POLICY-CMD] event=command_write clock=steady_clock_ns write_ns=16479137490998 write_id=167 source_session_id=16478219458311 source_policy_cycle_id=40 source_mode=0 action_source=1 transition_reason=0 recovery_episode_id=0 q_rad=[-0.037988,0.959878,-1.460425,0.081782,1.088268,-1.659238,-0.108747,1.318726,-1.479628,-0.101393,1.326368,-1.442110]
[ros2_control_node-3] [INFO] [1791434692.792764631] [StateRL]: [ABS-POLICY-CMD] event=command_write clock=steady_clock_ns write_ns=16479147049550 write_id=168 source_session_id=16478219458311 source_policy_cycle_id=41 source_mode=0 action_source=1 transition_reason=0 recovery_episode_id=0 q_rad=[-0.048529,0.938182,-1.440414,0.094482,1.090117,-1.562752,-0.165687,1.301774,-1.497584,-0.095529,1.306140,-1.382699]
[ros2_control_node-3] [INFO] [1791434692.793512888] [StateRL]: [ABS-POLICY-CMD] event=command_write clock=steady_clock_ns write_ns=16479147808246 write_id=169 source_session_id=16478219458311 source_policy_cycle_id=41 source_mode=0 action_source=1 transition_reason=0 recovery_episode_id=0 q_rad=[-0.048529,0.938182,-1.440414,0.094482,1.090117,-1.562752,-0.165687,1.301774,-1.497584,-0.095529,1.306140,-1.382699]
[ros2_control_node-3] [INFO] [1791434692.794099845] [StateRL]: [ABS-POLICY-CMD] event=command_write clock=steady_clock_ns write_ns=16479148396508 write_id=170 source_session_id=16478219458311 source_policy_cycle_id=41 source_mode=0 action_source=1 transition_reason=0 recovery_episode_id=0 q_rad=[-0.048529,0.938182,-1.440414,0.094482,1.090117,-1.562752,-0.165687,1.301774,-1.497584,-0.095529,1.306140,-1.382699]
[ros2_control_node-3] [INFO] [1791434692.794617820] [StateRL]: [ABS-POLICY-CMD] event=command_write clock=steady_clock_ns write_ns=16479148914788 write_id=171 source_session_id=16478219458311 source_policy_cycle_id=41 source_mode=0 action_source=1 transition_reason=0 recovery_episode_id=0 q_rad=[-0.048529,0.938182,-1.440414,0.094482,1.090117,-1.562752,-0.165687,1.301774,-1.497584,-0.095529,1.306140,-1.382699]
[ros2_control_node-3] [INFO] [1791434692.808207610] [StateRL]: [ABS-POLICY-CMD] event=command_write clock=steady_clock_ns write_ns=16479162489435 write_id=172 source_session_id=16478219458311 source_policy_cycle_id=42 source_mode=0 action_source=1 transition_reason=0 recovery_episode_id=0 q_rad=[-0.077368,0.932728,-1.461494,0.099970,1.102934,-1.449291,-0.232118,1.295193,-1.550861,-0.071729,1.269926,-1.319651]
[ros2_control_node-3] [INFO] [1791434692.808255905] [StateRL]: [ABS-LIVE-CMD] event=rl_command_write clock=steady_clock_ns timestamp_ns=16479162562994 sequence=450 controller_state=RL rl_active=1 finite=1 kp_zero=0 kd_zero=0 tau_zero=1 veto_reason= q=[-0.0774,0.9327,-1.4615,0.1000,1.1029,-1.4493,-0.2321,1.2952,-1.5509,-0.0717,1.2699,-1.3197] kp=[20.6400,20.6400,20.6400,20.6400,20.6400,20.6400,20.6400,20.6400,20.6400,20.6400,20.6400,20.6400] kd=[0.4472,0.4472,0.4472,0.4472,0.4472,0.4472,0.4472,0.4472,0.4472,0.4472,0.4472,0.4472] tau=[0.0000,0.0000,0.0000,0.0000,0.0000,0.0000,0.0000,0.0000,0.0000,0.0000,0.0000,0.0000]
[ros2_control_node-3] [INFO] [1791434692.809038809] [StateRL]: [ABS-POLICY-CMD] event=command_write clock=steady_clock_ns write_ns=16479163332289 write_id=173 source_session_id=16478219458311 source_policy_cycle_id=42 source_mode=0 action_source=1 transition_reason=0 recovery_episode_id=0 q_rad=[-0.077368,0.932728,-1.461494,0.099970,1.102934,-1.449291,-0.232118,1.295193,-1.550861,-0.071729,1.269926,-1.319651]
[ros2_control_node-3] [INFO] [1791434692.809550480] [StateRL]: [ABS-POLICY-CMD] event=command_write clock=steady_clock_ns write_ns=16479163846117 write_id=174 source_session_id=16478219458311 source_policy_cycle_id=42 source_mode=0 action_source=1 transition_reason=0 recovery_episode_id=0 q_rad=[-0.077368,0.932728,-1.461494,0.099970,1.102934,-1.449291,-0.232118,1.295193,-1.550861,-0.071729,1.269926,-1.319651]
[ros2_control_node-3] [INFO] [1791434692.810128987] [StateRL]: [ABS-POLICY-CMD] event=command_write clock=steady_clock_ns write_ns=16479164426923 write_id=175 source_session_id=16478219458311 source_policy_cycle_id=42 source_mode=0 action_source=1 transition_reason=0 recovery_episode_id=0 q_rad=[-0.077368,0.932728,-1.461494,0.099970,1.102934,-1.449291,-0.232118,1.295193,-1.550861,-0.071729,1.269926,-1.319651]
[ros2_control_node-3] [INFO] [1791434692.837303485] [StateRL]: [ABS-POLICY-CMD] event=command_write clock=steady_clock_ns write_ns=16479191560296 write_id=176 source_session_id=16478219458311 source_policy_cycle_id=43 source_mode=0 action_source=1 transition_reason=0 recovery_episode_id=0 q_rad=[-0.125026,0.931623,-1.525577,0.090009,1.105663,-1.353046,-0.293724,1.274610,-1.636507,-0.030901,1.212702,-1.255124]
[ros2_control_node-3] [INFO] [1791434692.838066101] [StateRL]: [ABS-POLICY-CMD] event=command_write clock=steady_clock_ns write_ns=16479192359987 write_id=177 source_session_id=16478219458311 source_policy_cycle_id=43 source_mode=0 action_source=1 transition_reason=0 recovery_episode_id=0 q_rad=[-0.125026,0.931623,-1.525577,0.090009,1.105663,-1.353046,-0.293724,1.274610,-1.636507,-0.030901,1.212702,-1.255124]
[ros2_control_node-3] [INFO] [1791434692.838698975] [StateRL]: [ABS-POLICY-CMD] event=command_write clock=steady_clock_ns write_ns=16479192990531 write_id=178 source_session_id=16478219458311 source_policy_cycle_id=43 source_mode=0 action_source=1 transition_reason=0 recovery_episode_id=0 q_rad=[-0.125026,0.931623,-1.525577,0.090009,1.105663,-1.353046,-0.293724,1.274610,-1.636507,-0.030901,1.212702,-1.255124]
[ros2_control_node-3] [INFO] [1791434692.839154533] [StateRL]: [ABS-POLICY-CMD] event=command_write clock=steady_clock_ns write_ns=16479193450626 write_id=179 source_session_id=16478219458311 source_policy_cycle_id=43 source_mode=0 action_source=1 transition_reason=0 recovery_episode_id=0 q_rad=[-0.125026,0.931623,-1.525577,0.090009,1.105663,-1.353046,-0.293724,1.274610,-1.636507,-0.030901,1.212702,-1.255124]
[ros2_control_node-3] [INFO] [1791434692.858247838] [StateRL]: [ABS-POLICY-CMD] event=command_write clock=steady_clock_ns write_ns=16479212525056 write_id=180 source_session_id=16478219458311 source_policy_cycle_id=44 source_mode=0 action_source=1 transition_reason=0 recovery_episode_id=0 q_rad=[-0.178235,0.942683,-1.768718,0.088029,1.073841,-1.216845,-0.337391,1.241077,-1.755658,0.048773,1.092647,-1.159561]
[ros2_control_node-3] [INFO] [1791434692.859015952] [StateRL]: [ABS-POLICY-CMD] event=command_write clock=steady_clock_ns write_ns=16479213309740 write_id=181 source_session_id=16478219458311 source_policy_cycle_id=44 source_mode=0 action_source=1 transition_reason=0 recovery_episode_id=0 q_rad=[-0.178235,0.942683,-1.768718,0.088029,1.073841,-1.216845,-0.337391,1.241077,-1.755658,0.048773,1.092647,-1.159561]
[ros2_control_node-3] [INFO] [1791434692.859607760] [StateRL]: [ABS-POLICY-CMD] event=command_write clock=steady_clock_ns write_ns=16479213904294 write_id=182 source_session_id=16478219458311 source_policy_cycle_id=44 source_mode=0 action_source=1 transition_reason=0 recovery_episode_id=0 q_rad=[-0.178235,0.942683,-1.768718,0.088029,1.073841,-1.216845,-0.337391,1.241077,-1.755658,0.048773,1.092647,-1.159561]
[ros2_control_node-3] [INFO] [1791434692.860238126] [StateRL]: [ABS-POLICY-CMD] event=command_write clock=steady_clock_ns write_ns=16479214535273 write_id=183 source_session_id=16478219458311 source_policy_cycle_id=44 source_mode=0 action_source=1 transition_reason=0 recovery_episode_id=0 q_rad=[-0.178235,0.942683,-1.768718,0.088029,1.073841,-1.216845,-0.337391,1.241077,-1.755658,0.048773,1.092647,-1.159561]
[ros2_control_node-3] [INFO] [1791434692.876211573] [StateRL]: [ABS-POLICY-CMD] event=command_write clock=steady_clock_ns write_ns=16479230482514 write_id=184 source_session_id=16478219458311 source_policy_cycle_id=45 source_mode=0 action_source=1 transition_reason=0 recovery_episode_id=0 q_rad=[-0.286914,1.011905,-1.977048,0.054455,0.900411,-1.100703,-0.335085,1.154660,-1.810906,0.069977,0.907734,-1.058016]
[ros2_control_node-3] [INFO] [1791434692.877099378] [StateRL]: [ABS-POLICY-CMD] event=command_write clock=steady_clock_ns write_ns=16479231393989 write_id=185 source_session_id=16478219458311 source_policy_cycle_id=45 source_mode=0 action_source=1 transition_reason=0 recovery_episode_id=0 q_rad=[-0.286914,1.011905,-1.977048,0.054455,0.900411,-1.100703,-0.335085,1.154660,-1.810906,0.069977,0.907734,-1.058016]
[ros2_control_node-3] [INFO] [1791434692.877791003] [StateRL]: [ABS-POLICY-CMD] event=command_write clock=steady_clock_ns write_ns=16479232085732 write_id=186 source_session_id=16478219458311 source_policy_cycle_id=45 source_mode=0 action_source=1 transition_reason=0 recovery_episode_id=0 q_rad=[-0.286914,1.011905,-1.977048,0.054455,0.900411,-1.100703,-0.335085,1.154660,-1.810906,0.069977,0.907734,-1.058016]
[ros2_control_node-3] [INFO] [1791434692.878330519] [StateRL]: [ABS-POLICY-CMD] event=command_write clock=steady_clock_ns write_ns=16479232628173 write_id=187 source_session_id=16478219458311 source_policy_cycle_id=45 source_mode=0 action_source=1 transition_reason=0 recovery_episode_id=0 q_rad=[-0.286914,1.011905,-1.977048,0.054455,0.900411,-1.100703,-0.335085,1.154660,-1.810906,0.069977,0.907734,-1.058016]
[ros2_control_node-3] [INFO] [1791434692.894218068] [StateRL]: [ABS-POLICY-CMD] event=command_write clock=steady_clock_ns write_ns=16479248503704 write_id=188 source_session_id=16478219458311 source_policy_cycle_id=46 source_mode=0 action_source=1 transition_reason=0 recovery_episode_id=0 q_rad=[-0.360262,0.918489,-2.229675,-0.079228,0.926786,-1.035156,-0.218084,1.002516,-1.989064,0.213506,1.225002,-1.242896]
[ros2_control_node-3] [INFO] [1791434692.894956205] [StateRL]: [ABS-POLICY-CMD] event=command_write clock=steady_clock_ns write_ns=16479249251684 write_id=189 source_session_id=16478219458311 source_policy_cycle_id=46 source_mode=0 action_source=1 transition_reason=0 recovery_episode_id=0 q_rad=[-0.360262,0.918489,-2.229675,-0.079228,0.926786,-1.035156,-0.218084,1.002516,-1.989064,0.213506,1.225002,-1.242896]
[ros2_control_node-3] [INFO] [1791434692.895513776] [StateRL]: [ABS-POLICY-CMD] event=command_write clock=steady_clock_ns write_ns=16479249812359 write_id=190 source_session_id=16478219458311 source_policy_cycle_id=46 source_mode=0 action_source=1 transition_reason=0 recovery_episode_id=0 q_rad=[-0.360262,0.918489,-2.229675,-0.079228,0.926786,-1.035156,-0.218084,1.002516,-1.989064,0.213506,1.225002,-1.242896]
[ros2_control_node-3] [INFO] [1791434692.896107188] [StateRL]: [ABS-POLICY-CMD] event=command_write clock=steady_clock_ns write_ns=16479250403929 write_id=191 source_session_id=16478219458311 source_policy_cycle_id=46 source_mode=0 action_source=1 transition_reason=0 recovery_episode_id=0 q_rad=[-0.360262,0.918489,-2.229675,-0.079228,0.926786,-1.035156,-0.218084,1.002516,-1.989064,0.213506,1.225002,-1.242896]
[ros2_control_node-3] [INFO] [1791434692.915384432] [StateRL]: [ABS-POLICY-CMD] event=command_write clock=steady_clock_ns write_ns=16479269666320 write_id=192 source_session_id=16478219458311 source_policy_cycle_id=47 source_mode=0 action_source=1 transition_reason=0 recovery_episode_id=0 q_rad=[-0.200917,0.576210,-2.267743,-0.079368,0.911759,-0.937845,0.040117,0.940303,-1.819447,0.321146,1.219700,-1.482550]
[ros2_control_node-3] [INFO] [1791434692.916981592] [StateRL]: [ABS-POLICY-CMD] event=command_write clock=steady_clock_ns write_ns=16479271271289 write_id=193 source_session_id=16478219458311 source_policy_cycle_id=47 source_mode=0 action_source=1 transition_reason=0 recovery_episode_id=0 q_rad=[-0.200917,0.576210,-2.267743,-0.079368,0.911759,-0.937845,0.040117,0.940303,-1.819447,0.321146,1.219700,-1.482550]
[ros2_control_node-3] [INFO] [1791434692.917950144] [StateRL]: [ABS-POLICY-CMD] event=command_write clock=steady_clock_ns write_ns=16479272243923 write_id=194 source_session_id=16478219458311 source_policy_cycle_id=47 source_mode=0 action_source=1 transition_reason=0 recovery_episode_id=0 q_rad=[-0.200917,0.576210,-2.267743,-0.079368,0.911759,-0.937845,0.040117,0.940303,-1.819447,0.321146,1.219700,-1.482550]
[ros2_control_node-3] [INFO] [1791434692.918929964] [StateRL]: [ABS-POLICY-CMD] event=command_write clock=steady_clock_ns write_ns=16479273225190 write_id=195 source_session_id=16478219458311 source_policy_cycle_id=47 source_mode=0 action_source=1 transition_reason=0 recovery_episode_id=0 q_rad=[-0.200917,0.576210,-2.267743,-0.079368,0.911759,-0.937845,0.040117,0.940303,-1.819447,0.321146,1.219700,-1.482550]
[ros2_control_node-3] [INFO] [1791434692.935258113] [StateRL]: [ABS-POLICY-CMD] event=command_write clock=steady_clock_ns write_ns=16479289546197 write_id=196 source_session_id=16478219458311 source_policy_cycle_id=48 source_mode=0 action_source=1 transition_reason=0 recovery_episode_id=0 q_rad=[0.062435,0.495450,-2.149918,0.078878,0.885946,-0.845674,0.288512,1.141471,-1.587796,0.400014,0.876805,-1.778930]
[ros2_control_node-3] [INFO] [1791434692.936416805] [StateRL]: [ABS-POLICY-CMD] event=command_write clock=steady_clock_ns write_ns=16479290703415 write_id=197 source_session_id=16478219458311 source_policy_cycle_id=48 source_mode=0 action_source=1 transition_reason=0 recovery_episode_id=0 q_rad=[0.062435,0.495450,-2.149918,0.078878,0.885946,-0.845674,0.288512,1.141471,-1.587796,0.400014,0.876805,-1.778930]
[ros2_control_node-3] [INFO] [1791434692.936461653] [StateRL]: [ABS-LIVE-CMD] event=rl_command_write clock=steady_clock_ns timestamp_ns=16479290768715 sequence=475 controller_state=RL rl_active=1 finite=1 kp_zero=0 kd_zero=0 tau_zero=1 veto_reason= q=[0.0624,0.4955,-2.1499,0.0789,0.8859,-0.8457,0.2885,1.1415,-1.5878,0.4000,0.8768,-1.7789] kp=[23.6400,23.6400,23.6400,23.6400,23.6400,23.6400,23.6400,23.6400,23.6400,23.6400,23.6400,23.6400] kd=[0.5122,0.5122,0.5122,0.5122,0.5122,0.5122,0.5122,0.5122,0.5122,0.5122,0.5122,0.5122] tau=[0.0000,0.0000,0.0000,0.0000,0.0000,0.0000,0.0000,0.0000,0.0000,0.0000,0.0000,0.0000]
[ros2_control_node-3] [INFO] [1791434692.938059478] [StateRL]: [ABS-POLICY-CMD] event=command_write clock=steady_clock_ns write_ns=16479292354355 write_id=198 source_session_id=16478219458311 source_policy_cycle_id=48 source_mode=0 action_source=1 transition_reason=0 recovery_episode_id=0 q_rad=[0.062435,0.495450,-2.149918,0.078878,0.885946,-0.845674,0.288512,1.141471,-1.587796,0.400014,0.876805,-1.778930]
[ros2_control_node-3] [INFO] [1791434692.939155457] [StateRL]: [ABS-POLICY-CMD] event=command_write clock=steady_clock_ns write_ns=16479293450602 write_id=199 source_session_id=16478219458311 source_policy_cycle_id=48 source_mode=0 action_source=1 transition_reason=0 recovery_episode_id=0 q_rad=[0.062435,0.495450,-2.149918,0.078878,0.885946,-0.845674,0.288512,1.141471,-1.587796,0.400014,0.876805,-1.778930]
[ros2_control_node-3] [INFO] [1791434692.940510215] [StateRL]: [ABS-LIVE-RAY-CHECK] clock=steady_clock_ns now_ns=16479294807775 checks=50 average_period_ms=0.000000
[ros2_control_node-3] [INFO] [1791434692.954307954] [StateRL]: [ABS-POLICY-CMD] event=command_write clock=steady_clock_ns write_ns=16479308594057 write_id=200 source_session_id=16478219458311 source_policy_cycle_id=49 source_mode=0 action_source=1 transition_reason=0 recovery_episode_id=0 q_rad=[0.048558,0.585133,-1.757039,0.340945,1.012318,-1.046518,0.123257,1.224842,-1.362923,0.375183,0.601988,-1.855749]
[ros2_control_node-3] [INFO] [1791434692.955540507] [StateRL]: [ABS-POLICY-CMD] event=command_write clock=steady_clock_ns write_ns=16479309834080 write_id=201 source_session_id=16478219458311 source_policy_cycle_id=49 source_mode=0 action_source=1 transition_reason=0 recovery_episode_id=0 q_rad=[0.048558,0.585133,-1.757039,0.340945,1.012318,-1.046518,0.123257,1.224842,-1.362923,0.375183,0.601988,-1.855749]
[ros2_control_node-3] [INFO] [1791434692.957143854] [StateRL]: [ABS-POLICY-CMD] event=command_write clock=steady_clock_ns write_ns=16479311435061 write_id=202 source_session_id=16478219458311 source_policy_cycle_id=49 source_mode=0 action_source=1 transition_reason=0 recovery_episode_id=0 q_rad=[0.048558,0.585133,-1.757039,0.340945,1.012318,-1.046518,0.123257,1.224842,-1.362923,0.375183,0.601988,-1.855749]
[ros2_control_node-3] [INFO] [1791434692.958590587] [StateRL]: [ABS-POLICY-CMD] event=command_write clock=steady_clock_ns write_ns=16479312882749 write_id=203 source_session_id=16478219458311 source_policy_cycle_id=49 source_mode=0 action_source=1 transition_reason=0 recovery_episode_id=0 q_rad=[0.048558,0.585133,-1.757039,0.340945,1.012318,-1.046518,0.123257,1.224842,-1.362923,0.375183,0.601988,-1.855749]
[ros2_control_node-3] [INFO] [1791434692.972366171] [StateRL]: [EVAL] step=50 t=1.000 robot=(0.078,0.003) yaw=-0.013 goal=(7.000,0.000) dist=6.922 body=(4.992,0.054) heading=0.027 arrived=0 ra=-0.33278 entry=-0.05000 recovery=0 hold=0 twist=(0.000,0.000,0.000) min_ray_log=0.662 max_ray_log=2.585 min_ray_m=1.582 lin_vel=(0.443,-0.145,-0.110) ang_vel=(-1.105,-0.128,-0.545) action_range=(-1.706,2.681) contact=(-1,1,1,-1)
[ros2_control_node-3] [INFO] [1791434692.972552909] [StateRL]: [ABS-POLICY-CMD] event=command_write clock=steady_clock_ns write_ns=16479326845208 write_id=204 source_session_id=16478219458311 source_policy_cycle_id=50 source_mode=0 action_source=1 transition_reason=0 recovery_episode_id=0 q_rad=[-0.092572,0.774191,-1.550769,0.670164,1.138416,-1.426982,-0.046222,1.274921,-1.312198,0.238483,0.603586,-1.926461]
[ros2_control_node-3] [INFO] [1791434692.974063362] [StateRL]: [ABS-POLICY-CMD] event=command_write clock=steady_clock_ns write_ns=16479328339848 write_id=205 source_session_id=16478219458311 source_policy_cycle_id=50 source_mode=0 action_source=1 transition_reason=0 recovery_episode_id=0 q_rad=[-0.092572,0.774191,-1.550769,0.670164,1.138416,-1.426982,-0.046222,1.274921,-1.312198,0.238483,0.603586,-1.926461]
[ros2_control_node-3] [INFO] [1791434692.975596848] [StateRL]: [ABS-POLICY-CMD] event=command_write clock=steady_clock_ns write_ns=16479329882143 write_id=206 source_session_id=16478219458311 source_policy_cycle_id=50 source_mode=0 action_source=1 transition_reason=0 recovery_episode_id=0 q_rad=[-0.092572,0.774191,-1.550769,0.670164,1.138416,-1.426982,-0.046222,1.274921,-1.312198,0.238483,0.603586,-1.926461]
[ros2_control_node-3] [INFO] [1791434692.976471903] [StateRL]: [ABS-POLICY-CMD] event=command_write clock=steady_clock_ns write_ns=16479330766687 write_id=207 source_session_id=16478219458311 source_policy_cycle_id=50 source_mode=0 action_source=1 transition_reason=0 recovery_episode_id=0 q_rad=[-0.092572,0.774191,-1.550769,0.670164,1.138416,-1.426982,-0.046222,1.274921,-1.312198,0.238483,0.603586,-1.926461]
[ros2_control_node-3] [INFO] [1791434692.983083704] [StateRL]: [ABS-POLICY-CMD] event=command_write clock=steady_clock_ns write_ns=16479337340313 write_id=208 source_session_id=16478219458311 source_policy_cycle_id=51 source_mode=0 action_source=1 transition_reason=0 recovery_episode_id=0 q_rad=[-0.103675,0.944950,-1.454795,0.790705,0.963194,-1.607250,-0.013959,1.299529,-1.325019,0.162499,0.659417,-1.894670]
[ros2_control_node-3] [INFO] [1791434692.984572068] [StateRL]: [ABS-POLICY-CMD] event=command_write clock=steady_clock_ns write_ns=16479338860196 write_id=209 source_session_id=16478219458311 source_policy_cycle_id=51 source_mode=0 action_source=1 transition_reason=0 recovery_episode_id=0 q_rad=[-0.103675,0.944950,-1.454795,0.790705,0.963194,-1.607250,-0.013959,1.299529,-1.325019,0.162499,0.659417,-1.894670]
[ros2_control_node-3] [INFO] [1791434692.986348656] [StateRL]: [ABS-POLICY-CMD] event=command_write clock=steady_clock_ns write_ns=16479340641867 write_id=210 source_session_id=16478219458311 source_policy_cycle_id=51 source_mode=0 action_source=1 transition_reason=0 recovery_episode_id=0 q_rad=[-0.103675,0.944950,-1.454795,0.790705,0.963194,-1.607250,-0.013959,1.299529,-1.325019,0.162499,0.659417,-1.894670]
[ros2_control_node-3] [INFO] [1791434692.987628118] [StateRL]: [ABS-POLICY-CMD] event=command_write clock=steady_clock_ns write_ns=16479341922795 write_id=211 source_session_id=16478219458311 source_policy_cycle_id=51 source_mode=0 action_source=1 transition_reason=0 recovery_episode_id=0 q_rad=[-0.103675,0.944950,-1.454795,0.790705,0.963194,-1.607250,-0.013959,1.299529,-1.325019,0.162499,0.659417,-1.894670]
[ros2_control_node-3] [INFO] [1791434693.018929380] [StateRL]: [ABS-POLICY-CMD] event=command_write clock=steady_clock_ns write_ns=16479373211246 write_id=212 source_session_id=16478219458311 source_policy_cycle_id=52 source_mode=0 action_source=1 transition_reason=0 recovery_episode_id=0 q_rad=[0.018208,1.013230,-1.387419,0.825985,0.710754,-1.620201,0.013178,1.253992,-1.329933,0.118357,0.676769,-1.798539]
[ros2_control_node-3] [INFO] [1791434693.021153469] [StateRL]: [ABS-POLICY-CMD] event=command_write clock=steady_clock_ns write_ns=16479375434128 write_id=213 source_session_id=16478219458311 source_policy_cycle_id=52 source_mode=0 action_source=1 transition_reason=0 recovery_episode_id=0 q_rad=[0.018208,1.013230,-1.387419,0.825985,0.710754,-1.620201,0.013178,1.253992,-1.329933,0.118357,0.676769,-1.798539]
[ros2_control_node-3] [INFO] [1791434693.022422047] [StateRL]: [ABS-POLICY-CMD] event=command_write clock=steady_clock_ns write_ns=16479376697887 write_id=214 source_session_id=16478219458311 source_policy_cycle_id=52 source_mode=0 action_source=1 transition_reason=0 recovery_episode_id=0 q_rad=[0.018208,1.013230,-1.387419,0.825985,0.710754,-1.620201,0.013178,1.253992,-1.329933,0.118357,0.676769,-1.798539]
[ros2_control_node-3] [INFO] [1791434693.023934684] [StateRL]: [ABS-POLICY-CMD] event=command_write clock=steady_clock_ns write_ns=16479378224340 write_id=215 source_session_id=16478219458311 source_policy_cycle_id=52 source_mode=0 action_source=1 transition_reason=0 recovery_episode_id=0 q_rad=[0.018208,1.013230,-1.387419,0.825985,0.710754,-1.620201,0.013178,1.253992,-1.329933,0.118357,0.676769,-1.798539]
[ros2_control_node-3] [INFO] [1791434693.045346315] [StateRL]: [ABS-POLICY-CMD] event=command_write clock=steady_clock_ns write_ns=16479399628164 write_id=216 source_session_id=16478219458311 source_policy_cycle_id=53 source_mode=0 action_source=1 transition_reason=0 recovery_episode_id=0 q_rad=[0.014239,1.125029,-1.439777,0.670759,0.635251,-1.703678,0.074212,1.271068,-1.247731,0.012672,0.867423,-1.798071]
[ros2_control_node-3] [INFO] [1791434693.047208946] [StateRL]: [ABS-POLICY-CMD] event=command_write clock=steady_clock_ns write_ns=16479401493372 write_id=217 source_session_id=16478219458311 source_policy_cycle_id=53 source_mode=0 action_source=1 transition_reason=0 recovery_episode_id=0 q_rad=[0.014239,1.125029,-1.439777,0.670759,0.635251,-1.703678,0.074212,1.271068,-1.247731,0.012672,0.867423,-1.798071]
[ros2_control_node-3] [INFO] [1791434693.047636792] [StateRL]: [ABS-POLICY-CMD] event=command_write clock=steady_clock_ns write_ns=16479401935546 write_id=218 source_session_id=16478219458311 source_policy_cycle_id=53 source_mode=0 action_source=1 transition_reason=0 recovery_episode_id=0 q_rad=[0.014239,1.125029,-1.439777,0.670759,0.635251,-1.703678,0.074212,1.271068,-1.247731,0.012672,0.867423,-1.798071]
[ros2_control_node-3] [INFO] [1791434693.049269435] [StateRL]: [ABS-POLICY-CMD] event=command_write clock=steady_clock_ns write_ns=16479403550774 write_id=219 source_session_id=16478219458311 source_policy_cycle_id=53 source_mode=0 action_source=1 transition_reason=0 recovery_episode_id=0 q_rad=[0.014239,1.125029,-1.439777,0.670759,0.635251,-1.703678,0.074212,1.271068,-1.247731,0.012672,0.867423,-1.798071]
[ros2_control_node-3] [INFO] [1791434693.068362029] [StateRL]: [ABS-POLICY-CMD] event=command_write clock=steady_clock_ns write_ns=16479422646446 write_id=220 source_session_id=16478219458311 source_policy_cycle_id=54 source_mode=0 action_source=1 transition_reason=0 recovery_episode_id=0 q_rad=[-0.129729,1.313567,-1.514212,0.615209,0.557284,-1.746391,0.126160,1.354730,-1.240280,-0.047241,1.028167,-1.775085]
[ros2_control_node-3] [INFO] [1791434693.069671347] [StateRL]: [ABS-POLICY-CMD] event=command_write clock=steady_clock_ns write_ns=16479423965804 write_id=221 source_session_id=16478219458311 source_policy_cycle_id=54 source_mode=0 action_source=1 transition_reason=0 recovery_episode_id=0 q_rad=[-0.129729,1.313567,-1.514212,0.615209,0.557284,-1.746391,0.126160,1.354730,-1.240280,-0.047241,1.028167,-1.775085]
[ros2_control_node-3] [INFO] [1791434693.070670334] [StateRL]: [ABS-POLICY-CMD] event=command_write clock=steady_clock_ns write_ns=16479424965130 write_id=222 source_session_id=16478219458311 source_policy_cycle_id=54 source_mode=0 action_source=1 transition_reason=0 recovery_episode_id=0 q_rad=[-0.129729,1.313567,-1.514212,0.615209,0.557284,-1.746391,0.126160,1.354730,-1.240280,-0.047241,1.028167,-1.775085]
[ros2_control_node-3] [INFO] [1791434693.070705347] [StateRL]: [ABS-LIVE-CMD] event=rl_command_write clock=steady_clock_ns timestamp_ns=16479425012436 sequence=500 controller_state=RL rl_active=1 finite=1 kp_zero=0 kd_zero=0 tau_zero=1 veto_reason= q=[-0.1297,1.3136,-1.5142,0.6152,0.5573,-1.7464,0.1262,1.3547,-1.2403,-0.0472,1.0282,-1.7751] kp=[26.6400,26.6400,26.6400,26.6400,26.6400,26.6400,26.6400,26.6400,26.6400,26.6400,26.6400,26.6400] kd=[0.5772,0.5772,0.5772,0.5772,0.5772,0.5772,0.5772,0.5772,0.5772,0.5772,0.5772,0.5772] tau=[0.0000,0.0000,0.0000,0.0000,0.0000,0.0000,0.0000,0.0000,0.0000,0.0000,0.0000,0.0000]
[ros2_control_node-3] [INFO] [1791434693.072487571] [StateRL]: [ABS-POLICY-CMD] event=command_write clock=steady_clock_ns write_ns=16479426774421 write_id=223 source_session_id=16478219458311 source_policy_cycle_id=54 source_mode=0 action_source=1 transition_reason=0 recovery_episode_id=0 q_rad=[-0.129729,1.313567,-1.514212,0.615209,0.557284,-1.746391,0.126160,1.354730,-1.240280,-0.047241,1.028167,-1.775085]
[ros2_control_node-3] [INFO] [1791434693.092352161] [StateRL]: [ABS-POLICY-CMD] event=command_write clock=steady_clock_ns write_ns=16479446628333 write_id=224 source_session_id=16478219458311 source_policy_cycle_id=55 source_mode=0 action_source=1 transition_reason=0 recovery_episode_id=0 q_rad=[-0.132123,1.327999,-1.556718,0.474969,0.545269,-1.759161,0.115063,1.402050,-1.234512,-0.111982,1.114714,-1.615646]
[ros2_control_node-3] [INFO] [1791434693.094326240] [StateRL]: [ABS-POLICY-CMD] event=command_write clock=steady_clock_ns write_ns=16479448618115 write_id=225 source_session_id=16478219458311 source_policy_cycle_id=55 source_mode=0 action_source=1 transition_reason=0 recovery_episode_id=0 q_rad=[-0.132123,1.327999,-1.556718,0.474969,0.545269,-1.759161,0.115063,1.402050,-1.234512,-0.111982,1.114714,-1.615646]
[ros2_control_node-3] [INFO] [1791434693.095296043] [StateRL]: [ABS-POLICY-CMD] event=command_write clock=steady_clock_ns write_ns=16479449589187 write_id=226 source_session_id=16478219458311 source_policy_cycle_id=55 source_mode=0 action_source=1 transition_reason=0 recovery_episode_id=0 q_rad=[-0.132123,1.327999,-1.556718,0.474969,0.545269,-1.759161,0.115063,1.402050,-1.234512,-0.111982,1.114714,-1.615646]
[ros2_control_node-3] [INFO] [1791434693.096446091] [StateRL]: [ABS-POLICY-CMD] event=command_write clock=steady_clock_ns write_ns=16479450740149 write_id=227 source_session_id=16478219458311 source_policy_cycle_id=55 source_mode=0 action_source=1 transition_reason=0 recovery_episode_id=0 q_rad=[-0.132123,1.327999,-1.556718,0.474969,0.545269,-1.759161,0.115063,1.402050,-1.234512,-0.111982,1.114714,-1.615646]
[ros2_control_node-3] [INFO] [1791434693.107313611] [StateRL]: [ABS-POLICY-CMD] event=command_write clock=steady_clock_ns write_ns=16479461596587 write_id=228 source_session_id=16478219458311 source_policy_cycle_id=56 source_mode=0 action_source=1 transition_reason=0 recovery_episode_id=0 q_rad=[-0.015493,1.225254,-1.546931,0.292024,0.552311,-1.719645,0.065806,1.345359,-1.204619,-0.110359,1.181997,-1.469257]
[ros2_control_node-3] [INFO] [1791434693.108483761] [StateRL]: [ABS-POLICY-CMD] event=command_write clock=steady_clock_ns write_ns=16479462775840 write_id=229 source_session_id=16478219458311 source_policy_cycle_id=56 source_mode=0 action_source=1 transition_reason=0 recovery_episode_id=0 q_rad=[-0.015493,1.225254,-1.546931,0.292024,0.552311,-1.719645,0.065806,1.345359,-1.204619,-0.110359,1.181997,-1.469257]
[ros2_control_node-3] [INFO] [1791434693.109114402] [StateRL]: [ABS-POLICY-CMD] event=command_write clock=steady_clock_ns write_ns=16479463401131 write_id=230 source_session_id=16478219458311 source_policy_cycle_id=56 source_mode=0 action_source=1 transition_reason=0 recovery_episode_id=0 q_rad=[-0.015493,1.225254,-1.546931,0.292024,0.552311,-1.719645,0.065806,1.345359,-1.204619,-0.110359,1.181997,-1.469257]
[ros2_control_node-3] [INFO] [1791434693.109757447] [StateRL]: [ABS-POLICY-CMD] event=command_write clock=steady_clock_ns write_ns=16479464055430 write_id=231 source_session_id=16478219458311 source_policy_cycle_id=56 source_mode=0 action_source=1 transition_reason=0 recovery_episode_id=0 q_rad=[-0.015493,1.225254,-1.546931,0.292024,0.552311,-1.719645,0.065806,1.345359,-1.204619,-0.110359,1.181997,-1.469257]
[ros2_control_node-3] [INFO] [1791434693.114342182] [StateRL]: [ABS-POLICY-CMD] event=command_write clock=steady_clock_ns write_ns=16479468613273 write_id=232 source_session_id=16478219458311 source_policy_cycle_id=57 source_mode=0 action_source=1 transition_reason=0 recovery_episode_id=0 q_rad=[0.027524,1.179158,-1.478113,0.204256,0.565776,-1.644104,0.022189,1.326553,-1.178569,-0.107396,1.157178,-1.408185]
[ros2_control_node-3] [INFO] [1791434693.116487449] [StateRL]: [ABS-POLICY-CMD] event=command_write clock=steady_clock_ns write_ns=16479470773595 write_id=233 source_session_id=16478219458311 source_policy_cycle_id=57 source_mode=0 action_source=1 transition_reason=0 recovery_episode_id=0 q_rad=[0.027524,1.179158,-1.478113,0.204256,0.565776,-1.644104,0.022189,1.326553,-1.178569,-0.107396,1.157178,-1.408185]
[ros2_control_node-3] [INFO] [1791434693.117022785] [StateRL]: [ABS-POLICY-CMD] event=command_write clock=steady_clock_ns write_ns=16479471322029 write_id=234 source_session_id=16478219458311 source_policy_cycle_id=57 source_mode=0 action_source=1 transition_reason=0 recovery_episode_id=0 q_rad=[0.027524,1.179158,-1.478113,0.204256,0.565776,-1.644104,0.022189,1.326553,-1.178569,-0.107396,1.157178,-1.408185]
[ros2_control_node-3] [INFO] [1791434693.117444958] [StateRL]: [ABS-POLICY-CMD] event=command_write clock=steady_clock_ns write_ns=16479471745047 write_id=235 source_session_id=16478219458311 source_policy_cycle_id=57 source_mode=0 action_source=1 transition_reason=0 recovery_episode_id=0 q_rad=[0.027524,1.179158,-1.478113,0.204256,0.565776,-1.644104,0.022189,1.326553,-1.178569,-0.107396,1.157178,-1.408185]
[ros2_control_node-3] [INFO] [1791434693.136190066] [StateRL]: [ABS-POLICY-CMD] event=command_write clock=steady_clock_ns write_ns=16479490468661 write_id=236 source_session_id=16478219458311 source_policy_cycle_id=58 source_mode=0 action_source=1 transition_reason=0 recovery_episode_id=0 q_rad=[0.026023,1.169817,-1.412986,0.158855,0.596338,-1.557898,-0.018816,1.326863,-1.157812,-0.107547,1.128704,-1.346969]
[ros2_control_node-3] [INFO] [1791434693.137557698] [StateRL]: [ABS-POLICY-CMD] event=command_write clock=steady_clock_ns write_ns=16479491844604 write_id=237 source_session_id=16478219458311 source_policy_cycle_id=58 source_mode=0 action_source=1 transition_reason=0 recovery_episode_id=0 q_rad=[0.026023,1.169817,-1.412986,0.158855,0.596338,-1.557898,-0.018816,1.326863,-1.157812,-0.107547,1.128704,-1.346969]
[ros2_control_node-3] [INFO] [1791434693.138030665] [StateRL]: [ABS-POLICY-CMD] event=command_write clock=steady_clock_ns write_ns=16479492331947 write_id=238 source_session_id=16478219458311 source_policy_cycle_id=58 source_mode=0 action_source=1 transition_reason=0 recovery_episode_id=0 q_rad=[0.026023,1.169817,-1.412986,0.158855,0.596338,-1.557898,-0.018816,1.326863,-1.157812,-0.107547,1.128704,-1.346969]
[ros2_control_node-3] [INFO] [1791434693.139070608] [StateRL]: [ABS-POLICY-CMD] event=command_write clock=steady_clock_ns write_ns=16479493366862 write_id=239 source_session_id=16478219458311 source_policy_cycle_id=58 source_mode=0 action_source=1 transition_reason=0 recovery_episode_id=0 q_rad=[0.026023,1.169817,-1.412986,0.158855,0.596338,-1.557898,-0.018816,1.326863,-1.157812,-0.107547,1.128704,-1.346969]
[ros2_control_node-3] [INFO] [1791434693.167290004] [StateRL]: [ABS-POLICY-CMD] event=command_write clock=steady_clock_ns write_ns=16479521556106 write_id=240 source_session_id=16478219458311 source_policy_cycle_id=59 source_mode=0 action_source=1 transition_reason=0 recovery_episode_id=0 q_rad=[0.093000,1.084554,-1.220366,0.143564,0.725477,-1.349558,-0.218499,1.392544,-1.187709,-0.108119,1.063803,-1.245471]
[ros2_control_node-3] [INFO] [1791434693.168876977] [StateRL]: [ABS-POLICY-CMD] event=command_write clock=steady_clock_ns write_ns=16479523168560 write_id=241 source_session_id=16478219458311 source_policy_cycle_id=59 source_mode=0 action_source=1 transition_reason=0 recovery_episode_id=0 q_rad=[0.093000,1.084554,-1.220366,0.143564,0.725477,-1.349558,-0.218499,1.392544,-1.187709,-0.108119,1.063803,-1.245471]
[ros2_control_node-3] [INFO] [1791434693.169418927] [StateRL]: [ABS-POLICY-CMD] event=command_write clock=steady_clock_ns write_ns=16479523719450 write_id=242 source_session_id=16478219458311 source_policy_cycle_id=59 source_mode=0 action_source=1 transition_reason=0 recovery_episode_id=0 q_rad=[0.093000,1.084554,-1.220366,0.143564,0.725477,-1.349558,-0.218499,1.392544,-1.187709,-0.108119,1.063803,-1.245471]
[ros2_control_node-3] [INFO] [1791434693.170539610] [StateRL]: [ABS-POLICY-CMD] event=command_write clock=steady_clock_ns write_ns=16479524837887 write_id=243 source_session_id=16478219458311 source_policy_cycle_id=59 source_mode=0 action_source=1 transition_reason=0 recovery_episode_id=0 q_rad=[0.093000,1.084554,-1.220366,0.143564,0.725477,-1.349558,-0.218499,1.392544,-1.187709,-0.108119,1.063803,-1.245471]
[ros2_control_node-3] [INFO] [1791434693.183170612] [StateRL]: [ABS-POLICY-CMD] event=command_write clock=steady_clock_ns write_ns=16479537449836 write_id=244 source_session_id=16478219458311 source_policy_cycle_id=60 source_mode=0 action_source=1 transition_reason=0 recovery_episode_id=0 q_rad=[0.109578,0.885011,-1.007540,0.255518,0.881203,-1.104476,-0.610039,1.439348,-1.446768,-0.084970,1.216863,-1.109719]
[ros2_control_node-3] [INFO] [1791434693.184802128] [StateRL]: [ABS-POLICY-CMD] event=command_write clock=steady_clock_ns write_ns=16479539096736 write_id=245 source_session_id=16478219458311 source_policy_cycle_id=60 source_mode=0 action_source=1 transition_reason=0 recovery_episode_id=0 q_rad=[0.109578,0.885011,-1.007540,0.255518,0.881203,-1.104476,-0.610039,1.439348,-1.446768,-0.084970,1.216863,-1.109719]
[ros2_control_node-3] [INFO] [1791434693.185588796] [StateRL]: [ABS-POLICY-CMD] event=command_write clock=steady_clock_ns write_ns=16479539887388 write_id=246 source_session_id=16478219458311 source_policy_cycle_id=60 source_mode=0 action_source=1 transition_reason=0 recovery_episode_id=0 q_rad=[0.109578,0.885011,-1.007540,0.255518,0.881203,-1.104476,-0.610039,1.439348,-1.446768,-0.084970,1.216863,-1.109719]
[ros2_control_node-3] [INFO] [1791434693.186631421] [StateRL]: [ABS-POLICY-CMD] event=command_write clock=steady_clock_ns write_ns=16479540929768 write_id=247 source_session_id=16478219458311 source_policy_cycle_id=60 source_mode=0 action_source=1 transition_reason=0 recovery_episode_id=0 q_rad=[0.109578,0.885011,-1.007540,0.255518,0.881203,-1.104476,-0.610039,1.439348,-1.446768,-0.084970,1.216863,-1.109719]
[ros2_control_node-3] [INFO] [1791434693.186659321] [StateRL]: [ABS-LIVE-CMD] event=rl_command_write clock=steady_clock_ns timestamp_ns=16479540966394 sequence=525 controller_state=RL rl_active=1 finite=1 kp_zero=0 kd_zero=0 tau_zero=1 veto_reason= q=[0.1096,0.8850,-1.0075,0.2555,0.8812,-1.1045,-0.6100,1.4393,-1.4468,-0.0850,1.2169,-1.1097] kp=[29.6400,29.6400,29.6400,29.6400,29.6400,29.6400,29.6400,29.6400,29.6400,29.6400,29.6400,29.6400] kd=[0.6422,0.6422,0.6422,0.6422,0.6422,0.6422,0.6422,0.6422,0.6422,0.6422,0.6422,0.6422] tau=[0.0000,0.0000,0.0000,0.0000,0.0000,0.0000,0.0000,0.0000,0.0000,0.0000,0.0000,0.0000]
[ros2_control_node-3] [INFO] [1791434693.201145604] [StateRL]: [ABS-POLICY-CMD] event=command_write clock=steady_clock_ns write_ns=16479555411252 write_id=248 source_session_id=16478219458311 source_policy_cycle_id=61 source_mode=0 action_source=1 transition_reason=0 recovery_episode_id=0 q_rad=[0.022408,1.033040,-1.284345,0.153419,0.933371,-1.042746,-0.551570,1.263167,-1.544190,-0.064318,1.275616,-1.115521]
[ros2_control_node-3] [INFO] [1791434693.202609189] [StateRL]: [ABS-POLICY-CMD] event=command_write clock=steady_clock_ns write_ns=16479556904525 write_id=249 source_session_id=16478219458311 source_policy_cycle_id=61 source_mode=0 action_source=1 transition_reason=0 recovery_episode_id=0 q_rad=[0.022408,1.033040,-1.284345,0.153419,0.933371,-1.042746,-0.551570,1.263167,-1.544190,-0.064318,1.275616,-1.115521]
[ros2_control_node-3] [INFO] [1791434693.203417010] [StateRL]: [ABS-POLICY-CMD] event=command_write clock=steady_clock_ns write_ns=16479557715219 write_id=250 source_session_id=16478219458311 source_policy_cycle_id=61 source_mode=0 action_source=1 transition_reason=0 recovery_episode_id=0 q_rad=[0.022408,1.033040,-1.284345,0.153419,0.933371,-1.042746,-0.551570,1.263167,-1.544190,-0.064318,1.275616,-1.115521]
[ros2_control_node-3] [INFO] [1791434693.204452062] [StateRL]: [ABS-POLICY-CMD] event=command_write clock=steady_clock_ns write_ns=16479558750168 write_id=251 source_session_id=16478219458311 source_policy_cycle_id=61 source_mode=0 action_source=1 transition_reason=0 recovery_episode_id=0 q_rad=[0.022408,1.033040,-1.284345,0.153419,0.933371,-1.042746,-0.551570,1.263167,-1.544190,-0.064318,1.275616,-1.115521]
[ros2_control_node-3] [INFO] [1791434693.219220020] [StateRL]: [ABS-POLICY-CMD] event=command_write clock=steady_clock_ns write_ns=16479573503918 write_id=252 source_session_id=16478219458311 source_policy_cycle_id=62 source_mode=0 action_source=1 transition_reason=0 recovery_episode_id=0 q_rad=[-0.239820,1.275036,-1.686808,0.025047,0.968534,-1.131103,-0.357905,1.112507,-1.650846,-0.068155,1.245336,-1.091141]
[ros2_control_node-3] [INFO] [1791434693.220857647] [StateRL]: [ABS-POLICY-CMD] event=command_write clock=steady_clock_ns write_ns=16479575153611 write_id=253 source_session_id=16478219458311 source_policy_cycle_id=62 source_mode=0 action_source=1 transition_reason=0 recovery_episode_id=0 q_rad=[-0.239820,1.275036,-1.686808,0.025047,0.968534,-1.131103,-0.357905,1.112507,-1.650846,-0.068155,1.245336,-1.091141]
[ros2_control_node-3] [INFO] [1791434693.221647786] [StateRL]: [ABS-POLICY-CMD] event=command_write clock=steady_clock_ns write_ns=16479575946016 write_id=254 source_session_id=16478219458311 source_policy_cycle_id=62 source_mode=0 action_source=1 transition_reason=0 recovery_episode_id=0 q_rad=[-0.239820,1.275036,-1.686808,0.025047,0.968534,-1.131103,-0.357905,1.112507,-1.650846,-0.068155,1.245336,-1.091141]
[ros2_control_node-3] [INFO] [1791434693.222020709] [StateRL]: [ABS-POLICY-CMD] event=command_write clock=steady_clock_ns write_ns=16479576322216 write_id=255 source_session_id=16478219458311 source_policy_cycle_id=62 source_mode=0 action_source=1 transition_reason=0 recovery_episode_id=0 q_rad=[-0.239820,1.275036,-1.686808,0.025047,0.968534,-1.131103,-0.357905,1.112507,-1.650846,-0.068155,1.245336,-1.091141]
[ros2_control_node-3] [INFO] [1791434693.239390584] [StateRL]: [ABS-POLICY-CMD] event=command_write clock=steady_clock_ns write_ns=16479593670936 write_id=256 source_session_id=16478219458311 source_policy_cycle_id=63 source_mode=0 action_source=1 transition_reason=0 recovery_episode_id=0 q_rad=[-0.388436,1.233862,-1.813495,-0.113544,0.931740,-1.218802,-0.371391,1.031694,-1.686073,-0.046912,1.178978,-1.015377]
[ros2_control_node-3] [INFO] [1791434693.240763110] [StateRL]: [ABS-POLICY-CMD] event=command_write clock=steady_clock_ns write_ns=16479595048251 write_id=257 source_session_id=16478219458311 source_policy_cycle_id=63 source_mode=0 action_source=1 transition_reason=0 recovery_episode_id=0 q_rad=[-0.388436,1.233862,-1.813495,-0.113544,0.931740,-1.218802,-0.371391,1.031694,-1.686073,-0.046912,1.178978,-1.015377]
[ros2_control_node-3] [INFO] [1791434693.242166244] [StateRL]: [ABS-POLICY-CMD] event=command_write clock=steady_clock_ns write_ns=16479596458949 write_id=258 source_session_id=16478219458311 source_policy_cycle_id=63 source_mode=0 action_source=1 transition_reason=0 recovery_episode_id=0 q_rad=[-0.388436,1.233862,-1.813495,-0.113544,0.931740,-1.218802,-0.371391,1.031694,-1.686073,-0.046912,1.178978,-1.015377]
[ros2_control_node-3] [INFO] [1791434693.242538512] [StateRL]: [ABS-POLICY-CMD] event=command_write clock=steady_clock_ns write_ns=16479596839637 write_id=259 source_session_id=16478219458311 source_policy_cycle_id=63 source_mode=0 action_source=1 transition_reason=0 recovery_episode_id=0 q_rad=[-0.388436,1.233862,-1.813495,-0.113544,0.931740,-1.218802,-0.371391,1.031694,-1.686073,-0.046912,1.178978,-1.015377]
[ros2_control_node-3] [INFO] [1791434693.265472623] [StateRL]: [ABS-POLICY-CMD] event=command_write clock=steady_clock_ns write_ns=16479619741242 write_id=260 source_session_id=16478219458311 source_policy_cycle_id=64 source_mode=0 action_source=1 transition_reason=0 recovery_episode_id=0 q_rad=[-0.481332,0.938451,-1.868662,-0.165985,0.938044,-1.162515,-0.355085,0.902655,-1.708697,-0.073554,1.012118,-0.971888]
[ros2_control_node-3] [INFO] [1791434693.267112806] [StateRL]: [ABS-POLICY-CMD] event=command_write clock=steady_clock_ns write_ns=16479621391453 write_id=261 source_session_id=16478219458311 source_policy_cycle_id=64 source_mode=0 action_source=1 transition_reason=0 recovery_episode_id=0 q_rad=[-0.481332,0.938451,-1.868662,-0.165985,0.938044,-1.162515,-0.355085,0.902655,-1.708697,-0.073554,1.012118,-0.971888]
[ros2_control_node-3] [INFO] [1791434693.268079451] [StateRL]: [ABS-POLICY-CMD] event=command_write clock=steady_clock_ns write_ns=16479622376829 write_id=262 source_session_id=16478219458311 source_policy_cycle_id=64 source_mode=0 action_source=1 transition_reason=0 recovery_episode_id=0 q_rad=[-0.481332,0.938451,-1.868662,-0.165985,0.938044,-1.162515,-0.355085,0.902655,-1.708697,-0.073554,1.012118,-0.971888]
[ros2_control_node-3] [INFO] [1791434693.269124671] [StateRL]: [ABS-POLICY-CMD] event=command_write clock=steady_clock_ns write_ns=16479623422750 write_id=263 source_session_id=16478219458311 source_policy_cycle_id=64 source_mode=0 action_source=1 transition_reason=0 recovery_episode_id=0 q_rad=[-0.481332,0.938451,-1.868662,-0.165985,0.938044,-1.162515,-0.355085,0.902655,-1.708697,-0.073554,1.012118,-0.971888]
[ros2_control_node-3] [INFO] [1791434693.292276930] [StateRL]: [ABS-POLICY-CMD] event=command_write clock=steady_clock_ns write_ns=16479646546524 write_id=264 source_session_id=16478219458311 source_policy_cycle_id=65 source_mode=0 action_source=1 transition_reason=0 recovery_episode_id=0 q_rad=[-0.528863,0.594094,-1.988265,-0.132240,0.861947,-1.047503,-0.219925,0.885370,-1.721738,0.158661,0.977212,-1.157169]
[ros2_control_node-3] [INFO] [1791434693.293438144] [StateRL]: [ABS-POLICY-CMD] event=command_write clock=steady_clock_ns write_ns=16479647733336 write_id=265 source_session_id=16478219458311 source_policy_cycle_id=65 source_mode=0 action_source=1 transition_reason=0 recovery_episode_id=0 q_rad=[-0.528863,0.594094,-1.988265,-0.132240,0.861947,-1.047503,-0.219925,0.885370,-1.721738,0.158661,0.977212,-1.157169]
[ros2_control_node-3] [INFO] [1791434693.294587269] [StateRL]: [ABS-POLICY-CMD] event=command_write clock=steady_clock_ns write_ns=16479648884693 write_id=266 source_session_id=16478219458311 source_policy_cycle_id=65 source_mode=0 action_source=1 transition_reason=0 recovery_episode_id=0 q_rad=[-0.528863,0.594094,-1.988265,-0.132240,0.861947,-1.047503,-0.219925,0.885370,-1.721738,0.158661,0.977212,-1.157169]
[ros2_control_node-3] [INFO] [1791434693.295504802] [StateRL]: [ABS-POLICY-CMD] event=command_write clock=steady_clock_ns write_ns=16479649801797 write_id=267 source_session_id=16478219458311 source_policy_cycle_id=65 source_mode=0 action_source=1 transition_reason=0 recovery_episode_id=0 q_rad=[-0.528863,0.594094,-1.988265,-0.132240,0.861947,-1.047503,-0.219925,0.885370,-1.721738,0.158661,0.977212,-1.157169]
[ros2_control_node-3] [INFO] [1791434693.325144539] [StateRL]: [ABS-POLICY-CMD] event=command_write clock=steady_clock_ns write_ns=16479679427789 write_id=268 source_session_id=16478219458311 source_policy_cycle_id=66 source_mode=0 action_source=1 transition_reason=0 recovery_episode_id=0 q_rad=[-0.327974,0.346154,-2.105863,-0.177423,0.817633,-0.945008,-0.033529,0.932411,-1.802092,0.405547,0.978378,-1.394518]
[ros2_control_node-3] [INFO] [1791434693.326543629] [StateRL]: [ABS-POLICY-CMD] event=command_write clock=steady_clock_ns write_ns=16479680840023 write_id=269 source_session_id=16478219458311 source_policy_cycle_id=66 source_mode=0 action_source=1 transition_reason=0 recovery_episode_id=0 q_rad=[-0.327974,0.346154,-2.105863,-0.177423,0.817633,-0.945008,-0.033529,0.932411,-1.802092,0.405547,0.978378,-1.394518]
[ros2_control_node-3] [INFO] [1791434693.327410928] [StateRL]: [ABS-POLICY-CMD] event=command_write clock=steady_clock_ns write_ns=16479681708604 write_id=270 source_session_id=16478219458311 source_policy_cycle_id=66 source_mode=0 action_source=1 transition_reason=0 recovery_episode_id=0 q_rad=[-0.327974,0.346154,-2.105863,-0.177423,0.817633,-0.945008,-0.033529,0.932411,-1.802092,0.405547,0.978378,-1.394518]
[ros2_control_node-3] [INFO] [1791434693.328241397] [StateRL]: [ABS-POLICY-CMD] event=command_write clock=steady_clock_ns write_ns=16479682539304 write_id=271 source_session_id=16478219458311 source_policy_cycle_id=66 source_mode=0 action_source=1 transition_reason=0 recovery_episode_id=0 q_rad=[-0.327974,0.346154,-2.105863,-0.177423,0.817633,-0.945008,-0.033529,0.932411,-1.802092,0.405547,0.978378,-1.394518]
[ros2_control_node-3] [INFO] [1791434693.352222363] [StateRL]: [ABS-POLICY-CMD] event=command_write clock=steady_clock_ns write_ns=16479706505324 write_id=272 source_session_id=16478219458311 source_policy_cycle_id=67 source_mode=0 action_source=1 transition_reason=0 recovery_episode_id=0 q_rad=[0.000826,0.240265,-1.967877,-0.043689,0.847508,-0.850895,0.185065,1.115618,-1.518472,0.438389,0.783945,-1.639916]
[ros2_control_node-3] [INFO] [1791434693.352271897] [StateRL]: [ABS-LIVE-CMD] event=rl_command_write clock=steady_clock_ns timestamp_ns=16479706578983 sequence=550 controller_state=RL rl_active=1 finite=1 kp_zero=0 kd_zero=0 tau_zero=1 veto_reason= q=[0.0008,0.2403,-1.9679,-0.0437,0.8475,-0.8509,0.1851,1.1156,-1.5185,0.4384,0.7839,-1.6399] kp=[30.0000,30.0000,30.0000,30.0000,30.0000,30.0000,30.0000,30.0000,30.0000,30.0000,30.0000,30.0000] kd=[0.6500,0.6500,0.6500,0.6500,0.6500,0.6500,0.6500,0.6500,0.6500,0.6500,0.6500,0.6500] tau=[0.0000,0.0000,0.0000,0.0000,0.0000,0.0000,0.0000,0.0000,0.0000,0.0000,0.0000,0.0000]
[ros2_control_node-3] [INFO] [1791434693.353653810] [StateRL]: [ABS-POLICY-CMD] event=command_write clock=steady_clock_ns write_ns=16479707948990 write_id=273 source_session_id=16478219458311 source_policy_cycle_id=67 source_mode=0 action_source=1 transition_reason=0 recovery_episode_id=0 q_rad=[0.000826,0.240265,-1.967877,-0.043689,0.847508,-0.850895,0.185065,1.115618,-1.518472,0.438389,0.783945,-1.639916]
[ros2_control_node-3] [INFO] [1791434693.354777218] [StateRL]: [ABS-POLICY-CMD] event=command_write clock=steady_clock_ns write_ns=16479709075653 write_id=274 source_session_id=16478219458311 source_policy_cycle_id=67 source_mode=0 action_source=1 transition_reason=0 recovery_episode_id=0 q_rad=[0.000826,0.240265,-1.967877,-0.043689,0.847508,-0.850895,0.185065,1.115618,-1.518472,0.438389,0.783945,-1.639916]
[ros2_control_node-3] [INFO] [1791434693.355625806] [StateRL]: [ABS-POLICY-CMD] event=command_write clock=steady_clock_ns write_ns=16479709924081 write_id=275 source_session_id=16478219458311 source_policy_cycle_id=67 source_mode=0 action_source=1 transition_reason=0 recovery_episode_id=0 q_rad=[0.000826,0.240265,-1.967877,-0.043689,0.847508,-0.850895,0.185065,1.115618,-1.518472,0.438389,0.783945,-1.639916]
[ros2_control_node-3] [INFO] [1791434693.370134645] [StateRL]: [ABS-POLICY-CMD] event=command_write clock=steady_clock_ns write_ns=16479724414047 write_id=276 source_session_id=16478219458311 source_policy_cycle_id=68 source_mode=0 action_source=1 transition_reason=0 recovery_episode_id=0 q_rad=[-0.032502,0.289477,-1.648352,0.332272,1.097440,-1.146793,0.025063,1.086808,-1.155678,0.312208,0.581349,-1.723773]
[ros2_control_node-3] [INFO] [1791434693.371199799] [StateRL]: [ABS-POLICY-CMD] event=command_write clock=steady_clock_ns write_ns=16479725497093 write_id=277 source_session_id=16478219458311 source_policy_cycle_id=68 source_mode=0 action_source=1 transition_reason=0 recovery_episode_id=0 q_rad=[-0.032502,0.289477,-1.648352,0.332272,1.097440,-1.146793,0.025063,1.086808,-1.155678,0.312208,0.581349,-1.723773]
[ros2_control_node-3] [INFO] [1791434693.371574455] [StateRL]: [ABS-POLICY-CMD] event=command_write clock=steady_clock_ns write_ns=16479725876037 write_id=278 source_session_id=16478219458311 source_policy_cycle_id=68 source_mode=0 action_source=1 transition_reason=0 recovery_episode_id=0 q_rad=[-0.032502,0.289477,-1.648352,0.332272,1.097440,-1.146793,0.025063,1.086808,-1.155678,0.312208,0.581349,-1.723773]
[ros2_control_node-3] [INFO] [1791434693.372781824] [StateRL]: [ABS-POLICY-CMD] event=command_write clock=steady_clock_ns write_ns=16479727058911 write_id=279 source_session_id=16478219458311 source_policy_cycle_id=68 source_mode=0 action_source=1 transition_reason=0 recovery_episode_id=0 q_rad=[-0.032502,0.289477,-1.648352,0.332272,1.097440,-1.146793,0.025063,1.086808,-1.155678,0.312208,0.581349,-1.723773]
[ros2_control_node-3] [INFO] [1791434693.387213890] [StateRL]: [ABS-POLICY-CMD] event=command_write clock=steady_clock_ns write_ns=16479741499936 write_id=280 source_session_id=16478219458311 source_policy_cycle_id=69 source_mode=0 action_source=1 transition_reason=0 recovery_episode_id=0 q_rad=[-0.197711,0.482202,-1.543030,0.713092,1.175387,-1.404117,0.004641,1.122363,-1.085899,0.278144,0.518629,-1.838224]
[ros2_control_node-3] [INFO] [1791434693.388314274] [StateRL]: [ABS-POLICY-CMD] event=command_write clock=steady_clock_ns write_ns=16479742609523 write_id=281 source_session_id=16478219458311 source_policy_cycle_id=69 source_mode=0 action_source=1 transition_reason=0 recovery_episode_id=0 q_rad=[-0.197711,0.482202,-1.543030,0.713092,1.175387,-1.404117,0.004641,1.122363,-1.085899,0.278144,0.518629,-1.838224]
[ros2_control_node-3] [INFO] [1791434693.389557702] [StateRL]: [ABS-POLICY-CMD] event=command_write clock=steady_clock_ns write_ns=16479743854440 write_id=282 source_session_id=16478219458311 source_policy_cycle_id=69 source_mode=0 action_source=1 transition_reason=0 recovery_episode_id=0 q_rad=[-0.197711,0.482202,-1.543030,0.713092,1.175387,-1.404117,0.004641,1.122363,-1.085899,0.278144,0.518629,-1.838224]
[ros2_control_node-3] [INFO] [1791434693.391135417] [StateRL]: [ABS-POLICY-CMD] event=command_write clock=steady_clock_ns write_ns=16479745425614 write_id=283 source_session_id=16478219458311 source_policy_cycle_id=69 source_mode=0 action_source=1 transition_reason=0 recovery_episode_id=0 q_rad=[-0.197711,0.482202,-1.543030,0.713092,1.175387,-1.404117,0.004641,1.122363,-1.085899,0.278144,0.518629,-1.838224]
[ros2_control_node-3] [INFO] [1791434693.405257614] [StateRL]: [ABS-POLICY-CMD] event=command_write clock=steady_clock_ns write_ns=16479759516939 write_id=284 source_session_id=16478219458311 source_policy_cycle_id=70 source_mode=0 action_source=1 transition_reason=0 recovery_episode_id=0 q_rad=[-0.077568,0.692288,-1.455085,0.709394,0.861276,-1.464466,0.112803,1.076859,-1.131150,0.215360,0.555634,-1.711378]
[ros2_control_node-3] [INFO] [1791434693.406818452] [StateRL]: [ABS-POLICY-CMD] event=command_write clock=steady_clock_ns write_ns=16479761110071 write_id=285 source_session_id=16478219458311 source_policy_cycle_id=70 source_mode=0 action_source=1 transition_reason=0 recovery_episode_id=0 q_rad=[-0.077568,0.692288,-1.455085,0.709394,0.861276,-1.464466,0.112803,1.076859,-1.131150,0.215360,0.555634,-1.711378]
[ros2_control_node-3] [INFO] [1791434693.408213063] [StateRL]: [ABS-POLICY-CMD] event=command_write clock=steady_clock_ns write_ns=16479762500384 write_id=286 source_session_id=16478219458311 source_policy_cycle_id=70 source_mode=0 action_source=1 transition_reason=0 recovery_episode_id=0 q_rad=[-0.077568,0.692288,-1.455085,0.709394,0.861276,-1.464466,0.112803,1.076859,-1.131150,0.215360,0.555634,-1.711378]
[ros2_control_node-3] [INFO] [1791434693.409620882] [StateRL]: [ABS-POLICY-CMD] event=command_write clock=steady_clock_ns write_ns=16479763912344 write_id=287 source_session_id=16478219458311 source_policy_cycle_id=70 source_mode=0 action_source=1 transition_reason=0 recovery_episode_id=0 q_rad=[-0.077568,0.692288,-1.455085,0.709394,0.861276,-1.464466,0.112803,1.076859,-1.131150,0.215360,0.555634,-1.711378]
[ros2_control_node-3] [INFO] [1791434693.421189014] [StateRL]: [ABS-POLICY-CMD] event=command_write clock=steady_clock_ns write_ns=16479775475656 write_id=288 source_session_id=16478219458311 source_policy_cycle_id=71 source_mode=0 action_source=1 transition_reason=0 recovery_episode_id=0 q_rad=[-0.011642,0.889628,-1.339628,0.601448,0.634995,-1.601698,0.140059,1.142670,-1.169089,0.069303,0.673059,-1.700979]
[ros2_control_node-3] [INFO] [1791434693.422452043] [StateRL]: [ABS-POLICY-CMD] event=command_write clock=steady_clock_ns write_ns=16479776749219 write_id=289 source_session_id=16478219458311 source_policy_cycle_id=71 source_mode=0 action_source=1 transition_reason=0 recovery_episode_id=0 q_rad=[-0.011642,0.889628,-1.339628,0.601448,0.634995,-1.601698,0.140059,1.142670,-1.169089,0.069303,0.673059,-1.700979]
[ros2_control_node-3] [INFO] [1791434693.423421276] [StateRL]: [ABS-POLICY-CMD] event=command_write clock=steady_clock_ns write_ns=16479777716692 write_id=290 source_session_id=16478219458311 source_policy_cycle_id=71 source_mode=0 action_source=1 transition_reason=0 recovery_episode_id=0 q_rad=[-0.011642,0.889628,-1.339628,0.601448,0.634995,-1.601698,0.140059,1.142670,-1.169089,0.069303,0.673059,-1.700979]
[ros2_control_node-3] [INFO] [1791434693.424466217] [StateRL]: [ABS-POLICY-CMD] event=command_write clock=steady_clock_ns write_ns=16479778753613 write_id=291 source_session_id=16478219458311 source_policy_cycle_id=71 source_mode=0 action_source=1 transition_reason=0 recovery_episode_id=0 q_rad=[-0.011642,0.889628,-1.339628,0.601448,0.634995,-1.601698,0.140059,1.142670,-1.169089,0.069303,0.673059,-1.700979]
[ros2_control_node-3] [INFO] [1791434693.439201898] [StateRL]: [ABS-POLICY-CMD] event=command_write clock=steady_clock_ns write_ns=16479793473047 write_id=292 source_session_id=16478219458311 source_policy_cycle_id=72 source_mode=0 action_source=1 transition_reason=0 recovery_episode_id=0 q_rad=[-0.016405,0.936161,-1.205844,0.574151,0.565991,-1.707571,0.143755,1.188068,-1.228281,-0.048045,0.759781,-1.726031]
[ros2_control_node-3] [INFO] [1791434693.440396199] [StateRL]: [ABS-POLICY-CMD] event=command_write clock=steady_clock_ns write_ns=16479794691575 write_id=293 source_session_id=16478219458311 source_policy_cycle_id=72 source_mode=0 action_source=1 transition_reason=0 recovery_episode_id=0 q_rad=[-0.016405,0.936161,-1.205844,0.574151,0.565991,-1.707571,0.143755,1.188068,-1.228281,-0.048045,0.759781,-1.726031]
[ros2_control_node-3] [INFO] [1791434693.441434916] [StateRL]: [ABS-POLICY-CMD] event=command_write clock=steady_clock_ns write_ns=16479795730102 write_id=294 source_session_id=16478219458311 source_policy_cycle_id=72 source_mode=0 action_source=1 transition_reason=0 recovery_episode_id=0 q_rad=[-0.016405,0.936161,-1.205844,0.574151,0.565991,-1.707571,0.143755,1.188068,-1.228281,-0.048045,0.759781,-1.726031]
[ros2_control_node-3] [INFO] [1791434693.442722300] [StateRL]: [ABS-POLICY-CMD] event=command_write clock=steady_clock_ns write_ns=16479796581246 write_id=295 source_session_id=16478219458311 source_policy_cycle_id=72 source_mode=0 action_source=1 transition_reason=0 recovery_episode_id=0 q_rad=[-0.016405,0.936161,-1.205844,0.574151,0.565991,-1.707571,0.143755,1.188068,-1.228281,-0.048045,0.759781,-1.726031]
[ros2_control_node-3] [INFO] [1791434693.463542875] [StateRL]: [ABS-POLICY-CMD] event=command_write clock=steady_clock_ns write_ns=16479817826624 write_id=296 source_session_id=16478219458311 source_policy_cycle_id=73 source_mode=0 action_source=1 transition_reason=0 recovery_episode_id=0 q_rad=[-0.026451,0.970305,-1.160616,0.489030,0.465109,-1.784235,0.169470,1.242662,-1.239253,-0.122270,0.901545,-1.762329]
[ros2_control_node-3] [INFO] [1791434693.464999998] [StateRL]: [ABS-POLICY-CMD] event=command_write clock=steady_clock_ns write_ns=16479819288831 write_id=297 source_session_id=16478219458311 source_policy_cycle_id=73 source_mode=0 action_source=1 transition_reason=0 recovery_episode_id=0 q_rad=[-0.026451,0.970305,-1.160616,0.489030,0.465109,-1.784235,0.169470,1.242662,-1.239253,-0.122270,0.901545,-1.762329]
[ros2_control_node-3] [INFO] [1791434693.465044784] [StateRL]: [ABS-LIVE-CMD] event=rl_command_write clock=steady_clock_ns timestamp_ns=16479819351874 sequence=575 controller_state=RL rl_active=1 finite=1 kp_zero=0 kd_zero=0 tau_zero=1 veto_reason= q=[-0.0265,0.9703,-1.1606,0.4890,0.4651,-1.7842,0.1695,1.2427,-1.2393,-0.1223,0.9015,-1.7623] kp=[30.0000,30.0000,30.0000,30.0000,30.0000,30.0000,30.0000,30.0000,30.0000,30.0000,30.0000,30.0000] kd=[0.6500,0.6500,0.6500,0.6500,0.6500,0.6500,0.6500,0.6500,0.6500,0.6500,0.6500,0.6500] tau=[0.0000,0.0000,0.0000,0.0000,0.0000,0.0000,0.0000,0.0000,0.0000,0.0000,0.0000,0.0000]
[ros2_control_node-3] [INFO] [1791434693.466507299] [StateRL]: [ABS-POLICY-CMD] event=command_write clock=steady_clock_ns write_ns=16479820797745 write_id=298 source_session_id=16478219458311 source_policy_cycle_id=73 source_mode=0 action_source=1 transition_reason=0 recovery_episode_id=0 q_rad=[-0.026451,0.970305,-1.160616,0.489030,0.465109,-1.784235,0.169470,1.242662,-1.239253,-0.122270,0.901545,-1.762329]
[ros2_control_node-3] [INFO] [1791434693.467792634] [StateRL]: [ABS-POLICY-CMD] event=command_write clock=steady_clock_ns write_ns=16479822088654 write_id=299 source_session_id=16478219458311 source_policy_cycle_id=73 source_mode=0 action_source=1 transition_reason=0 recovery_episode_id=0 q_rad=[-0.026451,0.970305,-1.160616,0.489030,0.465109,-1.784235,0.169470,1.242662,-1.239253,-0.122270,0.901545,-1.762329]
[ros2_control_node-3] [INFO] [1791434693.478210964] [StateRL]: [ABS-POLICY-CMD] event=command_write clock=steady_clock_ns write_ns=16479832492048 write_id=300 source_session_id=16478219458311 source_policy_cycle_id=74 source_mode=0 action_source=1 transition_reason=0 recovery_episode_id=0 q_rad=[-0.123657,1.143774,-1.278426,0.379353,0.447233,-1.731142,0.207699,1.215105,-1.109992,-0.155895,1.049953,-1.704927]
[ros2_control_node-3] [INFO] [1791434693.479882108] [StateRL]: [ABS-POLICY-CMD] event=command_write clock=steady_clock_ns write_ns=16479834176531 write_id=301 source_session_id=16478219458311 source_policy_cycle_id=74 source_mode=0 action_source=1 transition_reason=0 recovery_episode_id=0 q_rad=[-0.123657,1.143774,-1.278426,0.379353,0.447233,-1.731142,0.207699,1.215105,-1.109992,-0.155895,1.049953,-1.704927]
[ros2_control_node-3] [INFO] [1791434693.481059488] [StateRL]: [ABS-POLICY-CMD] event=command_write clock=steady_clock_ns write_ns=16479835350070 write_id=302 source_session_id=16478219458311 source_policy_cycle_id=74 source_mode=0 action_source=1 transition_reason=0 recovery_episode_id=0 q_rad=[-0.123657,1.143774,-1.278426,0.379353,0.447233,-1.731142,0.207699,1.215105,-1.109992,-0.155895,1.049953,-1.704927]
[ros2_control_node-3] [INFO] [1791434693.481944137] [StateRL]: [ABS-POLICY-CMD] event=command_write clock=steady_clock_ns write_ns=16479836233488 write_id=303 source_session_id=16478219458311 source_policy_cycle_id=74 source_mode=0 action_source=1 transition_reason=0 recovery_episode_id=0 q_rad=[-0.123657,1.143774,-1.278426,0.379353,0.447233,-1.731142,0.207699,1.215105,-1.109992,-0.155895,1.049953,-1.704927]
[ros2_control_node-3] [INFO] [1791434693.499197503] [StateRL]: [EVAL] step=75 t=1.500 robot=(0.578,0.028) yaw=-0.122 goal=(7.000,0.000) dist=6.422 body=(4.958,0.515) heading=0.254 arrived=0 ra=-0.51809 entry=-0.05000 recovery=0 hold=0 twist=(0.000,0.000,0.000) min_ray_log=0.105 max_ray_log=2.585 min_ray_m=1.075 lin_vel=(1.264,0.229,-0.109) ang_vel=(-1.163,-0.181,-0.274) action_range=(-1.409,1.779) contact=(1,-1,1,-1)
[ros2_control_node-3] [INFO] [1791434693.499484422] [StateRL]: [ABS-POLICY-CMD] event=command_write clock=steady_clock_ns write_ns=16479853759412 write_id=304 source_session_id=16478219458311 source_policy_cycle_id=75 source_mode=0 action_source=1 transition_reason=0 recovery_episode_id=0 q_rad=[-0.115524,1.202299,-1.283826,0.251017,0.447736,-1.704778,0.156228,1.203654,-1.055155,-0.154062,1.083729,-1.443544]
[ros2_control_node-3] [INFO] [1791434693.500586584] [StateRL]: [ABS-POLICY-CMD] event=command_write clock=steady_clock_ns write_ns=16479854867541 write_id=305 source_session_id=16478219458311 source_policy_cycle_id=75 source_mode=0 action_source=1 transition_reason=0 recovery_episode_id=0 q_rad=[-0.115524,1.202299,-1.283826,0.251017,0.447736,-1.704778,0.156228,1.203654,-1.055155,-0.154062,1.083729,-1.443544]
[ros2_control_node-3] [INFO] [1791434693.501397246] [StateRL]: [ABS-POLICY-CMD] event=command_write clock=steady_clock_ns write_ns=16479855691931 write_id=306 source_session_id=16478219458311 source_policy_cycle_id=75 source_mode=0 action_source=1 transition_reason=0 recovery_episode_id=0 q_rad=[-0.115524,1.202299,-1.283826,0.251017,0.447736,-1.704778,0.156228,1.203654,-1.055155,-0.154062,1.083729,-1.443544]
[ros2_control_node-3] [INFO] [1791434693.502066639] [StateRL]: [ABS-POLICY-CMD] event=command_write clock=steady_clock_ns write_ns=16479856364233 write_id=307 source_session_id=16478219458311 source_policy_cycle_id=75 source_mode=0 action_source=1 transition_reason=0 recovery_episode_id=0 q_rad=[-0.115524,1.202299,-1.283826,0.251017,0.447736,-1.704778,0.156228,1.203654,-1.055155,-0.154062,1.083729,-1.443544]
[ros2_control_node-3] [INFO] [1791434693.517350208] [StateRL]: [ABS-POLICY-CMD] event=command_write clock=steady_clock_ns write_ns=16479871634843 write_id=308 source_session_id=16478219458311 source_policy_cycle_id=76 source_mode=0 action_source=1 transition_reason=0 recovery_episode_id=0 q_rad=[-0.091018,1.219428,-1.239330,0.179427,0.524929,-1.575558,0.033752,1.251122,-1.008092,-0.085457,1.037399,-1.181987]
[ros2_control_node-3] [INFO] [1791434693.518526107] [StateRL]: [ABS-POLICY-CMD] event=command_write clock=steady_clock_ns write_ns=16479872817049 write_id=309 source_session_id=16478219458311 source_policy_cycle_id=76 source_mode=0 action_source=1 transition_reason=0 recovery_episode_id=0 q_rad=[-0.091018,1.219428,-1.239330,0.179427,0.524929,-1.575558,0.033752,1.251122,-1.008092,-0.085457,1.037399,-1.181987]
[ros2_control_node-3] [INFO] [1791434693.519241491] [StateRL]: [ABS-POLICY-CMD] event=command_write clock=steady_clock_ns write_ns=16479873537588 write_id=310 source_session_id=16478219458311 source_policy_cycle_id=76 source_mode=0 action_source=1 transition_reason=0 recovery_episode_id=0 q_rad=[-0.091018,1.219428,-1.239330,0.179427,0.524929,-1.575558,0.033752,1.251122,-1.008092,-0.085457,1.037399,-1.181987]
[ros2_control_node-3] [INFO] [1791434693.519860449] [StateRL]: [ABS-POLICY-CMD] event=command_write clock=steady_clock_ns write_ns=16479874157544 write_id=311 source_session_id=16478219458311 source_policy_cycle_id=76 source_mode=0 action_source=1 transition_reason=0 recovery_episode_id=0 q_rad=[-0.091018,1.219428,-1.239330,0.179427,0.524929,-1.575558,0.033752,1.251122,-1.008092,-0.085457,1.037399,-1.181987]
[ros2_control_node-3] [INFO] [1791434693.535205318] [StateRL]: [ABS-POLICY-CMD] event=command_write clock=steady_clock_ns write_ns=16479889489707 write_id=312 source_session_id=16478219458311 source_policy_cycle_id=77 source_mode=0 action_source=1 transition_reason=0 recovery_episode_id=0 q_rad=[0.002982,1.204662,-1.221236,0.150891,0.654985,-1.428411,-0.130802,1.393941,-1.058200,-0.072319,0.967689,-1.115885]
[ros2_control_node-3] [INFO] [1791434693.535886001] [StateRL]: [ABS-POLICY-CMD] event=command_write clock=steady_clock_ns write_ns=16479890182002 write_id=313 source_session_id=16478219458311 source_policy_cycle_id=77 source_mode=0 action_source=1 transition_reason=0 recovery_episode_id=0 q_rad=[0.002982,1.204662,-1.221236,0.150891,0.654985,-1.428411,-0.130802,1.393941,-1.058200,-0.072319,0.967689,-1.115885]
[ros2_control_node-3] [INFO] [1791434693.536342006] [StateRL]: [ABS-POLICY-CMD] event=command_write clock=steady_clock_ns write_ns=16479890638318 write_id=314 source_session_id=16478219458311 source_policy_cycle_id=77 source_mode=0 action_source=1 transition_reason=0 recovery_episode_id=0 q_rad=[0.002982,1.204662,-1.221236,0.150891,0.654985,-1.428411,-0.130802,1.393941,-1.058200,-0.072319,0.967689,-1.115885]
[ros2_control_node-3] [INFO] [1791434693.537946541] [StateRL]: [ABS-POLICY-CMD] event=command_write clock=steady_clock_ns write_ns=16479892245266 write_id=315 source_session_id=16478219458311 source_policy_cycle_id=77 source_mode=0 action_source=1 transition_reason=0 recovery_episode_id=0 q_rad=[0.002982,1.204662,-1.221236,0.150891,0.654985,-1.428411,-0.130802,1.393941,-1.058200,-0.072319,0.967689,-1.115885]
[ros2_control_node-3] [INFO] [1791434693.550289365] [StateRL]: [ABS-POLICY-CMD] event=command_write clock=steady_clock_ns write_ns=16479904561977 write_id=316 source_session_id=16478219458311 source_policy_cycle_id=78 source_mode=0 action_source=1 transition_reason=0 recovery_episode_id=0 q_rad=[0.119453,1.042018,-1.122633,0.253767,0.766794,-1.199409,-0.448441,1.438024,-1.248170,-0.049589,1.013254,-1.001704]
[ros2_control_node-3] [INFO] [1791434693.551119889] [StateRL]: [ABS-POLICY-CMD] event=command_write clock=steady_clock_ns write_ns=16479905418532 write_id=317 source_session_id=16478219458311 source_policy_cycle_id=78 source_mode=0 action_source=1 transition_reason=0 recovery_episode_id=0 q_rad=[0.119453,1.042018,-1.122633,0.253767,0.766794,-1.199409,-0.448441,1.438024,-1.248170,-0.049589,1.013254,-1.001704]
[ros2_control_node-3] [INFO] [1791434693.552022280] [StateRL]: [ABS-POLICY-CMD] event=command_write clock=steady_clock_ns write_ns=16479906322256 write_id=318 source_session_id=16478219458311 source_policy_cycle_id=78 source_mode=0 action_source=1 transition_reason=0 recovery_episode_id=0 q_rad=[0.119453,1.042018,-1.122633,0.253767,0.766794,-1.199409,-0.448441,1.438024,-1.248170,-0.049589,1.013254,-1.001704]
[ros2_control_node-3] [INFO] [1791434693.553094116] [StateRL]: [ABS-POLICY-CMD] event=command_write clock=steady_clock_ns write_ns=16479907395324 write_id=319 source_session_id=16478219458311 source_policy_cycle_id=78 source_mode=0 action_source=1 transition_reason=0 recovery_episode_id=0 q_rad=[0.119453,1.042018,-1.122633,0.253767,0.766794,-1.199409,-0.448441,1.438024,-1.248170,-0.049589,1.013254,-1.001704]
[ros2_control_node-3] [INFO] [1791434693.569229300] [StateRL]: [ABS-POLICY-CMD] event=command_write clock=steady_clock_ns write_ns=16479923514452 write_id=320 source_session_id=16478219458311 source_policy_cycle_id=79 source_mode=0 action_source=1 transition_reason=0 recovery_episode_id=0 q_rad=[0.043068,0.913634,-1.084918,0.237503,0.736692,-1.002581,-0.552882,1.311695,-1.348547,-0.040204,1.144434,-0.974801]
[ros2_control_node-3] [INFO] [1791434693.570145091] [StateRL]: [ABS-POLICY-CMD] event=command_write clock=steady_clock_ns write_ns=16479924440128 write_id=321 source_session_id=16478219458311 source_policy_cycle_id=79 source_mode=0 action_source=1 transition_reason=0 recovery_episode_id=0 q_rad=[0.043068,0.913634,-1.084918,0.237503,0.736692,-1.002581,-0.552882,1.311695,-1.348547,-0.040204,1.144434,-0.974801]
[ros2_control_node-3] [INFO] [1791434693.570861150] [StateRL]: [ABS-POLICY-CMD] event=command_write clock=steady_clock_ns write_ns=16479925158021 write_id=322 source_session_id=16478219458311 source_policy_cycle_id=79 source_mode=0 action_source=1 transition_reason=0 recovery_episode_id=0 q_rad=[0.043068,0.913634,-1.084918,0.237503,0.736692,-1.002581,-0.552882,1.311695,-1.348547,-0.040204,1.144434,-0.974801]
[ros2_control_node-3] [INFO] [1791434693.570903161] [StateRL]: [ABS-LIVE-CMD] event=rl_command_write clock=steady_clock_ns timestamp_ns=16479925210178 sequence=600 controller_state=RL rl_active=1 finite=1 kp_zero=0 kd_zero=0 tau_zero=1 veto_reason= q=[0.0431,0.9136,-1.0849,0.2375,0.7367,-1.0026,-0.5529,1.3117,-1.3485,-0.0402,1.1444,-0.9748] kp=[30.0000,30.0000,30.0000,30.0000,30.0000,30.0000,30.0000,30.0000,30.0000,30.0000,30.0000,30.0000] kd=[0.6500,0.6500,0.6500,0.6500,0.6500,0.6500,0.6500,0.6500,0.6500,0.6500,0.6500,0.6500] tau=[0.0000,0.0000,0.0000,0.0000,0.0000,0.0000,0.0000,0.0000,0.0000,0.0000,0.0000,0.0000]
[ros2_control_node-3] [INFO] [1791434693.571602224] [StateRL]: [ABS-POLICY-CMD] event=command_write clock=steady_clock_ns write_ns=16479925888565 write_id=323 source_session_id=16478219458311 source_policy_cycle_id=79 source_mode=0 action_source=1 transition_reason=0 recovery_episode_id=0 q_rad=[0.043068,0.913634,-1.084918,0.237503,0.736692,-1.002581,-0.552882,1.311695,-1.348547,-0.040204,1.144434,-0.974801]
[ros2_control_node-3] [INFO] [1791434693.586219478] [StateRL]: [ABS-POLICY-CMD] event=command_write clock=steady_clock_ns write_ns=16479940502650 write_id=324 source_session_id=16478219458311 source_policy_cycle_id=80 source_mode=0 action_source=1 transition_reason=0 recovery_episode_id=0 q_rad=[-0.166250,1.156167,-1.620010,0.101763,0.848308,-0.956433,-0.419725,1.214885,-1.538714,0.019455,1.211465,-1.075401]
[ros2_control_node-3] [INFO] [1791434693.587177200] [StateRL]: [ABS-POLICY-CMD] event=command_write clock=steady_clock_ns write_ns=16479941463531 write_id=325 source_session_id=16478219458311 source_policy_cycle_id=80 source_mode=0 action_source=1 transition_reason=0 recovery_episode_id=0 q_rad=[-0.166250,1.156167,-1.620010,0.101763,0.848308,-0.956433,-0.419725,1.214885,-1.538714,0.019455,1.211465,-1.075401]
[ros2_control_node-3] [INFO] [1791434693.588350188] [StateRL]: [ABS-POLICY-CMD] event=command_write clock=steady_clock_ns write_ns=16479942647546 write_id=326 source_session_id=16478219458311 source_policy_cycle_id=80 source_mode=0 action_source=1 transition_reason=0 recovery_episode_id=0 q_rad=[-0.166250,1.156167,-1.620010,0.101763,0.848308,-0.956433,-0.419725,1.214885,-1.538714,0.019455,1.211465,-1.075401]
[ros2_control_node-3] [INFO] [1791434693.588729795] [StateRL]: [ABS-POLICY-CMD] event=command_write clock=steady_clock_ns write_ns=16479943031122 write_id=327 source_session_id=16478219458311 source_policy_cycle_id=80 source_mode=0 action_source=1 transition_reason=0 recovery_episode_id=0 q_rad=[-0.166250,1.156167,-1.620010,0.101763,0.848308,-0.956433,-0.419725,1.214885,-1.538714,0.019455,1.211465,-1.075401]
[ros2_control_node-3] [INFO] [1791434693.604308912] [StateRL]: [ABS-POLICY-CMD] event=command_write clock=steady_clock_ns write_ns=16479958592476 write_id=328 source_session_id=16478219458311 source_policy_cycle_id=81 source_mode=0 action_source=1 transition_reason=0 recovery_episode_id=0 q_rad=[-0.308546,1.245577,-1.757103,-0.128501,0.867427,-1.094763,-0.395506,1.045183,-1.653727,-0.051324,1.152396,-1.001762]
[ros2_control_node-3] [INFO] [1791434693.605317401] [StateRL]: [ABS-POLICY-CMD] event=command_write clock=steady_clock_ns write_ns=16479959614132 write_id=329 source_session_id=16478219458311 source_policy_cycle_id=81 source_mode=0 action_source=1 transition_reason=0 recovery_episode_id=0 q_rad=[-0.308546,1.245577,-1.757103,-0.128501,0.867427,-1.094763,-0.395506,1.045183,-1.653727,-0.051324,1.152396,-1.001762]
[ros2_control_node-3] [INFO] [1791434693.605703420] [StateRL]: [ABS-POLICY-CMD] event=command_write clock=steady_clock_ns write_ns=16479960004035 write_id=330 source_session_id=16478219458311 source_policy_cycle_id=81 source_mode=0 action_source=1 transition_reason=0 recovery_episode_id=0 q_rad=[-0.308546,1.245577,-1.757103,-0.128501,0.867427,-1.094763,-0.395506,1.045183,-1.653727,-0.051324,1.152396,-1.001762]
[ros2_control_node-3] [INFO] [1791434693.607261570] [StateRL]: [ABS-POLICY-CMD] event=command_write clock=steady_clock_ns write_ns=16479961550848 write_id=331 source_session_id=16478219458311 source_policy_cycle_id=81 source_mode=0 action_source=1 transition_reason=0 recovery_episode_id=0 q_rad=[-0.308546,1.245577,-1.757103,-0.128501,0.867427,-1.094763,-0.395506,1.045183,-1.653727,-0.051324,1.152396,-1.001762]
[ros2_control_node-3] [INFO] [1791434693.622208661] [StateRL]: [ABS-POLICY-CMD] event=command_write clock=steady_clock_ns write_ns=16479976471432 write_id=332 source_session_id=16478219458311 source_policy_cycle_id=82 source_mode=0 action_source=1 transition_reason=0 recovery_episode_id=0 q_rad=[-0.414970,0.957042,-1.779086,-0.198951,0.858056,-1.122774,-0.369909,0.835175,-1.670552,-0.110999,0.885072,-0.874831]
[ros2_control_node-3] [INFO] [1791434693.623527456] [StateRL]: [ABS-POLICY-CMD] event=command_write clock=steady_clock_ns write_ns=16479977818949 write_id=333 source_session_id=16478219458311 source_policy_cycle_id=82 source_mode=0 action_source=1 transition_reason=0 recovery_episode_id=0 q_rad=[-0.414970,0.957042,-1.779086,-0.198951,0.858056,-1.122774,-0.369909,0.835175,-1.670552,-0.110999,0.885072,-0.874831]
[ros2_control_node-3] [INFO] [1791434693.625056613] [StateRL]: [ABS-POLICY-CMD] event=command_write clock=steady_clock_ns write_ns=16479979324670 write_id=334 source_session_id=16478219458311 source_policy_cycle_id=82 source_mode=0 action_source=1 transition_reason=0 recovery_episode_id=0 q_rad=[-0.414970,0.957042,-1.779086,-0.198951,0.858056,-1.122774,-0.369909,0.835175,-1.670552,-0.110999,0.885072,-0.874831]
[ros2_control_node-3] [INFO] [1791434693.626126965] [StateRL]: [ABS-POLICY-CMD] event=command_write clock=steady_clock_ns write_ns=16479980418842 write_id=335 source_session_id=16478219458311 source_policy_cycle_id=82 source_mode=0 action_source=1 transition_reason=0 recovery_episode_id=0 q_rad=[-0.414970,0.957042,-1.779086,-0.198951,0.858056,-1.122774,-0.369909,0.835175,-1.670552,-0.110999,0.885072,-0.874831]
[ros2_control_node-3] [INFO] [1791434693.640197208] [StateRL]: [ABS-POLICY-CMD] event=command_write clock=steady_clock_ns write_ns=16479994479114 write_id=336 source_session_id=16478219458311 source_policy_cycle_id=83 source_mode=0 action_source=1 transition_reason=0 recovery_episode_id=0 q_rad=[-0.528482,0.681024,-1.818064,-0.234139,0.813614,-1.073655,-0.314193,0.832350,-1.654238,0.045932,0.801011,-0.944256]
[ros2_control_node-3] [INFO] [1791434693.641883175] [StateRL]: [ABS-POLICY-CMD] event=command_write clock=steady_clock_ns write_ns=16479996152018 write_id=337 source_session_id=16478219458311 source_policy_cycle_id=83 source_mode=0 action_source=1 transition_reason=0 recovery_episode_id=0 q_rad=[-0.528482,0.681024,-1.818064,-0.234139,0.813614,-1.073655,-0.314193,0.832350,-1.654238,0.045932,0.801011,-0.944256]
[ros2_control_node-3] [INFO] [1791434693.642538036] [StateRL]: [ABS-POLICY-CMD] event=command_write clock=steady_clock_ns write_ns=16479996837403 write_id=338 source_session_id=16478219458311 source_policy_cycle_id=83 source_mode=0 action_source=1 transition_reason=0 recovery_episode_id=0 q_rad=[-0.528482,0.681024,-1.818064,-0.234139,0.813614,-1.073655,-0.314193,0.832350,-1.654238,0.045932,0.801011,-0.944256]
[ros2_control_node-3] [INFO] [1791434693.643607278] [StateRL]: [ABS-POLICY-CMD] event=command_write clock=steady_clock_ns write_ns=16479997904457 write_id=339 source_session_id=16478219458311 source_policy_cycle_id=83 source_mode=0 action_source=1 transition_reason=0 recovery_episode_id=0 q_rad=[-0.528482,0.681024,-1.818064,-0.234139,0.813614,-1.073655,-0.314193,0.832350,-1.654238,0.045932,0.801011,-0.944256]
[ros2_control_node-3] [INFO] [1791434693.659234119] [StateRL]: [ABS-POLICY-CMD] event=command_write clock=steady_clock_ns write_ns=16480013517462 write_id=340 source_session_id=16478219458311 source_policy_cycle_id=84 source_mode=0 action_source=1 transition_reason=0 recovery_episode_id=0 q_rad=[-0.558057,0.491725,-1.879056,-0.218673,0.843433,-1.019099,-0.258042,0.849047,-1.738012,0.280272,0.936511,-1.211589]
[ros2_control_node-3] [INFO] [1791434693.660632806] [StateRL]: [ABS-POLICY-CMD] event=command_write clock=steady_clock_ns write_ns=16480014929677 write_id=341 source_session_id=16478219458311 source_policy_cycle_id=84 source_mode=0 action_source=1 transition_reason=0 recovery_episode_id=0 q_rad=[-0.558057,0.491725,-1.879056,-0.218673,0.843433,-1.019099,-0.258042,0.849047,-1.738012,0.280272,0.936511,-1.211589]
[ros2_control_node-3] [INFO] [1791434693.661754757] [StateRL]: [ABS-POLICY-CMD] event=command_write clock=steady_clock_ns write_ns=16480016052076 write_id=342 source_session_id=16478219458311 source_policy_cycle_id=84 source_mode=0 action_source=1 transition_reason=0 recovery_episode_id=0 q_rad=[-0.558057,0.491725,-1.879056,-0.218673,0.843433,-1.019099,-0.258042,0.849047,-1.738012,0.280272,0.936511,-1.211589]
[ros2_control_node-3] [INFO] [1791434693.662735596] [StateRL]: [ABS-POLICY-CMD] event=command_write clock=steady_clock_ns write_ns=16480017034001 write_id=343 source_session_id=16478219458311 source_policy_cycle_id=84 source_mode=0 action_source=1 transition_reason=0 recovery_episode_id=0 q_rad=[-0.558057,0.491725,-1.879056,-0.218673,0.843433,-1.019099,-0.258042,0.849047,-1.738012,0.280272,0.936511,-1.211589]
[ros2_control_node-3] [INFO] [1791434693.682531457] [StateRL]: [ABS-POLICY-CMD] event=command_write clock=steady_clock_ns write_ns=16480036806302 write_id=344 source_session_id=16478219458311 source_policy_cycle_id=85 source_mode=0 action_source=1 transition_reason=0 recovery_episode_id=0 q_rad=[-0.304433,0.345116,-1.978018,-0.209000,0.900918,-0.922178,-0.099375,0.935549,-1.866310,0.375831,1.002315,-1.398353]
[ros2_control_node-3] [INFO] [1791434693.683976762] [StateRL]: [ABS-POLICY-CMD] event=command_write clock=steady_clock_ns write_ns=16480038263767 write_id=345 source_session_id=16478219458311 source_policy_cycle_id=85 source_mode=0 action_source=1 transition_reason=0 recovery_episode_id=0 q_rad=[-0.304433,0.345116,-1.978018,-0.209000,0.900918,-0.922178,-0.099375,0.935549,-1.866310,0.375831,1.002315,-1.398353]
[ros2_control_node-3] [INFO] [1791434693.685287902] [StateRL]: [ABS-POLICY-CMD] event=command_write clock=steady_clock_ns write_ns=16480039585008 write_id=346 source_session_id=16478219458311 source_policy_cycle_id=85 source_mode=0 action_source=1 transition_reason=0 recovery_episode_id=0 q_rad=[-0.304433,0.345116,-1.978018,-0.209000,0.900918,-0.922178,-0.099375,0.935549,-1.866310,0.375831,1.002315,-1.398353]
[ros2_control_node-3] [INFO] [1791434693.686212566] [StateRL]: [ABS-POLICY-CMD] event=command_write clock=steady_clock_ns write_ns=16480040510122 write_id=347 source_session_id=16478219458311 source_policy_cycle_id=85 source_mode=0 action_source=1 transition_reason=0 recovery_episode_id=0 q_rad=[-0.304433,0.345116,-1.978018,-0.209000,0.900918,-0.922178,-0.099375,0.935549,-1.866310,0.375831,1.002315,-1.398353]
[ros2_control_node-3] [INFO] [1791434693.686241426] [StateRL]: [ABS-LIVE-CMD] event=rl_command_write clock=steady_clock_ns timestamp_ns=16480040548506 sequence=625 controller_state=RL rl_active=1 finite=1 kp_zero=0 kd_zero=0 tau_zero=1 veto_reason= q=[-0.3044,0.3451,-1.9780,-0.2090,0.9009,-0.9222,-0.0994,0.9355,-1.8663,0.3758,1.0023,-1.3984] kp=[30.0000,30.0000,30.0000,30.0000,30.0000,30.0000,30.0000,30.0000,30.0000,30.0000,30.0000,30.0000] kd=[0.6500,0.6500,0.6500,0.6500,0.6500,0.6500,0.6500,0.6500,0.6500,0.6500,0.6500,0.6500] tau=[0.0000,0.0000,0.0000,0.0000,0.0000,0.0000,0.0000,0.0000,0.0000,0.0000,0.0000,0.0000]
[ros2_control_node-3] [INFO] [1791434693.700212008] [StateRL]: [ABS-POLICY-CMD] event=command_write clock=steady_clock_ns write_ns=16480054497784 write_id=348 source_session_id=16478219458311 source_policy_cycle_id=86 source_mode=0 action_source=1 transition_reason=0 recovery_episode_id=0 q_rad=[-0.008414,0.214854,-1.880749,-0.123807,0.924804,-0.837760,0.023509,1.052052,-1.566132,0.449826,0.852143,-1.580640]
[ros2_control_node-3] [INFO] [1791434693.700923379] [StateRL]: [ABS-POLICY-CMD] event=command_write clock=steady_clock_ns write_ns=16480055222266 write_id=349 source_session_id=16478219458311 source_policy_cycle_id=86 source_mode=0 action_source=1 transition_reason=0 recovery_episode_id=0 q_rad=[-0.008414,0.214854,-1.880749,-0.123807,0.924804,-0.837760,0.023509,1.052052,-1.566132,0.449826,0.852143,-1.580640]
[ros2_control_node-3] [INFO] [1791434693.701433419] [StateRL]: [ABS-POLICY-CMD] event=command_write clock=steady_clock_ns write_ns=16480055734740 write_id=350 source_session_id=16478219458311 source_policy_cycle_id=86 source_mode=0 action_source=1 transition_reason=0 recovery_episode_id=0 q_rad=[-0.008414,0.214854,-1.880749,-0.123807,0.924804,-0.837760,0.023509,1.052052,-1.566132,0.449826,0.852143,-1.580640]
[ros2_control_node-3] [INFO] [1791434693.701960608] [StateRL]: [ABS-POLICY-CMD] event=command_write clock=steady_clock_ns write_ns=16480056261911 write_id=351 source_session_id=16478219458311 source_policy_cycle_id=86 source_mode=0 action_source=1 transition_reason=0 recovery_episode_id=0 q_rad=[-0.008414,0.214854,-1.880749,-0.123807,0.924804,-0.837760,0.023509,1.052052,-1.566132,0.449826,0.852143,-1.580640]
[ros2_control_node-3] [INFO] [1791434693.714149228] [StateRL]: [ABS-POLICY-CMD] event=command_write clock=steady_clock_ns write_ns=16480068436683 write_id=352 source_session_id=16478219458311 source_policy_cycle_id=87 source_mode=0 action_source=1 transition_reason=0 recovery_episode_id=0 q_rad=[0.049548,0.216915,-1.661614,0.087973,1.050678,-0.937824,-0.003100,1.024252,-1.191943,0.367782,0.585007,-1.707024]
[ros2_control_node-3] [INFO] [1791434693.715786326] [StateRL]: [ABS-POLICY-CMD] event=command_write clock=steady_clock_ns write_ns=16480070075146 write_id=353 source_session_id=16478219458311 source_policy_cycle_id=87 source_mode=0 action_source=1 transition_reason=0 recovery_episode_id=0 q_rad=[0.049548,0.216915,-1.661614,0.087973,1.050678,-0.937824,-0.003100,1.024252,-1.191943,0.367782,0.585007,-1.707024]
[ros2_control_node-3] [INFO] [1791434693.716214691] [StateRL]: [ABS-POLICY-CMD] event=command_write clock=steady_clock_ns write_ns=16480070514726 write_id=354 source_session_id=16478219458311 source_policy_cycle_id=87 source_mode=0 action_source=1 transition_reason=0 recovery_episode_id=0 q_rad=[0.049548,0.216915,-1.661614,0.087973,1.050678,-0.937824,-0.003100,1.024252,-1.191943,0.367782,0.585007,-1.707024]
[ros2_control_node-3] [INFO] [1791434693.716601835] [StateRL]: [ABS-POLICY-CMD] event=command_write clock=steady_clock_ns write_ns=16480070901821 write_id=355 source_session_id=16478219458311 source_policy_cycle_id=87 source_mode=0 action_source=1 transition_reason=0 recovery_episode_id=0 q_rad=[0.049548,0.216915,-1.661614,0.087973,1.050678,-0.937824,-0.003100,1.024252,-1.191943,0.367782,0.585007,-1.707024]
[ros2_control_node-3] [INFO] [1791434693.725688949] [StateRL]: [ABS-POLICY-CMD] event=command_write clock=steady_clock_ns write_ns=16480079966575 write_id=356 source_session_id=16478219458311 source_policy_cycle_id=88 source_mode=0 action_source=1 transition_reason=0 recovery_episode_id=0 q_rad=[-0.099780,0.224901,-1.501761,0.457054,1.195703,-1.272855,-0.022162,0.979528,-1.001196,0.259954,0.618589,-1.684799]
[ros2_control_node-3] [INFO] [1791434693.727031911] [StateRL]: [ABS-POLICY-CMD] event=command_write clock=steady_clock_ns write_ns=16480081328751 write_id=357 source_session_id=16478219458311 source_policy_cycle_id=88 source_mode=0 action_source=1 transition_reason=0 recovery_episode_id=0 q_rad=[-0.099780,0.224901,-1.501761,0.457054,1.195703,-1.272855,-0.022162,0.979528,-1.001196,0.259954,0.618589,-1.684799]
[ros2_control_node-3] [INFO] [1791434693.727991157] [StateRL]: [ABS-POLICY-CMD] event=command_write clock=steady_clock_ns write_ns=16480082290007 write_id=358 source_session_id=16478219458311 source_policy_cycle_id=88 source_mode=0 action_source=1 transition_reason=0 recovery_episode_id=0 q_rad=[-0.099780,0.224901,-1.501761,0.457054,1.195703,-1.272855,-0.022162,0.979528,-1.001196,0.259954,0.618589,-1.684799]
[ros2_control_node-3] [INFO] [1791434693.728844497] [StateRL]: [ABS-POLICY-CMD] event=command_write clock=steady_clock_ns write_ns=16480083143830 write_id=359 source_session_id=16478219458311 source_policy_cycle_id=88 source_mode=0 action_source=1 transition_reason=0 recovery_episode_id=0 q_rad=[-0.099780,0.224901,-1.501761,0.457054,1.195703,-1.272855,-0.022162,0.979528,-1.001196,0.259954,0.618589,-1.684799]
[ros2_control_node-3] [INFO] [1791434693.743260819] [StateRL]: [ABS-POLICY-CMD] event=command_write clock=steady_clock_ns write_ns=16480097539478 write_id=360 source_session_id=16478219458311 source_policy_cycle_id=89 source_mode=0 action_source=1 transition_reason=0 recovery_episode_id=0 q_rad=[-0.242758,0.395807,-1.434152,0.708639,1.141263,-1.398501,0.023409,0.879108,-0.883361,0.213253,0.607457,-1.758887]
[ros2_control_node-3] [INFO] [1791434693.744910818] [StateRL]: [ABS-POLICY-CMD] event=command_write clock=steady_clock_ns write_ns=16480099198753 write_id=361 source_session_id=16478219458311 source_policy_cycle_id=89 source_mode=0 action_source=1 transition_reason=0 recovery_episode_id=0 q_rad=[-0.242758,0.395807,-1.434152,0.708639,1.141263,-1.398501,0.023409,0.879108,-0.883361,0.213253,0.607457,-1.758887]
[ros2_control_node-3] [INFO] [1791434693.745714321] [StateRL]: [ABS-POLICY-CMD] event=command_write clock=steady_clock_ns write_ns=16480100007784 write_id=362 source_session_id=16478219458311 source_policy_cycle_id=89 source_mode=0 action_source=1 transition_reason=0 recovery_episode_id=0 q_rad=[-0.242758,0.395807,-1.434152,0.708639,1.141263,-1.398501,0.023409,0.879108,-0.883361,0.213253,0.607457,-1.758887]
[ros2_control_node-3] [INFO] [1791434693.746482787] [StateRL]: [ABS-POLICY-CMD] event=command_write clock=steady_clock_ns write_ns=16480100776237 write_id=363 source_session_id=16478219458311 source_policy_cycle_id=89 source_mode=0 action_source=1 transition_reason=0 recovery_episode_id=0 q_rad=[-0.242758,0.395807,-1.434152,0.708639,1.141263,-1.398501,0.023409,0.879108,-0.883361,0.213253,0.607457,-1.758887]
[ros2_control_node-3] [INFO] [1791434693.764509189] [StateRL]: [ABS-POLICY-CMD] event=command_write clock=steady_clock_ns write_ns=16480118799259 write_id=364 source_session_id=16478219458311 source_policy_cycle_id=90 source_mode=0 action_source=1 transition_reason=0 recovery_episode_id=0 q_rad=[-0.039898,0.590451,-1.364368,0.613710,0.848233,-1.505744,0.072903,0.926545,-1.034291,0.149157,0.559292,-1.655692]
[ros2_control_node-3] [INFO] [1791434693.766644126] [StateRL]: [ABS-POLICY-CMD] event=command_write clock=steady_clock_ns write_ns=16480120933709 write_id=365 source_session_id=16478219458311 source_policy_cycle_id=90 source_mode=0 action_source=1 transition_reason=0 recovery_episode_id=0 q_rad=[-0.039898,0.590451,-1.364368,0.613710,0.848233,-1.505744,0.072903,0.926545,-1.034291,0.149157,0.559292,-1.655692]
[ros2_control_node-3] [INFO] [1791434693.770970969] [StateRL]: [ABS-POLICY-CMD] event=command_write clock=steady_clock_ns write_ns=16480125261709 write_id=366 source_session_id=16478219458311 source_policy_cycle_id=90 source_mode=0 action_source=1 transition_reason=0 recovery_episode_id=0 q_rad=[-0.039898,0.590451,-1.364368,0.613710,0.848233,-1.505744,0.072903,0.926545,-1.034291,0.149157,0.559292,-1.655692]
[ros2_control_node-3] [INFO] [1791434693.772750991] [StateRL]: [ABS-POLICY-CMD] event=command_write clock=steady_clock_ns write_ns=16480127031440 write_id=367 source_session_id=16478219458311 source_policy_cycle_id=90 source_mode=0 action_source=1 transition_reason=0 recovery_episode_id=0 q_rad=[-0.039898,0.590451,-1.364368,0.613710,0.848233,-1.505744,0.072903,0.926545,-1.034291,0.149157,0.559292,-1.655692]
[ros2_control_node-3] [INFO] [1791434693.796623228] [StateRL]: [ABS-POLICY-CMD] event=command_write clock=steady_clock_ns write_ns=16480150887749 write_id=368 source_session_id=16478219458311 source_policy_cycle_id=91 source_mode=0 action_source=1 transition_reason=0 recovery_episode_id=0 q_rad=[0.080933,0.836536,-1.228369,0.485183,0.643429,-1.710370,0.063339,1.093610,-1.193444,-0.034986,0.712653,-1.676791]
[ros2_control_node-3] [INFO] [1791434693.797427518] [StateRL]: [ABS-POLICY-CMD] event=command_write clock=steady_clock_ns write_ns=16480151723177 write_id=369 source_session_id=16478219458311 source_policy_cycle_id=91 source_mode=0 action_source=1 transition_reason=0 recovery_episode_id=0 q_rad=[0.080933,0.836536,-1.228369,0.485183,0.643429,-1.710370,0.063339,1.093610,-1.193444,-0.034986,0.712653,-1.676791]
[ros2_control_node-3] [INFO] [1791434693.799215077] [StateRL]: [ABS-POLICY-CMD] event=command_write clock=steady_clock_ns write_ns=16480153481138 write_id=370 source_session_id=16478219458311 source_policy_cycle_id=91 source_mode=0 action_source=1 transition_reason=0 recovery_episode_id=0 q_rad=[0.080933,0.836536,-1.228369,0.485183,0.643429,-1.710370,0.063339,1.093610,-1.193444,-0.034986,0.712653,-1.676791]
[ros2_control_node-3] [INFO] [1791434693.800567260] [StateRL]: [ABS-POLICY-CMD] event=command_write clock=steady_clock_ns write_ns=16480154858043 write_id=371 source_session_id=16478219458311 source_policy_cycle_id=91 source_mode=0 action_source=1 transition_reason=0 recovery_episode_id=0 q_rad=[0.080933,0.836536,-1.228369,0.485183,0.643429,-1.710370,0.063339,1.093610,-1.193444,-0.034986,0.712653,-1.676791]
[ros2_control_node-3] [INFO] [1791434693.817732836] [StateRL]: [ABS-POLICY-CMD] event=command_write clock=steady_clock_ns write_ns=16480172011511 write_id=372 source_session_id=16478219458311 source_policy_cycle_id=92 source_mode=0 action_source=1 transition_reason=0 recovery_episode_id=0 q_rad=[0.178628,0.813285,-1.105522,0.267002,0.438464,-1.900975,0.058282,1.218184,-1.248289,-0.204320,0.956004,-1.626757]
[ros2_control_node-3] [INFO] [1791434693.818525406] [StateRL]: [ABS-LIVE-CMD] event=rl_command_write clock=steady_clock_ns timestamp_ns=16480172832194 sequence=650 controller_state=RL rl_active=1 finite=1 kp_zero=0 kd_zero=0 tau_zero=1 veto_reason= q=[0.1786,0.8133,-1.1055,0.2670,0.4385,-1.9010,0.0583,1.2182,-1.2483,-0.2043,0.9560,-1.6268] kp=[30.0000,30.0000,30.0000,30.0000,30.0000,30.0000,30.0000,30.0000,30.0000,30.0000,30.0000,30.0000] kd=[0.6500,0.6500,0.6500,0.6500,0.6500,0.6500,0.6500,0.6500,0.6500,0.6500,0.6500,0.6500] tau=[0.0000,0.0000,0.0000,0.0000,0.0000,0.0000,0.0000,0.0000,0.0000,0.0000,0.0000,0.0000]
[ros2_control_node-3] [INFO] [1791434693.820117716] [StateRL]: [ABS-POLICY-CMD] event=command_write clock=steady_clock_ns write_ns=16480174409559 write_id=373 source_session_id=16478219458311 source_policy_cycle_id=92 source_mode=0 action_source=1 transition_reason=0 recovery_episode_id=0 q_rad=[0.178628,0.813285,-1.105522,0.267002,0.438464,-1.900975,0.058282,1.218184,-1.248289,-0.204320,0.956004,-1.626757]
[ros2_control_node-3] [INFO] [1791434693.821600954] [StateRL]: [ABS-POLICY-CMD] event=command_write clock=steady_clock_ns write_ns=16480175894936 write_id=374 source_session_id=16478219458311 source_policy_cycle_id=92 source_mode=0 action_source=1 transition_reason=0 recovery_episode_id=0 q_rad=[0.178628,0.813285,-1.105522,0.267002,0.438464,-1.900975,0.058282,1.218184,-1.248289,-0.204320,0.956004,-1.626757]
[ros2_control_node-3] [INFO] [1791434693.823163994] [StateRL]: [ABS-POLICY-CMD] event=command_write clock=steady_clock_ns write_ns=16480177456824 write_id=375 source_session_id=16478219458311 source_policy_cycle_id=92 source_mode=0 action_source=1 transition_reason=0 recovery_episode_id=0 q_rad=[0.178628,0.813285,-1.105522,0.267002,0.438464,-1.900975,0.058282,1.218184,-1.248289,-0.204320,0.956004,-1.626757]
[ros2_control_node-3] [INFO] [1791434693.845680706] [StateRL]: [ABS-POLICY-CMD] event=command_write clock=steady_clock_ns write_ns=16480199942718 write_id=376 source_session_id=16478219458311 source_policy_cycle_id=93 source_mode=0 action_source=1 transition_reason=0 recovery_episode_id=0 q_rad=[0.091747,1.038870,-1.188493,0.170840,0.435402,-1.783436,0.080257,1.106742,-1.035558,-0.194132,1.069646,-1.389390]
[ros2_control_node-3] [INFO] [1791434693.847751547] [StateRL]: [ABS-POLICY-CMD] event=command_write clock=steady_clock_ns write_ns=16480202036452 write_id=377 source_session_id=16478219458311 source_policy_cycle_id=93 source_mode=0 action_source=1 transition_reason=0 recovery_episode_id=0 q_rad=[0.091747,1.038870,-1.188493,0.170840,0.435402,-1.783436,0.080257,1.106742,-1.035558,-0.194132,1.069646,-1.389390]
[ros2_control_node-3] [INFO] [1791434693.849669654] [StateRL]: [ABS-POLICY-CMD] event=command_write clock=steady_clock_ns write_ns=16480203957412 write_id=378 source_session_id=16478219458311 source_policy_cycle_id=93 source_mode=0 action_source=1 transition_reason=0 recovery_episode_id=0 q_rad=[0.091747,1.038870,-1.188493,0.170840,0.435402,-1.783436,0.080257,1.106742,-1.035558,-0.194132,1.069646,-1.389390]
[ros2_control_node-3] [INFO] [1791434693.851651315] [StateRL]: [ABS-POLICY-CMD] event=command_write clock=steady_clock_ns write_ns=16480205942068 write_id=379 source_session_id=16478219458311 source_policy_cycle_id=93 source_mode=0 action_source=1 transition_reason=0 recovery_episode_id=0 q_rad=[0.091747,1.038870,-1.188493,0.170840,0.435402,-1.783436,0.080257,1.106742,-1.035558,-0.194132,1.069646,-1.389390]
[ros2_control_node-3] [INFO] [1791434693.870547083] [StateRL]: [ABS-POLICY-CMD] event=command_write clock=steady_clock_ns write_ns=16480224830322 write_id=380 source_session_id=16478219458311 source_policy_cycle_id=94 source_mode=0 action_source=1 transition_reason=0 recovery_episode_id=0 q_rad=[0.052543,1.090816,-1.211659,0.150865,0.505966,-1.565277,-0.073913,1.121396,-0.951880,-0.080733,1.015543,-1.127270]
[ros2_control_node-3] [INFO] [1791434693.872593961] [StateRL]: [ABS-POLICY-CMD] event=command_write clock=steady_clock_ns write_ns=16480226882428 write_id=381 source_session_id=16478219458311 source_policy_cycle_id=94 source_mode=0 action_source=1 transition_reason=0 recovery_episode_id=0 q_rad=[0.052543,1.090816,-1.211659,0.150865,0.505966,-1.565277,-0.073913,1.121396,-0.951880,-0.080733,1.015543,-1.127270]
[ros2_control_node-3] [INFO] [1791434693.874657811] [StateRL]: [ABS-POLICY-CMD] event=command_write clock=steady_clock_ns write_ns=16480228945206 write_id=382 source_session_id=16478219458311 source_policy_cycle_id=94 source_mode=0 action_source=1 transition_reason=0 recovery_episode_id=0 q_rad=[0.052543,1.090816,-1.211659,0.150865,0.505966,-1.565277,-0.073913,1.121396,-0.951880,-0.080733,1.015543,-1.127270]
[ros2_control_node-3] [INFO] [1791434693.876735148] [StateRL]: [ABS-POLICY-CMD] event=command_write clock=steady_clock_ns write_ns=16480231025291 write_id=383 source_session_id=16478219458311 source_policy_cycle_id=94 source_mode=0 action_source=1 transition_reason=0 recovery_episode_id=0 q_rad=[0.052543,1.090816,-1.211659,0.150865,0.505966,-1.565277,-0.073913,1.121396,-0.951880,-0.080733,1.015543,-1.127270]
[ros2_control_node-3] [INFO] [1791434693.893539729] [StateRL]: [ABS-POLICY-CMD] event=command_write clock=steady_clock_ns write_ns=16480247824966 write_id=384 source_session_id=16478219458311 source_policy_cycle_id=95 source_mode=0 action_source=1 transition_reason=0 recovery_episode_id=0 q_rad=[0.026060,1.160478,-1.156888,0.289462,0.700294,-1.224059,-0.324856,1.382598,-1.042710,-0.077691,0.964506,-1.029938]
[ros2_control_node-3] [INFO] [1791434693.895481449] [StateRL]: [ABS-POLICY-CMD] event=command_write clock=steady_clock_ns write_ns=16480249774020 write_id=385 source_session_id=16478219458311 source_policy_cycle_id=95 source_mode=0 action_source=1 transition_reason=0 recovery_episode_id=0 q_rad=[0.026060,1.160478,-1.156888,0.289462,0.700294,-1.224059,-0.324856,1.382598,-1.042710,-0.077691,0.964506,-1.029938]
[ros2_control_node-3] [INFO] [1791434693.897065394] [StateRL]: [ABS-POLICY-CMD] event=command_write clock=steady_clock_ns write_ns=16480251357613 write_id=386 source_session_id=16478219458311 source_policy_cycle_id=95 source_mode=0 action_source=1 transition_reason=0 recovery_episode_id=0 q_rad=[0.026060,1.160478,-1.156888,0.289462,0.700294,-1.224059,-0.324856,1.382598,-1.042710,-0.077691,0.964506,-1.029938]
[ros2_control_node-3] [INFO] [1791434693.898686622] [StateRL]: [ABS-POLICY-CMD] event=command_write clock=steady_clock_ns write_ns=16480252976825 write_id=387 source_session_id=16478219458311 source_policy_cycle_id=95 source_mode=0 action_source=1 transition_reason=0 recovery_episode_id=0 q_rad=[0.026060,1.160478,-1.156888,0.289462,0.700294,-1.224059,-0.324856,1.382598,-1.042710,-0.077691,0.964506,-1.029938]
[ros2_control_node-3] [INFO] [1791434693.921634124] [StateRL]: [ABS-POLICY-CMD] event=command_write clock=steady_clock_ns write_ns=16480275914216 write_id=388 source_session_id=16478219458311 source_policy_cycle_id=96 source_mode=0 action_source=1 transition_reason=0 recovery_episode_id=0 q_rad=[-0.006885,1.007736,-1.061496,0.333565,0.801690,-0.998234,-0.605196,1.376303,-1.184393,-0.058868,1.059387,-0.957398]
[ros2_control_node-3] [INFO] [1791434693.922915096] [StateRL]: [ABS-POLICY-CMD] event=command_write clock=steady_clock_ns write_ns=16480277207445 write_id=389 source_session_id=16478219458311 source_policy_cycle_id=96 source_mode=0 action_source=1 transition_reason=0 recovery_episode_id=0 q_rad=[-0.006885,1.007736,-1.061496,0.333565,0.801690,-0.998234,-0.605196,1.376303,-1.184393,-0.058868,1.059387,-0.957398]
[ros2_control_node-3] [INFO] [1791434693.924110163] [StateRL]: [ABS-POLICY-CMD] event=command_write clock=steady_clock_ns write_ns=16480278379568 write_id=390 source_session_id=16478219458311 source_policy_cycle_id=96 source_mode=0 action_source=1 transition_reason=0 recovery_episode_id=0 q_rad=[-0.006885,1.007736,-1.061496,0.333565,0.801690,-0.998234,-0.605196,1.376303,-1.184393,-0.058868,1.059387,-0.957398]
[ros2_control_node-3] [INFO] [1791434693.925421502] [StateRL]: [ABS-POLICY-CMD] event=command_write clock=steady_clock_ns write_ns=16480279713540 write_id=391 source_session_id=16478219458311 source_policy_cycle_id=96 source_mode=0 action_source=1 transition_reason=0 recovery_episode_id=0 q_rad=[-0.006885,1.007736,-1.061496,0.333565,0.801690,-0.998234,-0.605196,1.376303,-1.184393,-0.058868,1.059387,-0.957398]
[ros2_control_node-3] [INFO] [1791434693.942792631] [StateRL]: [ABS-POLICY-CMD] event=command_write clock=steady_clock_ns write_ns=16480297057412 write_id=392 source_session_id=16478219458311 source_policy_cycle_id=97 source_mode=0 action_source=1 transition_reason=0 recovery_episode_id=0 q_rad=[-0.180797,1.160994,-1.508732,0.058771,0.849445,-0.952708,-0.460888,1.186990,-1.450900,0.023204,1.191278,-1.014341]
[ros2_control_node-3] [INFO] [1791434693.943645887] [StateRL]: [ABS-POLICY-CMD] event=command_write clock=steady_clock_ns write_ns=16480297936141 write_id=393 source_session_id=16478219458311 source_policy_cycle_id=97 source_mode=0 action_source=1 transition_reason=0 recovery_episode_id=0 q_rad=[-0.180797,1.160994,-1.508732,0.058771,0.849445,-0.952708,-0.460888,1.186990,-1.450900,0.023204,1.191278,-1.014341]
[ros2_control_node-3] [INFO] [1791434693.945390714] [StateRL]: [ABS-POLICY-CMD] event=command_write clock=steady_clock_ns write_ns=16480299682142 write_id=394 source_session_id=16478219458311 source_policy_cycle_id=97 source_mode=0 action_source=1 transition_reason=0 recovery_episode_id=0 q_rad=[-0.180797,1.160994,-1.508732,0.058771,0.849445,-0.952708,-0.460888,1.186990,-1.450900,0.023204,1.191278,-1.014341]
[ros2_control_node-3] [INFO] [1791434693.947035066] [StateRL]: [ABS-POLICY-CMD] event=command_write clock=steady_clock_ns write_ns=16480301327026 write_id=395 source_session_id=16478219458311 source_policy_cycle_id=97 source_mode=0 action_source=1 transition_reason=0 recovery_episode_id=0 q_rad=[-0.180797,1.160994,-1.508732,0.058771,0.849445,-0.952708,-0.460888,1.186990,-1.450900,0.023204,1.191278,-1.014341]
[ros2_control_node-3] [INFO] [1791434693.966661612] [StateRL]: [ABS-POLICY-CMD] event=command_write clock=steady_clock_ns write_ns=16480320943843 write_id=396 source_session_id=16478219458311 source_policy_cycle_id=98 source_mode=0 action_source=1 transition_reason=0 recovery_episode_id=0 q_rad=[-0.374581,1.255765,-1.666587,-0.157538,0.864411,-1.062772,-0.444507,0.961320,-1.572451,-0.045887,1.130369,-0.944727]
[ros2_control_node-3] [INFO] [1791434693.967937125] [StateRL]: [ABS-POLICY-CMD] event=command_write clock=steady_clock_ns write_ns=16480322229672 write_id=397 source_session_id=16478219458311 source_policy_cycle_id=98 source_mode=0 action_source=1 transition_reason=0 recovery_episode_id=0 q_rad=[-0.374581,1.255765,-1.666587,-0.157538,0.864411,-1.062772,-0.444507,0.961320,-1.572451,-0.045887,1.130369,-0.944727]
[ros2_control_node-3] [INFO] [1791434693.967975739] [StateRL]: [ABS-LIVE-CMD] event=rl_command_write clock=steady_clock_ns timestamp_ns=16480322282705 sequence=675 controller_state=RL rl_active=1 finite=1 kp_zero=0 kd_zero=0 tau_zero=1 veto_reason= q=[-0.3746,1.2558,-1.6666,-0.1575,0.8644,-1.0628,-0.4445,0.9613,-1.5725,-0.0459,1.1304,-0.9447] kp=[30.0000,30.0000,30.0000,30.0000,30.0000,30.0000,30.0000,30.0000,30.0000,30.0000,30.0000,30.0000] kd=[0.6500,0.6500,0.6500,0.6500,0.6500,0.6500,0.6500,0.6500,0.6500,0.6500,0.6500,0.6500] tau=[0.0000,0.0000,0.0000,0.0000,0.0000,0.0000,0.0000,0.0000,0.0000,0.0000,0.0000,0.0000]
[ros2_control_node-3] [INFO] [1791434693.969635131] [StateRL]: [ABS-POLICY-CMD] event=command_write clock=steady_clock_ns write_ns=16480323927641 write_id=398 source_session_id=16478219458311 source_policy_cycle_id=98 source_mode=0 action_source=1 transition_reason=0 recovery_episode_id=0 q_rad=[-0.374581,1.255765,-1.666587,-0.157538,0.864411,-1.062772,-0.444507,0.961320,-1.572451,-0.045887,1.130369,-0.944727]
[ros2_control_node-3] [INFO] [1791434693.971209992] [StateRL]: [ABS-POLICY-CMD] event=command_write clock=steady_clock_ns write_ns=16480325502599 write_id=399 source_session_id=16478219458311 source_policy_cycle_id=98 source_mode=0 action_source=1 transition_reason=0 recovery_episode_id=0 q_rad=[-0.374581,1.255765,-1.666587,-0.157538,0.864411,-1.062772,-0.444507,0.961320,-1.572451,-0.045887,1.130369,-0.944727]
[ros2_control_node-3] [INFO] [1791434693.973159675] [StateRL]: [ABS-LIVE-RAY-CHECK] clock=steady_clock_ns now_ns=16480327454012 checks=50 average_period_ms=20.652925
[ros2_control_node-3] [INFO] [1791434693.987120468] [StateRL]: [ABS-POLICY-CMD] event=command_write clock=steady_clock_ns write_ns=16480341398316 write_id=400 source_session_id=16478219458311 source_policy_cycle_id=99 source_mode=0 action_source=1 transition_reason=0 recovery_episode_id=0 q_rad=[-0.455238,0.990880,-1.769259,-0.233723,0.860774,-1.057298,-0.430661,0.782687,-1.658905,-0.086407,0.969760,-0.880291]
[ros2_control_node-3] [INFO] [1791434693.989226373] [StateRL]: [ABS-POLICY-CMD] event=command_write clock=steady_clock_ns write_ns=16480343520175 write_id=401 source_session_id=16478219458311 source_policy_cycle_id=99 source_mode=0 action_source=1 transition_reason=0 recovery_episode_id=0 q_rad=[-0.455238,0.990880,-1.769259,-0.233723,0.860774,-1.057298,-0.430661,0.782687,-1.658905,-0.086407,0.969760,-0.880291]
[ros2_control_node-3] [INFO] [1791434693.990891235] [StateRL]: [ABS-POLICY-CMD] event=command_write clock=steady_clock_ns write_ns=16480345181115 write_id=402 source_session_id=16478219458311 source_policy_cycle_id=99 source_mode=0 action_source=1 transition_reason=0 recovery_episode_id=0 q_rad=[-0.455238,0.990880,-1.769259,-0.233723,0.860774,-1.057298,-0.430661,0.782687,-1.658905,-0.086407,0.969760,-0.880291]
[ros2_control_node-3] [INFO] [1791434693.993184838] [StateRL]: [ABS-POLICY-CMD] event=command_write clock=steady_clock_ns write_ns=16480347474050 write_id=403 source_session_id=16478219458311 source_policy_cycle_id=99 source_mode=0 action_source=1 transition_reason=0 recovery_episode_id=0 q_rad=[-0.455238,0.990880,-1.769259,-0.233723,0.860774,-1.057298,-0.430661,0.782687,-1.658905,-0.086407,0.969760,-0.880291]
[ros2_control_node-3] [INFO] [1791434694.013472617] [StateRL]: [EVAL] step=100 t=2.000 robot=(1.348,-0.001) yaw=-0.112 goal=(7.000,0.000) dist=5.652 body=(4.960,0.561) heading=0.276 arrived=0 ra=-0.33628 entry=-0.05000 recovery=0 hold=0 twist=(0.000,0.000,0.000) min_ray_log=-0.685 max_ray_log=2.585 min_ray_m=0.622 lin_vel=(1.594,-0.129,0.210) ang_vel=(2.776,0.265,-0.628) action_range=(-2.289,1.905) contact=(-1,1,-1,-1)
[ros2_control_node-3] [INFO] [1791434694.013836820] [StateRL]: [ABS-POLICY-CMD] event=command_write clock=steady_clock_ns write_ns=16480368117962 write_id=404 source_session_id=16478219458311 source_policy_cycle_id=100 source_mode=0 action_source=1 transition_reason=0 recovery_episode_id=0 q_rad=[-0.572209,0.687698,-1.858745,-0.267250,0.826090,-1.039176,-0.361259,0.782473,-1.673001,0.131262,0.915008,-1.023749]
[ros2_control_node-3] [INFO] [1791434694.016987026] [StateRL]: [ABS-POLICY-CMD] event=command_write clock=steady_clock_ns write_ns=16480371274285 write_id=405 source_session_id=16478219458311 source_policy_cycle_id=100 source_mode=0 action_source=1 transition_reason=0 recovery_episode_id=0 q_rad=[-0.572209,0.687698,-1.858745,-0.267250,0.826090,-1.039176,-0.361259,0.782473,-1.673001,0.131262,0.915008,-1.023749]
[ros2_control_node-3] [INFO] [1791434694.018889864] [StateRL]: [ABS-POLICY-CMD] event=command_write clock=steady_clock_ns write_ns=16480373180961 write_id=406 source_session_id=16478219458311 source_policy_cycle_id=100 source_mode=0 action_source=1 transition_reason=0 recovery_episode_id=0 q_rad=[-0.572209,0.687698,-1.858745,-0.267250,0.826090,-1.039176,-0.361259,0.782473,-1.673001,0.131262,0.915008,-1.023749]
[ros2_control_node-3] [INFO] [1791434694.020450177] [StateRL]: [ABS-POLICY-CMD] event=command_write clock=steady_clock_ns write_ns=16480374744671 write_id=407 source_session_id=16478219458311 source_policy_cycle_id=100 source_mode=0 action_source=1 transition_reason=0 recovery_episode_id=0 q_rad=[-0.572209,0.687698,-1.858745,-0.267250,0.826090,-1.039176,-0.361259,0.782473,-1.673001,0.131262,0.915008,-1.023749]
[ros2_control_node-3] [INFO] [1791434694.042634753] [StateRL]: [ABS-POLICY-CMD] event=command_write clock=steady_clock_ns write_ns=16480396910459 write_id=408 source_session_id=16478219458311 source_policy_cycle_id=101 source_mode=0 action_source=1 transition_reason=0 recovery_episode_id=0 q_rad=[-0.416651,0.262294,-1.987217,-0.290435,0.876986,-1.007432,-0.125427,0.841984,-1.787412,0.433990,0.954916,-1.354099]
[ros2_control_node-3] [INFO] [1791434694.044217038] [StateRL]: [ABS-POLICY-CMD] event=command_write clock=steady_clock_ns write_ns=16480398507201 write_id=409 source_session_id=16478219458311 source_policy_cycle_id=101 source_mode=0 action_source=1 transition_reason=0 recovery_episode_id=0 q_rad=[-0.416651,0.262294,-1.987217,-0.290435,0.876986,-1.007432,-0.125427,0.841984,-1.787412,0.433990,0.954916,-1.354099]
[ros2_control_node-3] [INFO] [1791434694.044878097] [StateRL]: [ABS-POLICY-CMD] event=command_write clock=steady_clock_ns write_ns=16480399170235 write_id=410 source_session_id=16478219458311 source_policy_cycle_id=101 source_mode=0 action_source=1 transition_reason=0 recovery_episode_id=0 q_rad=[-0.416651,0.262294,-1.987217,-0.290435,0.876986,-1.007432,-0.125427,0.841984,-1.787412,0.433990,0.954916,-1.354099]
[ros2_control_node-3] [INFO] [1791434694.045481225] [StateRL]: [ABS-POLICY-CMD] event=command_write clock=steady_clock_ns write_ns=16480399774714 write_id=411 source_session_id=16478219458311 source_policy_cycle_id=101 source_mode=0 action_source=1 transition_reason=0 recovery_episode_id=0 q_rad=[-0.416651,0.262294,-1.987217,-0.290435,0.876986,-1.007432,-0.125427,0.841984,-1.787412,0.433990,0.954916,-1.354099]
[ros2_control_node-3] [INFO] [1791434694.069563588] [StateRL]: [ABS-POLICY-CMD] event=command_write clock=steady_clock_ns write_ns=16480423847844 write_id=412 source_session_id=16478219458311 source_policy_cycle_id=102 source_mode=0 action_source=1 transition_reason=0 recovery_episode_id=0 q_rad=[-0.017638,0.101542,-1.899877,-0.190070,0.917436,-0.837760,0.071151,1.053765,-1.476569,0.433615,0.787359,-1.516843]
[ros2_control_node-3] [INFO] [1791434694.071516648] [StateRL]: [ABS-POLICY-CMD] event=command_write clock=steady_clock_ns write_ns=16480425808735 write_id=413 source_session_id=16478219458311 source_policy_cycle_id=102 source_mode=0 action_source=1 transition_reason=0 recovery_episode_id=0 q_rad=[-0.017638,0.101542,-1.899877,-0.190070,0.917436,-0.837760,0.071151,1.053765,-1.476569,0.433615,0.787359,-1.516843]
[ros2_control_node-3] [INFO] [1791434694.073186441] [StateRL]: [ABS-POLICY-CMD] event=command_write clock=steady_clock_ns write_ns=16480427471764 write_id=414 source_session_id=16478219458311 source_policy_cycle_id=102 source_mode=0 action_source=1 transition_reason=0 recovery_episode_id=0 q_rad=[-0.017638,0.101542,-1.899877,-0.190070,0.917436,-0.837760,0.071151,1.053765,-1.476569,0.433615,0.787359,-1.516843]
[ros2_control_node-3] [INFO] [1791434694.075085906] [StateRL]: [ABS-POLICY-CMD] event=command_write clock=steady_clock_ns write_ns=16480429350760 write_id=415 source_session_id=16478219458311 source_policy_cycle_id=102 source_mode=0 action_source=1 transition_reason=0 recovery_episode_id=0 q_rad=[-0.017638,0.101542,-1.899877,-0.190070,0.917436,-0.837760,0.071151,1.053765,-1.476569,0.433615,0.787359,-1.516843]
[ros2_control_node-3] [INFO] [1791434694.100798823] [StateRL]: [ABS-POLICY-CMD] event=command_write clock=steady_clock_ns write_ns=16480455072438 write_id=416 source_session_id=16478219458311 source_policy_cycle_id=103 source_mode=0 action_source=1 transition_reason=0 recovery_episode_id=0 q_rad=[-0.075607,0.152654,-1.616869,0.379653,1.153342,-1.199695,0.002515,1.061159,-0.968865,0.296393,0.644947,-1.672610]
[ros2_control_node-3] [INFO] [1791434694.102836805] [StateRL]: [ABS-POLICY-CMD] event=command_write clock=steady_clock_ns write_ns=16480457124638 write_id=417 source_session_id=16478219458311 source_policy_cycle_id=103 source_mode=0 action_source=1 transition_reason=0 recovery_episode_id=0 q_rad=[-0.075607,0.152654,-1.616869,0.379653,1.153342,-1.199695,0.002515,1.061159,-0.968865,0.296393,0.644947,-1.672610]
[ros2_control_node-3] [INFO] [1791434694.104133888] [StateRL]: [ABS-POLICY-CMD] event=command_write clock=steady_clock_ns write_ns=16480458420476 write_id=418 source_session_id=16478219458311 source_policy_cycle_id=103 source_mode=0 action_source=1 transition_reason=0 recovery_episode_id=0 q_rad=[-0.075607,0.152654,-1.616869,0.379653,1.153342,-1.199695,0.002515,1.061159,-0.968865,0.296393,0.644947,-1.672610]
[ros2_control_node-3] [INFO] [1791434694.105883472] [StateRL]: [ABS-POLICY-CMD] event=command_write clock=steady_clock_ns write_ns=16480460173268 write_id=419 source_session_id=16478219458311 source_policy_cycle_id=103 source_mode=0 action_source=1 transition_reason=0 recovery_episode_id=0 q_rad=[-0.075607,0.152654,-1.616869,0.379653,1.153342,-1.199695,0.002515,1.061159,-0.968865,0.296393,0.644947,-1.672610]
[ros2_control_node-3] [INFO] [1791434694.125588008] [StateRL]: [ABS-POLICY-CMD] event=command_write clock=steady_clock_ns write_ns=16480479851193 write_id=420 source_session_id=16478219458311 source_policy_cycle_id=104 source_mode=0 action_source=1 transition_reason=0 recovery_episode_id=0 q_rad=[-0.311386,0.292253,-1.512051,0.792588,1.163377,-1.361496,0.066191,1.097687,-0.984555,0.339227,0.468568,-1.821665]
[ros2_control_node-3] [INFO] [1791434694.127682621] [StateRL]: [ABS-POLICY-CMD] event=command_write clock=steady_clock_ns write_ns=16480481964072 write_id=421 source_session_id=16478219458311 source_policy_cycle_id=104 source_mode=0 action_source=1 transition_reason=0 recovery_episode_id=0 q_rad=[-0.311386,0.292253,-1.512051,0.792588,1.163377,-1.361496,0.066191,1.097687,-0.984555,0.339227,0.468568,-1.821665]
[ros2_control_node-3] [INFO] [1791434694.129731826] [StateRL]: [ABS-POLICY-CMD] event=command_write clock=steady_clock_ns write_ns=16480484022870 write_id=422 source_session_id=16478219458311 source_policy_cycle_id=104 source_mode=0 action_source=1 transition_reason=0 recovery_episode_id=0 q_rad=[-0.311386,0.292253,-1.512051,0.792588,1.163377,-1.361496,0.066191,1.097687,-0.984555,0.339227,0.468568,-1.821665]
[ros2_control_node-3] [INFO] [1791434694.129774185] [StateRL]: [ABS-LIVE-CMD] event=rl_command_write clock=steady_clock_ns timestamp_ns=16480484081167 sequence=700 controller_state=RL rl_active=1 finite=1 kp_zero=0 kd_zero=0 tau_zero=1 veto_reason= q=[-0.3114,0.2923,-1.5121,0.7926,1.1634,-1.3615,0.0662,1.0977,-0.9846,0.3392,0.4686,-1.8217] kp=[30.0000,30.0000,30.0000,30.0000,30.0000,30.0000,30.0000,30.0000,30.0000,30.0000,30.0000,30.0000] kd=[0.6500,0.6500,0.6500,0.6500,0.6500,0.6500,0.6500,0.6500,0.6500,0.6500,0.6500,0.6500] tau=[0.0000,0.0000,0.0000,0.0000,0.0000,0.0000,0.0000,0.0000,0.0000,0.0000,0.0000,0.0000]
[ros2_control_node-3] [INFO] [1791434694.131477930] [StateRL]: [ABS-POLICY-CMD] event=command_write clock=steady_clock_ns write_ns=16480485771236 write_id=423 source_session_id=16478219458311 source_policy_cycle_id=104 source_mode=0 action_source=1 transition_reason=0 recovery_episode_id=0 q_rad=[-0.311386,0.292253,-1.512051,0.792588,1.163377,-1.361496,0.066191,1.097687,-0.984555,0.339227,0.468568,-1.821665]
[ros2_control_node-3] [INFO] [1791434694.149248240] [StateRL]: [ABS-POLICY-CMD] event=command_write clock=steady_clock_ns write_ns=16480503528631 write_id=424 source_session_id=16478219458311 source_policy_cycle_id=105 source_mode=0 action_source=1 transition_reason=0 recovery_episode_id=0 q_rad=[-0.135024,0.717781,-1.384520,0.784555,0.748419,-1.444965,0.150534,1.135412,-1.118037,0.172741,0.505912,-1.768062]
[ros2_control_node-3] [INFO] [1791434694.150991918] [StateRL]: [ABS-POLICY-CMD] event=command_write clock=steady_clock_ns write_ns=16480505284187 write_id=425 source_session_id=16478219458311 source_policy_cycle_id=105 source_mode=0 action_source=1 transition_reason=0 recovery_episode_id=0 q_rad=[-0.135024,0.717781,-1.384520,0.784555,0.748419,-1.444965,0.150534,1.135412,-1.118037,0.172741,0.505912,-1.768062]
[ros2_control_node-3] [INFO] [1791434694.153092481] [StateRL]: [ABS-POLICY-CMD] event=command_write clock=steady_clock_ns write_ns=16480507385426 write_id=426 source_session_id=16478219458311 source_policy_cycle_id=105 source_mode=0 action_source=1 transition_reason=0 recovery_episode_id=0 q_rad=[-0.135024,0.717781,-1.384520,0.784555,0.748419,-1.444965,0.150534,1.135412,-1.118037,0.172741,0.505912,-1.768062]
[ros2_control_node-3] [INFO] [1791434694.154680551] [StateRL]: [ABS-POLICY-CMD] event=command_write clock=steady_clock_ns write_ns=16480508972835 write_id=427 source_session_id=16478219458311 source_policy_cycle_id=105 source_mode=0 action_source=1 transition_reason=0 recovery_episode_id=0 q_rad=[-0.135024,0.717781,-1.384520,0.784555,0.748419,-1.444965,0.150534,1.135412,-1.118037,0.172741,0.505912,-1.768062]
[ros2_control_node-3] [INFO] [1791434694.172933373] [StateRL]: [ABS-POLICY-CMD] event=command_write clock=steady_clock_ns write_ns=16480527198555 write_id=428 source_session_id=16478219458311 source_policy_cycle_id=106 source_mode=0 action_source=1 transition_reason=0 recovery_episode_id=0 q_rad=[0.009033,0.874041,-1.222848,0.672791,0.583632,-1.703424,0.126987,1.234379,-1.270277,-0.057572,0.692839,-1.728667]
[ros2_control_node-3] [INFO] [1791434694.175374318] [StateRL]: [ABS-POLICY-CMD] event=command_write clock=steady_clock_ns write_ns=16480529657402 write_id=429 source_session_id=16478219458311 source_policy_cycle_id=106 source_mode=0 action_source=1 transition_reason=0 recovery_episode_id=0 q_rad=[0.009033,0.874041,-1.222848,0.672791,0.583632,-1.703424,0.126987,1.234379,-1.270277,-0.057572,0.692839,-1.728667]
[ros2_control_node-3] [INFO] [1791434694.177103228] [StateRL]: [ABS-POLICY-CMD] event=command_write clock=steady_clock_ns write_ns=16480530976015 write_id=430 source_session_id=16478219458311 source_policy_cycle_id=106 source_mode=0 action_source=1 transition_reason=0 recovery_episode_id=0 q_rad=[0.009033,0.874041,-1.222848,0.672791,0.583632,-1.703424,0.126987,1.234379,-1.270277,-0.057572,0.692839,-1.728667]
[ros2_control_node-3] [INFO] [1791434694.178752776] [StateRL]: [ABS-POLICY-CMD] event=command_write clock=steady_clock_ns write_ns=16480533045930 write_id=431 source_session_id=16478219458311 source_policy_cycle_id=106 source_mode=0 action_source=1 transition_reason=0 recovery_episode_id=0 q_rad=[0.009033,0.874041,-1.222848,0.672791,0.583632,-1.703424,0.126987,1.234379,-1.270277,-0.057572,0.692839,-1.728667]
[ros2_control_node-3] [INFO] [1791434694.194510680] [StateRL]: [ABS-POLICY-CMD] event=command_write clock=steady_clock_ns write_ns=16480548795841 write_id=432 source_session_id=16478219458311 source_policy_cycle_id=107 source_mode=0 action_source=1 transition_reason=0 recovery_episode_id=0 q_rad=[-0.010244,0.891422,-1.106109,0.498103,0.420273,-1.851198,0.120056,1.239389,-1.206733,-0.186489,0.894855,-1.692429]
[ros2_control_node-3] [INFO] [1791434694.195739571] [StateRL]: [ABS-POLICY-CMD] event=command_write clock=steady_clock_ns write_ns=16480550032184 write_id=433 source_session_id=16478219458311 source_policy_cycle_id=107 source_mode=0 action_source=1 transition_reason=0 recovery_episode_id=0 q_rad=[-0.010244,0.891422,-1.106109,0.498103,0.420273,-1.851198,0.120056,1.239389,-1.206733,-0.186489,0.894855,-1.692429]
[ros2_control_node-3] [INFO] [1791434694.197206108] [StateRL]: [ABS-POLICY-CMD] event=command_write clock=steady_clock_ns write_ns=16480551495590 write_id=434 source_session_id=16478219458311 source_policy_cycle_id=107 source_mode=0 action_source=1 transition_reason=0 recovery_episode_id=0 q_rad=[-0.010244,0.891422,-1.106109,0.498103,0.420273,-1.851198,0.120056,1.239389,-1.206733,-0.186489,0.894855,-1.692429]
[ros2_control_node-3] [INFO] [1791434694.199108637] [StateRL]: [ABS-POLICY-CMD] event=command_write clock=steady_clock_ns write_ns=16480553396134 write_id=435 source_session_id=16478219458311 source_policy_cycle_id=107 source_mode=0 action_source=1 transition_reason=0 recovery_episode_id=0 q_rad=[-0.010244,0.891422,-1.106109,0.498103,0.420273,-1.851198,0.120056,1.239389,-1.206733,-0.186489,0.894855,-1.692429]
[ros2_control_node-3] [INFO] [1791434694.213753608] [StateRL]: [ABS-POLICY-CMD] event=command_write clock=steady_clock_ns write_ns=16480568041427 write_id=436 source_session_id=16478219458311 source_policy_cycle_id=108 source_mode=0 action_source=1 transition_reason=0 recovery_episode_id=0 q_rad=[-0.199211,1.002453,-1.150674,0.429940,0.335511,-1.792996,0.195699,1.148303,-1.034666,-0.174596,0.996183,-1.619854]
[ros2_control_node-3] [INFO] [1791434694.216246119] [StateRL]: [ABS-POLICY-CMD] event=command_write clock=steady_clock_ns write_ns=16480570531859 write_id=437 source_session_id=16478219458311 source_policy_cycle_id=108 source_mode=0 action_source=1 transition_reason=0 recovery_episode_id=0 q_rad=[-0.199211,1.002453,-1.150674,0.429940,0.335511,-1.792996,0.195699,1.148303,-1.034666,-0.174596,0.996183,-1.619854]
[ros2_control_node-3] [INFO] [1791434694.218019621] [StateRL]: [ABS-POLICY-CMD] event=command_write clock=steady_clock_ns write_ns=16480572306909 write_id=438 source_session_id=16478219458311 source_policy_cycle_id=108 source_mode=0 action_source=1 transition_reason=0 recovery_episode_id=0 q_rad=[-0.199211,1.002453,-1.150674,0.429940,0.335511,-1.792996,0.195699,1.148303,-1.034666,-0.174596,0.996183,-1.619854]
[ros2_control_node-3] [INFO] [1791434694.220170584] [StateRL]: [ABS-POLICY-CMD] event=command_write clock=steady_clock_ns write_ns=16480574458233 write_id=439 source_session_id=16478219458311 source_policy_cycle_id=108 source_mode=0 action_source=1 transition_reason=0 recovery_episode_id=0 q_rad=[-0.199211,1.002453,-1.150674,0.429940,0.335511,-1.792996,0.195699,1.148303,-1.034666,-0.174596,0.996183,-1.619854]
[ros2_control_node-3] [INFO] [1791434694.232091501] [StateRL]: [ABS-POLICY-CMD] event=command_write clock=steady_clock_ns write_ns=16480586373658 write_id=440 source_session_id=16478219458311 source_policy_cycle_id=109 source_mode=0 action_source=1 transition_reason=0 recovery_episode_id=0 q_rad=[-0.264553,1.102434,-1.040081,0.237505,0.309859,-1.629659,0.183812,1.017767,-0.838874,-0.089344,0.956925,-1.265393]
[ros2_control_node-3] [INFO] [1791434694.233574849] [StateRL]: [ABS-POLICY-CMD] event=command_write clock=steady_clock_ns write_ns=16480587856328 write_id=441 source_session_id=16478219458311 source_policy_cycle_id=109 source_mode=0 action_source=1 transition_reason=0 recovery_episode_id=0 q_rad=[-0.264553,1.102434,-1.040081,0.237505,0.309859,-1.629659,0.183812,1.017767,-0.838874,-0.089344,0.956925,-1.265393]
[ros2_control_node-3] [INFO] [1791434694.235637936] [StateRL]: [ABS-POLICY-CMD] event=command_write clock=steady_clock_ns write_ns=16480589925654 write_id=442 source_session_id=16478219458311 source_policy_cycle_id=109 source_mode=0 action_source=1 transition_reason=0 recovery_episode_id=0 q_rad=[-0.264553,1.102434,-1.040081,0.237505,0.309859,-1.629659,0.183812,1.017767,-0.838874,-0.089344,0.956925,-1.265393]
[ros2_control_node-3] [INFO] [1791434694.237338237] [StateRL]: [ABS-POLICY-CMD] event=command_write clock=steady_clock_ns write_ns=16480591625600 write_id=443 source_session_id=16478219458311 source_policy_cycle_id=109 source_mode=0 action_source=1 transition_reason=0 recovery_episode_id=0 q_rad=[-0.264553,1.102434,-1.040081,0.237505,0.309859,-1.629659,0.183812,1.017767,-0.838874,-0.089344,0.956925,-1.265393]
[ros2_control_node-3] [INFO] [1791434694.256668432] [StateRL]: [ABS-POLICY-CMD] event=command_write clock=steady_clock_ns write_ns=16480610946370 write_id=444 source_session_id=16478219458311 source_policy_cycle_id=110 source_mode=0 action_source=1 transition_reason=0 recovery_episode_id=0 q_rad=[-0.258434,1.152766,-1.029279,0.172372,0.435467,-1.485936,0.074684,1.109354,-0.837760,-0.060228,0.932654,-1.120376]
[ros2_control_node-3] [INFO] [1791434694.259061137] [StateRL]: [ABS-POLICY-CMD] event=command_write clock=steady_clock_ns write_ns=16480613344495 write_id=445 source_session_id=16478219458311 source_policy_cycle_id=110 source_mode=0 action_source=1 transition_reason=0 recovery_episode_id=0 q_rad=[-0.258434,1.152766,-1.029279,0.172372,0.435467,-1.485936,0.074684,1.109354,-0.837760,-0.060228,0.932654,-1.120376]
[ros2_control_node-3] [INFO] [1791434694.260835317] [StateRL]: [ABS-POLICY-CMD] event=command_write clock=steady_clock_ns write_ns=16480615127972 write_id=446 source_session_id=16478219458311 source_policy_cycle_id=110 source_mode=0 action_source=1 transition_reason=0 recovery_episode_id=0 q_rad=[-0.258434,1.152766,-1.029279,0.172372,0.435467,-1.485936,0.074684,1.109354,-0.837760,-0.060228,0.932654,-1.120376]
[ros2_control_node-3] [INFO] [1791434694.262182118] [StateRL]: [ABS-POLICY-CMD] event=command_write clock=steady_clock_ns write_ns=16480616476323 write_id=447 source_session_id=16478219458311 source_policy_cycle_id=110 source_mode=0 action_source=1 transition_reason=0 recovery_episode_id=0 q_rad=[-0.258434,1.152766,-1.029279,0.172372,0.435467,-1.485936,0.074684,1.109354,-0.837760,-0.060228,0.932654,-1.120376]
[ros2_control_node-3] [INFO] [1791434694.262221287] [StateRL]: [ABS-LIVE-CMD] event=rl_command_write clock=steady_clock_ns timestamp_ns=16480616528233 sequence=725 controller_state=RL rl_active=1 finite=1 kp_zero=0 kd_zero=0 tau_zero=1 veto_reason= q=[-0.2584,1.1528,-1.0293,0.1724,0.4355,-1.4859,0.0747,1.1094,-0.8378,-0.0602,0.9327,-1.1204] kp=[30.0000,30.0000,30.0000,30.0000,30.0000,30.0000,30.0000,30.0000,30.0000,30.0000,30.0000,30.0000] kd=[0.6500,0.6500,0.6500,0.6500,0.6500,0.6500,0.6500,0.6500,0.6500,0.6500,0.6500,0.6500] tau=[0.0000,0.0000,0.0000,0.0000,0.0000,0.0000,0.0000,0.0000,0.0000,0.0000,0.0000,0.0000]
[ros2_control_node-3] [INFO] [1791434694.281621570] [StateRL]: [ABS-POLICY-CMD] event=command_write clock=steady_clock_ns write_ns=16480635903813 write_id=448 source_session_id=16478219458311 source_policy_cycle_id=111 source_mode=0 action_source=1 transition_reason=0 recovery_episode_id=0 q_rad=[0.008994,0.883929,-1.003968,0.122385,0.560611,-1.357791,-0.247516,1.277192,-1.063646,-0.061321,1.017784,-1.144913]
[ros2_control_node-3] [INFO] [1791434694.283886915] [StateRL]: [ABS-POLICY-CMD] event=command_write clock=steady_clock_ns write_ns=16480638173101 write_id=449 source_session_id=16478219458311 source_policy_cycle_id=111 source_mode=0 action_source=1 transition_reason=0 recovery_episode_id=0 q_rad=[0.008994,0.883929,-1.003968,0.122385,0.560611,-1.357791,-0.247516,1.277192,-1.063646,-0.061321,1.017784,-1.144913]
[ros2_control_node-3] [INFO] [1791434694.285829066] [StateRL]: [ABS-POLICY-CMD] event=command_write clock=steady_clock_ns write_ns=16480640118386 write_id=450 source_session_id=16478219458311 source_policy_cycle_id=111 source_mode=0 action_source=1 transition_reason=0 recovery_episode_id=0 q_rad=[0.008994,0.883929,-1.003968,0.122385,0.560611,-1.357791,-0.247516,1.277192,-1.063646,-0.061321,1.017784,-1.144913]
[ros2_control_node-3] [INFO] [1791434694.287406936] [StateRL]: [ABS-POLICY-CMD] event=command_write clock=steady_clock_ns write_ns=16480641696363 write_id=451 source_session_id=16478219458311 source_policy_cycle_id=111 source_mode=0 action_source=1 transition_reason=0 recovery_episode_id=0 q_rad=[0.008994,0.883929,-1.003968,0.122385,0.560611,-1.357791,-0.247516,1.277192,-1.063646,-0.061321,1.017784,-1.144913]
[ros2_control_node-3] [INFO] [1791434694.300757996] [StateRL]: [ABS-POLICY-CMD] event=command_write clock=steady_clock_ns write_ns=16480655034278 write_id=452 source_session_id=16478219458311 source_policy_cycle_id=112 source_mode=0 action_source=1 transition_reason=0 recovery_episode_id=0 q_rad=[-0.020710,0.769347,-0.837760,0.165239,0.637120,-1.019015,-0.579764,1.295630,-1.342042,0.000716,1.154992,-0.996315]
[ros2_control_node-3] [INFO] [1791434694.302158956] [StateRL]: [ABS-POLICY-CMD] event=command_write clock=steady_clock_ns write_ns=16480656439833 write_id=453 source_session_id=16478219458311 source_policy_cycle_id=112 source_mode=0 action_source=1 transition_reason=0 recovery_episode_id=0 q_rad=[-0.020710,0.769347,-0.837760,0.165239,0.637120,-1.019015,-0.579764,1.295630,-1.342042,0.000716,1.154992,-0.996315]
[ros2_control_node-3] [INFO] [1791434694.303168126] [StateRL]: [ABS-POLICY-CMD] event=command_write clock=steady_clock_ns write_ns=16480657460402 write_id=454 source_session_id=16478219458311 source_policy_cycle_id=112 source_mode=0 action_source=1 transition_reason=0 recovery_episode_id=0 q_rad=[-0.020710,0.769347,-0.837760,0.165239,0.637120,-1.019015,-0.579764,1.295630,-1.342042,0.000716,1.154992,-0.996315]
[ros2_control_node-3] [INFO] [1791434694.304133654] [StateRL]: [ABS-POLICY-CMD] event=command_write clock=steady_clock_ns write_ns=16480658428134 write_id=455 source_session_id=16478219458311 source_policy_cycle_id=112 source_mode=0 action_source=1 transition_reason=0 recovery_episode_id=0 q_rad=[-0.020710,0.769347,-0.837760,0.165239,0.637120,-1.019015,-0.579764,1.295630,-1.342042,0.000716,1.154992,-0.996315]
[ros2_control_node-3] [INFO] [1791434694.320576316] [StateRL]: [ABS-POLICY-CMD] event=command_write clock=steady_clock_ns write_ns=16480674856033 write_id=456 source_session_id=16478219458311 source_policy_cycle_id=113 source_mode=0 action_source=1 transition_reason=0 recovery_episode_id=0 q_rad=[-0.321839,1.186440,-1.493620,0.043824,0.772705,-0.968221,-0.348851,1.171382,-1.498470,0.053313,1.162384,-1.036790]
[ros2_control_node-3] [INFO] [1791434694.321796659] [StateRL]: [ABS-POLICY-CMD] event=command_write clock=steady_clock_ns write_ns=16480676088939 write_id=457 source_session_id=16478219458311 source_policy_cycle_id=113 source_mode=0 action_source=1 transition_reason=0 recovery_episode_id=0 q_rad=[-0.321839,1.186440,-1.493620,0.043824,0.772705,-0.968221,-0.348851,1.171382,-1.498470,0.053313,1.162384,-1.036790]
[ros2_control_node-3] [INFO] [1791434694.323067952] [StateRL]: [ABS-POLICY-CMD] event=command_write clock=steady_clock_ns write_ns=16480677361445 write_id=458 source_session_id=16478219458311 source_policy_cycle_id=113 source_mode=0 action_source=1 transition_reason=0 recovery_episode_id=0 q_rad=[-0.321839,1.186440,-1.493620,0.043824,0.772705,-0.968221,-0.348851,1.171382,-1.498470,0.053313,1.162384,-1.036790]
[ros2_control_node-3] [INFO] [1791434694.324317394] [StateRL]: [ABS-POLICY-CMD] event=command_write clock=steady_clock_ns write_ns=16480678586955 write_id=459 source_session_id=16478219458311 source_policy_cycle_id=113 source_mode=0 action_source=1 transition_reason=0 recovery_episode_id=0 q_rad=[-0.321839,1.186440,-1.493620,0.043824,0.772705,-0.968221,-0.348851,1.171382,-1.498470,0.053313,1.162384,-1.036790]
[ros2_control_node-3] [INFO] [1791434694.344613064] [StateRL]: [ABS-POLICY-CMD] event=command_write clock=steady_clock_ns write_ns=16480698895025 write_id=460 source_session_id=16478219458311 source_policy_cycle_id=114 source_mode=0 action_source=1 transition_reason=0 recovery_episode_id=0 q_rad=[-0.476531,1.344942,-1.565392,-0.207756,0.821668,-1.157249,-0.400860,1.005778,-1.554112,-0.021616,1.099852,-0.979858]
[ros2_control_node-3] [INFO] [1791434694.346388590] [StateRL]: [ABS-POLICY-CMD] event=command_write clock=steady_clock_ns write_ns=16480700662694 write_id=461 source_session_id=16478219458311 source_policy_cycle_id=114 source_mode=0 action_source=1 transition_reason=0 recovery_episode_id=0 q_rad=[-0.476531,1.344942,-1.565392,-0.207756,0.821668,-1.157249,-0.400860,1.005778,-1.554112,-0.021616,1.099852,-0.979858]
[ros2_control_node-3] [INFO] [1791434694.348352960] [StateRL]: [ABS-POLICY-CMD] event=command_write clock=steady_clock_ns write_ns=16480702643226 write_id=462 source_session_id=16478219458311 source_policy_cycle_id=114 source_mode=0 action_source=1 transition_reason=0 recovery_episode_id=0 q_rad=[-0.476531,1.344942,-1.565392,-0.207756,0.821668,-1.157249,-0.400860,1.005778,-1.554112,-0.021616,1.099852,-0.979858]
[ros2_control_node-3] [INFO] [1791434694.349896239] [StateRL]: [ABS-POLICY-CMD] event=command_write clock=steady_clock_ns write_ns=16480704188991 write_id=463 source_session_id=16478219458311 source_policy_cycle_id=114 source_mode=0 action_source=1 transition_reason=0 recovery_episode_id=0 q_rad=[-0.476531,1.344942,-1.565392,-0.207756,0.821668,-1.157249,-0.400860,1.005778,-1.554112,-0.021616,1.099852,-0.979858]
[ros2_control_node-3] [INFO] [1791434694.363641330] [StateRL]: [ABS-POLICY-CMD] event=command_write clock=steady_clock_ns write_ns=16480717905981 write_id=464 source_session_id=16478219458311 source_policy_cycle_id=115 source_mode=0 action_source=1 transition_reason=0 recovery_episode_id=0 q_rad=[-0.532673,0.920682,-1.637642,-0.278713,0.830105,-1.202865,-0.378723,0.835795,-1.551718,-0.041691,0.804955,-0.876474]
[ros2_control_node-3] [INFO] [1791434694.364849652] [StateRL]: [ABS-POLICY-CMD] event=command_write clock=steady_clock_ns write_ns=16480719142413 write_id=465 source_session_id=16478219458311 source_policy_cycle_id=115 source_mode=0 action_source=1 transition_reason=0 recovery_episode_id=0 q_rad=[-0.532673,0.920682,-1.637642,-0.278713,0.830105,-1.202865,-0.378723,0.835795,-1.551718,-0.041691,0.804955,-0.876474]
[ros2_control_node-3] [INFO] [1791434694.365456447] [StateRL]: [ABS-POLICY-CMD] event=command_write clock=steady_clock_ns write_ns=16480719752223 write_id=466 source_session_id=16478219458311 source_policy_cycle_id=115 source_mode=0 action_source=1 transition_reason=0 recovery_episode_id=0 q_rad=[-0.532673,0.920682,-1.637642,-0.278713,0.830105,-1.202865,-0.378723,0.835795,-1.551718,-0.041691,0.804955,-0.876474]
[ros2_control_node-3] [INFO] [1791434694.366040858] [StateRL]: [ABS-POLICY-CMD] event=command_write clock=steady_clock_ns write_ns=16480720337014 write_id=467 source_session_id=16478219458311 source_policy_cycle_id=115 source_mode=0 action_source=1 transition_reason=0 recovery_episode_id=0 q_rad=[-0.532673,0.920682,-1.637642,-0.278713,0.830105,-1.202865,-0.378723,0.835795,-1.551718,-0.041691,0.804955,-0.876474]
[ros2_control_node-3] [INFO] [1791434694.388543981] [StateRL]: [ABS-POLICY-CMD] event=command_write clock=steady_clock_ns write_ns=16480742826570 write_id=468 source_session_id=16478219458311 source_policy_cycle_id=116 source_mode=0 action_source=1 transition_reason=0 recovery_episode_id=0 q_rad=[-0.523959,0.843913,-1.764705,-0.345831,0.892857,-1.189121,-0.383976,0.850592,-1.780368,-0.023722,0.775811,-0.868297]
[ros2_control_node-3] [INFO] [1791434694.390977525] [StateRL]: [ABS-POLICY-CMD] event=command_write clock=steady_clock_ns write_ns=16480745248960 write_id=469 source_session_id=16478219458311 source_policy_cycle_id=116 source_mode=0 action_source=1 transition_reason=0 recovery_episode_id=0 q_rad=[-0.523959,0.843913,-1.764705,-0.345831,0.892857,-1.189121,-0.383976,0.850592,-1.780368,-0.023722,0.775811,-0.868297]
[ros2_control_node-3] [INFO] [1791434694.392919865] [StateRL]: [ABS-POLICY-CMD] event=command_write clock=steady_clock_ns write_ns=16480747208744 write_id=470 source_session_id=16478219458311 source_policy_cycle_id=116 source_mode=0 action_source=1 transition_reason=0 recovery_episode_id=0 q_rad=[-0.523959,0.843913,-1.764705,-0.345831,0.892857,-1.189121,-0.383976,0.850592,-1.780368,-0.023722,0.775811,-0.868297]
[ros2_control_node-3] [INFO] [1791434694.394454943] [StateRL]: [ABS-POLICY-CMD] event=command_write clock=steady_clock_ns write_ns=16480748748397 write_id=471 source_session_id=16478219458311 source_policy_cycle_id=116 source_mode=0 action_source=1 transition_reason=0 recovery_episode_id=0 q_rad=[-0.523959,0.843913,-1.764705,-0.345831,0.892857,-1.189121,-0.383976,0.850592,-1.780368,-0.023722,0.775811,-0.868297]
[ros2_control_node-3] [INFO] [1791434694.428631680] [StateRL]: [ABS-POLICY-CMD] event=command_write clock=steady_clock_ns write_ns=16480782887264 write_id=472 source_session_id=16478219458311 source_policy_cycle_id=117 source_mode=0 action_source=1 transition_reason=0 recovery_episode_id=0 q_rad=[-0.601783,0.488424,-1.950768,-0.213448,1.032139,-1.062238,-0.341335,0.758782,-1.956759,0.157254,0.991107,-1.076503]
[ros2_control_node-3] [INFO] [1791434694.428727903] [StateRL]: [ABS-LIVE-CMD] event=rl_command_write clock=steady_clock_ns timestamp_ns=16480783034848 sequence=750 controller_state=RL rl_active=1 finite=1 kp_zero=0 kd_zero=0 tau_zero=1 veto_reason= q=[-0.6018,0.4884,-1.9508,-0.2134,1.0321,-1.0622,-0.3413,0.7588,-1.9568,0.1573,0.9911,-1.0765] kp=[30.0000,30.0000,30.0000,30.0000,30.0000,30.0000,30.0000,30.0000,30.0000,30.0000,30.0000,30.0000] kd=[0.6500,0.6500,0.6500,0.6500,0.6500,0.6500,0.6500,0.6500,0.6500,0.6500,0.6500,0.6500] tau=[0.0000,0.0000,0.0000,0.0000,0.0000,0.0000,0.0000,0.0000,0.0000,0.0000,0.0000,0.0000]
[ros2_control_node-3] [INFO] [1791434694.431458796] [StateRL]: [ABS-POLICY-CMD] event=command_write clock=steady_clock_ns write_ns=16480785741756 write_id=473 source_session_id=16478219458311 source_policy_cycle_id=117 source_mode=0 action_source=1 transition_reason=0 recovery_episode_id=0 q_rad=[-0.601783,0.488424,-1.950768,-0.213448,1.032139,-1.062238,-0.341335,0.758782,-1.956759,0.157254,0.991107,-1.076503]
[ros2_control_node-3] [INFO] [1791434694.433242236] [StateRL]: [ABS-POLICY-CMD] event=command_write clock=steady_clock_ns write_ns=16480787530633 write_id=474 source_session_id=16478219458311 source_policy_cycle_id=117 source_mode=0 action_source=1 transition_reason=0 recovery_episode_id=0 q_rad=[-0.601783,0.488424,-1.950768,-0.213448,1.032139,-1.062238,-0.341335,0.758782,-1.956759,0.157254,0.991107,-1.076503]
[ros2_control_node-3] [INFO] [1791434694.434321529] [StateRL]: [ABS-POLICY-CMD] event=command_write clock=steady_clock_ns write_ns=16480788614283 write_id=475 source_session_id=16478219458311 source_policy_cycle_id=117 source_mode=0 action_source=1 transition_reason=0 recovery_episode_id=0 q_rad=[-0.601783,0.488424,-1.950768,-0.213448,1.032139,-1.062238,-0.341335,0.758782,-1.956759,0.157254,0.991107,-1.076503]
[ros2_control_node-3] [INFO] [1791434694.447620176] [StateRL]: [ABS-POLICY-CMD] event=command_write clock=steady_clock_ns write_ns=16480801895361 write_id=476 source_session_id=16478219458311 source_policy_cycle_id=118 source_mode=0 action_source=1 transition_reason=0 recovery_episode_id=0 q_rad=[-0.227747,-0.015391,-1.859351,-0.213210,1.023263,-0.837760,-0.016579,0.988332,-1.520693,0.500014,0.835674,-1.503559]
[ros2_control_node-3] [INFO] [1791434694.449224284] [StateRL]: [ABS-POLICY-CMD] event=command_write clock=steady_clock_ns write_ns=16480803514135 write_id=477 source_session_id=16478219458311 source_policy_cycle_id=118 source_mode=0 action_source=1 transition_reason=0 recovery_episode_id=0 q_rad=[-0.227747,-0.015391,-1.859351,-0.213210,1.023263,-0.837760,-0.016579,0.988332,-1.520693,0.500014,0.835674,-1.503559]
[ros2_control_node-3] [INFO] [1791434694.451673785] [StateRL]: [ABS-POLICY-CMD] event=command_write clock=steady_clock_ns write_ns=16480805951713 write_id=478 source_session_id=16478219458311 source_policy_cycle_id=118 source_mode=0 action_source=1 transition_reason=0 recovery_episode_id=0 q_rad=[-0.227747,-0.015391,-1.859351,-0.213210,1.023263,-0.837760,-0.016579,0.988332,-1.520693,0.500014,0.835674,-1.503559]
[ros2_control_node-3] [INFO] [1791434694.453227084] [StateRL]: [ABS-POLICY-CMD] event=command_write clock=steady_clock_ns write_ns=16480807516722 write_id=479 source_session_id=16478219458311 source_policy_cycle_id=118 source_mode=0 action_source=1 transition_reason=0 recovery_episode_id=0 q_rad=[-0.227747,-0.015391,-1.859351,-0.213210,1.023263,-0.837760,-0.016579,0.988332,-1.520693,0.500014,0.835674,-1.503559]
[ros2_control_node-3] [INFO] [1791434694.462762511] [StateRL]: [ABS-POLICY-CMD] event=command_write clock=steady_clock_ns write_ns=16480817031631 write_id=480 source_session_id=16478219458311 source_policy_cycle_id=119 source_mode=0 action_source=1 transition_reason=0 recovery_episode_id=0 q_rad=[-0.020044,0.065016,-1.633085,0.144942,1.077107,-1.047387,-0.050375,1.077037,-1.169484,0.396061,0.592522,-1.754897]
[ros2_control_node-3] [INFO] [1791434694.464728384] [StateRL]: [ABS-POLICY-CMD] event=command_write clock=steady_clock_ns write_ns=16480819017440 write_id=481 source_session_id=16478219458311 source_policy_cycle_id=119 source_mode=0 action_source=1 transition_reason=0 recovery_episode_id=0 q_rad=[-0.020044,0.065016,-1.633085,0.144942,1.077107,-1.047387,-0.050375,1.077037,-1.169484,0.396061,0.592522,-1.754897]
[ros2_control_node-3] [INFO] [1791434694.467002017] [StateRL]: [ABS-POLICY-CMD] event=command_write clock=steady_clock_ns write_ns=16480821288484 write_id=482 source_session_id=16478219458311 source_policy_cycle_id=119 source_mode=0 action_source=1 transition_reason=0 recovery_episode_id=0 q_rad=[-0.020044,0.065016,-1.633085,0.144942,1.077107,-1.047387,-0.050375,1.077037,-1.169484,0.396061,0.592522,-1.754897]
[ros2_control_node-3] [INFO] [1791434694.467703376] [StateRL]: [ABS-POLICY-CMD] event=command_write clock=steady_clock_ns write_ns=16480821991203 write_id=483 source_session_id=16478219458311 source_policy_cycle_id=119 source_mode=0 action_source=1 transition_reason=0 recovery_episode_id=0 q_rad=[-0.020044,0.065016,-1.633085,0.144942,1.077107,-1.047387,-0.050375,1.077037,-1.169484,0.396061,0.592522,-1.754897]
[ros2_control_node-3] [INFO] [1791434694.481570234] [StateRL]: [ABS-POLICY-CMD] event=command_write clock=steady_clock_ns write_ns=16480835852808 write_id=484 source_session_id=16478219458311 source_policy_cycle_id=120 source_mode=0 action_source=1 transition_reason=0 recovery_episode_id=0 q_rad=[-0.107275,0.147548,-1.429942,0.569347,1.209114,-1.299620,-0.126378,0.939781,-1.011786,0.280045,0.564554,-1.746941]
[ros2_control_node-3] [INFO] [1791434694.484096945] [StateRL]: [ABS-POLICY-CMD] event=command_write clock=steady_clock_ns write_ns=16480838371544 write_id=485 source_session_id=16478219458311 source_policy_cycle_id=120 source_mode=0 action_source=1 transition_reason=0 recovery_episode_id=0 q_rad=[-0.107275,0.147548,-1.429942,0.569347,1.209114,-1.299620,-0.126378,0.939781,-1.011786,0.280045,0.564554,-1.746941]
[ros2_control_node-3] [INFO] [1791434694.485722823] [StateRL]: [ABS-POLICY-CMD] event=command_write clock=steady_clock_ns write_ns=16480840012175 write_id=486 source_session_id=16478219458311 source_policy_cycle_id=120 source_mode=0 action_source=1 transition_reason=0 recovery_episode_id=0 q_rad=[-0.107275,0.147548,-1.429942,0.569347,1.209114,-1.299620,-0.126378,0.939781,-1.011786,0.280045,0.564554,-1.746941]
[ros2_control_node-3] [INFO] [1791434694.486357241] [StateRL]: [ABS-POLICY-CMD] event=command_write clock=steady_clock_ns write_ns=16480840650344 write_id=487 source_session_id=16478219458311 source_policy_cycle_id=120 source_mode=0 action_source=1 transition_reason=0 recovery_episode_id=0 q_rad=[-0.107275,0.147548,-1.429942,0.569347,1.209114,-1.299620,-0.126378,0.939781,-1.011786,0.280045,0.564554,-1.746941]
[ros2_control_node-3] [INFO] [1791434694.500567271] [StateRL]: [ABS-POLICY-CMD] event=command_write clock=steady_clock_ns write_ns=16480854850301 write_id=488 source_session_id=16478219458311 source_policy_cycle_id=121 source_mode=0 action_source=1 transition_reason=0 recovery_episode_id=0 q_rad=[-0.077006,0.308434,-1.365436,0.810584,1.079543,-1.411368,-0.115999,1.036206,-1.132203,0.257209,0.516211,-1.768406]
[ros2_control_node-3] [INFO] [1791434694.502877485] [StateRL]: [ABS-POLICY-CMD] event=command_write clock=steady_clock_ns write_ns=16480857163449 write_id=489 source_session_id=16478219458311 source_policy_cycle_id=121 source_mode=0 action_source=1 transition_reason=0 recovery_episode_id=0 q_rad=[-0.077006,0.308434,-1.365436,0.810584,1.079543,-1.411368,-0.115999,1.036206,-1.132203,0.257209,0.516211,-1.768406]
[ros2_control_node-3] [INFO] [1791434694.505386019] [StateRL]: [ABS-POLICY-CMD] event=command_write clock=steady_clock_ns write_ns=16480859671501 write_id=490 source_session_id=16478219458311 source_policy_cycle_id=121 source_mode=0 action_source=1 transition_reason=0 recovery_episode_id=0 q_rad=[-0.077006,0.308434,-1.365436,0.810584,1.079543,-1.411368,-0.115999,1.036206,-1.132203,0.257209,0.516211,-1.768406]
[ros2_control_node-3] [INFO] [1791434694.507298775] [StateRL]: [ABS-POLICY-CMD] event=command_write clock=steady_clock_ns write_ns=16480861588277 write_id=491 source_session_id=16478219458311 source_policy_cycle_id=121 source_mode=0 action_source=1 transition_reason=0 recovery_episode_id=0 q_rad=[-0.077006,0.308434,-1.365436,0.810584,1.079543,-1.411368,-0.115999,1.036206,-1.132203,0.257209,0.516211,-1.768406]
[ros2_control_node-3] [INFO] [1791434694.513230010] [StateRL]: [TWIST-GD] 梯度下降恢复速度优化 | 初始=[1.53,-0.31,0.27] 最终=[1.04,0.03,-0.12] 目标=(4.82,0.14) RA迭代=[-0.0297,-0.1876,-0.1867] 中心射线=1.23
[ros2_control_node-3] [WARN] [1791434694.513278290] [StateRL]: [RA-REC] 进入恢复 | mode=paper_faithful_switch 风险值 ra=-0.0297 进入阈值=-0.0500 恢复速度=[1.04,0.03,-0.12] 保持步数=30
[ros2_control_node-3] [INFO] [1791434694.527052283] [StateRL]: [REC-DIAG] lin_vel=[1.53,-0.31,-0.37] twist=[1.04,0.03,-0.12] hold=0 rec_action_range=[-2.413,0.891]
[ros2_control_node-3] [INFO] [1791434694.527841083] [StateRL]: [ABS-POLICY-CMD] event=recovery_command_issued clock=steady_clock_ns write_ns=16480882121001 write_id=492 source_session_id=16478219458311 source_policy_cycle_id=122 source_mode=1 action_source=2 transition_reason=1 recovery_episode_id=1 q_rad=[-0.055900,0.248525,-1.408602,-0.068870,0.500663,-2.103349,0.222867,0.769159,-1.596376,0.094521,0.680199,-1.959096]
[ros2_control_node-3] [INFO] [1791434694.530150085] [StateRL]: [ABS-POLICY-CMD] event=command_write clock=steady_clock_ns write_ns=16480884414669 write_id=493 source_session_id=16478219458311 source_policy_cycle_id=122 source_mode=1 action_source=2 transition_reason=1 recovery_episode_id=1 q_rad=[-0.055900,0.248525,-1.408602,-0.068870,0.500663,-2.103349,0.222867,0.769159,-1.596376,0.094521,0.680199,-1.959096]
[ros2_control_node-3] [INFO] [1791434694.531864223] [StateRL]: [ABS-POLICY-CMD] event=command_write clock=steady_clock_ns write_ns=16480886155161 write_id=494 source_session_id=16478219458311 source_policy_cycle_id=122 source_mode=1 action_source=2 transition_reason=1 recovery_episode_id=1 q_rad=[-0.055900,0.248525,-1.408602,-0.068870,0.500663,-2.103349,0.222867,0.769159,-1.596376,0.094521,0.680199,-1.959096]
[ros2_control_node-3] [INFO] [1791434694.533312045] [StateRL]: [ABS-POLICY-CMD] event=command_write clock=steady_clock_ns write_ns=16480887605129 write_id=495 source_session_id=16478219458311 source_policy_cycle_id=122 source_mode=1 action_source=2 transition_reason=1 recovery_episode_id=1 q_rad=[-0.055900,0.248525,-1.408602,-0.068870,0.500663,-2.103349,0.222867,0.769159,-1.596376,0.094521,0.680199,-1.959096]
[ros2_control_node-3] [INFO] [1791434694.535979604] [StateRL]: [RA-REC] 退出恢复 | mode=paper_faithful_switch 风险值 ra=-0.0783 < 退出阈值=-0.0500, 回到敏捷策略
[ros2_control_node-3] [INFO] [1791434694.585745523] [StateRL]: [ABS-POLICY-CMD] event=command_write clock=steady_clock_ns write_ns=16480940028199 write_id=496 source_session_id=16478219458311 source_policy_cycle_id=123 source_mode=0 action_source=1 transition_reason=2 recovery_episode_id=0 q_rad=[0.308917,0.740252,-1.066187,0.589062,0.703121,-1.991453,-0.084812,1.311443,-1.580818,-0.125425,0.673156,-1.741375]
[ros2_control_node-3] [INFO] [1791434694.588573367] [StateRL]: [ABS-POLICY-CMD] event=command_write clock=steady_clock_ns write_ns=16480942859791 write_id=497 source_session_id=16478219458311 source_policy_cycle_id=123 source_mode=0 action_source=1 transition_reason=2 recovery_episode_id=0 q_rad=[0.308917,0.740252,-1.066187,0.589062,0.703121,-1.991453,-0.084812,1.311443,-1.580818,-0.125425,0.673156,-1.741375]
[ros2_control_node-3] [INFO] [1791434694.588624529] [StateRL]: [ABS-LIVE-CMD] event=rl_command_write clock=steady_clock_ns timestamp_ns=16480942931503 sequence=775 controller_state=RL rl_active=1 finite=1 kp_zero=0 kd_zero=0 tau_zero=1 veto_reason= q=[0.3089,0.7403,-1.0662,0.5891,0.7031,-1.9915,-0.0848,1.3114,-1.5808,-0.1254,0.6732,-1.7414] kp=[30.0000,30.0000,30.0000,30.0000,30.0000,30.0000,30.0000,30.0000,30.0000,30.0000,30.0000,30.0000] kd=[0.6500,0.6500,0.6500,0.6500,0.6500,0.6500,0.6500,0.6500,0.6500,0.6500,0.6500,0.6500] tau=[0.0000,0.0000,0.0000,0.0000,0.0000,0.0000,0.0000,0.0000,0.0000,0.0000,0.0000,0.0000]
[ros2_control_node-3] [INFO] [1791434694.592442658] [StateRL]: [ABS-POLICY-CMD] event=command_write clock=steady_clock_ns write_ns=16480946713625 write_id=498 source_session_id=16478219458311 source_policy_cycle_id=123 source_mode=0 action_source=1 transition_reason=2 recovery_episode_id=0 q_rad=[0.308917,0.740252,-1.066187,0.589062,0.703121,-1.991453,-0.084812,1.311443,-1.580818,-0.125425,0.673156,-1.741375]
[ros2_control_node-3] [INFO] [1791434694.594495478] [StateRL]: [ABS-POLICY-CMD] event=command_write clock=steady_clock_ns write_ns=16480948787480 write_id=499 source_session_id=16478219458311 source_policy_cycle_id=123 source_mode=0 action_source=1 transition_reason=2 recovery_episode_id=0 q_rad=[0.308917,0.740252,-1.066187,0.589062,0.703121,-1.991453,-0.084812,1.311443,-1.580818,-0.125425,0.673156,-1.741375]
[ros2_control_node-3] [INFO] [1791434694.610536330] [StateRL]: [ABS-POLICY-CMD] event=command_write clock=steady_clock_ns write_ns=16480964820618 write_id=500 source_session_id=16478219458311 source_policy_cycle_id=124 source_mode=0 action_source=1 transition_reason=0 recovery_episode_id=0 q_rad=[0.035741,1.133449,-1.333342,0.157456,0.750508,-1.667445,-0.019155,1.422364,-1.430098,-0.112591,1.116727,-1.463490]
[ros2_control_node-3] [INFO] [1791434694.612450439] [StateRL]: [ABS-POLICY-CMD] event=command_write clock=steady_clock_ns write_ns=16480966741335 write_id=501 source_session_id=16478219458311 source_policy_cycle_id=124 source_mode=0 action_source=1 transition_reason=0 recovery_episode_id=0 q_rad=[0.035741,1.133449,-1.333342,0.157456,0.750508,-1.667445,-0.019155,1.422364,-1.430098,-0.112591,1.116727,-1.463490]
[ros2_control_node-3] [INFO] [1791434694.613717823] [StateRL]: [ABS-POLICY-CMD] event=command_write clock=steady_clock_ns write_ns=16480968010023 write_id=502 source_session_id=16478219458311 source_policy_cycle_id=124 source_mode=0 action_source=1 transition_reason=0 recovery_episode_id=0 q_rad=[0.035741,1.133449,-1.333342,0.157456,0.750508,-1.667445,-0.019155,1.422364,-1.430098,-0.112591,1.116727,-1.463490]
[ros2_control_node-3] [INFO] [1791434694.615810673] [StateRL]: [ABS-POLICY-CMD] event=command_write clock=steady_clock_ns write_ns=16480970099870 write_id=503 source_session_id=16478219458311 source_policy_cycle_id=124 source_mode=0 action_source=1 transition_reason=0 recovery_episode_id=0 q_rad=[0.035741,1.133449,-1.333342,0.157456,0.750508,-1.667445,-0.019155,1.422364,-1.430098,-0.112591,1.116727,-1.463490]
[ros2_control_node-3] [INFO] [1791434694.622427357] [StateRL]: [TWIST-GD] 梯度下降恢复速度优化 | 初始=[1.46,0.08,-0.39] 最终=[0.97,0.30,-0.76] 目标=(4.64,0.12) RA迭代=[-0.0392,-0.1788,-0.1779] 中心射线=1.06
[ros2_control_node-3] [WARN] [1791434694.623706286] [StateRL]: [RA-REC] 进入恢复 | mode=paper_faithful_switch 风险值 ra=-0.0392 进入阈值=-0.0500 恢复速度=[0.97,0.30,-0.76] 保持步数=30
[ros2_control_node-3] [INFO] [1791434694.646533808] [StateRL]: [EVAL] step=125 t=2.500 robot=(2.355,-0.135) yaw=0.075 goal=(7.000,0.000) dist=4.647 body=(4.642,0.121) heading=0.065 arrived=0 ra=-0.03918 entry=-0.05000 recovery=1 hold=0 twist=(0.968,0.300,-0.761) min_ray_log=1.010 max_ray_log=2.585 min_ray_m=2.014 lin_vel=(1.459,0.080,-0.154) ang_vel=(-5.609,0.504,-0.390) action_range=(-2.084,1.396) contact=(1,-1,-1,-1)
[ros2_control_node-3] [INFO] [1791434694.647102709] [StateRL]: [ABS-POLICY-CMD] event=recovery_command_issued clock=steady_clock_ns write_ns=16481001393761 write_id=504 source_session_id=16478219458311 source_policy_cycle_id=125 source_mode=1 action_source=2 transition_reason=1 recovery_episode_id=2 q_rad=[-0.159923,0.750225,-1.523535,-0.268836,0.486345,-1.365981,-0.046091,1.149117,-2.020997,-0.037277,0.871932,-1.940321]
[ros2_control_node-3] [INFO] [1791434694.650938041] [StateRL]: [ABS-POLICY-CMD] event=command_write clock=steady_clock_ns write_ns=16481005221757 write_id=505 source_session_id=16478219458311 source_policy_cycle_id=125 source_mode=1 action_source=2 transition_reason=1 recovery_episode_id=2 q_rad=[-0.159923,0.750225,-1.523535,-0.268836,0.486345,-1.365981,-0.046091,1.149117,-2.020997,-0.037277,0.871932,-1.940321]
[ros2_control_node-3] [INFO] [1791434694.652863803] [StateRL]: [ABS-POLICY-CMD] event=command_write clock=steady_clock_ns write_ns=16481007155329 write_id=506 source_session_id=16478219458311 source_policy_cycle_id=125 source_mode=1 action_source=2 transition_reason=1 recovery_episode_id=2 q_rad=[-0.159923,0.750225,-1.523535,-0.268836,0.486345,-1.365981,-0.046091,1.149117,-2.020997,-0.037277,0.871932,-1.940321]
[ros2_control_node-3] [INFO] [1791434694.653504835] [StateRL]: [ABS-POLICY-CMD] event=command_write clock=steady_clock_ns write_ns=16481007800604 write_id=507 source_session_id=16478219458311 source_policy_cycle_id=125 source_mode=1 action_source=2 transition_reason=1 recovery_episode_id=2 q_rad=[-0.159923,0.750225,-1.523535,-0.268836,0.486345,-1.365981,-0.046091,1.149117,-2.020997,-0.037277,0.871932,-1.940321]
[ros2_control_node-3] [INFO] [1791434694.673092037] [StateRL]: [ABS-POLICY-CMD] event=command_write clock=steady_clock_ns write_ns=16481027373307 write_id=508 source_session_id=16478219458311 source_policy_cycle_id=126 source_mode=1 action_source=2 transition_reason=0 recovery_episode_id=2 q_rad=[0.170048,0.457238,-1.631649,-0.299429,0.368517,-1.345902,0.021846,1.016595,-1.962095,-0.392853,0.795860,-1.795777]
[ros2_control_node-3] [INFO] [1791434694.675833716] [StateRL]: [ABS-POLICY-CMD] event=command_write clock=steady_clock_ns write_ns=16481030117963 write_id=509 source_session_id=16478219458311 source_policy_cycle_id=126 source_mode=1 action_source=2 transition_reason=0 recovery_episode_id=2 q_rad=[0.170048,0.457238,-1.631649,-0.299429,0.368517,-1.345902,0.021846,1.016595,-1.962095,-0.392853,0.795860,-1.795777]
[ros2_control_node-3] [INFO] [1791434694.676519310] [StateRL]: [ABS-POLICY-CMD] event=command_write clock=steady_clock_ns write_ns=16481030813688 write_id=510 source_session_id=16478219458311 source_policy_cycle_id=126 source_mode=1 action_source=2 transition_reason=0 recovery_episode_id=2 q_rad=[0.170048,0.457238,-1.631649,-0.299429,0.368517,-1.345902,0.021846,1.016595,-1.962095,-0.392853,0.795860,-1.795777]
[ros2_control_node-3] [INFO] [1791434694.677170098] [StateRL]: [ABS-POLICY-CMD] event=command_write clock=steady_clock_ns write_ns=16481031462059 write_id=511 source_session_id=16478219458311 source_policy_cycle_id=126 source_mode=1 action_source=2 transition_reason=0 recovery_episode_id=2 q_rad=[0.170048,0.457238,-1.631649,-0.299429,0.368517,-1.345902,0.021846,1.016595,-1.962095,-0.392853,0.795860,-1.795777]
[ros2_control_node-3] [INFO] [1791434694.695599736] [StateRL]: [ABS-POLICY-CMD] event=command_write clock=steady_clock_ns write_ns=16481049881271 write_id=512 source_session_id=16478219458311 source_policy_cycle_id=127 source_mode=1 action_source=2 transition_reason=0 recovery_episode_id=2 q_rad=[0.247278,0.398250,-1.464411,-0.261558,0.341855,-1.510275,0.055752,0.937548,-1.844386,-0.499704,0.813830,-1.692906]
[ros2_control_node-3] [INFO] [1791434694.699595696] [StateRL]: [ABS-POLICY-CMD] event=command_write clock=steady_clock_ns write_ns=16481053865067 write_id=513 source_session_id=16478219458311 source_policy_cycle_id=127 source_mode=1 action_source=2 transition_reason=0 recovery_episode_id=2 q_rad=[0.247278,0.398250,-1.464411,-0.261558,0.341855,-1.510275,0.055752,0.937548,-1.844386,-0.499704,0.813830,-1.692906]
[ros2_control_node-3] [INFO] [1791434694.702380965] [StateRL]: [ABS-POLICY-CMD] event=command_write clock=steady_clock_ns write_ns=16481056669008 write_id=514 source_session_id=16478219458311 source_policy_cycle_id=127 source_mode=1 action_source=2 transition_reason=0 recovery_episode_id=2 q_rad=[0.247278,0.398250,-1.464411,-0.261558,0.341855,-1.510275,0.055752,0.937548,-1.844386,-0.499704,0.813830,-1.692906]
[ros2_control_node-3] [INFO] [1791434694.704000507] [StateRL]: [ABS-POLICY-CMD] event=command_write clock=steady_clock_ns write_ns=16481058290868 write_id=515 source_session_id=16478219458311 source_policy_cycle_id=127 source_mode=1 action_source=2 transition_reason=0 recovery_episode_id=2 q_rad=[0.247278,0.398250,-1.464411,-0.261558,0.341855,-1.510275,0.055752,0.937548,-1.844386,-0.499704,0.813830,-1.692906]
[ros2_control_node-3] [INFO] [1791434694.707058265] [StateRL]: [RA-REC] 退出恢复 | mode=paper_faithful_switch 风险值 ra=-0.1184 < 退出阈值=-0.0500, 回到敏捷策略
[ros2_control_node-3] [INFO] [1791434694.724604116] [StateRL]: [ABS-POLICY-CMD] event=command_write clock=steady_clock_ns write_ns=16481078886081 write_id=516 source_session_id=16478219458311 source_policy_cycle_id=128 source_mode=0 action_source=1 transition_reason=2 recovery_episode_id=0 q_rad=[0.041782,0.838605,-1.706681,0.049069,1.018901,-1.351653,0.015987,1.444366,-1.611897,0.046202,1.224669,-1.659690]
[ros2_control_node-3] [INFO] [1791434694.727200190] [StateRL]: [ABS-POLICY-CMD] event=command_write clock=steady_clock_ns write_ns=16481081490098 write_id=517 source_session_id=16478219458311 source_policy_cycle_id=128 source_mode=0 action_source=1 transition_reason=2 recovery_episode_id=0 q_rad=[0.041782,0.838605,-1.706681,0.049069,1.018901,-1.351653,0.015987,1.444366,-1.611897,0.046202,1.224669,-1.659690]
[ros2_control_node-3] [INFO] [1791434694.729096379] [StateRL]: [ABS-POLICY-CMD] event=command_write clock=steady_clock_ns write_ns=16481083387604 write_id=518 source_session_id=16478219458311 source_policy_cycle_id=128 source_mode=0 action_source=1 transition_reason=2 recovery_episode_id=0 q_rad=[0.041782,0.838605,-1.706681,0.049069,1.018901,-1.351653,0.015987,1.444366,-1.611897,0.046202,1.224669,-1.659690]
[ros2_control_node-3] [INFO] [1791434694.730237529] [StateRL]: [ABS-POLICY-CMD] event=command_write clock=steady_clock_ns write_ns=16481084532203 write_id=519 source_session_id=16478219458311 source_policy_cycle_id=128 source_mode=0 action_source=1 transition_reason=2 recovery_episode_id=0 q_rad=[0.041782,0.838605,-1.706681,0.049069,1.018901,-1.351653,0.015987,1.444366,-1.611897,0.046202,1.224669,-1.659690]
[ros2_control_node-3] [INFO] [1791434694.748817182] [StateRL]: [ABS-POLICY-CMD] event=command_write clock=steady_clock_ns write_ns=16481103101476 write_id=520 source_session_id=16478219458311 source_policy_cycle_id=129 source_mode=0 action_source=1 transition_reason=0 recovery_episode_id=0 q_rad=[-0.080664,1.074518,-1.800958,-0.003998,1.249113,-1.479910,0.057570,1.541810,-1.704952,0.127423,1.090429,-1.792297]
[ros2_control_node-3] [INFO] [1791434694.751188196] [StateRL]: [ABS-POLICY-CMD] event=command_write clock=steady_clock_ns write_ns=16481105476478 write_id=521 source_session_id=16478219458311 source_policy_cycle_id=129 source_mode=0 action_source=1 transition_reason=0 recovery_episode_id=0 q_rad=[-0.080664,1.074518,-1.800958,-0.003998,1.249113,-1.479910,0.057570,1.541810,-1.704952,0.127423,1.090429,-1.792297]
[ros2_control_node-3] [INFO] [1791434694.752533533] [StateRL]: [ABS-POLICY-CMD] event=command_write clock=steady_clock_ns write_ns=16481106824310 write_id=522 source_session_id=16478219458311 source_policy_cycle_id=129 source_mode=0 action_source=1 transition_reason=0 recovery_episode_id=0 q_rad=[-0.080664,1.074518,-1.800958,-0.003998,1.249113,-1.479910,0.057570,1.541810,-1.704952,0.127423,1.090429,-1.792297]
[ros2_control_node-3] [INFO] [1791434694.752573615] [StateRL]: [ABS-LIVE-CMD] event=rl_command_write clock=steady_clock_ns timestamp_ns=16481106880548 sequence=800 controller_state=RL rl_active=1 finite=1 kp_zero=0 kd_zero=0 tau_zero=1 veto_reason= q=[-0.0807,1.0745,-1.8010,-0.0040,1.2491,-1.4799,0.0576,1.5418,-1.7050,0.1274,1.0904,-1.7923] kp=[30.0000,30.0000,30.0000,30.0000,30.0000,30.0000,30.0000,30.0000,30.0000,30.0000,30.0000,30.0000] kd=[0.6500,0.6500,0.6500,0.6500,0.6500,0.6500,0.6500,0.6500,0.6500,0.6500,0.6500,0.6500] tau=[0.0000,0.0000,0.0000,0.0000,0.0000,0.0000,0.0000,0.0000,0.0000,0.0000,0.0000,0.0000]
[ros2_control_node-3] [INFO] [1791434694.754513236] [StateRL]: [ABS-POLICY-CMD] event=command_write clock=steady_clock_ns write_ns=16481108806360 write_id=523 source_session_id=16478219458311 source_policy_cycle_id=129 source_mode=0 action_source=1 transition_reason=0 recovery_episode_id=0 q_rad=[-0.080664,1.074518,-1.800958,-0.003998,1.249113,-1.479910,0.057570,1.541810,-1.704952,0.127423,1.090429,-1.792297]
[ros2_control_node-3] [INFO] [1791434694.765410466] [StateRL]: [ABS-POLICY-CMD] event=command_write clock=steady_clock_ns write_ns=16481119696862 write_id=524 source_session_id=16478219458311 source_policy_cycle_id=130 source_mode=0 action_source=1 transition_reason=0 recovery_episode_id=0 q_rad=[-0.060778,1.145635,-1.830026,-0.009132,1.096249,-1.526801,0.060338,1.455418,-1.544728,0.024684,1.206598,-1.572355]
[ros2_control_node-3] [INFO] [1791434694.766438121] [StateRL]: [ABS-POLICY-CMD] event=command_write clock=steady_clock_ns write_ns=16481120705407 write_id=525 source_session_id=16478219458311 source_policy_cycle_id=130 source_mode=0 action_source=1 transition_reason=0 recovery_episode_id=0 q_rad=[-0.060778,1.145635,-1.830026,-0.009132,1.096249,-1.526801,0.060338,1.455418,-1.544728,0.024684,1.206598,-1.572355]
[ros2_control_node-3] [INFO] [1791434694.767522472] [StateRL]: [ABS-POLICY-CMD] event=command_write clock=steady_clock_ns write_ns=16481121814111 write_id=526 source_session_id=16478219458311 source_policy_cycle_id=130 source_mode=0 action_source=1 transition_reason=0 recovery_episode_id=0 q_rad=[-0.060778,1.145635,-1.830026,-0.009132,1.096249,-1.526801,0.060338,1.455418,-1.544728,0.024684,1.206598,-1.572355]
[ros2_control_node-3] [INFO] [1791434694.768377484] [StateRL]: [ABS-POLICY-CMD] event=command_write clock=steady_clock_ns write_ns=16481122668864 write_id=527 source_session_id=16478219458311 source_policy_cycle_id=130 source_mode=0 action_source=1 transition_reason=0 recovery_episode_id=0 q_rad=[-0.060778,1.145635,-1.830026,-0.009132,1.096249,-1.526801,0.060338,1.455418,-1.544728,0.024684,1.206598,-1.572355]
[ros2_control_node-3] [INFO] [1791434694.769463038] [StateRL]: [GOAL] 位置=(2.51,-0.14) 偏航=0.13 目标=(7.00,0.00) 距离=4.49 机体系=(4.47,-0.10) 航向=-0.06 path_err=-0.14 path_on=1
[ros2_control_node-3] [INFO] [1791434694.789803043] [StateRL]: [ABS-POLICY-CMD] event=command_write clock=steady_clock_ns write_ns=16481144086354 write_id=528 source_session_id=16478219458311 source_policy_cycle_id=131 source_mode=0 action_source=1 transition_reason=0 recovery_episode_id=0 q_rad=[0.038278,1.050681,-1.869827,-0.009288,1.046845,-1.540810,0.021379,1.365302,-1.531982,0.009191,1.250745,-1.555976]
[ros2_control_node-3] [INFO] [1791434694.791955768] [StateRL]: [ABS-POLICY-CMD] event=command_write clock=steady_clock_ns write_ns=16481146245688 write_id=529 source_session_id=16478219458311 source_policy_cycle_id=131 source_mode=0 action_source=1 transition_reason=0 recovery_episode_id=0 q_rad=[0.038278,1.050681,-1.869827,-0.009288,1.046845,-1.540810,0.021379,1.365302,-1.531982,0.009191,1.250745,-1.555976]
[ros2_control_node-3] [INFO] [1791434694.792950031] [StateRL]: [ABS-POLICY-CMD] event=command_write clock=steady_clock_ns write_ns=16481147239662 write_id=530 source_session_id=16478219458311 source_policy_cycle_id=131 source_mode=0 action_source=1 transition_reason=0 recovery_episode_id=0 q_rad=[0.038278,1.050681,-1.869827,-0.009288,1.046845,-1.540810,0.021379,1.365302,-1.531982,0.009191,1.250745,-1.555976]
[ros2_control_node-3] [INFO] [1791434694.793625574] [StateRL]: [ABS-POLICY-CMD] event=command_write clock=steady_clock_ns write_ns=16481147925212 write_id=531 source_session_id=16478219458311 source_policy_cycle_id=131 source_mode=0 action_source=1 transition_reason=0 recovery_episode_id=0 q_rad=[0.038278,1.050681,-1.869827,-0.009288,1.046845,-1.540810,0.021379,1.365302,-1.531982,0.009191,1.250745,-1.555976]
[ros2_control_node-3] [INFO] [1791434694.806187779] [StateRL]: [ABS-POLICY-CMD] event=command_write clock=steady_clock_ns write_ns=16481160471160 write_id=532 source_session_id=16478219458311 source_policy_cycle_id=132 source_mode=0 action_source=1 transition_reason=0 recovery_episode_id=0 q_rad=[0.063823,1.049620,-1.727003,0.065752,1.019585,-1.499591,-0.034452,1.344471,-1.473651,-0.062464,1.266012,-1.528560]
[ros2_control_node-3] [INFO] [1791434694.808119336] [StateRL]: [ABS-POLICY-CMD] event=command_write clock=steady_clock_ns write_ns=16481162407310 write_id=533 source_session_id=16478219458311 source_policy_cycle_id=132 source_mode=0 action_source=1 transition_reason=0 recovery_episode_id=0 q_rad=[0.063823,1.049620,-1.727003,0.065752,1.019585,-1.499591,-0.034452,1.344471,-1.473651,-0.062464,1.266012,-1.528560]
[ros2_control_node-3] [INFO] [1791434694.808692751] [StateRL]: [ABS-POLICY-CMD] event=command_write clock=steady_clock_ns write_ns=16481162985831 write_id=534 source_session_id=16478219458311 source_policy_cycle_id=132 source_mode=0 action_source=1 transition_reason=0 recovery_episode_id=0 q_rad=[0.063823,1.049620,-1.727003,0.065752,1.019585,-1.499591,-0.034452,1.344471,-1.473651,-0.062464,1.266012,-1.528560]
[ros2_control_node-3] [INFO] [1791434694.809353604] [StateRL]: [ABS-POLICY-CMD] event=command_write clock=steady_clock_ns write_ns=16481163646386 write_id=535 source_session_id=16478219458311 source_policy_cycle_id=132 source_mode=0 action_source=1 transition_reason=0 recovery_episode_id=0 q_rad=[0.063823,1.049620,-1.727003,0.065752,1.019585,-1.499591,-0.034452,1.344471,-1.473651,-0.062464,1.266012,-1.528560]
[ros2_control_node-3] [INFO] [1791434694.823342190] [StateRL]: [ABS-POLICY-CMD] event=command_write clock=steady_clock_ns write_ns=16481177603858 write_id=536 source_session_id=16478219458311 source_policy_cycle_id=133 source_mode=0 action_source=1 transition_reason=0 recovery_episode_id=0 q_rad=[0.134653,1.007833,-1.651635,0.113019,0.966414,-1.468927,-0.067883,1.302780,-1.440716,-0.111387,1.266631,-1.479736]
[ros2_control_node-3] [INFO] [1791434694.828077067] [StateRL]: [ABS-POLICY-CMD] event=command_write clock=steady_clock_ns write_ns=16481182366766 write_id=537 source_session_id=16478219458311 source_policy_cycle_id=133 source_mode=0 action_source=1 transition_reason=0 recovery_episode_id=0 q_rad=[0.134653,1.007833,-1.651635,0.113019,0.966414,-1.468927,-0.067883,1.302780,-1.440716,-0.111387,1.266631,-1.479736]
[ros2_control_node-3] [INFO] [1791434694.828479548] [StateRL]: [ABS-POLICY-CMD] event=command_write clock=steady_clock_ns write_ns=16481182780326 write_id=538 source_session_id=16478219458311 source_policy_cycle_id=133 source_mode=0 action_source=1 transition_reason=0 recovery_episode_id=0 q_rad=[0.134653,1.007833,-1.651635,0.113019,0.966414,-1.468927,-0.067883,1.302780,-1.440716,-0.111387,1.266631,-1.479736]
[ros2_control_node-3] [INFO] [1791434694.829757713] [StateRL]: [ABS-POLICY-CMD] event=command_write clock=steady_clock_ns write_ns=16481184053103 write_id=539 source_session_id=16478219458311 source_policy_cycle_id=133 source_mode=0 action_source=1 transition_reason=0 recovery_episode_id=0 q_rad=[0.134653,1.007833,-1.651635,0.113019,0.966414,-1.468927,-0.067883,1.302780,-1.440716,-0.111387,1.266631,-1.479736]
[ros2_control_node-3] [INFO] [1791434694.843589276] [StateRL]: [ABS-POLICY-CMD] event=command_write clock=steady_clock_ns write_ns=16481197863518 write_id=540 source_session_id=16478219458311 source_policy_cycle_id=134 source_mode=0 action_source=1 transition_reason=0 recovery_episode_id=0 q_rad=[0.056654,1.140779,-1.737312,0.179053,1.052246,-1.396123,-0.115072,1.391667,-1.473627,-0.099929,1.322760,-1.468931]
[ros2_control_node-3] [INFO] [1791434694.845107542] [StateRL]: [ABS-POLICY-CMD] event=command_write clock=steady_clock_ns write_ns=16481199399855 write_id=541 source_session_id=16478219458311 source_policy_cycle_id=134 source_mode=0 action_source=1 transition_reason=0 recovery_episode_id=0 q_rad=[0.056654,1.140779,-1.737312,0.179053,1.052246,-1.396123,-0.115072,1.391667,-1.473627,-0.099929,1.322760,-1.468931]
[ros2_control_node-3] [INFO] [1791434694.845841635] [StateRL]: [ABS-POLICY-CMD] event=command_write clock=steady_clock_ns write_ns=16481200137302 write_id=542 source_session_id=16478219458311 source_policy_cycle_id=134 source_mode=0 action_source=1 transition_reason=0 recovery_episode_id=0 q_rad=[0.056654,1.140779,-1.737312,0.179053,1.052246,-1.396123,-0.115072,1.391667,-1.473627,-0.099929,1.322760,-1.468931]
[ros2_control_node-3] [INFO] [1791434694.847144904] [StateRL]: [ABS-POLICY-CMD] event=command_write clock=steady_clock_ns write_ns=16481201438874 write_id=543 source_session_id=16478219458311 source_policy_cycle_id=134 source_mode=0 action_source=1 transition_reason=0 recovery_episode_id=0 q_rad=[0.056654,1.140779,-1.737312,0.179053,1.052246,-1.396123,-0.115072,1.391667,-1.473627,-0.099929,1.322760,-1.468931]
[ros2_control_node-3] [INFO] [1791434694.866300871] [StateRL]: [ABS-POLICY-CMD] event=command_write clock=steady_clock_ns write_ns=16481220554598 write_id=544 source_session_id=16478219458311 source_policy_cycle_id=135 source_mode=0 action_source=1 transition_reason=0 recovery_episode_id=0 q_rad=[0.023511,1.282759,-1.781376,0.197961,0.997216,-1.355115,-0.083727,1.509009,-1.559562,-0.067141,1.226630,-1.606961]
[ros2_control_node-3] [INFO] [1791434694.868326465] [StateRL]: [ABS-POLICY-CMD] event=command_write clock=steady_clock_ns write_ns=16481222613297 write_id=545 source_session_id=16478219458311 source_policy_cycle_id=135 source_mode=0 action_source=1 transition_reason=0 recovery_episode_id=0 q_rad=[0.023511,1.282759,-1.781376,0.197961,0.997216,-1.355115,-0.083727,1.509009,-1.559562,-0.067141,1.226630,-1.606961]
[ros2_control_node-3] [INFO] [1791434694.869453922] [StateRL]: [ABS-POLICY-CMD] event=command_write clock=steady_clock_ns write_ns=16481223748661 write_id=546 source_session_id=16478219458311 source_policy_cycle_id=135 source_mode=0 action_source=1 transition_reason=0 recovery_episode_id=0 q_rad=[0.023511,1.282759,-1.781376,0.197961,0.997216,-1.355115,-0.083727,1.509009,-1.559562,-0.067141,1.226630,-1.606961]
[ros2_control_node-3] [INFO] [1791434694.870567781] [StateRL]: [ABS-POLICY-CMD] event=command_write clock=steady_clock_ns write_ns=16481224863709 write_id=547 source_session_id=16478219458311 source_policy_cycle_id=135 source_mode=0 action_source=1 transition_reason=0 recovery_episode_id=0 q_rad=[0.023511,1.282759,-1.781376,0.197961,0.997216,-1.355115,-0.083727,1.509009,-1.559562,-0.067141,1.226630,-1.606961]
[ros2_control_node-3] [INFO] [1791434694.870599098] [StateRL]: [ABS-LIVE-CMD] event=rl_command_write clock=steady_clock_ns timestamp_ns=16481224906186 sequence=825 controller_state=RL rl_active=1 finite=1 kp_zero=0 kd_zero=0 tau_zero=1 veto_reason= q=[0.0235,1.2828,-1.7814,0.1980,0.9972,-1.3551,-0.0837,1.5090,-1.5596,-0.0671,1.2266,-1.6070] kp=[30.0000,30.0000,30.0000,30.0000,30.0000,30.0000,30.0000,30.0000,30.0000,30.0000,30.0000,30.0000] kd=[0.6500,0.6500,0.6500,0.6500,0.6500,0.6500,0.6500,0.6500,0.6500,0.6500,0.6500,0.6500] tau=[0.0000,0.0000,0.0000,0.0000,0.0000,0.0000,0.0000,0.0000,0.0000,0.0000,0.0000,0.0000]
[ros2_control_node-3] [INFO] [1791434694.884155157] [StateRL]: [ABS-POLICY-CMD] event=command_write clock=steady_clock_ns write_ns=16481238429241 write_id=548 source_session_id=16478219458311 source_policy_cycle_id=136 source_mode=0 action_source=1 transition_reason=0 recovery_episode_id=0 q_rad=[-0.041162,1.339300,-1.950560,0.155607,1.147595,-1.377461,-0.015484,1.588921,-1.670077,-0.019483,1.143663,-1.615147]
[ros2_control_node-3] [INFO] [1791434694.885700474] [StateRL]: [ABS-POLICY-CMD] event=command_write clock=steady_clock_ns write_ns=16481239992067 write_id=549 source_session_id=16478219458311 source_policy_cycle_id=136 source_mode=0 action_source=1 transition_reason=0 recovery_episode_id=0 q_rad=[-0.041162,1.339300,-1.950560,0.155607,1.147595,-1.377461,-0.015484,1.588921,-1.670077,-0.019483,1.143663,-1.615147]
[ros2_control_node-3] [INFO] [1791434694.886762053] [StateRL]: [ABS-POLICY-CMD] event=command_write clock=steady_clock_ns write_ns=16481241058077 write_id=550 source_session_id=16478219458311 source_policy_cycle_id=136 source_mode=0 action_source=1 transition_reason=0 recovery_episode_id=0 q_rad=[-0.041162,1.339300,-1.950560,0.155607,1.147595,-1.377461,-0.015484,1.588921,-1.670077,-0.019483,1.143663,-1.615147]
[ros2_control_node-3] [INFO] [1791434694.887766065] [StateRL]: [ABS-POLICY-CMD] event=command_write clock=steady_clock_ns write_ns=16481242062254 write_id=551 source_session_id=16478219458311 source_policy_cycle_id=136 source_mode=0 action_source=1 transition_reason=0 recovery_episode_id=0 q_rad=[-0.041162,1.339300,-1.950560,0.155607,1.147595,-1.377461,-0.015484,1.588921,-1.670077,-0.019483,1.143663,-1.615147]
[ros2_control_node-3] [INFO] [1791434694.899151083] [StateRL]: [ABS-POLICY-CMD] event=command_write clock=steady_clock_ns write_ns=16481253420493 write_id=552 source_session_id=16478219458311 source_policy_cycle_id=137 source_mode=0 action_source=1 transition_reason=0 recovery_episode_id=0 q_rad=[-0.147672,1.211875,-2.126336,0.133756,1.307694,-1.487735,0.009464,1.537463,-1.645092,-0.024881,1.196153,-1.481292]
[ros2_control_node-3] [INFO] [1791434694.900657556] [StateRL]: [ABS-POLICY-CMD] event=command_write clock=steady_clock_ns write_ns=16481254948111 write_id=553 source_session_id=16478219458311 source_policy_cycle_id=137 source_mode=0 action_source=1 transition_reason=0 recovery_episode_id=0 q_rad=[-0.147672,1.211875,-2.126336,0.133756,1.307694,-1.487735,0.009464,1.537463,-1.645092,-0.024881,1.196153,-1.481292]
[ros2_control_node-3] [INFO] [1791434694.902109071] [StateRL]: [ABS-POLICY-CMD] event=command_write clock=steady_clock_ns write_ns=16481256409173 write_id=554 source_session_id=16478219458311 source_policy_cycle_id=137 source_mode=0 action_source=1 transition_reason=0 recovery_episode_id=0 q_rad=[-0.147672,1.211875,-2.126336,0.133756,1.307694,-1.487735,0.009464,1.537463,-1.645092,-0.024881,1.196153,-1.481292]
[ros2_control_node-3] [INFO] [1791434694.902456554] [StateRL]: [ABS-POLICY-CMD] event=command_write clock=steady_clock_ns write_ns=16481256758603 write_id=555 source_session_id=16478219458311 source_policy_cycle_id=137 source_mode=0 action_source=1 transition_reason=0 recovery_episode_id=0 q_rad=[-0.147672,1.211875,-2.126336,0.133756,1.307694,-1.487735,0.009464,1.537463,-1.645092,-0.024881,1.196153,-1.481292]
[ros2_control_node-3] [INFO] [1791434694.916710936] [StateRL]: [ABS-POLICY-CMD] event=command_write clock=steady_clock_ns write_ns=16481270986121 write_id=556 source_session_id=16478219458311 source_policy_cycle_id=138 source_mode=0 action_source=1 transition_reason=0 recovery_episode_id=0 q_rad=[-0.090385,1.185324,-2.262040,0.083606,1.349768,-1.854445,0.030729,1.472120,-1.602062,-0.029419,1.229158,-1.464753]
[ros2_control_node-3] [INFO] [1791434694.917392215] [StateRL]: [ABS-POLICY-CMD] event=command_write clock=steady_clock_ns write_ns=16481271684475 write_id=557 source_session_id=16478219458311 source_policy_cycle_id=138 source_mode=0 action_source=1 transition_reason=0 recovery_episode_id=0 q_rad=[-0.090385,1.185324,-2.262040,0.083606,1.349768,-1.854445,0.030729,1.472120,-1.602062,-0.029419,1.229158,-1.464753]
[ros2_control_node-3] [INFO] [1791434694.918646542] [StateRL]: [ABS-POLICY-CMD] event=command_write clock=steady_clock_ns write_ns=16481272941612 write_id=558 source_session_id=16478219458311 source_policy_cycle_id=138 source_mode=0 action_source=1 transition_reason=0 recovery_episode_id=0 q_rad=[-0.090385,1.185324,-2.262040,0.083606,1.349768,-1.854445,0.030729,1.472120,-1.602062,-0.029419,1.229158,-1.464753]
[ros2_control_node-3] [INFO] [1791434694.919022053] [StateRL]: [ABS-POLICY-CMD] event=command_write clock=steady_clock_ns write_ns=16481273322825 write_id=559 source_session_id=16478219458311 source_policy_cycle_id=138 source_mode=0 action_source=1 transition_reason=0 recovery_episode_id=0 q_rad=[-0.090385,1.185324,-2.262040,0.083606,1.349768,-1.854445,0.030729,1.472120,-1.602062,-0.029419,1.229158,-1.464753]
[ros2_control_node-3] [INFO] [1791434694.931201697] [StateRL]: [ABS-POLICY-CMD] event=command_write clock=steady_clock_ns write_ns=16481285482736 write_id=560 source_session_id=16478219458311 source_policy_cycle_id=139 source_mode=0 action_source=1 transition_reason=0 recovery_episode_id=0 q_rad=[0.067993,1.206850,-2.263832,0.079358,1.216127,-1.968015,0.079308,1.387303,-1.566005,0.016427,1.229764,-1.496132]
[ros2_control_node-3] [INFO] [1791434694.933047633] [StateRL]: [ABS-POLICY-CMD] event=command_write clock=steady_clock_ns write_ns=16481287337598 write_id=561 source_session_id=16478219458311 source_policy_cycle_id=139 source_mode=0 action_source=1 transition_reason=0 recovery_episode_id=0 q_rad=[0.067993,1.206850,-2.263832,0.079358,1.216127,-1.968015,0.079308,1.387303,-1.566005,0.016427,1.229764,-1.496132]
[ros2_control_node-3] [INFO] [1791434694.937384620] [StateRL]: [ABS-POLICY-CMD] event=command_write clock=steady_clock_ns write_ns=16481291659664 write_id=562 source_session_id=16478219458311 source_policy_cycle_id=139 source_mode=0 action_source=1 transition_reason=0 recovery_episode_id=0 q_rad=[0.067993,1.206850,-2.263832,0.079358,1.216127,-1.968015,0.079308,1.387303,-1.566005,0.016427,1.229764,-1.496132]
[ros2_control_node-3] [INFO] [1791434694.938204774] [StateRL]: [ABS-POLICY-CMD] event=command_write clock=steady_clock_ns write_ns=16481292499699 write_id=563 source_session_id=16478219458311 source_policy_cycle_id=139 source_mode=0 action_source=1 transition_reason=0 recovery_episode_id=0 q_rad=[0.067993,1.206850,-2.263832,0.079358,1.216127,-1.968015,0.079308,1.387303,-1.566005,0.016427,1.229764,-1.496132]
[ros2_control_node-3] [INFO] [1791434694.950369265] [StateRL]: [ABS-POLICY-CMD] event=command_write clock=steady_clock_ns write_ns=16481304652953 write_id=564 source_session_id=16478219458311 source_policy_cycle_id=140 source_mode=0 action_source=1 transition_reason=0 recovery_episode_id=0 q_rad=[0.085163,1.151826,-1.899034,0.026380,1.100171,-1.847306,0.023157,1.359680,-1.514151,0.074958,1.226747,-1.692132]
[ros2_control_node-3] [INFO] [1791434694.954485944] [StateRL]: [ABS-POLICY-CMD] event=command_write clock=steady_clock_ns write_ns=16481308774852 write_id=565 source_session_id=16478219458311 source_policy_cycle_id=140 source_mode=0 action_source=1 transition_reason=0 recovery_episode_id=0 q_rad=[0.085163,1.151826,-1.899034,0.026380,1.100171,-1.847306,0.023157,1.359680,-1.514151,0.074958,1.226747,-1.692132]
[ros2_control_node-3] [INFO] [1791434694.955174058] [StateRL]: [ABS-POLICY-CMD] event=command_write clock=steady_clock_ns write_ns=16481309470889 write_id=566 source_session_id=16478219458311 source_policy_cycle_id=140 source_mode=0 action_source=1 transition_reason=0 recovery_episode_id=0 q_rad=[0.085163,1.151826,-1.899034,0.026380,1.100171,-1.847306,0.023157,1.359680,-1.514151,0.074958,1.226747,-1.692132]
[ros2_control_node-3] [INFO] [1791434694.955675821] [StateRL]: [ABS-POLICY-CMD] event=command_write clock=steady_clock_ns write_ns=16481309977008 write_id=567 source_session_id=16478219458311 source_policy_cycle_id=140 source_mode=0 action_source=1 transition_reason=0 recovery_episode_id=0 q_rad=[0.085163,1.151826,-1.899034,0.026380,1.100171,-1.847306,0.023157,1.359680,-1.514151,0.074958,1.226747,-1.692132]
[ros2_control_node-3] [INFO] [1791434694.970184619] [StateRL]: [ABS-POLICY-CMD] event=command_write clock=steady_clock_ns write_ns=16481324464959 write_id=568 source_session_id=16478219458311 source_policy_cycle_id=141 source_mode=0 action_source=1 transition_reason=0 recovery_episode_id=0 q_rad=[0.041970,1.165688,-1.429471,0.172029,0.939218,-1.730181,0.061584,1.290073,-1.353179,-0.062245,1.149975,-1.813696]
[ros2_control_node-3] [INFO] [1791434694.971669076] [StateRL]: [ABS-POLICY-CMD] event=command_write clock=steady_clock_ns write_ns=16481325963639 write_id=569 source_session_id=16478219458311 source_policy_cycle_id=141 source_mode=0 action_source=1 transition_reason=0 recovery_episode_id=0 q_rad=[0.041970,1.165688,-1.429471,0.172029,0.939218,-1.730181,0.061584,1.290073,-1.353179,-0.062245,1.149975,-1.813696]
[ros2_control_node-3] [INFO] [1791434694.972197818] [StateRL]: [ABS-POLICY-CMD] event=command_write clock=steady_clock_ns write_ns=16481326497557 write_id=570 source_session_id=16478219458311 source_policy_cycle_id=141 source_mode=0 action_source=1 transition_reason=0 recovery_episode_id=0 q_rad=[0.041970,1.165688,-1.429471,0.172029,0.939218,-1.730181,0.061584,1.290073,-1.353179,-0.062245,1.149975,-1.813696]
[ros2_control_node-3] [INFO] [1791434694.973153787] [StateRL]: [ABS-POLICY-CMD] event=command_write clock=steady_clock_ns write_ns=16481327451201 write_id=571 source_session_id=16478219458311 source_policy_cycle_id=141 source_mode=0 action_source=1 transition_reason=0 recovery_episode_id=0 q_rad=[0.041970,1.165688,-1.429471,0.172029,0.939218,-1.730181,0.061584,1.290073,-1.353179,-0.062245,1.149975,-1.813696]
[ros2_control_node-3] [INFO] [1791434694.978516375] [StateRL]: [ABS-POLICY-CMD] event=command_write clock=steady_clock_ns write_ns=16481332795727 write_id=572 source_session_id=16478219458311 source_policy_cycle_id=142 source_mode=0 action_source=1 transition_reason=0 recovery_episode_id=0 q_rad=[0.258431,1.100106,-1.472405,0.041033,0.865308,-1.715990,-0.017560,1.272395,-1.411130,-0.092996,1.242684,-1.711481]
[ros2_control_node-3] [INFO] [1791434694.978589881] [StateRL]: [ABS-LIVE-CMD] event=rl_command_write clock=steady_clock_ns timestamp_ns=16481332896954 sequence=850 controller_state=RL rl_active=1 finite=1 kp_zero=0 kd_zero=0 tau_zero=1 veto_reason= q=[0.2584,1.1001,-1.4724,0.0410,0.8653,-1.7160,-0.0176,1.2724,-1.4111,-0.0930,1.2427,-1.7115] kp=[30.0000,30.0000,30.0000,30.0000,30.0000,30.0000,30.0000,30.0000,30.0000,30.0000,30.0000,30.0000] kd=[0.6500,0.6500,0.6500,0.6500,0.6500,0.6500,0.6500,0.6500,0.6500,0.6500,0.6500,0.6500] tau=[0.0000,0.0000,0.0000,0.0000,0.0000,0.0000,0.0000,0.0000,0.0000,0.0000,0.0000,0.0000]
[ros2_control_node-3] [INFO] [1791434694.980186717] [StateRL]: [ABS-POLICY-CMD] event=command_write clock=steady_clock_ns write_ns=16481334476331 write_id=573 source_session_id=16478219458311 source_policy_cycle_id=142 source_mode=0 action_source=1 transition_reason=0 recovery_episode_id=0 q_rad=[0.258431,1.100106,-1.472405,0.041033,0.865308,-1.715990,-0.017560,1.272395,-1.411130,-0.092996,1.242684,-1.711481]
[ros2_control_node-3] [INFO] [1791434694.980616887] [StateRL]: [ABS-POLICY-CMD] event=command_write clock=steady_clock_ns write_ns=16481334916773 write_id=574 source_session_id=16478219458311 source_policy_cycle_id=142 source_mode=0 action_source=1 transition_reason=0 recovery_episode_id=0 q_rad=[0.258431,1.100106,-1.472405,0.041033,0.865308,-1.715990,-0.017560,1.272395,-1.411130,-0.092996,1.242684,-1.711481]
[ros2_control_node-3] [INFO] [1791434694.981653874] [StateRL]: [ABS-POLICY-CMD] event=command_write clock=steady_clock_ns write_ns=16481335951273 write_id=575 source_session_id=16478219458311 source_policy_cycle_id=142 source_mode=0 action_source=1 transition_reason=0 recovery_episode_id=0 q_rad=[0.258431,1.100106,-1.472405,0.041033,0.865308,-1.715990,-0.017560,1.272395,-1.411130,-0.092996,1.242684,-1.711481]
[ros2_control_node-3] [INFO] [1791434694.999540457] [StateRL]: [ABS-POLICY-CMD] event=command_write clock=steady_clock_ns write_ns=16481353816375 write_id=576 source_session_id=16478219458311 source_policy_cycle_id=143 source_mode=0 action_source=1 transition_reason=0 recovery_episode_id=0 q_rad=[0.250231,1.060277,-1.467900,0.081102,0.930134,-1.592390,-0.045215,1.268544,-1.470824,-0.117064,1.290559,-1.633359]
[ros2_control_node-3] [INFO] [1791434695.001044050] [StateRL]: [ABS-POLICY-CMD] event=command_write clock=steady_clock_ns write_ns=16481355339101 write_id=577 source_session_id=16478219458311 source_policy_cycle_id=143 source_mode=0 action_source=1 transition_reason=0 recovery_episode_id=0 q_rad=[0.250231,1.060277,-1.467900,0.081102,0.930134,-1.592390,-0.045215,1.268544,-1.470824,-0.117064,1.290559,-1.633359]
[ros2_control_node-3] [INFO] [1791434695.002068873] [StateRL]: [ABS-POLICY-CMD] event=command_write clock=steady_clock_ns write_ns=16481356366113 write_id=578 source_session_id=16478219458311 source_policy_cycle_id=143 source_mode=0 action_source=1 transition_reason=0 recovery_episode_id=0 q_rad=[0.250231,1.060277,-1.467900,0.081102,0.930134,-1.592390,-0.045215,1.268544,-1.470824,-0.117064,1.290559,-1.633359]
[ros2_control_node-3] [INFO] [1791434695.002955237] [StateRL]: [ABS-POLICY-CMD] event=command_write clock=steady_clock_ns write_ns=16481357253216 write_id=579 source_session_id=16478219458311 source_policy_cycle_id=143 source_mode=0 action_source=1 transition_reason=0 recovery_episode_id=0 q_rad=[0.250231,1.060277,-1.467900,0.081102,0.930134,-1.592390,-0.045215,1.268544,-1.470824,-0.117064,1.290559,-1.633359]
[ros2_control_node-3] [INFO] [1791434695.018521388] [StateRL]: [ABS-POLICY-CMD] event=command_write clock=steady_clock_ns write_ns=16481372799130 write_id=580 source_session_id=16478219458311 source_policy_cycle_id=144 source_mode=0 action_source=1 transition_reason=0 recovery_episode_id=0 q_rad=[0.228745,1.071309,-1.495093,0.116858,0.952623,-1.542424,-0.062376,1.269106,-1.473221,-0.113219,1.300030,-1.560215]
[ros2_control_node-3] [INFO] [1791434695.019738543] [StateRL]: [ABS-POLICY-CMD] event=command_write clock=steady_clock_ns write_ns=16481374032081 write_id=581 source_session_id=16478219458311 source_policy_cycle_id=144 source_mode=0 action_source=1 transition_reason=0 recovery_episode_id=0 q_rad=[0.228745,1.071309,-1.495093,0.116858,0.952623,-1.542424,-0.062376,1.269106,-1.473221,-0.113219,1.300030,-1.560215]
[ros2_control_node-3] [INFO] [1791434695.020153489] [StateRL]: [ABS-POLICY-CMD] event=command_write clock=steady_clock_ns write_ns=16481374454057 write_id=582 source_session_id=16478219458311 source_policy_cycle_id=144 source_mode=0 action_source=1 transition_reason=0 recovery_episode_id=0 q_rad=[0.228745,1.071309,-1.495093,0.116858,0.952623,-1.542424,-0.062376,1.269106,-1.473221,-0.113219,1.300030,-1.560215]
[ros2_control_node-3] [INFO] [1791434695.020516520] [StateRL]: [ABS-POLICY-CMD] event=command_write clock=steady_clock_ns write_ns=16481374818364 write_id=583 source_session_id=16478219458311 source_policy_cycle_id=144 source_mode=0 action_source=1 transition_reason=0 recovery_episode_id=0 q_rad=[0.228745,1.071309,-1.495093,0.116858,0.952623,-1.542424,-0.062376,1.269106,-1.473221,-0.113219,1.300030,-1.560215]
[ros2_control_node-3] [INFO] [1791434695.033533271] [StateRL]: [ABS-POLICY-CMD] event=command_write clock=steady_clock_ns write_ns=16481387803692 write_id=584 source_session_id=16478219458311 source_policy_cycle_id=145 source_mode=0 action_source=1 transition_reason=0 recovery_episode_id=0 q_rad=[0.091148,1.168802,-1.677991,0.180630,1.093589,-1.396880,-0.103871,1.376822,-1.474043,-0.114876,1.322959,-1.558409]
[ros2_control_node-3] [INFO] [1791434695.034364898] [StateRL]: [ABS-POLICY-CMD] event=command_write clock=steady_clock_ns write_ns=16481388664161 write_id=585 source_session_id=16478219458311 source_policy_cycle_id=145 source_mode=0 action_source=1 transition_reason=0 recovery_episode_id=0 q_rad=[0.091148,1.168802,-1.677991,0.180630,1.093589,-1.396880,-0.103871,1.376822,-1.474043,-0.114876,1.322959,-1.558409]
[ros2_control_node-3] [INFO] [1791434695.034950478] [StateRL]: [ABS-POLICY-CMD] event=command_write clock=steady_clock_ns write_ns=16481389249140 write_id=586 source_session_id=16478219458311 source_policy_cycle_id=145 source_mode=0 action_source=1 transition_reason=0 recovery_episode_id=0 q_rad=[0.091148,1.168802,-1.677991,0.180630,1.093589,-1.396880,-0.103871,1.376822,-1.474043,-0.114876,1.322959,-1.558409]
[ros2_control_node-3] [INFO] [1791434695.035571738] [StateRL]: [ABS-POLICY-CMD] event=command_write clock=steady_clock_ns write_ns=16481389872277 write_id=587 source_session_id=16478219458311 source_policy_cycle_id=145 source_mode=0 action_source=1 transition_reason=0 recovery_episode_id=0 q_rad=[0.091148,1.168802,-1.677991,0.180630,1.093589,-1.396880,-0.103871,1.376822,-1.474043,-0.114876,1.322959,-1.558409]
[ros2_control_node-3] [INFO] [1791434695.048180702] [StateRL]: [ABS-POLICY-CMD] event=command_write clock=steady_clock_ns write_ns=16481402468820 write_id=588 source_session_id=16478219458311 source_policy_cycle_id=146 source_mode=0 action_source=1 transition_reason=0 recovery_episode_id=0 q_rad=[-0.010946,1.290197,-1.851091,0.242206,0.980091,-1.380057,-0.085501,1.473175,-1.447524,-0.082386,1.183964,-1.574606]
[ros2_control_node-3] [INFO] [1791434695.049769492] [StateRL]: [ABS-POLICY-CMD] event=command_write clock=steady_clock_ns write_ns=16481404060204 write_id=589 source_session_id=16478219458311 source_policy_cycle_id=146 source_mode=0 action_source=1 transition_reason=0 recovery_episode_id=0 q_rad=[-0.010946,1.290197,-1.851091,0.242206,0.980091,-1.380057,-0.085501,1.473175,-1.447524,-0.082386,1.183964,-1.574606]
[ros2_control_node-3] [INFO] [1791434695.050728948] [StateRL]: [ABS-POLICY-CMD] event=command_write clock=steady_clock_ns write_ns=16481405022525 write_id=590 source_session_id=16478219458311 source_policy_cycle_id=146 source_mode=0 action_source=1 transition_reason=0 recovery_episode_id=0 q_rad=[-0.010946,1.290197,-1.851091,0.242206,0.980091,-1.380057,-0.085501,1.473175,-1.447524,-0.082386,1.183964,-1.574606]
[ros2_control_node-3] [INFO] [1791434695.051852355] [StateRL]: [ABS-POLICY-CMD] event=command_write clock=steady_clock_ns write_ns=16481406146381 write_id=591 source_session_id=16478219458311 source_policy_cycle_id=146 source_mode=0 action_source=1 transition_reason=0 recovery_episode_id=0 q_rad=[-0.010946,1.290197,-1.851091,0.242206,0.980091,-1.380057,-0.085501,1.473175,-1.447524,-0.082386,1.183964,-1.574606]
[ros2_control_node-3] [INFO] [1791434695.067269609] [StateRL]: [ABS-POLICY-CMD] event=command_write clock=steady_clock_ns write_ns=16481421549659 write_id=592 source_session_id=16478219458311 source_policy_cycle_id=147 source_mode=0 action_source=1 transition_reason=0 recovery_episode_id=0 q_rad=[-0.127795,1.107374,-1.974975,0.286220,1.092394,-1.418509,-0.049675,1.353864,-1.478457,-0.037727,1.153553,-1.407865]
[ros2_control_node-3] [INFO] [1791434695.068673192] [StateRL]: [ABS-POLICY-CMD] event=command_write clock=steady_clock_ns write_ns=16481422968799 write_id=593 source_session_id=16478219458311 source_policy_cycle_id=147 source_mode=0 action_source=1 transition_reason=0 recovery_episode_id=0 q_rad=[-0.127795,1.107374,-1.974975,0.286220,1.092394,-1.418509,-0.049675,1.353864,-1.478457,-0.037727,1.153553,-1.407865]
[ros2_control_node-3] [INFO] [1791434695.069841925] [StateRL]: [ABS-POLICY-CMD] event=command_write clock=steady_clock_ns write_ns=16481424139039 write_id=594 source_session_id=16478219458311 source_policy_cycle_id=147 source_mode=0 action_source=1 transition_reason=0 recovery_episode_id=0 q_rad=[-0.127795,1.107374,-1.974975,0.286220,1.092394,-1.418509,-0.049675,1.353864,-1.478457,-0.037727,1.153553,-1.407865]
[ros2_control_node-3] [INFO] [1791434695.070772845] [StateRL]: [ABS-POLICY-CMD] event=command_write clock=steady_clock_ns write_ns=16481425071198 write_id=595 source_session_id=16478219458311 source_policy_cycle_id=147 source_mode=0 action_source=1 transition_reason=0 recovery_episode_id=0 q_rad=[-0.127795,1.107374,-1.974975,0.286220,1.092394,-1.418509,-0.049675,1.353864,-1.478457,-0.037727,1.153553,-1.407865]
[ros2_control_node-3] [INFO] [1791434695.082197308] [StateRL]: [ABS-POLICY-CMD] event=command_write clock=steady_clock_ns write_ns=16481436481424 write_id=596 source_session_id=16478219458311 source_policy_cycle_id=148 source_mode=0 action_source=1 transition_reason=0 recovery_episode_id=0 q_rad=[-0.129272,1.080763,-2.051424,0.233946,1.216474,-1.380973,-0.033081,1.329942,-1.615342,0.017508,1.231917,-1.449291]
[ros2_control_node-3] [INFO] [1791434695.083901914] [StateRL]: [ABS-POLICY-CMD] event=command_write clock=steady_clock_ns write_ns=16481438194632 write_id=597 source_session_id=16478219458311 source_policy_cycle_id=148 source_mode=0 action_source=1 transition_reason=0 recovery_episode_id=0 q_rad=[-0.129272,1.080763,-2.051424,0.233946,1.216474,-1.380973,-0.033081,1.329942,-1.615342,0.017508,1.231917,-1.449291]
[ros2_control_node-3] [INFO] [1791434695.083936386] [StateRL]: [ABS-LIVE-CMD] event=rl_command_write clock=steady_clock_ns timestamp_ns=16481438243474 sequence=875 controller_state=RL rl_active=1 finite=1 kp_zero=0 kd_zero=0 tau_zero=1 veto_reason= q=[-0.1293,1.0808,-2.0514,0.2339,1.2165,-1.3810,-0.0331,1.3299,-1.6153,0.0175,1.2319,-1.4493] kp=[30.0000,30.0000,30.0000,30.0000,30.0000,30.0000,30.0000,30.0000,30.0000,30.0000,30.0000,30.0000] kd=[0.6500,0.6500,0.6500,0.6500,0.6500,0.6500,0.6500,0.6500,0.6500,0.6500,0.6500,0.6500] tau=[0.0000,0.0000,0.0000,0.0000,0.0000,0.0000,0.0000,0.0000,0.0000,0.0000,0.0000,0.0000]
[ros2_control_node-3] [INFO] [1791434695.085134226] [StateRL]: [ABS-POLICY-CMD] event=command_write clock=steady_clock_ns write_ns=16481439431413 write_id=598 source_session_id=16478219458311 source_policy_cycle_id=148 source_mode=0 action_source=1 transition_reason=0 recovery_episode_id=0 q_rad=[-0.129272,1.080763,-2.051424,0.233946,1.216474,-1.380973,-0.033081,1.329942,-1.615342,0.017508,1.231917,-1.449291]
[ros2_control_node-3] [INFO] [1791434695.086621648] [StateRL]: [ABS-POLICY-CMD] event=command_write clock=steady_clock_ns write_ns=16481440912318 write_id=599 source_session_id=16478219458311 source_policy_cycle_id=148 source_mode=0 action_source=1 transition_reason=0 recovery_episode_id=0 q_rad=[-0.129272,1.080763,-2.051424,0.233946,1.216474,-1.380973,-0.033081,1.329942,-1.615342,0.017508,1.231917,-1.449291]
[ros2_control_node-3] [INFO] [1791434695.087324932] [StateRL]: [ABS-LIVE-RAY-CHECK] clock=steady_clock_ns now_ns=16481441622807 checks=50 average_period_ms=22.283376
[ros2_control_node-3] [INFO] [1791434695.096515716] [StateRL]: [ABS-POLICY-CMD] event=command_write clock=steady_clock_ns write_ns=16481450767324 write_id=600 source_session_id=16478219458311 source_policy_cycle_id=149 source_mode=0 action_source=1 transition_reason=0 recovery_episode_id=0 q_rad=[-0.143703,1.070068,-2.065860,0.205813,1.276306,-1.393419,0.016601,1.446309,-1.580942,0.016384,1.249945,-1.540559]
[ros2_control_node-3] [INFO] [1791434695.097839289] [StateRL]: [ABS-POLICY-CMD] event=command_write clock=steady_clock_ns write_ns=16481452132584 write_id=601 source_session_id=16478219458311 source_policy_cycle_id=149 source_mode=0 action_source=1 transition_reason=0 recovery_episode_id=0 q_rad=[-0.143703,1.070068,-2.065860,0.205813,1.276306,-1.393419,0.016601,1.446309,-1.580942,0.016384,1.249945,-1.540559]
[ros2_control_node-3] [INFO] [1791434695.098435461] [StateRL]: [ABS-POLICY-CMD] event=command_write clock=steady_clock_ns write_ns=16481452734986 write_id=602 source_session_id=16478219458311 source_policy_cycle_id=149 source_mode=0 action_source=1 transition_reason=0 recovery_episode_id=0 q_rad=[-0.143703,1.070068,-2.065860,0.205813,1.276306,-1.393419,0.016601,1.446309,-1.580942,0.016384,1.249945,-1.540559]
[ros2_control_node-3] [INFO] [1791434695.099046595] [StateRL]: [ABS-POLICY-CMD] event=command_write clock=steady_clock_ns write_ns=16481453339655 write_id=603 source_session_id=16478219458311 source_policy_cycle_id=149 source_mode=0 action_source=1 transition_reason=0 recovery_episode_id=0 q_rad=[-0.143703,1.070068,-2.065860,0.205813,1.276306,-1.393419,0.016601,1.446309,-1.580942,0.016384,1.249945,-1.540559]
[ros2_control_node-3] [INFO] [1791434695.113398523] [StateRL]: [EVAL] step=150 t=3.000 robot=(2.752,-0.148) yaw=0.171 goal=(7.000,0.000) dist=4.251 body=(4.212,-0.213) heading=-0.126 arrived=0 ra=-0.25162 entry=-0.05000 recovery=0 hold=0 twist=(0.968,0.300,-0.761) min_ray_log=0.663 max_ray_log=2.585 min_ray_m=1.583 lin_vel=(0.475,-0.174,0.020) ang_vel=(1.260,-0.181,0.101) action_range=(-1.981,2.139) contact=(-1,1,1,1)
[ros2_control_node-3] [INFO] [1791434695.113595651] [StateRL]: [ABS-POLICY-CMD] event=command_write clock=steady_clock_ns write_ns=16481467890003 write_id=604 source_session_id=16478219458311 source_policy_cycle_id=150 source_mode=0 action_source=1 transition_reason=0 recovery_episode_id=0 q_rad=[-0.086101,1.055522,-1.995173,0.164161,1.186807,-1.421287,-0.006413,1.334674,-1.548572,0.009663,1.266000,-1.510715]
[ros2_control_node-3] [INFO] [1791434695.115279732] [StateRL]: [ABS-POLICY-CMD] event=command_write clock=steady_clock_ns write_ns=16481469570847 write_id=605 source_session_id=16478219458311 source_policy_cycle_id=150 source_mode=0 action_source=1 transition_reason=0 recovery_episode_id=0 q_rad=[-0.086101,1.055522,-1.995173,0.164161,1.186807,-1.421287,-0.006413,1.334674,-1.548572,0.009663,1.266000,-1.510715]
[ros2_control_node-3] [INFO] [1791434695.116181328] [StateRL]: [ABS-POLICY-CMD] event=command_write clock=steady_clock_ns write_ns=16481470475339 write_id=606 source_session_id=16478219458311 source_policy_cycle_id=150 source_mode=0 action_source=1 transition_reason=0 recovery_episode_id=0 q_rad=[-0.086101,1.055522,-1.995173,0.164161,1.186807,-1.421287,-0.006413,1.334674,-1.548572,0.009663,1.266000,-1.510715]
[ros2_control_node-3] [INFO] [1791434695.117554269] [StateRL]: [ABS-POLICY-CMD] event=command_write clock=steady_clock_ns write_ns=16481471829098 write_id=607 source_session_id=16478219458311 source_policy_cycle_id=150 source_mode=0 action_source=1 transition_reason=0 recovery_episode_id=0 q_rad=[-0.086101,1.055522,-1.995173,0.164161,1.186807,-1.421287,-0.006413,1.334674,-1.548572,0.009663,1.266000,-1.510715]
[ros2_control_node-3] [INFO] [1791434695.132785118] [StateRL]: [ABS-POLICY-CMD] event=command_write clock=steady_clock_ns write_ns=16481487049021 write_id=608 source_session_id=16478219458311 source_policy_cycle_id=151 source_mode=0 action_source=1 transition_reason=0 recovery_episode_id=0 q_rad=[-0.075690,1.043044,-1.888878,0.185403,1.069012,-1.345205,0.028365,1.307940,-1.525745,0.046620,1.172738,-1.611084]
[ros2_control_node-3] [INFO] [1791434695.134265475] [StateRL]: [ABS-POLICY-CMD] event=command_write clock=steady_clock_ns write_ns=16481488558398 write_id=609 source_session_id=16478219458311 source_policy_cycle_id=151 source_mode=0 action_source=1 transition_reason=0 recovery_episode_id=0 q_rad=[-0.075690,1.043044,-1.888878,0.185403,1.069012,-1.345205,0.028365,1.307940,-1.525745,0.046620,1.172738,-1.611084]
[ros2_control_node-3] [INFO] [1791434695.134823246] [StateRL]: [ABS-POLICY-CMD] event=command_write clock=steady_clock_ns write_ns=16481489118495 write_id=610 source_session_id=16478219458311 source_policy_cycle_id=151 source_mode=0 action_source=1 transition_reason=0 recovery_episode_id=0 q_rad=[-0.075690,1.043044,-1.888878,0.185403,1.069012,-1.345205,0.028365,1.307940,-1.525745,0.046620,1.172738,-1.611084]
[ros2_control_node-3] [INFO] [1791434695.135487932] [StateRL]: [ABS-POLICY-CMD] event=command_write clock=steady_clock_ns write_ns=16481489784492 write_id=611 source_session_id=16478219458311 source_policy_cycle_id=151 source_mode=0 action_source=1 transition_reason=0 recovery_episode_id=0 q_rad=[-0.075690,1.043044,-1.888878,0.185403,1.069012,-1.345205,0.028365,1.307940,-1.525745,0.046620,1.172738,-1.611084]
[ros2_control_node-3] [INFO] [1791434695.156570396] [StateRL]: [ABS-POLICY-CMD] event=command_write clock=steady_clock_ns write_ns=16481510853866 write_id=612 source_session_id=16478219458311 source_policy_cycle_id=152 source_mode=0 action_source=1 transition_reason=0 recovery_episode_id=0 q_rad=[0.053960,0.990394,-1.727971,0.145680,1.035335,-1.203759,-0.055990,1.192358,-1.571136,0.034211,1.279415,-1.576696]
[ros2_control_node-3] [INFO] [1791434695.158379271] [StateRL]: [ABS-POLICY-CMD] event=command_write clock=steady_clock_ns write_ns=16481512655361 write_id=613 source_session_id=16478219458311 source_policy_cycle_id=152 source_mode=0 action_source=1 transition_reason=0 recovery_episode_id=0 q_rad=[0.053960,0.990394,-1.727971,0.145680,1.035335,-1.203759,-0.055990,1.192358,-1.571136,0.034211,1.279415,-1.576696]
[ros2_control_node-3] [INFO] [1791434695.159878763] [StateRL]: [ABS-POLICY-CMD] event=command_write clock=steady_clock_ns write_ns=16481514164772 write_id=614 source_session_id=16478219458311 source_policy_cycle_id=152 source_mode=0 action_source=1 transition_reason=0 recovery_episode_id=0 q_rad=[0.053960,0.990394,-1.727971,0.145680,1.035335,-1.203759,-0.055990,1.192358,-1.571136,0.034211,1.279415,-1.576696]
[ros2_control_node-3] [INFO] [1791434695.161195727] [StateRL]: [ABS-POLICY-CMD] event=command_write clock=steady_clock_ns write_ns=16481515489631 write_id=615 source_session_id=16478219458311 source_policy_cycle_id=152 source_mode=0 action_source=1 transition_reason=0 recovery_episode_id=0 q_rad=[0.053960,0.990394,-1.727971,0.145680,1.035335,-1.203759,-0.055990,1.192358,-1.571136,0.034211,1.279415,-1.576696]
[ros2_control_node-3] [INFO] [1791434695.175883902] [StateRL]: [ABS-POLICY-CMD] event=command_write clock=steady_clock_ns write_ns=16481530165670 write_id=616 source_session_id=16478219458311 source_policy_cycle_id=153 source_mode=0 action_source=1 transition_reason=0 recovery_episode_id=0 q_rad=[0.187649,0.901830,-1.633712,0.162767,0.961211,-1.081668,-0.126179,1.145132,-1.644764,0.080390,1.324454,-1.705471]
[ros2_control_node-3] [INFO] [1791434695.177806136] [StateRL]: [ABS-POLICY-CMD] event=command_write clock=steady_clock_ns write_ns=16481532091599 write_id=617 source_session_id=16478219458311 source_policy_cycle_id=153 source_mode=0 action_source=1 transition_reason=0 recovery_episode_id=0 q_rad=[0.187649,0.901830,-1.633712,0.162767,0.961211,-1.081668,-0.126179,1.145132,-1.644764,0.080390,1.324454,-1.705471]
[ros2_control_node-3] [INFO] [1791434695.178584771] [StateRL]: [ABS-POLICY-CMD] event=command_write clock=steady_clock_ns write_ns=16481532877223 write_id=618 source_session_id=16478219458311 source_policy_cycle_id=153 source_mode=0 action_source=1 transition_reason=0 recovery_episode_id=0 q_rad=[0.187649,0.901830,-1.633712,0.162767,0.961211,-1.081668,-0.126179,1.145132,-1.644764,0.080390,1.324454,-1.705471]
[ros2_control_node-3] [INFO] [1791434695.180064135] [StateRL]: [ABS-POLICY-CMD] event=command_write clock=steady_clock_ns write_ns=16481534356961 write_id=619 source_session_id=16478219458311 source_policy_cycle_id=153 source_mode=0 action_source=1 transition_reason=0 recovery_episode_id=0 q_rad=[0.187649,0.901830,-1.633712,0.162767,0.961211,-1.081668,-0.126179,1.145132,-1.644764,0.080390,1.324454,-1.705471]
[ros2_control_node-3] [INFO] [1791434695.194621229] [StateRL]: [ABS-POLICY-CMD] event=command_write clock=steady_clock_ns write_ns=16481548904132 write_id=620 source_session_id=16478219458311 source_policy_cycle_id=154 source_mode=0 action_source=1 transition_reason=0 recovery_episode_id=0 q_rad=[0.197300,0.945517,-1.594945,0.283633,0.893484,-1.287246,-0.070528,1.304599,-1.682016,0.136162,1.083889,-1.730060]
[ros2_control_node-3] [INFO] [1791434695.196310560] [StateRL]: [ABS-POLICY-CMD] event=command_write clock=steady_clock_ns write_ns=16481550603893 write_id=621 source_session_id=16478219458311 source_policy_cycle_id=154 source_mode=0 action_source=1 transition_reason=0 recovery_episode_id=0 q_rad=[0.197300,0.945517,-1.594945,0.283633,0.893484,-1.287246,-0.070528,1.304599,-1.682016,0.136162,1.083889,-1.730060]
[ros2_control_node-3] [INFO] [1791434695.197102454] [StateRL]: [ABS-POLICY-CMD] event=command_write clock=steady_clock_ns write_ns=16481551397481 write_id=622 source_session_id=16478219458311 source_policy_cycle_id=154 source_mode=0 action_source=1 transition_reason=0 recovery_episode_id=0 q_rad=[0.197300,0.945517,-1.594945,0.283633,0.893484,-1.287246,-0.070528,1.304599,-1.682016,0.136162,1.083889,-1.730060]
[ros2_control_node-3] [INFO] [1791434695.197138049] [StateRL]: [ABS-LIVE-CMD] event=rl_command_write clock=steady_clock_ns timestamp_ns=16481551445000 sequence=900 controller_state=RL rl_active=1 finite=1 kp_zero=0 kd_zero=0 tau_zero=1 veto_reason= q=[0.1973,0.9455,-1.5949,0.2836,0.8935,-1.2872,-0.0705,1.3046,-1.6820,0.1362,1.0839,-1.7301] kp=[30.0000,30.0000,30.0000,30.0000,30.0000,30.0000,30.0000,30.0000,30.0000,30.0000,30.0000,30.0000] kd=[0.6500,0.6500,0.6500,0.6500,0.6500,0.6500,0.6500,0.6500,0.6500,0.6500,0.6500,0.6500] tau=[0.0000,0.0000,0.0000,0.0000,0.0000,0.0000,0.0000,0.0000,0.0000,0.0000,0.0000,0.0000]
[ros2_control_node-3] [INFO] [1791434695.198819474] [StateRL]: [ABS-POLICY-CMD] event=command_write clock=steady_clock_ns write_ns=16481553090785 write_id=623 source_session_id=16478219458311 source_policy_cycle_id=154 source_mode=0 action_source=1 transition_reason=0 recovery_episode_id=0 q_rad=[0.197300,0.945517,-1.594945,0.283633,0.893484,-1.287246,-0.070528,1.304599,-1.682016,0.136162,1.083889,-1.730060]
[ros2_control_node-3] [INFO] [1791434695.213229033] [StateRL]: [ABS-POLICY-CMD] event=command_write clock=steady_clock_ns write_ns=16481567513148 write_id=624 source_session_id=16478219458311 source_policy_cycle_id=155 source_mode=0 action_source=1 transition_reason=0 recovery_episode_id=0 q_rad=[0.094341,1.053629,-1.506976,0.198264,0.943540,-1.422806,-0.061950,1.466047,-1.545978,-0.053610,1.154138,-1.747290]
[ros2_control_node-3] [INFO] [1791434695.214711347] [StateRL]: [ABS-POLICY-CMD] event=command_write clock=steady_clock_ns write_ns=16481568998939 write_id=625 source_session_id=16478219458311 source_policy_cycle_id=155 source_mode=0 action_source=1 transition_reason=0 recovery_episode_id=0 q_rad=[0.094341,1.053629,-1.506976,0.198264,0.943540,-1.422806,-0.061950,1.466047,-1.545978,-0.053610,1.154138,-1.747290]
[ros2_control_node-3] [INFO] [1791434695.216183742] [StateRL]: [ABS-POLICY-CMD] event=command_write clock=steady_clock_ns write_ns=16481570477108 write_id=626 source_session_id=16478219458311 source_policy_cycle_id=155 source_mode=0 action_source=1 transition_reason=0 recovery_episode_id=0 q_rad=[0.094341,1.053629,-1.506976,0.198264,0.943540,-1.422806,-0.061950,1.466047,-1.545978,-0.053610,1.154138,-1.747290]
[ros2_control_node-3] [INFO] [1791434695.217350101] [StateRL]: [ABS-POLICY-CMD] event=command_write clock=steady_clock_ns write_ns=16481571644372 write_id=627 source_session_id=16478219458311 source_policy_cycle_id=155 source_mode=0 action_source=1 transition_reason=0 recovery_episode_id=0 q_rad=[0.094341,1.053629,-1.506976,0.198264,0.943540,-1.422806,-0.061950,1.466047,-1.545978,-0.053610,1.154138,-1.747290]
[ros2_control_node-3] [INFO] [1791434695.233909615] [StateRL]: [ABS-POLICY-CMD] event=command_write clock=steady_clock_ns write_ns=16481588193679 write_id=628 source_session_id=16478219458311 source_policy_cycle_id=156 source_mode=0 action_source=1 transition_reason=0 recovery_episode_id=0 q_rad=[0.108519,1.225200,-1.680500,0.183164,0.826589,-1.465577,-0.092396,1.301764,-1.350327,-0.082401,1.165040,-1.503394]
[ros2_control_node-3] [INFO] [1791434695.235977088] [StateRL]: [ABS-POLICY-CMD] event=command_write clock=steady_clock_ns write_ns=16481590269490 write_id=629 source_session_id=16478219458311 source_policy_cycle_id=156 source_mode=0 action_source=1 transition_reason=0 recovery_episode_id=0 q_rad=[0.108519,1.225200,-1.680500,0.183164,0.826589,-1.465577,-0.092396,1.301764,-1.350327,-0.082401,1.165040,-1.503394]
[ros2_control_node-3] [INFO] [1791434695.237349865] [StateRL]: [ABS-POLICY-CMD] event=command_write clock=steady_clock_ns write_ns=16481591638653 write_id=630 source_session_id=16478219458311 source_policy_cycle_id=156 source_mode=0 action_source=1 transition_reason=0 recovery_episode_id=0 q_rad=[0.108519,1.225200,-1.680500,0.183164,0.826589,-1.465577,-0.092396,1.301764,-1.350327,-0.082401,1.165040,-1.503394]
[ros2_control_node-3] [INFO] [1791434695.238003203] [StateRL]: [ABS-POLICY-CMD] event=command_write clock=steady_clock_ns write_ns=16481592299071 write_id=631 source_session_id=16478219458311 source_policy_cycle_id=156 source_mode=0 action_source=1 transition_reason=0 recovery_episode_id=0 q_rad=[0.108519,1.225200,-1.680500,0.183164,0.826589,-1.465577,-0.092396,1.301764,-1.350327,-0.082401,1.165040,-1.503394]
[ros2_control_node-3] [INFO] [1791434695.259502411] [StateRL]: [ABS-POLICY-CMD] event=command_write clock=steady_clock_ns write_ns=16481613770444 write_id=632 source_session_id=16478219458311 source_policy_cycle_id=157 source_mode=0 action_source=1 transition_reason=0 recovery_episode_id=0 q_rad=[0.019209,1.232376,-1.679060,0.292006,0.964601,-1.312989,-0.218463,1.274602,-1.317077,-0.147104,1.126141,-1.294297]
[ros2_control_node-3] [INFO] [1791434695.261121993] [StateRL]: [ABS-POLICY-CMD] event=command_write clock=steady_clock_ns write_ns=16481615416173 write_id=633 source_session_id=16478219458311 source_policy_cycle_id=157 source_mode=0 action_source=1 transition_reason=0 recovery_episode_id=0 q_rad=[0.019209,1.232376,-1.679060,0.292006,0.964601,-1.312989,-0.218463,1.274602,-1.317077,-0.147104,1.126141,-1.294297]
[ros2_control_node-3] [INFO] [1791434695.262355704] [StateRL]: [ABS-POLICY-CMD] event=command_write clock=steady_clock_ns write_ns=16481616646383 write_id=634 source_session_id=16478219458311 source_policy_cycle_id=157 source_mode=0 action_source=1 transition_reason=0 recovery_episode_id=0 q_rad=[0.019209,1.232376,-1.679060,0.292006,0.964601,-1.312989,-0.218463,1.274602,-1.317077,-0.147104,1.126141,-1.294297]
[ros2_control_node-3] [INFO] [1791434695.263552896] [StateRL]: [ABS-POLICY-CMD] event=command_write clock=steady_clock_ns write_ns=16481617847684 write_id=635 source_session_id=16478219458311 source_policy_cycle_id=157 source_mode=0 action_source=1 transition_reason=0 recovery_episode_id=0 q_rad=[0.019209,1.232376,-1.679060,0.292006,0.964601,-1.312989,-0.218463,1.274602,-1.317077,-0.147104,1.126141,-1.294297]
[ros2_control_node-3] [INFO] [1791434695.276127006] [StateRL]: [ABS-POLICY-CMD] event=command_write clock=steady_clock_ns write_ns=16481630393661 write_id=636 source_session_id=16478219458311 source_policy_cycle_id=158 source_mode=0 action_source=1 transition_reason=0 recovery_episode_id=0 q_rad=[-0.007148,1.209780,-1.575205,0.413108,1.008879,-1.136763,-0.375636,1.235638,-1.290693,-0.203506,1.086960,-1.147927]
[ros2_control_node-3] [INFO] [1791434695.277742812] [StateRL]: [ABS-POLICY-CMD] event=command_write clock=steady_clock_ns write_ns=16481632034408 write_id=637 source_session_id=16478219458311 source_policy_cycle_id=158 source_mode=0 action_source=1 transition_reason=0 recovery_episode_id=0 q_rad=[-0.007148,1.209780,-1.575205,0.413108,1.008879,-1.136763,-0.375636,1.235638,-1.290693,-0.203506,1.086960,-1.147927]
[ros2_control_node-3] [INFO] [1791434695.278410760] [StateRL]: [ABS-POLICY-CMD] event=command_write clock=steady_clock_ns write_ns=16481632703063 write_id=638 source_session_id=16478219458311 source_policy_cycle_id=158 source_mode=0 action_source=1 transition_reason=0 recovery_episode_id=0 q_rad=[-0.007148,1.209780,-1.575205,0.413108,1.008879,-1.136763,-0.375636,1.235638,-1.290693,-0.203506,1.086960,-1.147927]
[ros2_control_node-3] [INFO] [1791434695.279737824] [StateRL]: [ABS-POLICY-CMD] event=command_write clock=steady_clock_ns write_ns=16481634031884 write_id=639 source_session_id=16478219458311 source_policy_cycle_id=158 source_mode=0 action_source=1 transition_reason=0 recovery_episode_id=0 q_rad=[-0.007148,1.209780,-1.575205,0.413108,1.008879,-1.136763,-0.375636,1.235638,-1.290693,-0.203506,1.086960,-1.147927]
[ros2_control_node-3] [INFO] [1791434695.293104115] [StateRL]: [ABS-POLICY-CMD] event=command_write clock=steady_clock_ns write_ns=16481647383083 write_id=640 source_session_id=16478219458311 source_policy_cycle_id=159 source_mode=0 action_source=1 transition_reason=0 recovery_episode_id=0 q_rad=[-0.022568,1.176091,-1.479447,0.342347,1.096081,-1.161053,-0.454050,1.207452,-1.478729,-0.123583,1.151417,-1.078442]
[ros2_control_node-3] [INFO] [1791434695.293987339] [StateRL]: [ABS-POLICY-CMD] event=command_write clock=steady_clock_ns write_ns=16481648279172 write_id=641 source_session_id=16478219458311 source_policy_cycle_id=159 source_mode=0 action_source=1 transition_reason=0 recovery_episode_id=0 q_rad=[-0.022568,1.176091,-1.479447,0.342347,1.096081,-1.161053,-0.454050,1.207452,-1.478729,-0.123583,1.151417,-1.078442]
[ros2_control_node-3] [INFO] [1791434695.294652588] [StateRL]: [ABS-POLICY-CMD] event=command_write clock=steady_clock_ns write_ns=16481648948151 write_id=642 source_session_id=16478219458311 source_policy_cycle_id=159 source_mode=0 action_source=1 transition_reason=0 recovery_episode_id=0 q_rad=[-0.022568,1.176091,-1.479447,0.342347,1.096081,-1.161053,-0.454050,1.207452,-1.478729,-0.123583,1.151417,-1.078442]
[ros2_control_node-3] [INFO] [1791434695.295275580] [StateRL]: [ABS-POLICY-CMD] event=command_write clock=steady_clock_ns write_ns=16481649572013 write_id=643 source_session_id=16478219458311 source_policy_cycle_id=159 source_mode=0 action_source=1 transition_reason=0 recovery_episode_id=0 q_rad=[-0.022568,1.176091,-1.479447,0.342347,1.096081,-1.161053,-0.454050,1.207452,-1.478729,-0.123583,1.151417,-1.078442]
[ros2_control_node-3] [INFO] [1791434695.313186338] [StateRL]: [ABS-POLICY-CMD] event=command_write clock=steady_clock_ns write_ns=16481667470963 write_id=644 source_session_id=16478219458311 source_policy_cycle_id=160 source_mode=0 action_source=1 transition_reason=0 recovery_episode_id=0 q_rad=[-0.049002,1.087306,-1.530625,0.201858,1.075429,-1.173758,-0.396125,1.045915,-1.668321,-0.014333,1.238136,-1.129156]
[ros2_control_node-3] [INFO] [1791434695.314899545] [StateRL]: [ABS-POLICY-CMD] event=command_write clock=steady_clock_ns write_ns=16481669187319 write_id=645 source_session_id=16478219458311 source_policy_cycle_id=160 source_mode=0 action_source=1 transition_reason=0 recovery_episode_id=0 q_rad=[-0.049002,1.087306,-1.530625,0.201858,1.075429,-1.173758,-0.396125,1.045915,-1.668321,-0.014333,1.238136,-1.129156]
[ros2_control_node-3] [INFO] [1791434695.316676767] [StateRL]: [ABS-POLICY-CMD] event=command_write clock=steady_clock_ns write_ns=16481670945499 write_id=646 source_session_id=16478219458311 source_policy_cycle_id=160 source_mode=0 action_source=1 transition_reason=0 recovery_episode_id=0 q_rad=[-0.049002,1.087306,-1.530625,0.201858,1.075429,-1.173758,-0.396125,1.045915,-1.668321,-0.014333,1.238136,-1.129156]
[ros2_control_node-3] [INFO] [1791434695.319169560] [StateRL]: [ABS-POLICY-CMD] event=command_write clock=steady_clock_ns write_ns=16481673451383 write_id=647 source_session_id=16478219458311 source_policy_cycle_id=160 source_mode=0 action_source=1 transition_reason=0 recovery_episode_id=0 q_rad=[-0.049002,1.087306,-1.530625,0.201858,1.075429,-1.173758,-0.396125,1.045915,-1.668321,-0.014333,1.238136,-1.129156]
[ros2_control_node-3] [INFO] [1791434695.319225073] [StateRL]: [ABS-LIVE-CMD] event=rl_command_write clock=steady_clock_ns timestamp_ns=16481673532015 sequence=925 controller_state=RL rl_active=1 finite=1 kp_zero=0 kd_zero=0 tau_zero=1 veto_reason= q=[-0.0490,1.0873,-1.5306,0.2019,1.0754,-1.1738,-0.3961,1.0459,-1.6683,-0.0143,1.2381,-1.1292] kp=[30.0000,30.0000,30.0000,30.0000,30.0000,30.0000,30.0000,30.0000,30.0000,30.0000,30.0000,30.0000] kd=[0.6500,0.6500,0.6500,0.6500,0.6500,0.6500,0.6500,0.6500,0.6500,0.6500,0.6500,0.6500] tau=[0.0000,0.0000,0.0000,0.0000,0.0000,0.0000,0.0000,0.0000,0.0000,0.0000,0.0000,0.0000]
[ros2_control_node-3] [INFO] [1791434695.330971813] [StateRL]: [ABS-POLICY-CMD] event=command_write clock=steady_clock_ns write_ns=16481685233010 write_id=648 source_session_id=16478219458311 source_policy_cycle_id=161 source_mode=0 action_source=1 transition_reason=0 recovery_episode_id=0 q_rad=[-0.127406,1.057870,-2.204330,0.179232,0.878546,-0.915592,-0.207933,0.952360,-2.019213,0.303758,1.291608,-1.251176]
[ros2_control_node-3] [INFO] [1791434695.333148581] [StateRL]: [ABS-POLICY-CMD] event=command_write clock=steady_clock_ns write_ns=16481687434981 write_id=649 source_session_id=16478219458311 source_policy_cycle_id=161 source_mode=0 action_source=1 transition_reason=0 recovery_episode_id=0 q_rad=[-0.127406,1.057870,-2.204330,0.179232,0.878546,-0.915592,-0.207933,0.952360,-2.019213,0.303758,1.291608,-1.251176]
[ros2_control_node-3] [INFO] [1791434695.333958544] [StateRL]: [ABS-POLICY-CMD] event=command_write clock=steady_clock_ns write_ns=16481688249274 write_id=650 source_session_id=16478219458311 source_policy_cycle_id=161 source_mode=0 action_source=1 transition_reason=0 recovery_episode_id=0 q_rad=[-0.127406,1.057870,-2.204330,0.179232,0.878546,-0.915592,-0.207933,0.952360,-2.019213,0.303758,1.291608,-1.251176]
[ros2_control_node-3] [INFO] [1791434695.334545424] [StateRL]: [ABS-POLICY-CMD] event=command_write clock=steady_clock_ns write_ns=16481688842534 write_id=651 source_session_id=16478219458311 source_policy_cycle_id=161 source_mode=0 action_source=1 transition_reason=0 recovery_episode_id=0 q_rad=[-0.127406,1.057870,-2.204330,0.179232,0.878546,-0.915592,-0.207933,0.952360,-2.019213,0.303758,1.291608,-1.251176]
[ros2_control_node-3] [INFO] [1791434695.354590954] [StateRL]: [ABS-POLICY-CMD] event=command_write clock=steady_clock_ns write_ns=16481708874363 write_id=652 source_session_id=16478219458311 source_policy_cycle_id=162 source_mode=0 action_source=1 transition_reason=0 recovery_episode_id=0 q_rad=[-0.391959,1.350173,-2.500000,0.065889,0.571476,-0.837760,-0.118781,0.710217,-2.192366,0.581191,1.257340,-1.300384]
[ros2_control_node-3] [INFO] [1791434695.356593492] [StateRL]: [ABS-POLICY-CMD] event=command_write clock=steady_clock_ns write_ns=16481710882132 write_id=653 source_session_id=16478219458311 source_policy_cycle_id=162 source_mode=0 action_source=1 transition_reason=0 recovery_episode_id=0 q_rad=[-0.391959,1.350173,-2.500000,0.065889,0.571476,-0.837760,-0.118781,0.710217,-2.192366,0.581191,1.257340,-1.300384]
[ros2_control_node-3] [INFO] [1791434695.357222812] [StateRL]: [ABS-POLICY-CMD] event=command_write clock=steady_clock_ns write_ns=16481711516910 write_id=654 source_session_id=16478219458311 source_policy_cycle_id=162 source_mode=0 action_source=1 transition_reason=0 recovery_episode_id=0 q_rad=[-0.391959,1.350173,-2.500000,0.065889,0.571476,-0.837760,-0.118781,0.710217,-2.192366,0.581191,1.257340,-1.300384]
[ros2_control_node-3] [INFO] [1791434695.358068828] [StateRL]: [ABS-POLICY-CMD] event=command_write clock=steady_clock_ns write_ns=16481712351829 write_id=655 source_session_id=16478219458311 source_policy_cycle_id=162 source_mode=0 action_source=1 transition_reason=0 recovery_episode_id=0 q_rad=[-0.391959,1.350173,-2.500000,0.065889,0.571476,-0.837760,-0.118781,0.710217,-2.192366,0.581191,1.257340,-1.300384]
[ros2_control_node-3] [INFO] [1791434695.371523673] [StateRL]: [ABS-POLICY-CMD] event=command_write clock=steady_clock_ns write_ns=16481725806644 write_id=656 source_session_id=16478219458311 source_policy_cycle_id=163 source_mode=0 action_source=1 transition_reason=0 recovery_episode_id=0 q_rad=[-0.057546,0.653815,-2.500000,0.273612,0.471273,-0.837760,0.178751,0.746378,-1.684636,0.548770,1.050932,-1.598090]
[ros2_control_node-3] [INFO] [1791434695.373371302] [StateRL]: [ABS-POLICY-CMD] event=command_write clock=steady_clock_ns write_ns=16481727647532 write_id=657 source_session_id=16478219458311 source_policy_cycle_id=163 source_mode=0 action_source=1 transition_reason=0 recovery_episode_id=0 q_rad=[-0.057546,0.653815,-2.500000,0.273612,0.471273,-0.837760,0.178751,0.746378,-1.684636,0.548770,1.050932,-1.598090]
[ros2_control_node-3] [INFO] [1791434695.375564079] [StateRL]: [ABS-POLICY-CMD] event=command_write clock=steady_clock_ns write_ns=16481729848703 write_id=658 source_session_id=16478219458311 source_policy_cycle_id=163 source_mode=0 action_source=1 transition_reason=0 recovery_episode_id=0 q_rad=[-0.057546,0.653815,-2.500000,0.273612,0.471273,-0.837760,0.178751,0.746378,-1.684636,0.548770,1.050932,-1.598090]
[ros2_control_node-3] [INFO] [1791434695.376255380] [StateRL]: [ABS-POLICY-CMD] event=command_write clock=steady_clock_ns write_ns=16481730548360 write_id=659 source_session_id=16478219458311 source_policy_cycle_id=163 source_mode=0 action_source=1 transition_reason=0 recovery_episode_id=0 q_rad=[-0.057546,0.653815,-2.500000,0.273612,0.471273,-0.837760,0.178751,0.746378,-1.684636,0.548770,1.050932,-1.598090]
[ros2_control_node-3] [INFO] [1791434695.390112962] [StateRL]: [ABS-POLICY-CMD] event=command_write clock=steady_clock_ns write_ns=16481744396020 write_id=660 source_session_id=16478219458311 source_policy_cycle_id=164 source_mode=0 action_source=1 transition_reason=0 recovery_episode_id=0 q_rad=[0.257315,0.574175,-2.058652,0.433578,0.610080,-0.837760,0.255091,1.181628,-1.350314,0.509005,0.590670,-1.760089]
[ros2_control_node-3] [INFO] [1791434695.392408898] [StateRL]: [ABS-POLICY-CMD] event=command_write clock=steady_clock_ns write_ns=16481746691911 write_id=661 source_session_id=16478219458311 source_policy_cycle_id=164 source_mode=0 action_source=1 transition_reason=0 recovery_episode_id=0 q_rad=[0.257315,0.574175,-2.058652,0.433578,0.610080,-0.837760,0.255091,1.181628,-1.350314,0.509005,0.590670,-1.760089]
[ros2_control_node-3] [INFO] [1791434695.394145254] [StateRL]: [ABS-POLICY-CMD] event=command_write clock=steady_clock_ns write_ns=16481748438642 write_id=662 source_session_id=16478219458311 source_policy_cycle_id=164 source_mode=0 action_source=1 transition_reason=0 recovery_episode_id=0 q_rad=[0.257315,0.574175,-2.058652,0.433578,0.610080,-0.837760,0.255091,1.181628,-1.350314,0.509005,0.590670,-1.760089]
[ros2_control_node-3] [INFO] [1791434695.395530988] [StateRL]: [ABS-POLICY-CMD] event=command_write clock=steady_clock_ns write_ns=16481749823701 write_id=663 source_session_id=16478219458311 source_policy_cycle_id=164 source_mode=0 action_source=1 transition_reason=0 recovery_episode_id=0 q_rad=[0.257315,0.574175,-2.058652,0.433578,0.610080,-0.837760,0.255091,1.181628,-1.350314,0.509005,0.590670,-1.760089]
[ros2_control_node-3] [INFO] [1791434695.410236051] [StateRL]: [ABS-POLICY-CMD] event=command_write clock=steady_clock_ns write_ns=16481764519231 write_id=664 source_session_id=16478219458311 source_policy_cycle_id=165 source_mode=0 action_source=1 transition_reason=0 recovery_episode_id=0 q_rad=[0.223047,0.644538,-1.444098,0.630491,0.928770,-1.045551,-0.050061,0.963966,-1.283379,0.267542,0.655915,-1.699694]
[ros2_control_node-3] [INFO] [1791434695.411875676] [StateRL]: [ABS-POLICY-CMD] event=command_write clock=steady_clock_ns write_ns=16481766162528 write_id=665 source_session_id=16478219458311 source_policy_cycle_id=165 source_mode=0 action_source=1 transition_reason=0 recovery_episode_id=0 q_rad=[0.223047,0.644538,-1.444098,0.630491,0.928770,-1.045551,-0.050061,0.963966,-1.283379,0.267542,0.655915,-1.699694]
[ros2_control_node-3] [INFO] [1791434695.413836739] [StateRL]: [ABS-POLICY-CMD] event=command_write clock=steady_clock_ns write_ns=16481768111529 write_id=666 source_session_id=16478219458311 source_policy_cycle_id=165 source_mode=0 action_source=1 transition_reason=0 recovery_episode_id=0 q_rad=[0.223047,0.644538,-1.444098,0.630491,0.928770,-1.045551,-0.050061,0.963966,-1.283379,0.267542,0.655915,-1.699694]
[ros2_control_node-3] [INFO] [1791434695.416206766] [StateRL]: [ABS-POLICY-CMD] event=command_write clock=steady_clock_ns write_ns=16481770492802 write_id=667 source_session_id=16478219458311 source_policy_cycle_id=165 source_mode=0 action_source=1 transition_reason=0 recovery_episode_id=0 q_rad=[0.223047,0.644538,-1.444098,0.630491,0.928770,-1.045551,-0.050061,0.963966,-1.283379,0.267542,0.655915,-1.699694]
[ros2_control_node-3] [INFO] [1791434695.433760585] [StateRL]: [ABS-POLICY-CMD] event=command_write clock=steady_clock_ns write_ns=16481788030957 write_id=668 source_session_id=16478219458311 source_policy_cycle_id=166 source_mode=0 action_source=1 transition_reason=0 recovery_episode_id=0 q_rad=[0.119287,0.702422,-1.365929,0.857736,0.924970,-1.357553,-0.121772,1.016966,-1.354132,0.232888,0.560209,-1.784903]
[ros2_control_node-3] [INFO] [1791434695.436933604] [StateRL]: [ABS-POLICY-CMD] event=command_write clock=steady_clock_ns write_ns=16481791214852 write_id=669 source_session_id=16478219458311 source_policy_cycle_id=166 source_mode=0 action_source=1 transition_reason=0 recovery_episode_id=0 q_rad=[0.119287,0.702422,-1.365929,0.857736,0.924970,-1.357553,-0.121772,1.016966,-1.354132,0.232888,0.560209,-1.784903]
[ros2_control_node-3] [INFO] [1791434695.438879737] [StateRL]: [ABS-POLICY-CMD] event=command_write clock=steady_clock_ns write_ns=16481793169490 write_id=670 source_session_id=16478219458311 source_policy_cycle_id=166 source_mode=0 action_source=1 transition_reason=0 recovery_episode_id=0 q_rad=[0.119287,0.702422,-1.365929,0.857736,0.924970,-1.357553,-0.121772,1.016966,-1.354132,0.232888,0.560209,-1.784903]
[ros2_control_node-3] [INFO] [1791434695.440359824] [StateRL]: [ABS-POLICY-CMD] event=command_write clock=steady_clock_ns write_ns=16481794647829 write_id=671 source_session_id=16478219458311 source_policy_cycle_id=166 source_mode=0 action_source=1 transition_reason=0 recovery_episode_id=0 q_rad=[0.119287,0.702422,-1.365929,0.857736,0.924970,-1.357553,-0.121772,1.016966,-1.354132,0.232888,0.560209,-1.784903]
[ros2_control_node-3] [INFO] [1791434695.463687827] [StateRL]: [ABS-POLICY-CMD] event=command_write clock=steady_clock_ns write_ns=16481817959007 write_id=672 source_session_id=16478219458311 source_policy_cycle_id=167 source_mode=0 action_source=1 transition_reason=0 recovery_episode_id=0 q_rad=[0.171859,0.984357,-1.337644,0.740721,0.656081,-1.614964,-0.047673,1.159164,-1.339255,0.125181,0.676930,-1.801534]
[ros2_control_node-3] [INFO] [1791434695.463763375] [StateRL]: [ABS-LIVE-CMD] event=rl_command_write clock=steady_clock_ns timestamp_ns=16481818070276 sequence=950 controller_state=RL rl_active=1 finite=1 kp_zero=0 kd_zero=0 tau_zero=1 veto_reason= q=[0.1719,0.9844,-1.3376,0.7407,0.6561,-1.6150,-0.0477,1.1592,-1.3393,0.1252,0.6769,-1.8015] kp=[30.0000,30.0000,30.0000,30.0000,30.0000,30.0000,30.0000,30.0000,30.0000,30.0000,30.0000,30.0000] kd=[0.6500,0.6500,0.6500,0.6500,0.6500,0.6500,0.6500,0.6500,0.6500,0.6500,0.6500,0.6500] tau=[0.0000,0.0000,0.0000,0.0000,0.0000,0.0000,0.0000,0.0000,0.0000,0.0000,0.0000,0.0000]
[ros2_control_node-3] [INFO] [1791434695.466001423] [StateRL]: [ABS-POLICY-CMD] event=command_write clock=steady_clock_ns write_ns=16481820293011 write_id=673 source_session_id=16478219458311 source_policy_cycle_id=167 source_mode=0 action_source=1 transition_reason=0 recovery_episode_id=0 q_rad=[0.171859,0.984357,-1.337644,0.740721,0.656081,-1.614964,-0.047673,1.159164,-1.339255,0.125181,0.676930,-1.801534]
[ros2_control_node-3] [INFO] [1791434695.467710472] [StateRL]: [ABS-POLICY-CMD] event=command_write clock=steady_clock_ns write_ns=16481821982639 write_id=674 source_session_id=16478219458311 source_policy_cycle_id=167 source_mode=0 action_source=1 transition_reason=0 recovery_episode_id=0 q_rad=[0.171859,0.984357,-1.337644,0.740721,0.656081,-1.614964,-0.047673,1.159164,-1.339255,0.125181,0.676930,-1.801534]
[ros2_control_node-3] [INFO] [1791434695.470487349] [StateRL]: [ABS-POLICY-CMD] event=command_write clock=steady_clock_ns write_ns=16481824770241 write_id=675 source_session_id=16478219458311 source_policy_cycle_id=167 source_mode=0 action_source=1 transition_reason=0 recovery_episode_id=0 q_rad=[0.171859,0.984357,-1.337644,0.740721,0.656081,-1.614964,-0.047673,1.159164,-1.339255,0.125181,0.676930,-1.801534]
[ros2_control_node-3] [INFO] [1791434695.488361315] [StateRL]: [ABS-POLICY-CMD] event=command_write clock=steady_clock_ns write_ns=16481842644360 write_id=676 source_session_id=16478219458311 source_policy_cycle_id=168 source_mode=0 action_source=1 transition_reason=0 recovery_episode_id=0 q_rad=[-0.001316,1.202608,-1.411733,0.618061,0.589091,-1.705359,0.098562,1.231333,-1.228328,0.060693,0.842103,-1.782457]
[ros2_control_node-3] [INFO] [1791434695.490962800] [StateRL]: [ABS-POLICY-CMD] event=command_write clock=steady_clock_ns write_ns=16481845233066 write_id=677 source_session_id=16478219458311 source_policy_cycle_id=168 source_mode=0 action_source=1 transition_reason=0 recovery_episode_id=0 q_rad=[-0.001316,1.202608,-1.411733,0.618061,0.589091,-1.705359,0.098562,1.231333,-1.228328,0.060693,0.842103,-1.782457]
[ros2_control_node-3] [INFO] [1791434695.492402628] [StateRL]: [ABS-POLICY-CMD] event=command_write clock=steady_clock_ns write_ns=16481846695341 write_id=678 source_session_id=16478219458311 source_policy_cycle_id=168 source_mode=0 action_source=1 transition_reason=0 recovery_episode_id=0 q_rad=[-0.001316,1.202608,-1.411733,0.618061,0.589091,-1.705359,0.098562,1.231333,-1.228328,0.060693,0.842103,-1.782457]
[ros2_control_node-3] [INFO] [1791434695.494112018] [StateRL]: [ABS-POLICY-CMD] event=command_write clock=steady_clock_ns write_ns=16481848405197 write_id=679 source_session_id=16478219458311 source_policy_cycle_id=168 source_mode=0 action_source=1 transition_reason=0 recovery_episode_id=0 q_rad=[-0.001316,1.202608,-1.411733,0.618061,0.589091,-1.705359,0.098562,1.231333,-1.228328,0.060693,0.842103,-1.782457]
[ros2_control_node-3] [INFO] [1791434695.508629096] [StateRL]: [ABS-POLICY-CMD] event=command_write clock=steady_clock_ns write_ns=16481862912450 write_id=680 source_session_id=16478219458311 source_policy_cycle_id=169 source_mode=0 action_source=1 transition_reason=0 recovery_episode_id=0 q_rad=[-0.073529,1.347915,-1.557158,0.536595,0.592477,-1.779869,0.200880,1.284038,-1.193896,-0.015256,0.931433,-1.822071]
[ros2_control_node-3] [INFO] [1791434695.510612151] [StateRL]: [ABS-POLICY-CMD] event=command_write clock=steady_clock_ns write_ns=16481864904122 write_id=681 source_session_id=16478219458311 source_policy_cycle_id=169 source_mode=0 action_source=1 transition_reason=0 recovery_episode_id=0 q_rad=[-0.073529,1.347915,-1.557158,0.536595,0.592477,-1.779869,0.200880,1.284038,-1.193896,-0.015256,0.931433,-1.822071]
[ros2_control_node-3] [INFO] [1791434695.512221759] [StateRL]: [ABS-POLICY-CMD] event=command_write clock=steady_clock_ns write_ns=16481866511041 write_id=682 source_session_id=16478219458311 source_policy_cycle_id=169 source_mode=0 action_source=1 transition_reason=0 recovery_episode_id=0 q_rad=[-0.073529,1.347915,-1.557158,0.536595,0.592477,-1.779869,0.200880,1.284038,-1.193896,-0.015256,0.931433,-1.822071]
[ros2_control_node-3] [INFO] [1791434695.513792335] [StateRL]: [ABS-POLICY-CMD] event=command_write clock=steady_clock_ns write_ns=16481868082095 write_id=683 source_session_id=16478219458311 source_policy_cycle_id=169 source_mode=0 action_source=1 transition_reason=0 recovery_episode_id=0 q_rad=[-0.073529,1.347915,-1.557158,0.536595,0.592477,-1.779869,0.200880,1.284038,-1.193896,-0.015256,0.931433,-1.822071]
[ros2_control_node-3] [INFO] [1791434695.533152107] [StateRL]: [ABS-POLICY-CMD] event=command_write clock=steady_clock_ns write_ns=16481887436240 write_id=684 source_session_id=16478219458311 source_policy_cycle_id=170 source_mode=0 action_source=1 transition_reason=0 recovery_episode_id=0 q_rad=[-0.025199,1.401017,-1.697863,0.422877,0.686320,-1.869848,0.222675,1.328356,-1.264489,-0.052926,0.977525,-1.727695]
[ros2_control_node-3] [INFO] [1791434695.536225583] [StateRL]: [ABS-POLICY-CMD] event=command_write clock=steady_clock_ns write_ns=16481890517687 write_id=685 source_session_id=16478219458311 source_policy_cycle_id=170 source_mode=0 action_source=1 transition_reason=0 recovery_episode_id=0 q_rad=[-0.025199,1.401017,-1.697863,0.422877,0.686320,-1.869848,0.222675,1.328356,-1.264489,-0.052926,0.977525,-1.727695]
[ros2_control_node-3] [INFO] [1791434695.538068813] [StateRL]: [ABS-POLICY-CMD] event=command_write clock=steady_clock_ns write_ns=16481892363695 write_id=686 source_session_id=16478219458311 source_policy_cycle_id=170 source_mode=0 action_source=1 transition_reason=0 recovery_episode_id=0 q_rad=[-0.025199,1.401017,-1.697863,0.422877,0.686320,-1.869848,0.222675,1.328356,-1.264489,-0.052926,0.977525,-1.727695]
[ros2_control_node-3] [INFO] [1791434695.539560075] [StateRL]: [ABS-POLICY-CMD] event=command_write clock=steady_clock_ns write_ns=16481893853329 write_id=687 source_session_id=16478219458311 source_policy_cycle_id=170 source_mode=0 action_source=1 transition_reason=0 recovery_episode_id=0 q_rad=[-0.025199,1.401017,-1.697863,0.422877,0.686320,-1.869848,0.222675,1.328356,-1.264489,-0.052926,0.977525,-1.727695]
[ros2_control_node-3] [INFO] [1791434695.562587972] [StateRL]: [ABS-POLICY-CMD] event=command_write clock=steady_clock_ns write_ns=16481916872599 write_id=688 source_session_id=16478219458311 source_policy_cycle_id=171 source_mode=0 action_source=1 transition_reason=0 recovery_episode_id=0 q_rad=[0.116545,1.262252,-1.733533,0.115875,0.713032,-1.929389,0.183487,1.352190,-1.349018,-0.064330,1.131577,-1.548558]
[ros2_control_node-3] [INFO] [1791434695.564418388] [StateRL]: [ABS-POLICY-CMD] event=command_write clock=steady_clock_ns write_ns=16481918711573 write_id=689 source_session_id=16478219458311 source_policy_cycle_id=171 source_mode=0 action_source=1 transition_reason=0 recovery_episode_id=0 q_rad=[0.116545,1.262252,-1.733533,0.115875,0.713032,-1.929389,0.183487,1.352190,-1.349018,-0.064330,1.131577,-1.548558]
[ros2_control_node-3] [INFO] [1791434695.566352749] [StateRL]: [ABS-POLICY-CMD] event=command_write clock=steady_clock_ns write_ns=16481920603303 write_id=690 source_session_id=16478219458311 source_policy_cycle_id=171 source_mode=0 action_source=1 transition_reason=0 recovery_episode_id=0 q_rad=[0.116545,1.262252,-1.733533,0.115875,0.713032,-1.929389,0.183487,1.352190,-1.349018,-0.064330,1.131577,-1.548558]
[ros2_control_node-3] [INFO] [1791434695.567841705] [StateRL]: [ABS-POLICY-CMD] event=command_write clock=steady_clock_ns write_ns=16481922121756 write_id=691 source_session_id=16478219458311 source_policy_cycle_id=171 source_mode=0 action_source=1 transition_reason=0 recovery_episode_id=0 q_rad=[0.116545,1.262252,-1.733533,0.115875,0.713032,-1.929389,0.183487,1.352190,-1.349018,-0.064330,1.131577,-1.548558]
[ros2_control_node-3] [INFO] [1791434695.586799992] [StateRL]: [ABS-POLICY-CMD] event=command_write clock=steady_clock_ns write_ns=16481941068848 write_id=692 source_session_id=16478219458311 source_policy_cycle_id=172 source_mode=0 action_source=1 transition_reason=0 recovery_episode_id=0 q_rad=[0.225110,1.085942,-1.380533,-0.076498,0.569289,-1.749883,0.055848,1.373521,-1.360021,-0.026947,1.136741,-1.348226]
[ros2_control_node-3] [INFO] [1791434695.588862474] [StateRL]: [ABS-POLICY-CMD] event=command_write clock=steady_clock_ns write_ns=16481943150933 write_id=693 source_session_id=16478219458311 source_policy_cycle_id=172 source_mode=0 action_source=1 transition_reason=0 recovery_episode_id=0 q_rad=[0.225110,1.085942,-1.380533,-0.076498,0.569289,-1.749883,0.055848,1.373521,-1.360021,-0.026947,1.136741,-1.348226]
[ros2_control_node-3] [INFO] [1791434695.591393107] [StateRL]: [ABS-POLICY-CMD] event=command_write clock=steady_clock_ns write_ns=16481945678079 write_id=694 source_session_id=16478219458311 source_policy_cycle_id=172 source_mode=0 action_source=1 transition_reason=0 recovery_episode_id=0 q_rad=[0.225110,1.085942,-1.380533,-0.076498,0.569289,-1.749883,0.055848,1.373521,-1.360021,-0.026947,1.136741,-1.348226]
[ros2_control_node-3] [INFO] [1791434695.592891007] [StateRL]: [ABS-POLICY-CMD] event=command_write clock=steady_clock_ns write_ns=16481947176234 write_id=695 source_session_id=16478219458311 source_policy_cycle_id=172 source_mode=0 action_source=1 transition_reason=0 recovery_episode_id=0 q_rad=[0.225110,1.085942,-1.380533,-0.076498,0.569289,-1.749883,0.055848,1.373521,-1.360021,-0.026947,1.136741,-1.348226]
[ros2_control_node-3] [INFO] [1791434695.614553108] [StateRL]: [ABS-POLICY-CMD] event=command_write clock=steady_clock_ns write_ns=16481968836903 write_id=696 source_session_id=16478219458311 source_policy_cycle_id=173 source_mode=0 action_source=1 transition_reason=0 recovery_episode_id=0 q_rad=[0.123616,1.016466,-1.074059,0.024873,0.737666,-1.400106,-0.267498,1.459369,-1.437542,-0.018659,1.100746,-1.169297]
[ros2_control_node-3] [INFO] [1791434695.618292936] [StateRL]: [ABS-POLICY-CMD] event=command_write clock=steady_clock_ns write_ns=16481972580749 write_id=697 source_session_id=16478219458311 source_policy_cycle_id=173 source_mode=0 action_source=1 transition_reason=0 recovery_episode_id=0 q_rad=[0.123616,1.016466,-1.074059,0.024873,0.737666,-1.400106,-0.267498,1.459369,-1.437542,-0.018659,1.100746,-1.169297]
[ros2_control_node-3] [INFO] [1791434695.618356501] [StateRL]: [ABS-LIVE-CMD] event=rl_command_write clock=steady_clock_ns timestamp_ns=16481972663496 sequence=975 controller_state=RL rl_active=1 finite=1 kp_zero=0 kd_zero=0 tau_zero=1 veto_reason= q=[0.1236,1.0165,-1.0741,0.0249,0.7377,-1.4001,-0.2675,1.4594,-1.4375,-0.0187,1.1007,-1.1693] kp=[30.0000,30.0000,30.0000,30.0000,30.0000,30.0000,30.0000,30.0000,30.0000,30.0000,30.0000,30.0000] kd=[0.6500,0.6500,0.6500,0.6500,0.6500,0.6500,0.6500,0.6500,0.6500,0.6500,0.6500,0.6500] tau=[0.0000,0.0000,0.0000,0.0000,0.0000,0.0000,0.0000,0.0000,0.0000,0.0000,0.0000,0.0000]
[ros2_control_node-3] [INFO] [1791434695.620168678] [StateRL]: [ABS-POLICY-CMD] event=command_write clock=steady_clock_ns write_ns=16481974451223 write_id=698 source_session_id=16478219458311 source_policy_cycle_id=173 source_mode=0 action_source=1 transition_reason=0 recovery_episode_id=0 q_rad=[0.123616,1.016466,-1.074059,0.024873,0.737666,-1.400106,-0.267498,1.459369,-1.437542,-0.018659,1.100746,-1.169297]
[ros2_control_node-3] [INFO] [1791434695.622561521] [StateRL]: [ABS-POLICY-CMD] event=command_write clock=steady_clock_ns write_ns=16481976848786 write_id=699 source_session_id=16478219458311 source_policy_cycle_id=173 source_mode=0 action_source=1 transition_reason=0 recovery_episode_id=0 q_rad=[0.123616,1.016466,-1.074059,0.024873,0.737666,-1.400106,-0.267498,1.459369,-1.437542,-0.018659,1.100746,-1.169297]
[ros2_control_node-3] [INFO] [1791434695.649787758] [StateRL]: [ABS-POLICY-CMD] event=command_write clock=steady_clock_ns write_ns=16482004050467 write_id=700 source_session_id=16478219458311 source_policy_cycle_id=174 source_mode=0 action_source=1 transition_reason=0 recovery_episode_id=0 q_rad=[0.025552,0.932936,-0.976357,0.024536,0.814746,-1.166821,-0.491690,1.446323,-1.516992,0.106576,1.075489,-1.005043]
[ros2_control_node-3] [INFO] [1791434695.654684875] [StateRL]: [ABS-POLICY-CMD] event=command_write clock=steady_clock_ns write_ns=16482008975071 write_id=701 source_session_id=16478219458311 source_policy_cycle_id=174 source_mode=0 action_source=1 transition_reason=0 recovery_episode_id=0 q_rad=[0.025552,0.932936,-0.976357,0.024536,0.814746,-1.166821,-0.491690,1.446323,-1.516992,0.106576,1.075489,-1.005043]
[ros2_control_node-3] [INFO] [1791434695.655359940] [StateRL]: [ABS-POLICY-CMD] event=command_write clock=steady_clock_ns write_ns=16482009651668 write_id=702 source_session_id=16478219458311 source_policy_cycle_id=174 source_mode=0 action_source=1 transition_reason=0 recovery_episode_id=0 q_rad=[0.025552,0.932936,-0.976357,0.024536,0.814746,-1.166821,-0.491690,1.446323,-1.516992,0.106576,1.075489,-1.005043]
[ros2_control_node-3] [INFO] [1791434695.657456998] [StateRL]: [ABS-POLICY-CMD] event=command_write clock=steady_clock_ns write_ns=16482011745538 write_id=703 source_session_id=16478219458311 source_policy_cycle_id=174 source_mode=0 action_source=1 transition_reason=0 recovery_episode_id=0 q_rad=[0.025552,0.932936,-0.976357,0.024536,0.814746,-1.166821,-0.491690,1.446323,-1.516992,0.106576,1.075489,-1.005043]
[ros2_control_node-3] [INFO] [1791434695.673993924] [StateRL]: [EVAL] step=175 t=3.500 robot=(3.110,-0.197) yaw=-0.046 goal=(7.000,0.000) dist=3.895 body=(3.877,0.869) heading=0.511 arrived=0 ra=-0.49013 entry=-0.05000 recovery=0 hold=0 twist=(0.968,0.300,-0.761) min_ray_log=0.319 max_ray_log=2.585 min_ray_m=1.247 lin_vel=(1.018,0.033,0.393) ang_vel=(0.133,0.340,-0.484) action_range=(-1.559,1.958) contact=(1,1,1,1)
[ros2_control_node-3] [INFO] [1791434695.675584697] [StateRL]: [ABS-POLICY-CMD] event=command_write clock=steady_clock_ns write_ns=16482029874085 write_id=704 source_session_id=16478219458311 source_policy_cycle_id=175 source_mode=0 action_source=1 transition_reason=0 recovery_episode_id=0 q_rad=[-0.156483,1.225876,-1.702969,-0.117337,0.899273,-1.139792,-0.389648,1.221089,-1.787982,0.206822,1.112505,-1.010425]
[ros2_control_node-3] [INFO] [1791434695.677299281] [StateRL]: [ABS-POLICY-CMD] event=command_write clock=steady_clock_ns write_ns=16482031583929 write_id=705 source_session_id=16478219458311 source_policy_cycle_id=175 source_mode=0 action_source=1 transition_reason=0 recovery_episode_id=0 q_rad=[-0.156483,1.225876,-1.702969,-0.117337,0.899273,-1.139792,-0.389648,1.221089,-1.787982,0.206822,1.112505,-1.010425]
[ros2_control_node-3] [INFO] [1791434695.678896380] [StateRL]: [ABS-POLICY-CMD] event=command_write clock=steady_clock_ns write_ns=16482033189012 write_id=706 source_session_id=16478219458311 source_policy_cycle_id=175 source_mode=0 action_source=1 transition_reason=0 recovery_episode_id=0 q_rad=[-0.156483,1.225876,-1.702969,-0.117337,0.899273,-1.139792,-0.389648,1.221089,-1.787982,0.206822,1.112505,-1.010425]
[ros2_control_node-3] [INFO] [1791434695.680496777] [StateRL]: [ABS-POLICY-CMD] event=command_write clock=steady_clock_ns write_ns=16482034785982 write_id=707 source_session_id=16478219458311 source_policy_cycle_id=175 source_mode=0 action_source=1 transition_reason=0 recovery_episode_id=0 q_rad=[-0.156483,1.225876,-1.702969,-0.117337,0.899273,-1.139792,-0.389648,1.221089,-1.787982,0.206822,1.112505,-1.010425]
[ros2_control_node-3] [INFO] [1791434695.697687929] [StateRL]: [ABS-POLICY-CMD] event=command_write clock=steady_clock_ns write_ns=16482051969318 write_id=708 source_session_id=16478219458311 source_policy_cycle_id=176 source_mode=0 action_source=1 transition_reason=0 recovery_episode_id=0 q_rad=[-0.469842,1.479774,-1.929027,-0.184866,0.836798,-1.301988,-0.420163,0.871520,-1.834990,0.161352,1.092221,-0.910739]
[ros2_control_node-3] [INFO] [1791434695.699796275] [StateRL]: [ABS-POLICY-CMD] event=command_write clock=steady_clock_ns write_ns=16482054076617 write_id=709 source_session_id=16478219458311 source_policy_cycle_id=176 source_mode=0 action_source=1 transition_reason=0 recovery_episode_id=0 q_rad=[-0.469842,1.479774,-1.929027,-0.184866,0.836798,-1.301988,-0.420163,0.871520,-1.834990,0.161352,1.092221,-0.910739]
[ros2_control_node-3] [INFO] [1791434695.701519002] [StateRL]: [ABS-POLICY-CMD] event=command_write clock=steady_clock_ns write_ns=16482055811340 write_id=710 source_session_id=16478219458311 source_policy_cycle_id=176 source_mode=0 action_source=1 transition_reason=0 recovery_episode_id=0 q_rad=[-0.469842,1.479774,-1.929027,-0.184866,0.836798,-1.301988,-0.420163,0.871520,-1.834990,0.161352,1.092221,-0.910739]
[ros2_control_node-3] [INFO] [1791434695.703292556] [StateRL]: [ABS-POLICY-CMD] event=command_write clock=steady_clock_ns write_ns=16482057584260 write_id=711 source_session_id=16478219458311 source_policy_cycle_id=176 source_mode=0 action_source=1 transition_reason=0 recovery_episode_id=0 q_rad=[-0.469842,1.479774,-1.929027,-0.184866,0.836798,-1.301988,-0.420163,0.871520,-1.834990,0.161352,1.092221,-0.910739]
[ros2_control_node-3] [INFO] [1791434695.720944736] [StateRL]: [ABS-POLICY-CMD] event=command_write clock=steady_clock_ns write_ns=16482075228744 write_id=712 source_session_id=16478219458311 source_policy_cycle_id=177 source_mode=0 action_source=1 transition_reason=0 recovery_episode_id=0 q_rad=[-0.476705,0.911731,-1.864426,-0.287398,0.788613,-1.127754,-0.346498,0.816622,-1.694258,0.056034,0.919865,-0.995517]
[ros2_control_node-3] [INFO] [1791434695.721648496] [StateRL]: [ABS-POLICY-CMD] event=command_write clock=steady_clock_ns write_ns=16482075942488 write_id=713 source_session_id=16478219458311 source_policy_cycle_id=177 source_mode=0 action_source=1 transition_reason=0 recovery_episode_id=0 q_rad=[-0.476705,0.911731,-1.864426,-0.287398,0.788613,-1.127754,-0.346498,0.816622,-1.694258,0.056034,0.919865,-0.995517]
[ros2_control_node-3] [INFO] [1791434695.722268811] [StateRL]: [ABS-POLICY-CMD] event=command_write clock=steady_clock_ns write_ns=16482076562305 write_id=714 source_session_id=16478219458311 source_policy_cycle_id=177 source_mode=0 action_source=1 transition_reason=0 recovery_episode_id=0 q_rad=[-0.476705,0.911731,-1.864426,-0.287398,0.788613,-1.127754,-0.346498,0.816622,-1.694258,0.056034,0.919865,-0.995517]
[ros2_control_node-3] [INFO] [1791434695.722863067] [StateRL]: [ABS-POLICY-CMD] event=command_write clock=steady_clock_ns write_ns=16482077157868 write_id=715 source_session_id=16478219458311 source_policy_cycle_id=177 source_mode=0 action_source=1 transition_reason=0 recovery_episode_id=0 q_rad=[-0.476705,0.911731,-1.864426,-0.287398,0.788613,-1.127754,-0.346498,0.816622,-1.694258,0.056034,0.919865,-0.995517]
[ros2_control_node-3] [INFO] [1791434695.746499610] [StateRL]: [ABS-POLICY-CMD] event=command_write clock=steady_clock_ns write_ns=16482098135573 write_id=716 source_session_id=16478219458311 source_policy_cycle_id=178 source_mode=0 action_source=1 transition_reason=0 recovery_episode_id=0 q_rad=[-0.451165,0.709132,-1.895522,-0.412928,0.780833,-1.093467,-0.327701,0.856700,-1.758925,0.167013,0.773943,-1.048027]
[ros2_control_node-3] [INFO] [1791434695.747911651] [StateRL]: [ABS-POLICY-CMD] event=command_write clock=steady_clock_ns write_ns=16482102202578 write_id=717 source_session_id=16478219458311 source_policy_cycle_id=178 source_mode=0 action_source=1 transition_reason=0 recovery_episode_id=0 q_rad=[-0.451165,0.709132,-1.895522,-0.412928,0.780833,-1.093467,-0.327701,0.856700,-1.758925,0.167013,0.773943,-1.048027]
[ros2_control_node-3] [INFO] [1791434695.750377588] [StateRL]: [ABS-POLICY-CMD] event=command_write clock=steady_clock_ns write_ns=16482104667235 write_id=718 source_session_id=16478219458311 source_policy_cycle_id=178 source_mode=0 action_source=1 transition_reason=0 recovery_episode_id=0 q_rad=[-0.451165,0.709132,-1.895522,-0.412928,0.780833,-1.093467,-0.327701,0.856700,-1.758925,0.167013,0.773943,-1.048027]
[ros2_control_node-3] [INFO] [1791434695.754000412] [StateRL]: [ABS-POLICY-CMD] event=command_write clock=steady_clock_ns write_ns=16482108288983 write_id=719 source_session_id=16478219458311 source_policy_cycle_id=178 source_mode=0 action_source=1 transition_reason=0 recovery_episode_id=0 q_rad=[-0.451165,0.709132,-1.895522,-0.412928,0.780833,-1.093467,-0.327701,0.856700,-1.758925,0.167013,0.773943,-1.048027]
[ros2_control_node-3] [INFO] [1791434695.770508388] [StateRL]: [ABS-POLICY-CMD] event=command_write clock=steady_clock_ns write_ns=16482124791681 write_id=720 source_session_id=16478219458311 source_policy_cycle_id=179 source_mode=0 action_source=1 transition_reason=0 recovery_episode_id=0 q_rad=[-0.250567,0.317096,-1.961827,-0.308623,0.904031,-1.028682,-0.106051,0.908401,-1.894310,0.432149,0.882842,-1.401179]
[ros2_control_node-3] [INFO] [1791434695.772253927] [StateRL]: [ABS-POLICY-CMD] event=command_write clock=steady_clock_ns write_ns=16482126544232 write_id=721 source_session_id=16478219458311 source_policy_cycle_id=179 source_mode=0 action_source=1 transition_reason=0 recovery_episode_id=0 q_rad=[-0.250567,0.317096,-1.961827,-0.308623,0.904031,-1.028682,-0.106051,0.908401,-1.894310,0.432149,0.882842,-1.401179]
[ros2_control_node-3] [INFO] [1791434695.774072877] [StateRL]: [ABS-POLICY-CMD] event=command_write clock=steady_clock_ns write_ns=16482128350445 write_id=722 source_session_id=16478219458311 source_policy_cycle_id=179 source_mode=0 action_source=1 transition_reason=0 recovery_episode_id=0 q_rad=[-0.250567,0.317096,-1.961827,-0.308623,0.904031,-1.028682,-0.106051,0.908401,-1.894310,0.432149,0.882842,-1.401179]
[ros2_control_node-3] [INFO] [1791434695.774131279] [StateRL]: [ABS-LIVE-CMD] event=rl_command_write clock=steady_clock_ns timestamp_ns=16482128438266 sequence=1000 controller_state=RL rl_active=1 finite=1 kp_zero=0 kd_zero=0 tau_zero=1 veto_reason= q=[-0.2506,0.3171,-1.9618,-0.3086,0.9040,-1.0287,-0.1061,0.9084,-1.8943,0.4321,0.8828,-1.4012] kp=[30.0000,30.0000,30.0000,30.0000,30.0000,30.0000,30.0000,30.0000,30.0000,30.0000,30.0000,30.0000] kd=[0.6500,0.6500,0.6500,0.6500,0.6500,0.6500,0.6500,0.6500,0.6500,0.6500,0.6500,0.6500] tau=[0.0000,0.0000,0.0000,0.0000,0.0000,0.0000,0.0000,0.0000,0.0000,0.0000,0.0000,0.0000]
[ros2_control_node-3] [INFO] [1791434695.775555593] [StateRL]: [ABS-POLICY-CMD] event=command_write clock=steady_clock_ns write_ns=16482129830476 write_id=723 source_session_id=16478219458311 source_policy_cycle_id=179 source_mode=0 action_source=1 transition_reason=0 recovery_episode_id=0 q_rad=[-0.250567,0.317096,-1.961827,-0.308623,0.904031,-1.028682,-0.106051,0.908401,-1.894310,0.432149,0.882842,-1.401179]
[ros2_control_node-3] [INFO] [1791434695.795999060] [StateRL]: [ABS-POLICY-CMD] event=command_write clock=steady_clock_ns write_ns=16482150283004 write_id=724 source_session_id=16478219458311 source_policy_cycle_id=180 source_mode=0 action_source=1 transition_reason=0 recovery_episode_id=0 q_rad=[0.006051,0.217636,-1.908327,-0.159092,0.953298,-0.967587,0.048309,1.086319,-1.505061,0.398536,0.770088,-1.567534]
[ros2_control_node-3] [INFO] [1791434695.798024099] [StateRL]: [ABS-POLICY-CMD] event=command_write clock=steady_clock_ns write_ns=16482152295883 write_id=725 source_session_id=16478219458311 source_policy_cycle_id=180 source_mode=0 action_source=1 transition_reason=0 recovery_episode_id=0 q_rad=[0.006051,0.217636,-1.908327,-0.159092,0.953298,-0.967587,0.048309,1.086319,-1.505061,0.398536,0.770088,-1.567534]
[ros2_control_node-3] [INFO] [1791434695.800320972] [StateRL]: [ABS-POLICY-CMD] event=command_write clock=steady_clock_ns write_ns=16482154609912 write_id=726 source_session_id=16478219458311 source_policy_cycle_id=180 source_mode=0 action_source=1 transition_reason=0 recovery_episode_id=0 q_rad=[0.006051,0.217636,-1.908327,-0.159092,0.953298,-0.967587,0.048309,1.086319,-1.505061,0.398536,0.770088,-1.567534]
[ros2_control_node-3] [INFO] [1791434695.802006862] [StateRL]: [ABS-POLICY-CMD] event=command_write clock=steady_clock_ns write_ns=16482156298150 write_id=727 source_session_id=16478219458311 source_policy_cycle_id=180 source_mode=0 action_source=1 transition_reason=0 recovery_episode_id=0 q_rad=[0.006051,0.217636,-1.908327,-0.159092,0.953298,-0.967587,0.048309,1.086319,-1.505061,0.398536,0.770088,-1.567534]
[ros2_control_node-3] [INFO] [1791434695.814822895] [StateRL]: [ABS-POLICY-CMD] event=command_write clock=steady_clock_ns write_ns=16482169103390 write_id=728 source_session_id=16478219458311 source_policy_cycle_id=181 source_mode=0 action_source=1 transition_reason=0 recovery_episode_id=0 q_rad=[-0.063940,0.322744,-1.641506,0.247836,1.122089,-1.279768,0.006389,1.120291,-1.063402,0.263029,0.682598,-1.717478]
[ros2_control_node-3] [INFO] [1791434695.817435630] [StateRL]: [ABS-POLICY-CMD] event=command_write clock=steady_clock_ns write_ns=16482171716561 write_id=729 source_session_id=16478219458311 source_policy_cycle_id=181 source_mode=0 action_source=1 transition_reason=0 recovery_episode_id=0 q_rad=[-0.063940,0.322744,-1.641506,0.247836,1.122089,-1.279768,0.006389,1.120291,-1.063402,0.263029,0.682598,-1.717478]
[ros2_control_node-3] [INFO] [1791434695.819074513] [StateRL]: [ABS-POLICY-CMD] event=command_write clock=steady_clock_ns write_ns=16482173355614 write_id=730 source_session_id=16478219458311 source_policy_cycle_id=181 source_mode=0 action_source=1 transition_reason=0 recovery_episode_id=0 q_rad=[-0.063940,0.322744,-1.641506,0.247836,1.122089,-1.279768,0.006389,1.120291,-1.063402,0.263029,0.682598,-1.717478]
[ros2_control_node-3] [INFO] [1791434695.821170574] [StateRL]: [ABS-POLICY-CMD] event=command_write clock=steady_clock_ns write_ns=16482175462787 write_id=731 source_session_id=16478219458311 source_policy_cycle_id=181 source_mode=0 action_source=1 transition_reason=0 recovery_episode_id=0 q_rad=[-0.063940,0.322744,-1.641506,0.247836,1.122089,-1.279768,0.006389,1.120291,-1.063402,0.263029,0.682598,-1.717478]
[ros2_control_node-3] [INFO] [1791434695.839573833] [StateRL]: [ABS-POLICY-CMD] event=command_write clock=steady_clock_ns write_ns=16482193854126 write_id=732 source_session_id=16478219458311 source_policy_cycle_id=182 source_mode=0 action_source=1 transition_reason=0 recovery_episode_id=0 q_rad=[-0.312432,0.451803,-1.430304,0.568086,1.119723,-1.266686,0.096321,0.900464,-0.907499,0.230107,0.667169,-1.727127]
[ros2_control_node-3] [INFO] [1791434695.840834053] [StateRL]: [ABS-POLICY-CMD] event=command_write clock=steady_clock_ns write_ns=16482195114730 write_id=733 source_session_id=16478219458311 source_policy_cycle_id=182 source_mode=0 action_source=1 transition_reason=0 recovery_episode_id=0 q_rad=[-0.312432,0.451803,-1.430304,0.568086,1.119723,-1.266686,0.096321,0.900464,-0.907499,0.230107,0.667169,-1.727127]
[ros2_control_node-3] [INFO] [1791434695.842384385] [StateRL]: [ABS-POLICY-CMD] event=command_write clock=steady_clock_ns write_ns=16482196663218 write_id=734 source_session_id=16478219458311 source_policy_cycle_id=182 source_mode=0 action_source=1 transition_reason=0 recovery_episode_id=0 q_rad=[-0.312432,0.451803,-1.430304,0.568086,1.119723,-1.266686,0.096321,0.900464,-0.907499,0.230107,0.667169,-1.727127]
[ros2_control_node-3] [INFO] [1791434695.843413918] [StateRL]: [ABS-POLICY-CMD] event=command_write clock=steady_clock_ns write_ns=16482197705233 write_id=735 source_session_id=16478219458311 source_policy_cycle_id=182 source_mode=0 action_source=1 transition_reason=0 recovery_episode_id=0 q_rad=[-0.312432,0.451803,-1.430304,0.568086,1.119723,-1.266686,0.096321,0.900464,-0.907499,0.230107,0.667169,-1.727127]
[ros2_control_node-3] [INFO] [1791434695.859980862] [StateRL]: [ABS-POLICY-CMD] event=command_write clock=steady_clock_ns write_ns=16482214265277 write_id=736 source_session_id=16478219458311 source_policy_cycle_id=183 source_mode=0 action_source=1 transition_reason=0 recovery_episode_id=0 q_rad=[-0.277007,0.689744,-1.367264,0.550227,0.812650,-1.393087,0.257205,0.940827,-0.910411,0.127589,0.605163,-1.734318]
[ros2_control_node-3] [INFO] [1791434695.861017710] [StateRL]: [ABS-POLICY-CMD] event=command_write clock=steady_clock_ns write_ns=16482215311375 write_id=737 source_session_id=16478219458311 source_policy_cycle_id=183 source_mode=0 action_source=1 transition_reason=0 recovery_episode_id=0 q_rad=[-0.277007,0.689744,-1.367264,0.550227,0.812650,-1.393087,0.257205,0.940827,-0.910411,0.127589,0.605163,-1.734318]
[ros2_control_node-3] [INFO] [1791434695.861964336] [StateRL]: [ABS-POLICY-CMD] event=command_write clock=steady_clock_ns write_ns=16482216256871 write_id=738 source_session_id=16478219458311 source_policy_cycle_id=183 source_mode=0 action_source=1 transition_reason=0 recovery_episode_id=0 q_rad=[-0.277007,0.689744,-1.367264,0.550227,0.812650,-1.393087,0.257205,0.940827,-0.910411,0.127589,0.605163,-1.734318]
[ros2_control_node-3] [INFO] [1791434695.862920902] [StateRL]: [ABS-POLICY-CMD] event=command_write clock=steady_clock_ns write_ns=16482217212753 write_id=739 source_session_id=16478219458311 source_policy_cycle_id=183 source_mode=0 action_source=1 transition_reason=0 recovery_episode_id=0 q_rad=[-0.277007,0.689744,-1.367264,0.550227,0.812650,-1.393087,0.257205,0.940827,-0.910411,0.127589,0.605163,-1.734318]
[ros2_control_node-3] [INFO] [1791434695.879685069] [StateRL]: [ABS-POLICY-CMD] event=command_write clock=steady_clock_ns write_ns=16482233967102 write_id=740 source_session_id=16478219458311 source_policy_cycle_id=184 source_mode=0 action_source=1 transition_reason=0 recovery_episode_id=0 q_rad=[-0.244541,0.900852,-1.258075,0.436946,0.634304,-1.606491,0.255492,1.020626,-1.021750,-0.009040,0.740551,-1.682350]
[ros2_control_node-3] [INFO] [1791434695.881878517] [StateRL]: [ABS-POLICY-CMD] event=command_write clock=steady_clock_ns write_ns=16482236150930 write_id=741 source_session_id=16478219458311 source_policy_cycle_id=184 source_mode=0 action_source=1 transition_reason=0 recovery_episode_id=0 q_rad=[-0.244541,0.900852,-1.258075,0.436946,0.634304,-1.606491,0.255492,1.020626,-1.021750,-0.009040,0.740551,-1.682350]
[ros2_control_node-3] [INFO] [1791434695.883848170] [StateRL]: [ABS-POLICY-CMD] event=command_write clock=steady_clock_ns write_ns=16482238130575 write_id=742 source_session_id=16478219458311 source_policy_cycle_id=184 source_mode=0 action_source=1 transition_reason=0 recovery_episode_id=0 q_rad=[-0.244541,0.900852,-1.258075,0.436946,0.634304,-1.606491,0.255492,1.020626,-1.021750,-0.009040,0.740551,-1.682350]
[ros2_control_node-3] [INFO] [1791434695.885624907] [StateRL]: [ABS-POLICY-CMD] event=command_write clock=steady_clock_ns write_ns=16482239907642 write_id=743 source_session_id=16478219458311 source_policy_cycle_id=184 source_mode=0 action_source=1 transition_reason=0 recovery_episode_id=0 q_rad=[-0.244541,0.900852,-1.258075,0.436946,0.634304,-1.606491,0.255492,1.020626,-1.021750,-0.009040,0.740551,-1.682350]
[ros2_control_node-3] [INFO] [1791434695.898654231] [StateRL]: [ABS-POLICY-CMD] event=command_write clock=steady_clock_ns write_ns=16482252907765 write_id=744 source_session_id=16478219458311 source_policy_cycle_id=185 source_mode=0 action_source=1 transition_reason=0 recovery_episode_id=0 q_rad=[-0.012270,0.872173,-1.103653,0.197800,0.449460,-1.967221,0.208727,1.089196,-1.130039,-0.193172,0.959391,-1.699424]
[ros2_control_node-3] [INFO] [1791434695.901008269] [StateRL]: [ABS-POLICY-CMD] event=command_write clock=steady_clock_ns write_ns=16482255295930 write_id=745 source_session_id=16478219458311 source_policy_cycle_id=185 source_mode=0 action_source=1 transition_reason=0 recovery_episode_id=0 q_rad=[-0.012270,0.872173,-1.103653,0.197800,0.449460,-1.967221,0.208727,1.089196,-1.130039,-0.193172,0.959391,-1.699424]
[ros2_control_node-3] [INFO] [1791434695.902562838] [StateRL]: [ABS-POLICY-CMD] event=command_write clock=steady_clock_ns write_ns=16482256851234 write_id=746 source_session_id=16478219458311 source_policy_cycle_id=185 source_mode=0 action_source=1 transition_reason=0 recovery_episode_id=0 q_rad=[-0.012270,0.872173,-1.103653,0.197800,0.449460,-1.967221,0.208727,1.089196,-1.130039,-0.193172,0.959391,-1.699424]
[ros2_control_node-3] [INFO] [1791434695.904022563] [StateRL]: [ABS-POLICY-CMD] event=command_write clock=steady_clock_ns write_ns=16482258316379 write_id=747 source_session_id=16478219458311 source_policy_cycle_id=185 source_mode=0 action_source=1 transition_reason=0 recovery_episode_id=0 q_rad=[-0.012270,0.872173,-1.103653,0.197800,0.449460,-1.967221,0.208727,1.089196,-1.130039,-0.193172,0.959391,-1.699424]
[ros2_control_node-3] [INFO] [1791434695.904062133] [StateRL]: [ABS-LIVE-CMD] event=rl_command_write clock=steady_clock_ns timestamp_ns=16482258369133 sequence=1025 controller_state=RL rl_active=1 finite=1 kp_zero=0 kd_zero=0 tau_zero=1 veto_reason= q=[-0.0123,0.8722,-1.1037,0.1978,0.4495,-1.9672,0.2087,1.0892,-1.1300,-0.1932,0.9594,-1.6994] kp=[30.0000,30.0000,30.0000,30.0000,30.0000,30.0000,30.0000,30.0000,30.0000,30.0000,30.0000,30.0000] kd=[0.6500,0.6500,0.6500,0.6500,0.6500,0.6500,0.6500,0.6500,0.6500,0.6500,0.6500,0.6500] tau=[0.0000,0.0000,0.0000,0.0000,0.0000,0.0000,0.0000,0.0000,0.0000,0.0000,0.0000,0.0000]
[ros2_control_node-3] [INFO] [1791434695.921567239] [StateRL]: [ABS-POLICY-CMD] event=command_write clock=steady_clock_ns write_ns=16482275846160 write_id=748 source_session_id=16478219458311 source_policy_cycle_id=186 source_mode=0 action_source=1 transition_reason=0 recovery_episode_id=0 q_rad=[0.019256,0.893919,-1.134597,0.090687,0.493720,-1.945431,0.199239,1.050306,-1.060031,-0.215599,1.008852,-1.645658]
[ros2_control_node-3] [INFO] [1791434695.924195116] [StateRL]: [ABS-POLICY-CMD] event=command_write clock=steady_clock_ns write_ns=16482278478286 write_id=749 source_session_id=16478219458311 source_policy_cycle_id=186 source_mode=0 action_source=1 transition_reason=0 recovery_episode_id=0 q_rad=[0.019256,0.893919,-1.134597,0.090687,0.493720,-1.945431,0.199239,1.050306,-1.060031,-0.215599,1.008852,-1.645658]
[ros2_control_node-3] [INFO] [1791434695.925634180] [StateRL]: [ABS-POLICY-CMD] event=command_write clock=steady_clock_ns write_ns=16482279924642 write_id=750 source_session_id=16478219458311 source_policy_cycle_id=186 source_mode=0 action_source=1 transition_reason=0 recovery_episode_id=0 q_rad=[0.019256,0.893919,-1.134597,0.090687,0.493720,-1.945431,0.199239,1.050306,-1.060031,-0.215599,1.008852,-1.645658]
[ros2_control_node-3] [INFO] [1791434695.927487344] [StateRL]: [ABS-POLICY-CMD] event=command_write clock=steady_clock_ns write_ns=16482281780891 write_id=751 source_session_id=16478219458311 source_policy_cycle_id=186 source_mode=0 action_source=1 transition_reason=0 recovery_episode_id=0 q_rad=[0.019256,0.893919,-1.134597,0.090687,0.493720,-1.945431,0.199239,1.050306,-1.060031,-0.215599,1.008852,-1.645658]
[ros2_control_node-3] [INFO] [1791434695.936669994] [StateRL]: [ABS-POLICY-CMD] event=command_write clock=steady_clock_ns write_ns=16482290950044 write_id=752 source_session_id=16478219458311 source_policy_cycle_id=187 source_mode=0 action_source=1 transition_reason=0 recovery_episode_id=0 q_rad=[-0.086779,0.991320,-1.083167,0.024811,0.538360,-1.687115,0.074384,1.098061,-0.986786,-0.056276,0.936034,-1.258047]
[ros2_control_node-3] [INFO] [1791434695.938243373] [StateRL]: [ABS-POLICY-CMD] event=command_write clock=steady_clock_ns write_ns=16482292535464 write_id=753 source_session_id=16478219458311 source_policy_cycle_id=187 source_mode=0 action_source=1 transition_reason=0 recovery_episode_id=0 q_rad=[-0.086779,0.991320,-1.083167,0.024811,0.538360,-1.687115,0.074384,1.098061,-0.986786,-0.056276,0.936034,-1.258047]
[ros2_control_node-3] [INFO] [1791434695.938885286] [StateRL]: [ABS-POLICY-CMD] event=command_write clock=steady_clock_ns write_ns=16482293180075 write_id=754 source_session_id=16478219458311 source_policy_cycle_id=187 source_mode=0 action_source=1 transition_reason=0 recovery_episode_id=0 q_rad=[-0.086779,0.991320,-1.083167,0.024811,0.538360,-1.687115,0.074384,1.098061,-0.986786,-0.056276,0.936034,-1.258047]
[ros2_control_node-3] [INFO] [1791434695.941200489] [StateRL]: [ABS-POLICY-CMD] event=command_write clock=steady_clock_ns write_ns=16482295479513 write_id=755 source_session_id=16478219458311 source_policy_cycle_id=187 source_mode=0 action_source=1 transition_reason=0 recovery_episode_id=0 q_rad=[-0.086779,0.991320,-1.083167,0.024811,0.538360,-1.687115,0.074384,1.098061,-0.986786,-0.056276,0.936034,-1.258047]
[ros2_control_node-3] [INFO] [1791434695.948674201] [StateRL]: [ABS-POLICY-CMD] event=command_write clock=steady_clock_ns write_ns=16482302958382 write_id=756 source_session_id=16478219458311 source_policy_cycle_id=188 source_mode=0 action_source=1 transition_reason=0 recovery_episode_id=0 q_rad=[-0.052417,1.103644,-1.071824,0.056208,0.598709,-1.446580,-0.119213,1.321339,-0.989281,0.009019,0.812658,-0.999540]
[ros2_control_node-3] [INFO] [1791434695.951227560] [StateRL]: [ABS-POLICY-CMD] event=command_write clock=steady_clock_ns write_ns=16482305514286 write_id=757 source_session_id=16478219458311 source_policy_cycle_id=188 source_mode=0 action_source=1 transition_reason=0 recovery_episode_id=0 q_rad=[-0.052417,1.103644,-1.071824,0.056208,0.598709,-1.446580,-0.119213,1.321339,-0.989281,0.009019,0.812658,-0.999540]
[ros2_control_node-3] [INFO] [1791434695.952752023] [StateRL]: [ABS-POLICY-CMD] event=command_write clock=steady_clock_ns write_ns=16482307044544 write_id=758 source_session_id=16478219458311 source_policy_cycle_id=188 source_mode=0 action_source=1 transition_reason=0 recovery_episode_id=0 q_rad=[-0.052417,1.103644,-1.071824,0.056208,0.598709,-1.446580,-0.119213,1.321339,-0.989281,0.009019,0.812658,-0.999540]
[ros2_control_node-3] [INFO] [1791434695.954149078] [StateRL]: [ABS-POLICY-CMD] event=command_write clock=steady_clock_ns write_ns=16482308437305 write_id=759 source_session_id=16478219458311 source_policy_cycle_id=188 source_mode=0 action_source=1 transition_reason=0 recovery_episode_id=0 q_rad=[-0.052417,1.103644,-1.071824,0.056208,0.598709,-1.446580,-0.119213,1.321339,-0.989281,0.009019,0.812658,-0.999540]
[ros2_control_node-3] [INFO] [1791434695.972544526] [StateRL]: [ABS-POLICY-CMD] event=command_write clock=steady_clock_ns write_ns=16482326829167 write_id=760 source_session_id=16478219458311 source_policy_cycle_id=189 source_mode=0 action_source=1 transition_reason=0 recovery_episode_id=0 q_rad=[-0.054758,1.195003,-1.014943,0.139358,0.795849,-1.267550,-0.440536,1.481822,-1.121487,0.051698,0.774392,-0.872113]
[ros2_control_node-3] [INFO] [1791434695.975217110] [StateRL]: [ABS-POLICY-CMD] event=command_write clock=steady_clock_ns write_ns=16482329496643 write_id=761 source_session_id=16478219458311 source_policy_cycle_id=189 source_mode=0 action_source=1 transition_reason=0 recovery_episode_id=0 q_rad=[-0.054758,1.195003,-1.014943,0.139358,0.795849,-1.267550,-0.440536,1.481822,-1.121487,0.051698,0.774392,-0.872113]
[ros2_control_node-3] [INFO] [1791434695.976833028] [StateRL]: [ABS-POLICY-CMD] event=command_write clock=steady_clock_ns write_ns=16482331122535 write_id=762 source_session_id=16478219458311 source_policy_cycle_id=189 source_mode=0 action_source=1 transition_reason=0 recovery_episode_id=0 q_rad=[-0.054758,1.195003,-1.014943,0.139358,0.795849,-1.267550,-0.440536,1.481822,-1.121487,0.051698,0.774392,-0.872113]
[ros2_control_node-3] [INFO] [1791434695.978494963] [StateRL]: [ABS-POLICY-CMD] event=command_write clock=steady_clock_ns write_ns=16482332787528 write_id=763 source_session_id=16478219458311 source_policy_cycle_id=189 source_mode=0 action_source=1 transition_reason=0 recovery_episode_id=0 q_rad=[-0.054758,1.195003,-1.014943,0.139358,0.795849,-1.267550,-0.440536,1.481822,-1.121487,0.051698,0.774392,-0.872113]
[ros2_control_node-3] [INFO] [1791434695.985592251] [StateRL]: [ABS-POLICY-CMD] event=command_write clock=steady_clock_ns write_ns=16482339876295 write_id=764 source_session_id=16478219458311 source_policy_cycle_id=190 source_mode=0 action_source=1 transition_reason=0 recovery_episode_id=0 q_rad=[-0.138723,1.031281,-1.143991,0.232497,0.832660,-1.029008,-0.560500,1.336998,-1.298706,0.007318,0.950562,-0.876006]
[ros2_control_node-3] [INFO] [1791434695.986871611] [StateRL]: [ABS-POLICY-CMD] event=command_write clock=steady_clock_ns write_ns=16482341158227 write_id=765 source_session_id=16478219458311 source_policy_cycle_id=190 source_mode=0 action_source=1 transition_reason=0 recovery_episode_id=0 q_rad=[-0.138723,1.031281,-1.143991,0.232497,0.832660,-1.029008,-0.560500,1.336998,-1.298706,0.007318,0.950562,-0.876006]
[ros2_control_node-3] [INFO] [1791434695.988315885] [StateRL]: [ABS-POLICY-CMD] event=command_write clock=steady_clock_ns write_ns=16482342607669 write_id=766 source_session_id=16478219458311 source_policy_cycle_id=190 source_mode=0 action_source=1 transition_reason=0 recovery_episode_id=0 q_rad=[-0.138723,1.031281,-1.143991,0.232497,0.832660,-1.029008,-0.560500,1.336998,-1.298706,0.007318,0.950562,-0.876006]
[ros2_control_node-3] [INFO] [1791434695.988984624] [StateRL]: [ABS-POLICY-CMD] event=command_write clock=steady_clock_ns write_ns=16482343279962 write_id=767 source_session_id=16478219458311 source_policy_cycle_id=190 source_mode=0 action_source=1 transition_reason=0 recovery_episode_id=0 q_rad=[-0.138723,1.031281,-1.143991,0.232497,0.832660,-1.029008,-0.560500,1.336998,-1.298706,0.007318,0.950562,-0.876006]
[ros2_control_node-3] [INFO] [1791434696.003744253] [StateRL]: [ABS-POLICY-CMD] event=command_write clock=steady_clock_ns write_ns=16482358021887 write_id=768 source_session_id=16478219458311 source_policy_cycle_id=191 source_mode=0 action_source=1 transition_reason=0 recovery_episode_id=0 q_rad=[-0.270981,0.860954,-1.539679,-0.075152,0.738195,-0.904950,-0.302573,0.953556,-1.400332,0.011218,1.084016,-1.010399]
[ros2_control_node-3] [INFO] [1791434696.005880480] [StateRL]: [ABS-POLICY-CMD] event=command_write clock=steady_clock_ns write_ns=16482360170758 write_id=769 source_session_id=16478219458311 source_policy_cycle_id=191 source_mode=0 action_source=1 transition_reason=0 recovery_episode_id=0 q_rad=[-0.270981,0.860954,-1.539679,-0.075152,0.738195,-0.904950,-0.302573,0.953556,-1.400332,0.011218,1.084016,-1.010399]
[ros2_control_node-3] [INFO] [1791434696.008168876] [StateRL]: [ABS-POLICY-CMD] event=command_write clock=steady_clock_ns write_ns=16482362456376 write_id=770 source_session_id=16478219458311 source_policy_cycle_id=191 source_mode=0 action_source=1 transition_reason=0 recovery_episode_id=0 q_rad=[-0.270981,0.860954,-1.539679,-0.075152,0.738195,-0.904950,-0.302573,0.953556,-1.400332,0.011218,1.084016,-1.010399]
[ros2_control_node-3] [INFO] [1791434696.010258457] [StateRL]: [ABS-POLICY-CMD] event=command_write clock=steady_clock_ns write_ns=16482364544297 write_id=771 source_session_id=16478219458311 source_policy_cycle_id=191 source_mode=0 action_source=1 transition_reason=0 recovery_episode_id=0 q_rad=[-0.270981,0.860954,-1.539679,-0.075152,0.738195,-0.904950,-0.302573,0.953556,-1.400332,0.011218,1.084016,-1.010399]
[ros2_control_node-3] [INFO] [1791434696.031794814] [StateRL]: [ABS-POLICY-CMD] event=command_write clock=steady_clock_ns write_ns=16482386053976 write_id=772 source_session_id=16478219458311 source_policy_cycle_id=192 source_mode=0 action_source=1 transition_reason=0 recovery_episode_id=0 q_rad=[-0.396778,1.007582,-1.552672,-0.177515,0.838877,-1.055051,-0.415873,0.838764,-1.513873,-0.038056,0.969855,-0.864791]
[ros2_control_node-3] [INFO] [1791434696.031891024] [StateRL]: [ABS-LIVE-CMD] event=rl_command_write clock=steady_clock_ns timestamp_ns=16482386197922 sequence=1050 controller_state=RL rl_active=1 finite=1 kp_zero=0 kd_zero=0 tau_zero=1 veto_reason= q=[-0.3968,1.0076,-1.5527,-0.1775,0.8389,-1.0551,-0.4159,0.8388,-1.5139,-0.0381,0.9699,-0.8648] kp=[30.0000,30.0000,30.0000,30.0000,30.0000,30.0000,30.0000,30.0000,30.0000,30.0000,30.0000,30.0000] kd=[0.6500,0.6500,0.6500,0.6500,0.6500,0.6500,0.6500,0.6500,0.6500,0.6500,0.6500,0.6500] tau=[0.0000,0.0000,0.0000,0.0000,0.0000,0.0000,0.0000,0.0000,0.0000,0.0000,0.0000,0.0000]
[ros2_control_node-3] [INFO] [1791434696.034482890] [StateRL]: [ABS-POLICY-CMD] event=command_write clock=steady_clock_ns write_ns=16482388772634 write_id=773 source_session_id=16478219458311 source_policy_cycle_id=192 source_mode=0 action_source=1 transition_reason=0 recovery_episode_id=0 q_rad=[-0.396778,1.007582,-1.552672,-0.177515,0.838877,-1.055051,-0.415873,0.838764,-1.513873,-0.038056,0.969855,-0.864791]
[ros2_control_node-3] [INFO] [1791434696.038554896] [StateRL]: [ABS-POLICY-CMD] event=command_write clock=steady_clock_ns write_ns=16482392848597 write_id=774 source_session_id=16478219458311 source_policy_cycle_id=192 source_mode=0 action_source=1 transition_reason=0 recovery_episode_id=0 q_rad=[-0.396778,1.007582,-1.552672,-0.177515,0.838877,-1.055051,-0.415873,0.838764,-1.513873,-0.038056,0.969855,-0.864791]
[ros2_control_node-3] [INFO] [1791434696.039681961] [StateRL]: [ABS-POLICY-CMD] event=command_write clock=steady_clock_ns write_ns=16482393973068 write_id=775 source_session_id=16478219458311 source_policy_cycle_id=192 source_mode=0 action_source=1 transition_reason=0 recovery_episode_id=0 q_rad=[-0.396778,1.007582,-1.552672,-0.177515,0.838877,-1.055051,-0.415873,0.838764,-1.513873,-0.038056,0.969855,-0.864791]
[ros2_control_node-3] [INFO] [1791434696.059765781] [StateRL]: [ABS-POLICY-CMD] event=command_write clock=steady_clock_ns write_ns=16482414043520 write_id=776 source_session_id=16478219458311 source_policy_cycle_id=193 source_mode=0 action_source=1 transition_reason=0 recovery_episode_id=0 q_rad=[-0.480472,0.876594,-1.664570,-0.222519,0.901710,-1.116161,-0.440706,0.764034,-1.622229,-0.069962,0.853322,-0.837760]
[ros2_control_node-3] [INFO] [1791434696.061787398] [StateRL]: [ABS-POLICY-CMD] event=command_write clock=steady_clock_ns write_ns=16482416076061 write_id=777 source_session_id=16478219458311 source_policy_cycle_id=193 source_mode=0 action_source=1 transition_reason=0 recovery_episode_id=0 q_rad=[-0.480472,0.876594,-1.664570,-0.222519,0.901710,-1.116161,-0.440706,0.764034,-1.622229,-0.069962,0.853322,-0.837760]
[ros2_control_node-3] [INFO] [1791434696.063349588] [StateRL]: [ABS-POLICY-CMD] event=command_write clock=steady_clock_ns write_ns=16482417642136 write_id=778 source_session_id=16478219458311 source_policy_cycle_id=193 source_mode=0 action_source=1 transition_reason=0 recovery_episode_id=0 q_rad=[-0.480472,0.876594,-1.664570,-0.222519,0.901710,-1.116161,-0.440706,0.764034,-1.622229,-0.069962,0.853322,-0.837760]
[ros2_control_node-3] [INFO] [1791434696.065020803] [StateRL]: [ABS-POLICY-CMD] event=command_write clock=steady_clock_ns write_ns=16482419311490 write_id=779 source_session_id=16478219458311 source_policy_cycle_id=193 source_mode=0 action_source=1 transition_reason=0 recovery_episode_id=0 q_rad=[-0.480472,0.876594,-1.664570,-0.222519,0.901710,-1.116161,-0.440706,0.764034,-1.622229,-0.069962,0.853322,-0.837760]
[ros2_control_node-3] [INFO] [1791434696.079639103] [StateRL]: [ABS-POLICY-CMD] event=command_write clock=steady_clock_ns write_ns=16482433918583 write_id=780 source_session_id=16478219458311 source_policy_cycle_id=194 source_mode=0 action_source=1 transition_reason=0 recovery_episode_id=0 q_rad=[-0.531395,0.648389,-1.772942,-0.270403,0.880404,-1.057875,-0.390672,0.779036,-1.713968,0.049409,0.797935,-0.882973]
[ros2_control_node-3] [INFO] [1791434696.080453646] [StateRL]: [ABS-POLICY-CMD] event=command_write clock=steady_clock_ns write_ns=16482434747654 write_id=781 source_session_id=16478219458311 source_policy_cycle_id=194 source_mode=0 action_source=1 transition_reason=0 recovery_episode_id=0 q_rad=[-0.531395,0.648389,-1.772942,-0.270403,0.880404,-1.057875,-0.390672,0.779036,-1.713968,0.049409,0.797935,-0.882973]
[ros2_control_node-3] [INFO] [1791434696.081072215] [StateRL]: [ABS-POLICY-CMD] event=command_write clock=steady_clock_ns write_ns=16482435367638 write_id=782 source_session_id=16478219458311 source_policy_cycle_id=194 source_mode=0 action_source=1 transition_reason=0 recovery_episode_id=0 q_rad=[-0.531395,0.648389,-1.772942,-0.270403,0.880404,-1.057875,-0.390672,0.779036,-1.713968,0.049409,0.797935,-0.882973]
[ros2_control_node-3] [INFO] [1791434696.083184180] [StateRL]: [ABS-POLICY-CMD] event=command_write clock=steady_clock_ns write_ns=16482437469446 write_id=783 source_session_id=16478219458311 source_policy_cycle_id=194 source_mode=0 action_source=1 transition_reason=0 recovery_episode_id=0 q_rad=[-0.531395,0.648389,-1.772942,-0.270403,0.880404,-1.057875,-0.390672,0.779036,-1.713968,0.049409,0.797935,-0.882973]
[ros2_control_node-3] [INFO] [1791434696.097714373] [StateRL]: [ABS-POLICY-CMD] event=command_write clock=steady_clock_ns write_ns=16482451989022 write_id=784 source_session_id=16478219458311 source_policy_cycle_id=195 source_mode=0 action_source=1 transition_reason=0 recovery_episode_id=0 q_rad=[-0.632018,0.370326,-1.841811,-0.268567,0.842889,-1.009900,-0.302910,0.743362,-1.690068,0.341414,0.875214,-1.101857]
[ros2_control_node-3] [INFO] [1791434696.099724545] [StateRL]: [ABS-POLICY-CMD] event=command_write clock=steady_clock_ns write_ns=16482454010131 write_id=785 source_session_id=16478219458311 source_policy_cycle_id=195 source_mode=0 action_source=1 transition_reason=0 recovery_episode_id=0 q_rad=[-0.632018,0.370326,-1.841811,-0.268567,0.842889,-1.009900,-0.302910,0.743362,-1.690068,0.341414,0.875214,-1.101857]
[ros2_control_node-3] [INFO] [1791434696.101809896] [StateRL]: [ABS-POLICY-CMD] event=command_write clock=steady_clock_ns write_ns=16482456100837 write_id=786 source_session_id=16478219458311 source_policy_cycle_id=195 source_mode=0 action_source=1 transition_reason=0 recovery_episode_id=0 q_rad=[-0.632018,0.370326,-1.841811,-0.268567,0.842889,-1.009900,-0.302910,0.743362,-1.690068,0.341414,0.875214,-1.101857]
[ros2_control_node-3] [INFO] [1791434696.103299187] [StateRL]: [ABS-POLICY-CMD] event=command_write clock=steady_clock_ns write_ns=16482457589864 write_id=787 source_session_id=16478219458311 source_policy_cycle_id=195 source_mode=0 action_source=1 transition_reason=0 recovery_episode_id=0 q_rad=[-0.632018,0.370326,-1.841811,-0.268567,0.842889,-1.009900,-0.302910,0.743362,-1.690068,0.341414,0.875214,-1.101857]
[ros2_control_node-3] [INFO] [1791434696.125922901] [StateRL]: [ABS-POLICY-CMD] event=command_write clock=steady_clock_ns write_ns=16482480192570 write_id=788 source_session_id=16478219458311 source_policy_cycle_id=196 source_mode=0 action_source=1 transition_reason=0 recovery_episode_id=0 q_rad=[-0.372827,0.082408,-1.847197,-0.205247,0.918515,-0.840233,-0.113054,0.777579,-1.625183,0.486290,0.849431,-1.317341]
[ros2_control_node-3] [INFO] [1791434696.128747340] [StateRL]: [ABS-POLICY-CMD] event=command_write clock=steady_clock_ns write_ns=16482483038285 write_id=789 source_session_id=16478219458311 source_policy_cycle_id=196 source_mode=0 action_source=1 transition_reason=0 recovery_episode_id=0 q_rad=[-0.372827,0.082408,-1.847197,-0.205247,0.918515,-0.840233,-0.113054,0.777579,-1.625183,0.486290,0.849431,-1.317341]
[ros2_control_node-3] [INFO] [1791434696.130947653] [StateRL]: [ABS-POLICY-CMD] event=command_write clock=steady_clock_ns write_ns=16482485235965 write_id=790 source_session_id=16478219458311 source_policy_cycle_id=196 source_mode=0 action_source=1 transition_reason=0 recovery_episode_id=0 q_rad=[-0.372827,0.082408,-1.847197,-0.205247,0.918515,-0.840233,-0.113054,0.777579,-1.625183,0.486290,0.849431,-1.317341]
[ros2_control_node-3] [INFO] [1791434696.133973913] [StateRL]: [ABS-POLICY-CMD] event=command_write clock=steady_clock_ns write_ns=16482488264879 write_id=791 source_session_id=16478219458311 source_policy_cycle_id=196 source_mode=0 action_source=1 transition_reason=0 recovery_episode_id=0 q_rad=[-0.372827,0.082408,-1.847197,-0.205247,0.918515,-0.840233,-0.113054,0.777579,-1.625183,0.486290,0.849431,-1.317341]
[ros2_control_node-3] [INFO] [1791434696.147642342] [StateRL]: [ABS-POLICY-CMD] event=command_write clock=steady_clock_ns write_ns=16482501922720 write_id=792 source_session_id=16478219458311 source_policy_cycle_id=197 source_mode=0 action_source=1 transition_reason=0 recovery_episode_id=0 q_rad=[-0.044858,0.080455,-1.630417,0.005928,0.999657,-0.890776,-0.053736,0.924161,-1.170329,0.369371,0.629230,-1.565891]
[ros2_control_node-3] [INFO] [1791434696.150232255] [StateRL]: [ABS-POLICY-CMD] event=command_write clock=steady_clock_ns write_ns=16482504517802 write_id=793 source_session_id=16478219458311 source_policy_cycle_id=197 source_mode=0 action_source=1 transition_reason=0 recovery_episode_id=0 q_rad=[-0.044858,0.080455,-1.630417,0.005928,0.999657,-0.890776,-0.053736,0.924161,-1.170329,0.369371,0.629230,-1.565891]
[ros2_control_node-3] [INFO] [1791434696.150922004] [StateRL]: [ABS-POLICY-CMD] event=command_write clock=steady_clock_ns write_ns=16482505215304 write_id=794 source_session_id=16478219458311 source_policy_cycle_id=197 source_mode=0 action_source=1 transition_reason=0 recovery_episode_id=0 q_rad=[-0.044858,0.080455,-1.630417,0.005928,0.999657,-0.890776,-0.053736,0.924161,-1.170329,0.369371,0.629230,-1.565891]
[ros2_control_node-3] [INFO] [1791434696.152729640] [StateRL]: [ABS-POLICY-CMD] event=command_write clock=steady_clock_ns write_ns=16482507023417 write_id=795 source_session_id=16478219458311 source_policy_cycle_id=197 source_mode=0 action_source=1 transition_reason=0 recovery_episode_id=0 q_rad=[-0.044858,0.080455,-1.630417,0.005928,0.999657,-0.890776,-0.053736,0.924161,-1.170329,0.369371,0.629230,-1.565891]
[ros2_control_node-3] [INFO] [1791434696.165651455] [StateRL]: [ABS-POLICY-CMD] event=command_write clock=steady_clock_ns write_ns=16482519934125 write_id=796 source_session_id=16478219458311 source_policy_cycle_id=198 source_mode=0 action_source=1 transition_reason=0 recovery_episode_id=0 q_rad=[-0.056791,0.170589,-1.462189,0.349876,1.178746,-1.209605,-0.054251,0.944133,-0.967624,0.241289,0.666177,-1.663566]
[ros2_control_node-3] [INFO] [1791434696.167962476] [StateRL]: [ABS-POLICY-CMD] event=command_write clock=steady_clock_ns write_ns=16482522248252 write_id=797 source_session_id=16478219458311 source_policy_cycle_id=198 source_mode=0 action_source=1 transition_reason=0 recovery_episode_id=0 q_rad=[-0.056791,0.170589,-1.462189,0.349876,1.178746,-1.209605,-0.054251,0.944133,-0.967624,0.241289,0.666177,-1.663566]
[ros2_control_node-3] [INFO] [1791434696.168017837] [StateRL]: [ABS-LIVE-CMD] event=rl_command_write clock=steady_clock_ns timestamp_ns=16482522324803 sequence=1075 controller_state=RL rl_active=1 finite=1 kp_zero=0 kd_zero=0 tau_zero=1 veto_reason= q=[-0.0568,0.1706,-1.4622,0.3499,1.1787,-1.2096,-0.0543,0.9441,-0.9676,0.2413,0.6662,-1.6636] kp=[30.0000,30.0000,30.0000,30.0000,30.0000,30.0000,30.0000,30.0000,30.0000,30.0000,30.0000,30.0000] kd=[0.6500,0.6500,0.6500,0.6500,0.6500,0.6500,0.6500,0.6500,0.6500,0.6500,0.6500,0.6500] tau=[0.0000,0.0000,0.0000,0.0000,0.0000,0.0000,0.0000,0.0000,0.0000,0.0000,0.0000,0.0000]
[ros2_control_node-3] [INFO] [1791434696.168710986] [StateRL]: [ABS-POLICY-CMD] event=command_write clock=steady_clock_ns write_ns=16482522993002 write_id=798 source_session_id=16478219458311 source_policy_cycle_id=198 source_mode=0 action_source=1 transition_reason=0 recovery_episode_id=0 q_rad=[-0.056791,0.170589,-1.462189,0.349876,1.178746,-1.209605,-0.054251,0.944133,-0.967624,0.241289,0.666177,-1.663566]
[ros2_control_node-3] [INFO] [1791434696.169346851] [StateRL]: [ABS-POLICY-CMD] event=command_write clock=steady_clock_ns write_ns=16482523642515 write_id=799 source_session_id=16478219458311 source_policy_cycle_id=198 source_mode=0 action_source=1 transition_reason=0 recovery_episode_id=0 q_rad=[-0.056791,0.170589,-1.462189,0.349876,1.178746,-1.209605,-0.054251,0.944133,-0.967624,0.241289,0.666177,-1.663566]
[ros2_control_node-3] [INFO] [1791434696.170299262] [StateRL]: [ABS-LIVE-RAY-CHECK] clock=steady_clock_ns now_ns=16482524594546 checks=50 average_period_ms=21.659435
[ros2_control_node-3] [INFO] [1791434696.180837279] [StateRL]: [ABS-POLICY-CMD] event=command_write clock=steady_clock_ns write_ns=16482535118823 write_id=800 source_session_id=16478219458311 source_policy_cycle_id=199 source_mode=0 action_source=1 transition_reason=0 recovery_episode_id=0 q_rad=[-0.189020,0.347428,-1.416417,0.587137,1.153683,-1.380945,-0.001901,0.895899,-0.908932,0.194529,0.638824,-1.708394]
[ros2_control_node-3] [INFO] [1791434696.183294339] [StateRL]: [ABS-POLICY-CMD] event=command_write clock=steady_clock_ns write_ns=16482537573922 write_id=801 source_session_id=16478219458311 source_policy_cycle_id=199 source_mode=0 action_source=1 transition_reason=0 recovery_episode_id=0 q_rad=[-0.189020,0.347428,-1.416417,0.587137,1.153683,-1.380945,-0.001901,0.895899,-0.908932,0.194529,0.638824,-1.708394]
[ros2_control_node-3] [INFO] [1791434696.185282010] [StateRL]: [ABS-POLICY-CMD] event=command_write clock=steady_clock_ns write_ns=16482539572499 write_id=802 source_session_id=16478219458311 source_policy_cycle_id=199 source_mode=0 action_source=1 transition_reason=0 recovery_episode_id=0 q_rad=[-0.189020,0.347428,-1.416417,0.587137,1.153683,-1.380945,-0.001901,0.895899,-0.908932,0.194529,0.638824,-1.708394]
[ros2_control_node-3] [INFO] [1791434696.186848855] [StateRL]: [ABS-POLICY-CMD] event=command_write clock=steady_clock_ns write_ns=16482541139654 write_id=803 source_session_id=16478219458311 source_policy_cycle_id=199 source_mode=0 action_source=1 transition_reason=0 recovery_episode_id=0 q_rad=[-0.189020,0.347428,-1.416417,0.587137,1.153683,-1.380945,-0.001901,0.895899,-0.908932,0.194529,0.638824,-1.708394]
[ros2_control_node-3] [INFO] [1791434696.200468184] [StateRL]: [EVAL] step=200 t=4.000 robot=(3.686,-0.280) yaw=0.058 goal=(7.000,0.000) dist=3.325 body=(3.324,0.785) heading=0.533 arrived=0 ra=-0.09581 entry=-0.05000 recovery=0 hold=0 twist=(0.968,0.300,-0.761) min_ray_log=-0.481 max_ray_log=2.585 min_ray_m=0.716 lin_vel=(1.134,-0.362,-0.284) ang_vel=(-0.616,-1.094,0.189) action_range=(-1.103,1.873) contact=(-1,-1,1,-1)
[ros2_control_node-3] [INFO] [1791434696.200847729] [StateRL]: [ABS-POLICY-CMD] event=command_write clock=steady_clock_ns write_ns=16482555138655 write_id=804 source_session_id=16478219458311 source_policy_cycle_id=200 source_mode=0 action_source=1 transition_reason=0 recovery_episode_id=0 q_rad=[-0.096994,0.524148,-1.334818,0.460428,0.903672,-1.446406,0.092695,0.925613,-1.031692,0.160039,0.634256,-1.631065]
[ros2_control_node-3] [INFO] [1791434696.202936443] [StateRL]: [ABS-POLICY-CMD] event=command_write clock=steady_clock_ns write_ns=16482557223684 write_id=805 source_session_id=16478219458311 source_policy_cycle_id=200 source_mode=0 action_source=1 transition_reason=0 recovery_episode_id=0 q_rad=[-0.096994,0.524148,-1.334818,0.460428,0.903672,-1.446406,0.092695,0.925613,-1.031692,0.160039,0.634256,-1.631065]
[ros2_control_node-3] [INFO] [1791434696.204417214] [StateRL]: [ABS-POLICY-CMD] event=command_write clock=steady_clock_ns write_ns=16482558709984 write_id=806 source_session_id=16478219458311 source_policy_cycle_id=200 source_mode=0 action_source=1 transition_reason=0 recovery_episode_id=0 q_rad=[-0.096994,0.524148,-1.334818,0.460428,0.903672,-1.446406,0.092695,0.925613,-1.031692,0.160039,0.634256,-1.631065]
[ros2_control_node-3] [INFO] [1791434696.206136909] [StateRL]: [ABS-POLICY-CMD] event=command_write clock=steady_clock_ns write_ns=16482560428338 write_id=807 source_session_id=16478219458311 source_policy_cycle_id=200 source_mode=0 action_source=1 transition_reason=0 recovery_episode_id=0 q_rad=[-0.096994,0.524148,-1.334818,0.460428,0.903672,-1.446406,0.092695,0.925613,-1.031692,0.160039,0.634256,-1.631065]
[ros2_control_node-3] [INFO] [1791434696.226605546] [StateRL]: [ABS-POLICY-CMD] event=command_write clock=steady_clock_ns write_ns=16482580885447 write_id=808 source_session_id=16478219458311 source_policy_cycle_id=201 source_mode=0 action_source=1 transition_reason=0 recovery_episode_id=0 q_rad=[-0.042390,0.816051,-1.260894,0.330609,0.720795,-1.652242,0.105818,1.053800,-1.139430,0.042930,0.749651,-1.637685]
[ros2_control_node-3] [INFO] [1791434696.227799729] [StateRL]: [ABS-POLICY-CMD] event=command_write clock=steady_clock_ns write_ns=16482582092714 write_id=809 source_session_id=16478219458311 source_policy_cycle_id=201 source_mode=0 action_source=1 transition_reason=0 recovery_episode_id=0 q_rad=[-0.042390,0.816051,-1.260894,0.330609,0.720795,-1.652242,0.105818,1.053800,-1.139430,0.042930,0.749651,-1.637685]
[ros2_control_node-3] [INFO] [1791434696.229059733] [StateRL]: [ABS-POLICY-CMD] event=command_write clock=steady_clock_ns write_ns=16482583352322 write_id=810 source_session_id=16478219458311 source_policy_cycle_id=201 source_mode=0 action_source=1 transition_reason=0 recovery_episode_id=0 q_rad=[-0.042390,0.816051,-1.260894,0.330609,0.720795,-1.652242,0.105818,1.053800,-1.139430,0.042930,0.749651,-1.637685]
[ros2_control_node-3] [INFO] [1791434696.230173500] [StateRL]: [ABS-POLICY-CMD] event=command_write clock=steady_clock_ns write_ns=16482584466791 write_id=811 source_session_id=16478219458311 source_policy_cycle_id=201 source_mode=0 action_source=1 transition_reason=0 recovery_episode_id=0 q_rad=[-0.042390,0.816051,-1.260894,0.330609,0.720795,-1.652242,0.105818,1.053800,-1.139430,0.042930,0.749651,-1.637685]
[ros2_control_node-3] [INFO] [1791434696.247036909] [StateRL]: [ABS-POLICY-CMD] event=command_write clock=steady_clock_ns write_ns=16482601316395 write_id=812 source_session_id=16478219458311 source_policy_cycle_id=202 source_mode=0 action_source=1 transition_reason=0 recovery_episode_id=0 q_rad=[0.007124,0.890534,-1.104261,0.249627,0.591379,-1.847231,0.089524,1.166830,-1.252287,-0.165535,0.922001,-1.605033]
[ros2_control_node-3] [INFO] [1791434696.249687859] [StateRL]: [ABS-POLICY-CMD] event=command_write clock=steady_clock_ns write_ns=16482603970704 write_id=813 source_session_id=16478219458311 source_policy_cycle_id=202 source_mode=0 action_source=1 transition_reason=0 recovery_episode_id=0 q_rad=[0.007124,0.890534,-1.104261,0.249627,0.591379,-1.847231,0.089524,1.166830,-1.252287,-0.165535,0.922001,-1.605033]
[ros2_control_node-3] [INFO] [1791434696.251111035] [StateRL]: [ABS-POLICY-CMD] event=command_write clock=steady_clock_ns write_ns=16482605403155 write_id=814 source_session_id=16478219458311 source_policy_cycle_id=202 source_mode=0 action_source=1 transition_reason=0 recovery_episode_id=0 q_rad=[0.007124,0.890534,-1.104261,0.249627,0.591379,-1.847231,0.089524,1.166830,-1.252287,-0.165535,0.922001,-1.605033]
[ros2_control_node-3] [INFO] [1791434696.252752867] [StateRL]: [ABS-POLICY-CMD] event=command_write clock=steady_clock_ns write_ns=16482607045976 write_id=815 source_session_id=16478219458311 source_policy_cycle_id=202 source_mode=0 action_source=1 transition_reason=0 recovery_episode_id=0 q_rad=[0.007124,0.890534,-1.104261,0.249627,0.591379,-1.847231,0.089524,1.166830,-1.252287,-0.165535,0.922001,-1.605033]
[ros2_control_node-3] [INFO] [1791434696.270651078] [StateRL]: [ABS-POLICY-CMD] event=command_write clock=steady_clock_ns write_ns=16482624931567 write_id=816 source_session_id=16478219458311 source_policy_cycle_id=203 source_mode=0 action_source=1 transition_reason=0 recovery_episode_id=0 q_rad=[-0.058758,0.927954,-1.019484,0.195063,0.407641,-1.935350,0.155841,1.130514,-1.038802,-0.226092,1.023568,-1.527807]
[ros2_control_node-3] [INFO] [1791434696.272946840] [StateRL]: [ABS-POLICY-CMD] event=command_write clock=steady_clock_ns write_ns=16482627223807 write_id=817 source_session_id=16478219458311 source_policy_cycle_id=203 source_mode=0 action_source=1 transition_reason=0 recovery_episode_id=0 q_rad=[-0.058758,0.927954,-1.019484,0.195063,0.407641,-1.935350,0.155841,1.130514,-1.038802,-0.226092,1.023568,-1.527807]
[ros2_control_node-3] [INFO] [1791434696.275390899] [StateRL]: [ABS-POLICY-CMD] event=command_write clock=steady_clock_ns write_ns=16482629678535 write_id=818 source_session_id=16478219458311 source_policy_cycle_id=203 source_mode=0 action_source=1 transition_reason=0 recovery_episode_id=0 q_rad=[-0.058758,0.927954,-1.019484,0.195063,0.407641,-1.935350,0.155841,1.130514,-1.038802,-0.226092,1.023568,-1.527807]
[ros2_control_node-3] [INFO] [1791434696.276535154] [StateRL]: [ABS-POLICY-CMD] event=command_write clock=steady_clock_ns write_ns=16482630828654 write_id=819 source_session_id=16478219458311 source_policy_cycle_id=203 source_mode=0 action_source=1 transition_reason=0 recovery_episode_id=0 q_rad=[-0.058758,0.927954,-1.019484,0.195063,0.407641,-1.935350,0.155841,1.130514,-1.038802,-0.226092,1.023568,-1.527807]
[ros2_control_node-3] [INFO] [1791434696.292722593] [StateRL]: [ABS-POLICY-CMD] event=command_write clock=steady_clock_ns write_ns=16482646993304 write_id=820 source_session_id=16478219458311 source_policy_cycle_id=204 source_mode=0 action_source=1 transition_reason=0 recovery_episode_id=0 q_rad=[-0.130887,1.072090,-1.011290,0.071453,0.472366,-1.733112,0.127448,1.075171,-0.928885,-0.118312,0.963136,-1.234005]
[ros2_control_node-3] [INFO] [1791434696.294057898] [StateRL]: [ABS-POLICY-CMD] event=command_write clock=steady_clock_ns write_ns=16482648348197 write_id=821 source_session_id=16478219458311 source_policy_cycle_id=204 source_mode=0 action_source=1 transition_reason=0 recovery_episode_id=0 q_rad=[-0.130887,1.072090,-1.011290,0.071453,0.472366,-1.733112,0.127448,1.075171,-0.928885,-0.118312,0.963136,-1.234005]
[ros2_control_node-3] [INFO] [1791434696.295649494] [StateRL]: [ABS-POLICY-CMD] event=command_write clock=steady_clock_ns write_ns=16482649938461 write_id=822 source_session_id=16478219458311 source_policy_cycle_id=204 source_mode=0 action_source=1 transition_reason=0 recovery_episode_id=0 q_rad=[-0.130887,1.072090,-1.011290,0.071453,0.472366,-1.733112,0.127448,1.075171,-0.928885,-0.118312,0.963136,-1.234005]
[ros2_control_node-3] [INFO] [1791434696.295941643] [StateRL]: [ABS-LIVE-CMD] event=rl_command_write clock=steady_clock_ns timestamp_ns=16482650248442 sequence=1100 controller_state=RL rl_active=1 finite=1 kp_zero=0 kd_zero=0 tau_zero=1 veto_reason= q=[-0.1309,1.0721,-1.0113,0.0715,0.4724,-1.7331,0.1274,1.0752,-0.9289,-0.1183,0.9631,-1.2340] kp=[30.0000,30.0000,30.0000,30.0000,30.0000,30.0000,30.0000,30.0000,30.0000,30.0000,30.0000,30.0000] kd=[0.6500,0.6500,0.6500,0.6500,0.6500,0.6500,0.6500,0.6500,0.6500,0.6500,0.6500,0.6500] tau=[0.0000,0.0000,0.0000,0.0000,0.0000,0.0000,0.0000,0.0000,0.0000,0.0000,0.0000,0.0000]
[ros2_control_node-3] [INFO] [1791434696.297816433] [StateRL]: [ABS-POLICY-CMD] event=command_write clock=steady_clock_ns write_ns=16482652107570 write_id=823 source_session_id=16478219458311 source_policy_cycle_id=204 source_mode=0 action_source=1 transition_reason=0 recovery_episode_id=0 q_rad=[-0.130887,1.072090,-1.011290,0.071453,0.472366,-1.733112,0.127448,1.075171,-0.928885,-0.118312,0.963136,-1.234005]
[ros2_control_node-3] [INFO] [1791434696.323818228] [StateRL]: [ABS-POLICY-CMD] event=command_write clock=steady_clock_ns write_ns=16482678075668 write_id=824 source_session_id=16478219458311 source_policy_cycle_id=205 source_mode=0 action_source=1 transition_reason=0 recovery_episode_id=0 q_rad=[-0.128005,1.188684,-1.098746,0.094753,0.575635,-1.537866,0.034188,1.230366,-0.942481,-0.050996,0.941831,-1.074385]
[ros2_control_node-3] [INFO] [1791434696.325706964] [StateRL]: [ABS-POLICY-CMD] event=command_write clock=steady_clock_ns write_ns=16482679986720 write_id=825 source_session_id=16478219458311 source_policy_cycle_id=205 source_mode=0 action_source=1 transition_reason=0 recovery_episode_id=0 q_rad=[-0.128005,1.188684,-1.098746,0.094753,0.575635,-1.537866,0.034188,1.230366,-0.942481,-0.050996,0.941831,-1.074385]
[ros2_control_node-3] [INFO] [1791434696.327444527] [StateRL]: [ABS-POLICY-CMD] event=command_write clock=steady_clock_ns write_ns=16482681734690 write_id=826 source_session_id=16478219458311 source_policy_cycle_id=205 source_mode=0 action_source=1 transition_reason=0 recovery_episode_id=0 q_rad=[-0.128005,1.188684,-1.098746,0.094753,0.575635,-1.537866,0.034188,1.230366,-0.942481,-0.050996,0.941831,-1.074385]
[ros2_control_node-3] [INFO] [1791434696.329035017] [StateRL]: [ABS-POLICY-CMD] event=command_write clock=steady_clock_ns write_ns=16482683325271 write_id=827 source_session_id=16478219458311 source_policy_cycle_id=205 source_mode=0 action_source=1 transition_reason=0 recovery_episode_id=0 q_rad=[-0.128005,1.188684,-1.098746,0.094753,0.575635,-1.537866,0.034188,1.230366,-0.942481,-0.050996,0.941831,-1.074385]
[ros2_control_node-3] [INFO] [1791434696.347652315] [StateRL]: [ABS-POLICY-CMD] event=command_write clock=steady_clock_ns write_ns=16482701930443 write_id=828 source_session_id=16478219458311 source_policy_cycle_id=206 source_mode=0 action_source=1 transition_reason=0 recovery_episode_id=0 q_rad=[0.108655,1.009120,-0.937193,0.146372,0.701391,-1.326630,-0.387073,1.373337,-1.209544,0.047939,0.916214,-0.915592]
[ros2_control_node-3] [INFO] [1791434696.350176557] [StateRL]: [ABS-POLICY-CMD] event=command_write clock=steady_clock_ns write_ns=16482704462640 write_id=829 source_session_id=16478219458311 source_policy_cycle_id=206 source_mode=0 action_source=1 transition_reason=0 recovery_episode_id=0 q_rad=[0.108655,1.009120,-0.937193,0.146372,0.701391,-1.326630,-0.387073,1.373337,-1.209544,0.047939,0.916214,-0.915592]
[ros2_control_node-3] [INFO] [1791434696.352266992] [StateRL]: [ABS-POLICY-CMD] event=command_write clock=steady_clock_ns write_ns=16482706558730 write_id=830 source_session_id=16478219458311 source_policy_cycle_id=206 source_mode=0 action_source=1 transition_reason=0 recovery_episode_id=0 q_rad=[0.108655,1.009120,-0.937193,0.146372,0.701391,-1.326630,-0.387073,1.373337,-1.209544,0.047939,0.916214,-0.915592]
[ros2_control_node-3] [INFO] [1791434696.354148716] [StateRL]: [ABS-POLICY-CMD] event=command_write clock=steady_clock_ns write_ns=16482708440434 write_id=831 source_session_id=16478219458311 source_policy_cycle_id=206 source_mode=0 action_source=1 transition_reason=0 recovery_episode_id=0 q_rad=[0.108655,1.009120,-0.937193,0.146372,0.701391,-1.326630,-0.387073,1.373337,-1.209544,0.047939,0.916214,-0.915592]
[ros2_control_node-3] [INFO] [1791434696.371447752] [StateRL]: [ABS-POLICY-CMD] event=command_write clock=steady_clock_ns write_ns=16482725713595 write_id=832 source_session_id=16478219458311 source_policy_cycle_id=207 source_mode=0 action_source=1 transition_reason=0 recovery_episode_id=0 q_rad=[-0.014399,0.919369,-1.113118,0.055258,0.702662,-1.057934,-0.511901,1.214904,-1.451328,0.196327,1.043792,-0.856625]
[ros2_control_node-3] [INFO] [1791434696.373166096] [StateRL]: [ABS-POLICY-CMD] event=command_write clock=steady_clock_ns write_ns=16482727454828 write_id=833 source_session_id=16478219458311 source_policy_cycle_id=207 source_mode=0 action_source=1 transition_reason=0 recovery_episode_id=0 q_rad=[-0.014399,0.919369,-1.113118,0.055258,0.702662,-1.057934,-0.511901,1.214904,-1.451328,0.196327,1.043792,-0.856625]
[ros2_control_node-3] [INFO] [1791434696.375567323] [StateRL]: [ABS-POLICY-CMD] event=command_write clock=steady_clock_ns write_ns=16482729848885 write_id=834 source_session_id=16478219458311 source_policy_cycle_id=207 source_mode=0 action_source=1 transition_reason=0 recovery_episode_id=0 q_rad=[-0.014399,0.919369,-1.113118,0.055258,0.702662,-1.057934,-0.511901,1.214904,-1.451328,0.196327,1.043792,-0.856625]
[ros2_control_node-3] [INFO] [1791434696.376308441] [StateRL]: [ABS-POLICY-CMD] event=command_write clock=steady_clock_ns write_ns=16482730602891 write_id=835 source_session_id=16478219458311 source_policy_cycle_id=207 source_mode=0 action_source=1 transition_reason=0 recovery_episode_id=0 q_rad=[-0.014399,0.919369,-1.113118,0.055258,0.702662,-1.057934,-0.511901,1.214904,-1.451328,0.196327,1.043792,-0.856625]
[ros2_control_node-3] [INFO] [1791434696.391621459] [StateRL]: [ABS-POLICY-CMD] event=command_write clock=steady_clock_ns write_ns=16482745881674 write_id=836 source_session_id=16478219458311 source_policy_cycle_id=208 source_mode=0 action_source=1 transition_reason=0 recovery_episode_id=0 q_rad=[-0.303888,1.298290,-1.664475,-0.064344,0.817528,-1.081432,-0.414576,1.110320,-1.620349,0.196471,1.192784,-0.977481]
[ros2_control_node-3] [INFO] [1791434696.394891104] [StateRL]: [ABS-POLICY-CMD] event=command_write clock=steady_clock_ns write_ns=16482749177126 write_id=837 source_session_id=16478219458311 source_policy_cycle_id=208 source_mode=0 action_source=1 transition_reason=0 recovery_episode_id=0 q_rad=[-0.303888,1.298290,-1.664475,-0.064344,0.817528,-1.081432,-0.414576,1.110320,-1.620349,0.196471,1.192784,-0.977481]
[ros2_control_node-3] [INFO] [1791434696.397844765] [StateRL]: [ABS-POLICY-CMD] event=command_write clock=steady_clock_ns write_ns=16482752133072 write_id=838 source_session_id=16478219458311 source_policy_cycle_id=208 source_mode=0 action_source=1 transition_reason=0 recovery_episode_id=0 q_rad=[-0.303888,1.298290,-1.664475,-0.064344,0.817528,-1.081432,-0.414576,1.110320,-1.620349,0.196471,1.192784,-0.977481]
[ros2_control_node-3] [INFO] [1791434696.400156240] [StateRL]: [ABS-POLICY-CMD] event=command_write clock=steady_clock_ns write_ns=16482754445957 write_id=839 source_session_id=16478219458311 source_policy_cycle_id=208 source_mode=0 action_source=1 transition_reason=0 recovery_episode_id=0 q_rad=[-0.303888,1.298290,-1.664475,-0.064344,0.817528,-1.081432,-0.414576,1.110320,-1.620349,0.196471,1.192784,-0.977481]
[ros2_control_node-3] [INFO] [1791434696.425580191] [StateRL]: [ABS-POLICY-CMD] event=command_write clock=steady_clock_ns write_ns=16482779859557 write_id=840 source_session_id=16478219458311 source_policy_cycle_id=209 source_mode=0 action_source=1 transition_reason=0 recovery_episode_id=0 q_rad=[-0.500115,1.138270,-1.785140,-0.179004,0.895103,-1.174329,-0.439358,0.825844,-1.599782,-0.024077,0.956836,-0.883403]
[ros2_control_node-3] [INFO] [1791434696.426368384] [StateRL]: [ABS-POLICY-CMD] event=command_write clock=steady_clock_ns write_ns=16482780661773 write_id=841 source_session_id=16478219458311 source_policy_cycle_id=209 source_mode=0 action_source=1 transition_reason=0 recovery_episode_id=0 q_rad=[-0.500115,1.138270,-1.785140,-0.179004,0.895103,-1.174329,-0.439358,0.825844,-1.599782,-0.024077,0.956836,-0.883403]
[ros2_control_node-3] [INFO] [1791434696.427795742] [StateRL]: [ABS-POLICY-CMD] event=command_write clock=steady_clock_ns write_ns=16482782088278 write_id=842 source_session_id=16478219458311 source_policy_cycle_id=209 source_mode=0 action_source=1 transition_reason=0 recovery_episode_id=0 q_rad=[-0.500115,1.138270,-1.785140,-0.179004,0.895103,-1.174329,-0.439358,0.825844,-1.599782,-0.024077,0.956836,-0.883403]
[ros2_control_node-3] [INFO] [1791434696.430163110] [StateRL]: [ABS-POLICY-CMD] event=command_write clock=steady_clock_ns write_ns=16482784456696 write_id=843 source_session_id=16478219458311 source_policy_cycle_id=209 source_mode=0 action_source=1 transition_reason=0 recovery_episode_id=0 q_rad=[-0.500115,1.138270,-1.785140,-0.179004,0.895103,-1.174329,-0.439358,0.825844,-1.599782,-0.024077,0.956836,-0.883403]
[ros2_control_node-3] [INFO] [1791434696.436198841] [StateRL]: [TWIST-GD] 梯度下降恢复速度优化 | 初始=[1.46,-0.34,0.04] 最终=[0.97,-0.30,0.54] 目标=(2.97,0.56) RA迭代=[-0.0249,-0.2288,-0.2276] 中心射线=2.58
[ros2_control_node-3] [WARN] [1791434696.436823584] [StateRL]: [RA-REC] 进入恢复 | mode=paper_faithful_switch 风险值 ra=-0.0249 进入阈值=-0.0500 恢复速度=[0.97,-0.30,0.54] 保持步数=30
[ros2_control_node-3] [INFO] [1791434696.455628493] [StateRL]: [ABS-POLICY-CMD] event=recovery_command_issued clock=steady_clock_ns write_ns=16482809895362 write_id=844 source_session_id=16478219458311 source_policy_cycle_id=210 source_mode=1 action_source=2 transition_reason=1 recovery_episode_id=3 q_rad=[-0.150523,0.666530,-2.071680,0.175023,0.551214,-2.013246,-0.666666,1.098920,-1.641094,-0.007614,0.922963,-1.571871]
[ros2_control_node-3] [INFO] [1791434696.458064196] [StateRL]: [ABS-POLICY-CMD] event=command_write clock=steady_clock_ns write_ns=16482812331606 write_id=845 source_session_id=16478219458311 source_policy_cycle_id=210 source_mode=1 action_source=2 transition_reason=1 recovery_episode_id=3 q_rad=[-0.150523,0.666530,-2.071680,0.175023,0.551214,-2.013246,-0.666666,1.098920,-1.641094,-0.007614,0.922963,-1.571871]
[ros2_control_node-3] [INFO] [1791434696.459744674] [StateRL]: [ABS-POLICY-CMD] event=command_write clock=steady_clock_ns write_ns=16482814028859 write_id=846 source_session_id=16478219458311 source_policy_cycle_id=210 source_mode=1 action_source=2 transition_reason=1 recovery_episode_id=3 q_rad=[-0.150523,0.666530,-2.071680,0.175023,0.551214,-2.013246,-0.666666,1.098920,-1.641094,-0.007614,0.922963,-1.571871]
[ros2_control_node-3] [INFO] [1791434696.461839559] [StateRL]: [ABS-POLICY-CMD] event=command_write clock=steady_clock_ns write_ns=16482816126413 write_id=847 source_session_id=16478219458311 source_policy_cycle_id=210 source_mode=1 action_source=2 transition_reason=1 recovery_episode_id=3 q_rad=[-0.150523,0.666530,-2.071680,0.175023,0.551214,-2.013246,-0.666666,1.098920,-1.641094,-0.007614,0.922963,-1.571871]
[ros2_control_node-3] [INFO] [1791434696.461893715] [StateRL]: [ABS-LIVE-CMD] event=rl_command_write clock=steady_clock_ns timestamp_ns=16482816200670 sequence=1125 controller_state=RL rl_active=1 finite=1 kp_zero=0 kd_zero=0 tau_zero=1 veto_reason= q=[-0.1505,0.6665,-2.0717,0.1750,0.5512,-2.0132,-0.6667,1.0989,-1.6411,-0.0076,0.9230,-1.5719] kp=[30.0000,30.0000,30.0000,30.0000,30.0000,30.0000,30.0000,30.0000,30.0000,30.0000,30.0000,30.0000] kd=[0.6500,0.6500,0.6500,0.6500,0.6500,0.6500,0.6500,0.6500,0.6500,0.6500,0.6500,0.6500] tau=[0.0000,0.0000,0.0000,0.0000,0.0000,0.0000,0.0000,0.0000,0.0000,0.0000,0.0000,0.0000]
[ros2_control_node-3] [INFO] [1791434696.481792983] [StateRL]: [ABS-POLICY-CMD] event=command_write clock=steady_clock_ns write_ns=16482836076741 write_id=848 source_session_id=16478219458311 source_policy_cycle_id=211 source_mode=1 action_source=2 transition_reason=0 recovery_episode_id=3 q_rad=[-0.232645,0.381193,-1.978812,0.278476,0.547133,-1.966861,-0.653371,1.003017,-1.549586,0.110458,1.052442,-1.691282]
[ros2_control_node-3] [INFO] [1791434696.484767399] [StateRL]: [ABS-POLICY-CMD] event=command_write clock=steady_clock_ns write_ns=16482839053042 write_id=849 source_session_id=16478219458311 source_policy_cycle_id=211 source_mode=1 action_source=2 transition_reason=0 recovery_episode_id=3 q_rad=[-0.232645,0.381193,-1.978812,0.278476,0.547133,-1.966861,-0.653371,1.003017,-1.549586,0.110458,1.052442,-1.691282]
[ros2_control_node-3] [INFO] [1791434696.485570829] [StateRL]: [ABS-POLICY-CMD] event=command_write clock=steady_clock_ns write_ns=16482839864093 write_id=850 source_session_id=16478219458311 source_policy_cycle_id=211 source_mode=1 action_source=2 transition_reason=0 recovery_episode_id=3 q_rad=[-0.232645,0.381193,-1.978812,0.278476,0.547133,-1.966861,-0.653371,1.003017,-1.549586,0.110458,1.052442,-1.691282]
[ros2_control_node-3] [INFO] [1791434696.486887771] [StateRL]: [ABS-POLICY-CMD] event=command_write clock=steady_clock_ns write_ns=16482841179440 write_id=851 source_session_id=16478219458311 source_policy_cycle_id=211 source_mode=1 action_source=2 transition_reason=0 recovery_episode_id=3 q_rad=[-0.232645,0.381193,-1.978812,0.278476,0.547133,-1.966861,-0.653371,1.003017,-1.549586,0.110458,1.052442,-1.691282]
[ros2_control_node-3] [INFO] [1791434696.488346629] [StateRL]: [RA-REC] 退出恢复 | mode=paper_faithful_switch 风险值 ra=-0.4663 < 退出阈值=-0.0500, 回到敏捷策略
[ros2_control_node-3] [INFO] [1791434696.500723504] [StateRL]: [ABS-POLICY-CMD] event=command_write clock=steady_clock_ns write_ns=16482854966322 write_id=852 source_session_id=16478219458311 source_policy_cycle_id=212 source_mode=0 action_source=1 transition_reason=2 recovery_episode_id=0 q_rad=[0.063932,0.893060,-1.487062,-0.158025,1.003627,-1.417878,-0.033531,1.252679,-1.503285,0.070400,1.121399,-1.723458]
[ros2_control_node-3] [INFO] [1791434696.504521829] [StateRL]: [ABS-POLICY-CMD] event=command_write clock=steady_clock_ns write_ns=16482858811244 write_id=853 source_session_id=16478219458311 source_policy_cycle_id=212 source_mode=0 action_source=1 transition_reason=2 recovery_episode_id=0 q_rad=[0.063932,0.893060,-1.487062,-0.158025,1.003627,-1.417878,-0.033531,1.252679,-1.503285,0.070400,1.121399,-1.723458]
[ros2_control_node-3] [INFO] [1791434696.506161325] [StateRL]: [ABS-POLICY-CMD] event=command_write clock=steady_clock_ns write_ns=16482860451691 write_id=854 source_session_id=16478219458311 source_policy_cycle_id=212 source_mode=0 action_source=1 transition_reason=2 recovery_episode_id=0 q_rad=[0.063932,0.893060,-1.487062,-0.158025,1.003627,-1.417878,-0.033531,1.252679,-1.503285,0.070400,1.121399,-1.723458]
[ros2_control_node-3] [INFO] [1791434696.508412376] [StateRL]: [ABS-POLICY-CMD] event=command_write clock=steady_clock_ns write_ns=16482862699044 write_id=855 source_session_id=16478219458311 source_policy_cycle_id=212 source_mode=0 action_source=1 transition_reason=2 recovery_episode_id=0 q_rad=[0.063932,0.893060,-1.487062,-0.158025,1.003627,-1.417878,-0.033531,1.252679,-1.503285,0.070400,1.121399,-1.723458]
[ros2_control_node-3] [INFO] [1791434696.524999163] [StateRL]: [ABS-POLICY-CMD] event=command_write clock=steady_clock_ns write_ns=16482879279790 write_id=856 source_session_id=16478219458311 source_policy_cycle_id=213 source_mode=0 action_source=1 transition_reason=0 recovery_episode_id=0 q_rad=[0.068125,0.988852,-1.445529,-0.151038,1.113256,-1.321329,0.010857,1.216397,-1.537675,0.148165,1.125664,-1.794994]
[ros2_control_node-3] [INFO] [1791434696.526862434] [StateRL]: [ABS-POLICY-CMD] event=command_write clock=steady_clock_ns write_ns=16482881151329 write_id=857 source_session_id=16478219458311 source_policy_cycle_id=213 source_mode=0 action_source=1 transition_reason=0 recovery_episode_id=0 q_rad=[0.068125,0.988852,-1.445529,-0.151038,1.113256,-1.321329,0.010857,1.216397,-1.537675,0.148165,1.125664,-1.794994]
[ros2_control_node-3] [INFO] [1791434696.528219780] [StateRL]: [ABS-POLICY-CMD] event=command_write clock=steady_clock_ns write_ns=16482882510742 write_id=858 source_session_id=16478219458311 source_policy_cycle_id=213 source_mode=0 action_source=1 transition_reason=0 recovery_episode_id=0 q_rad=[0.068125,0.988852,-1.445529,-0.151038,1.113256,-1.321329,0.010857,1.216397,-1.537675,0.148165,1.125664,-1.794994]
[ros2_control_node-3] [INFO] [1791434696.530032230] [StateRL]: [ABS-POLICY-CMD] event=command_write clock=steady_clock_ns write_ns=16482884322162 write_id=859 source_session_id=16478219458311 source_policy_cycle_id=213 source_mode=0 action_source=1 transition_reason=0 recovery_episode_id=0 q_rad=[0.068125,0.988852,-1.445529,-0.151038,1.113256,-1.321329,0.010857,1.216397,-1.537675,0.148165,1.125664,-1.794994]
[ros2_control_node-3] [INFO] [1791434696.553564522] [StateRL]: [ABS-POLICY-CMD] event=command_write clock=steady_clock_ns write_ns=16482907835298 write_id=860 source_session_id=16478219458311 source_policy_cycle_id=214 source_mode=0 action_source=1 transition_reason=0 recovery_episode_id=0 q_rad=[-0.012062,0.717894,-1.350613,0.222598,0.830401,-1.478821,0.064469,1.117003,-1.382256,0.073974,0.967949,-1.801135]
[ros2_control_node-3] [INFO] [1791434696.556671363] [StateRL]: [ABS-POLICY-CMD] event=command_write clock=steady_clock_ns write_ns=16482910958449 write_id=861 source_session_id=16478219458311 source_policy_cycle_id=214 source_mode=0 action_source=1 transition_reason=0 recovery_episode_id=0 q_rad=[-0.012062,0.717894,-1.350613,0.222598,0.830401,-1.478821,0.064469,1.117003,-1.382256,0.073974,0.967949,-1.801135]
[ros2_control_node-3] [INFO] [1791434696.559484594] [StateRL]: [ABS-POLICY-CMD] event=command_write clock=steady_clock_ns write_ns=16482913766046 write_id=862 source_session_id=16478219458311 source_policy_cycle_id=214 source_mode=0 action_source=1 transition_reason=0 recovery_episode_id=0 q_rad=[-0.012062,0.717894,-1.350613,0.222598,0.830401,-1.478821,0.064469,1.117003,-1.382256,0.073974,0.967949,-1.801135]
[ros2_control_node-3] [INFO] [1791434696.560163161] [StateRL]: [ABS-POLICY-CMD] event=command_write clock=steady_clock_ns write_ns=16482914458967 write_id=863 source_session_id=16478219458311 source_policy_cycle_id=214 source_mode=0 action_source=1 transition_reason=0 recovery_episode_id=0 q_rad=[-0.012062,0.717894,-1.350613,0.222598,0.830401,-1.478821,0.064469,1.117003,-1.382256,0.073974,0.967949,-1.801135]
[ros2_control_node-3] [INFO] [1791434696.583773211] [StateRL]: [ABS-POLICY-CMD] event=command_write clock=steady_clock_ns write_ns=16482938033679 write_id=864 source_session_id=16478219458311 source_policy_cycle_id=215 source_mode=0 action_source=1 transition_reason=0 recovery_episode_id=0 q_rad=[-0.086988,0.946796,-1.313877,0.181779,0.893597,-1.729434,0.098386,0.997706,-1.017501,-0.072156,0.969058,-1.830924]
[ros2_control_node-3] [INFO] [1791434696.587859090] [StateRL]: [ABS-POLICY-CMD] event=command_write clock=steady_clock_ns write_ns=16482942145503 write_id=865 source_session_id=16478219458311 source_policy_cycle_id=215 source_mode=0 action_source=1 transition_reason=0 recovery_episode_id=0 q_rad=[-0.086988,0.946796,-1.313877,0.181779,0.893597,-1.729434,0.098386,0.997706,-1.017501,-0.072156,0.969058,-1.830924]
[ros2_control_node-3] [INFO] [1791434696.590177145] [StateRL]: [ABS-POLICY-CMD] event=command_write clock=steady_clock_ns write_ns=16482944469778 write_id=866 source_session_id=16478219458311 source_policy_cycle_id=215 source_mode=0 action_source=1 transition_reason=0 recovery_episode_id=0 q_rad=[-0.086988,0.946796,-1.313877,0.181779,0.893597,-1.729434,0.098386,0.997706,-1.017501,-0.072156,0.969058,-1.830924]
[ros2_control_node-3] [INFO] [1791434696.591583777] [StateRL]: [ABS-POLICY-CMD] event=command_write clock=steady_clock_ns write_ns=16482945875865 write_id=867 source_session_id=16478219458311 source_policy_cycle_id=215 source_mode=0 action_source=1 transition_reason=0 recovery_episode_id=0 q_rad=[-0.086988,0.946796,-1.313877,0.181779,0.893597,-1.729434,0.098386,0.997706,-1.017501,-0.072156,0.969058,-1.830924]
[ros2_control_node-3] [INFO] [1791434696.607256106] [StateRL]: [ABS-POLICY-CMD] event=command_write clock=steady_clock_ns write_ns=16482961538785 write_id=868 source_session_id=16478219458311 source_policy_cycle_id=216 source_mode=0 action_source=1 transition_reason=0 recovery_episode_id=0 q_rad=[-0.165355,1.260887,-1.353124,0.014709,0.940754,-1.802600,0.202296,1.167471,-1.112918,-0.109756,1.134510,-1.715117]
[ros2_control_node-3] [INFO] [1791434696.608566015] [StateRL]: [ABS-POLICY-CMD] event=command_write clock=steady_clock_ns write_ns=16482962851253 write_id=869 source_session_id=16478219458311 source_policy_cycle_id=216 source_mode=0 action_source=1 transition_reason=0 recovery_episode_id=0 q_rad=[-0.165355,1.260887,-1.353124,0.014709,0.940754,-1.802600,0.202296,1.167471,-1.112918,-0.109756,1.134510,-1.715117]
[ros2_control_node-3] [INFO] [1791434696.610509208] [StateRL]: [ABS-POLICY-CMD] event=command_write clock=steady_clock_ns write_ns=16482964796261 write_id=870 source_session_id=16478219458311 source_policy_cycle_id=216 source_mode=0 action_source=1 transition_reason=0 recovery_episode_id=0 q_rad=[-0.165355,1.260887,-1.353124,0.014709,0.940754,-1.802600,0.202296,1.167471,-1.112918,-0.109756,1.134510,-1.715117]
[ros2_control_node-3] [INFO] [1791434696.612351943] [StateRL]: [ABS-POLICY-CMD] event=command_write clock=steady_clock_ns write_ns=16482966642282 write_id=871 source_session_id=16478219458311 source_policy_cycle_id=216 source_mode=0 action_source=1 transition_reason=0 recovery_episode_id=0 q_rad=[-0.165355,1.260887,-1.353124,0.014709,0.940754,-1.802600,0.202296,1.167471,-1.112918,-0.109756,1.134510,-1.715117]
[ros2_control_node-3] [INFO] [1791434696.626619205] [StateRL]: [ABS-POLICY-CMD] event=command_write clock=steady_clock_ns write_ns=16482980902799 write_id=872 source_session_id=16478219458311 source_policy_cycle_id=217 source_mode=0 action_source=1 transition_reason=0 recovery_episode_id=0 q_rad=[-0.131127,1.235557,-1.292251,-0.223766,1.072352,-1.599934,0.144855,1.224854,-1.274330,-0.042058,1.159100,-1.546981]
[ros2_control_node-3] [INFO] [1791434696.626674699] [StateRL]: [ABS-LIVE-CMD] event=rl_command_write clock=steady_clock_ns timestamp_ns=16482980981640 sequence=1150 controller_state=RL rl_active=1 finite=1 kp_zero=0 kd_zero=0 tau_zero=1 veto_reason= q=[-0.1311,1.2356,-1.2923,-0.2238,1.0724,-1.5999,0.1449,1.2249,-1.2743,-0.0421,1.1591,-1.5470] kp=[30.0000,30.0000,30.0000,30.0000,30.0000,30.0000,30.0000,30.0000,30.0000,30.0000,30.0000,30.0000] kd=[0.6500,0.6500,0.6500,0.6500,0.6500,0.6500,0.6500,0.6500,0.6500,0.6500,0.6500,0.6500] tau=[0.0000,0.0000,0.0000,0.0000,0.0000,0.0000,0.0000,0.0000,0.0000,0.0000,0.0000,0.0000]
[ros2_control_node-3] [INFO] [1791434696.628015726] [StateRL]: [ABS-POLICY-CMD] event=command_write clock=steady_clock_ns write_ns=16482982307891 write_id=873 source_session_id=16478219458311 source_policy_cycle_id=217 source_mode=0 action_source=1 transition_reason=0 recovery_episode_id=0 q_rad=[-0.131127,1.235557,-1.292251,-0.223766,1.072352,-1.599934,0.144855,1.224854,-1.274330,-0.042058,1.159100,-1.546981]
[ros2_control_node-3] [INFO] [1791434696.629806430] [StateRL]: [ABS-POLICY-CMD] event=command_write clock=steady_clock_ns write_ns=16482984098008 write_id=874 source_session_id=16478219458311 source_policy_cycle_id=217 source_mode=0 action_source=1 transition_reason=0 recovery_episode_id=0 q_rad=[-0.131127,1.235557,-1.292251,-0.223766,1.072352,-1.599934,0.144855,1.224854,-1.274330,-0.042058,1.159100,-1.546981]
[ros2_control_node-3] [INFO] [1791434696.632459151] [StateRL]: [ABS-POLICY-CMD] event=command_write clock=steady_clock_ns write_ns=16482986743459 write_id=875 source_session_id=16478219458311 source_policy_cycle_id=217 source_mode=0 action_source=1 transition_reason=0 recovery_episode_id=0 q_rad=[-0.131127,1.235557,-1.292251,-0.223766,1.072352,-1.599934,0.144855,1.224854,-1.274330,-0.042058,1.159100,-1.546981]
[ros2_control_node-3] [INFO] [1791434696.661744542] [StateRL]: [ABS-POLICY-CMD] event=command_write clock=steady_clock_ns write_ns=16483016019374 write_id=876 source_session_id=16478219458311 source_policy_cycle_id=218 source_mode=0 action_source=1 transition_reason=0 recovery_episode_id=0 q_rad=[-0.065684,1.196443,-1.225849,-0.145450,0.990858,-1.649622,0.110858,1.141995,-1.102599,-0.101313,1.131243,-1.443093]
[ros2_control_node-3] [INFO] [1791434696.664420198] [StateRL]: [ABS-POLICY-CMD] event=command_write clock=steady_clock_ns write_ns=16483018707845 write_id=877 source_session_id=16478219458311 source_policy_cycle_id=218 source_mode=0 action_source=1 transition_reason=0 recovery_episode_id=0 q_rad=[-0.065684,1.196443,-1.225849,-0.145450,0.990858,-1.649622,0.110858,1.141995,-1.102599,-0.101313,1.131243,-1.443093]
[ros2_control_node-3] [INFO] [1791434696.667839365] [StateRL]: [ABS-POLICY-CMD] event=command_write clock=steady_clock_ns write_ns=16483022126722 write_id=878 source_session_id=16478219458311 source_policy_cycle_id=218 source_mode=0 action_source=1 transition_reason=0 recovery_episode_id=0 q_rad=[-0.065684,1.196443,-1.225849,-0.145450,0.990858,-1.649622,0.110858,1.141995,-1.102599,-0.101313,1.131243,-1.443093]
[ros2_control_node-3] [INFO] [1791434696.670755850] [StateRL]: [ABS-POLICY-CMD] event=command_write clock=steady_clock_ns write_ns=16483025037202 write_id=879 source_session_id=16478219458311 source_policy_cycle_id=218 source_mode=0 action_source=1 transition_reason=0 recovery_episode_id=0 q_rad=[-0.065684,1.196443,-1.225849,-0.145450,0.990858,-1.649622,0.110858,1.141995,-1.102599,-0.101313,1.131243,-1.443093]
[ros2_control_node-3] [INFO] [1791434696.687666416] [StateRL]: [ABS-POLICY-CMD] event=command_write clock=steady_clock_ns write_ns=16483041924670 write_id=880 source_session_id=16478219458311 source_policy_cycle_id=219 source_mode=0 action_source=1 transition_reason=0 recovery_episode_id=0 q_rad=[-0.053410,1.258759,-1.525010,-0.164984,1.134222,-1.542686,0.109330,1.257736,-1.295033,-0.048293,1.189012,-1.591200]
[ros2_control_node-3] [INFO] [1791434696.691309615] [StateRL]: [ABS-POLICY-CMD] event=command_write clock=steady_clock_ns write_ns=16483045590922 write_id=881 source_session_id=16478219458311 source_policy_cycle_id=219 source_mode=0 action_source=1 transition_reason=0 recovery_episode_id=0 q_rad=[-0.053410,1.258759,-1.525010,-0.164984,1.134222,-1.542686,0.109330,1.257736,-1.295033,-0.048293,1.189012,-1.591200]
[ros2_control_node-3] [INFO] [1791434696.694268525] [StateRL]: [ABS-POLICY-CMD] event=command_write clock=steady_clock_ns write_ns=16483048557820 write_id=882 source_session_id=16478219458311 source_policy_cycle_id=219 source_mode=0 action_source=1 transition_reason=0 recovery_episode_id=0 q_rad=[-0.053410,1.258759,-1.525010,-0.164984,1.134222,-1.542686,0.109330,1.257736,-1.295033,-0.048293,1.189012,-1.591200]
[ros2_control_node-3] [INFO] [1791434696.696243553] [StateRL]: [ABS-POLICY-CMD] event=command_write clock=steady_clock_ns write_ns=16483050537043 write_id=883 source_session_id=16478219458311 source_policy_cycle_id=219 source_mode=0 action_source=1 transition_reason=0 recovery_episode_id=0 q_rad=[-0.053410,1.258759,-1.525010,-0.164984,1.134222,-1.542686,0.109330,1.257736,-1.295033,-0.048293,1.189012,-1.591200]
[ros2_control_node-3] [INFO] [1791434696.716710907] [StateRL]: [ABS-POLICY-CMD] event=command_write clock=steady_clock_ns write_ns=16483070960424 write_id=884 source_session_id=16478219458311 source_policy_cycle_id=220 source_mode=0 action_source=1 transition_reason=0 recovery_episode_id=0 q_rad=[-0.042160,1.157274,-1.239729,-0.095063,1.037440,-1.600925,0.046518,1.119800,-1.096776,-0.119924,1.136870,-1.396519]
[ros2_control_node-3] [INFO] [1791434696.721389717] [StateRL]: [ABS-POLICY-CMD] event=command_write clock=steady_clock_ns write_ns=16483075676561 write_id=885 source_session_id=16478219458311 source_policy_cycle_id=220 source_mode=0 action_source=1 transition_reason=0 recovery_episode_id=0 q_rad=[-0.042160,1.157274,-1.239729,-0.095063,1.037440,-1.600925,0.046518,1.119800,-1.096776,-0.119924,1.136870,-1.396519]
[ros2_control_node-3] [INFO] [1791434696.724825636] [StateRL]: [ABS-POLICY-CMD] event=command_write clock=steady_clock_ns write_ns=16483079107878 write_id=886 source_session_id=16478219458311 source_policy_cycle_id=220 source_mode=0 action_source=1 transition_reason=0 recovery_episode_id=0 q_rad=[-0.042160,1.157274,-1.239729,-0.095063,1.037440,-1.600925,0.046518,1.119800,-1.096776,-0.119924,1.136870,-1.396519]
[ros2_control_node-3] [INFO] [1791434696.726564274] [StateRL]: [ABS-POLICY-CMD] event=command_write clock=steady_clock_ns write_ns=16483080854867 write_id=887 source_session_id=16478219458311 source_policy_cycle_id=220 source_mode=0 action_source=1 transition_reason=0 recovery_episode_id=0 q_rad=[-0.042160,1.157274,-1.239729,-0.095063,1.037440,-1.600925,0.046518,1.119800,-1.096776,-0.119924,1.136870,-1.396519]
[ros2_control_node-3] [INFO] [1791434696.747610236] [StateRL]: [ABS-POLICY-CMD] event=command_write clock=steady_clock_ns write_ns=16483101889189 write_id=888 source_session_id=16478219458311 source_policy_cycle_id=221 source_mode=0 action_source=1 transition_reason=0 recovery_episode_id=0 q_rad=[-0.066783,1.189378,-1.258924,-0.054112,1.045869,-1.619069,0.033415,1.150785,-1.074941,-0.112011,1.135061,-1.390097]
[ros2_control_node-3] [INFO] [1791434696.750843025] [StateRL]: [ABS-POLICY-CMD] event=command_write clock=steady_clock_ns write_ns=16483105128400 write_id=889 source_session_id=16478219458311 source_policy_cycle_id=221 source_mode=0 action_source=1 transition_reason=0 recovery_episode_id=0 q_rad=[-0.066783,1.189378,-1.258924,-0.054112,1.045869,-1.619069,0.033415,1.150785,-1.074941,-0.112011,1.135061,-1.390097]
[ros2_control_node-3] [INFO] [1791434696.754528734] [StateRL]: [ABS-POLICY-CMD] event=command_write clock=steady_clock_ns write_ns=16483108705863 write_id=890 source_session_id=16478219458311 source_policy_cycle_id=221 source_mode=0 action_source=1 transition_reason=0 recovery_episode_id=0 q_rad=[-0.066783,1.189378,-1.258924,-0.054112,1.045869,-1.619069,0.033415,1.150785,-1.074941,-0.112011,1.135061,-1.390097]
[ros2_control_node-3] [INFO] [1791434696.756869879] [StateRL]: [ABS-POLICY-CMD] event=command_write clock=steady_clock_ns write_ns=16483111149429 write_id=891 source_session_id=16478219458311 source_policy_cycle_id=221 source_mode=0 action_source=1 transition_reason=0 recovery_episode_id=0 q_rad=[-0.066783,1.189378,-1.258924,-0.054112,1.045869,-1.619069,0.033415,1.150785,-1.074941,-0.112011,1.135061,-1.390097]
[ros2_control_node-3] [INFO] [1791434696.809833069] [StateRL]: [ABS-POLICY-CMD] event=command_write clock=steady_clock_ns write_ns=16483164110528 write_id=892 source_session_id=16478219458311 source_policy_cycle_id=222 source_mode=0 action_source=1 transition_reason=0 recovery_episode_id=0 q_rad=[0.047706,1.072093,-1.196818,0.017686,0.974201,-1.641773,-0.077358,1.071962,-1.042830,-0.163701,1.188954,-1.340983]
[ros2_control_node-3] [INFO] [1791434696.812479651] [StateRL]: [ABS-POLICY-CMD] event=command_write clock=steady_clock_ns write_ns=16483166761052 write_id=893 source_session_id=16478219458311 source_policy_cycle_id=222 source_mode=0 action_source=1 transition_reason=0 recovery_episode_id=0 q_rad=[0.047706,1.072093,-1.196818,0.017686,0.974201,-1.641773,-0.077358,1.071962,-1.042830,-0.163701,1.188954,-1.340983]
[ros2_control_node-3] [INFO] [1791434696.816818710] [StateRL]: [ABS-POLICY-CMD] event=command_write clock=steady_clock_ns write_ns=16483171105180 write_id=894 source_session_id=16478219458311 source_policy_cycle_id=222 source_mode=0 action_source=1 transition_reason=0 recovery_episode_id=0 q_rad=[0.047706,1.072093,-1.196818,0.017686,0.974201,-1.641773,-0.077358,1.071962,-1.042830,-0.163701,1.188954,-1.340983]
[ros2_control_node-3] [INFO] [1791434696.823240110] [StateRL]: [ABS-POLICY-CMD] event=command_write clock=steady_clock_ns write_ns=16483177523586 write_id=895 source_session_id=16478219458311 source_policy_cycle_id=222 source_mode=0 action_source=1 transition_reason=0 recovery_episode_id=0 q_rad=[0.047706,1.072093,-1.196818,0.017686,0.974201,-1.641773,-0.077358,1.071962,-1.042830,-0.163701,1.188954,-1.340983]
[ros2_control_node-3] [INFO] [1791434696.838582524] [StateRL]: [ABS-POLICY-CMD] event=command_write clock=steady_clock_ns write_ns=16483192864418 write_id=896 source_session_id=16478219458311 source_policy_cycle_id=223 source_mode=0 action_source=1 transition_reason=0 recovery_episode_id=0 q_rad=[-0.000815,0.933522,-1.246362,0.228113,1.138046,-1.583737,-0.303266,1.092501,-1.238801,-0.156119,1.244867,-1.293303]
[ros2_control_node-3] [INFO] [1791434696.839417978] [StateRL]: [ABS-POLICY-CMD] event=command_write clock=steady_clock_ns write_ns=16483193710102 write_id=897 source_session_id=16478219458311 source_policy_cycle_id=223 source_mode=0 action_source=1 transition_reason=0 recovery_episode_id=0 q_rad=[-0.000815,0.933522,-1.246362,0.228113,1.138046,-1.583737,-0.303266,1.092501,-1.238801,-0.156119,1.244867,-1.293303]
[ros2_control_node-3] [INFO] [1791434696.839458600] [StateRL]: [ABS-LIVE-CMD] event=rl_command_write clock=steady_clock_ns timestamp_ns=16483193765547 sequence=1175 controller_state=RL rl_active=1 finite=1 kp_zero=0 kd_zero=0 tau_zero=1 veto_reason= q=[-0.0008,0.9335,-1.2464,0.2281,1.1380,-1.5837,-0.3033,1.0925,-1.2388,-0.1561,1.2449,-1.2933] kp=[30.0000,30.0000,30.0000,30.0000,30.0000,30.0000,30.0000,30.0000,30.0000,30.0000,30.0000,30.0000] kd=[0.6500,0.6500,0.6500,0.6500,0.6500,0.6500,0.6500,0.6500,0.6500,0.6500,0.6500,0.6500] tau=[0.0000,0.0000,0.0000,0.0000,0.0000,0.0000,0.0000,0.0000,0.0000,0.0000,0.0000,0.0000]
[ros2_control_node-3] [INFO] [1791434696.840157703] [StateRL]: [ABS-POLICY-CMD] event=command_write clock=steady_clock_ns write_ns=16483194447096 write_id=898 source_session_id=16478219458311 source_policy_cycle_id=223 source_mode=0 action_source=1 transition_reason=0 recovery_episode_id=0 q_rad=[-0.000815,0.933522,-1.246362,0.228113,1.138046,-1.583737,-0.303266,1.092501,-1.238801,-0.156119,1.244867,-1.293303]
[ros2_control_node-3] [INFO] [1791434696.845058091] [StateRL]: [ABS-POLICY-CMD] event=command_write clock=steady_clock_ns write_ns=16483199341255 write_id=899 source_session_id=16478219458311 source_policy_cycle_id=223 source_mode=0 action_source=1 transition_reason=0 recovery_episode_id=0 q_rad=[-0.000815,0.933522,-1.246362,0.228113,1.138046,-1.583737,-0.303266,1.092501,-1.238801,-0.156119,1.244867,-1.293303]
[ros2_control_node-3] [INFO] [1791434696.857716568] [StateRL]: [ABS-POLICY-CMD] event=command_write clock=steady_clock_ns write_ns=16483211953093 write_id=900 source_session_id=16478219458311 source_policy_cycle_id=224 source_mode=0 action_source=1 transition_reason=0 recovery_episode_id=0 q_rad=[0.012886,1.065066,-1.470854,0.002399,1.051890,-1.329937,-0.228949,1.236792,-1.180279,-0.119032,1.165136,-1.359156]
[ros2_control_node-3] [INFO] [1791434696.861258007] [StateRL]: [ABS-POLICY-CMD] event=command_write clock=steady_clock_ns write_ns=16483215260306 write_id=901 source_session_id=16478219458311 source_policy_cycle_id=224 source_mode=0 action_source=1 transition_reason=0 recovery_episode_id=0 q_rad=[0.012886,1.065066,-1.470854,0.002399,1.051890,-1.329937,-0.228949,1.236792,-1.180279,-0.119032,1.165136,-1.359156]
[ros2_control_node-3] [INFO] [1791434696.863543074] [StateRL]: [ABS-POLICY-CMD] event=command_write clock=steady_clock_ns write_ns=16483217835708 write_id=902 source_session_id=16478219458311 source_policy_cycle_id=224 source_mode=0 action_source=1 transition_reason=0 recovery_episode_id=0 q_rad=[0.012886,1.065066,-1.470854,0.002399,1.051890,-1.329937,-0.228949,1.236792,-1.180279,-0.119032,1.165136,-1.359156]
[ros2_control_node-3] [INFO] [1791434696.865374871] [StateRL]: [ABS-POLICY-CMD] event=command_write clock=steady_clock_ns write_ns=16483219668886 write_id=903 source_session_id=16478219458311 source_policy_cycle_id=224 source_mode=0 action_source=1 transition_reason=0 recovery_episode_id=0 q_rad=[0.012886,1.065066,-1.470854,0.002399,1.051890,-1.329937,-0.228949,1.236792,-1.180279,-0.119032,1.165136,-1.359156]
[ros2_control_node-3] [INFO] [1791434696.885560468] [StateRL]: [EVAL] step=225 t=4.500 robot=(4.573,-0.230) yaw=0.476 goal=(7.000,0.000) dist=2.437 body=(2.262,-0.398) heading=-0.415 arrived=0 ra=-0.97186 entry=-0.05000 recovery=0 hold=0 twist=(0.967,-0.299,0.542) min_ray_log=2.585 max_ray_log=2.585 min_ray_m=6.000 lin_vel=(1.042,-0.046,0.240) ang_vel=(-1.778,-1.201,0.612) action_range=(-1.346,1.458) contact=(-1,-1,-1,-1)
[ros2_control_node-3] [INFO] [1791434696.886052300] [StateRL]: [ABS-POLICY-CMD] event=command_write clock=steady_clock_ns write_ns=16483240337859 write_id=904 source_session_id=16478219458311 source_policy_cycle_id=225 source_mode=0 action_source=1 transition_reason=0 recovery_episode_id=0 q_rad=[-0.336454,0.795291,-1.493803,0.164912,1.114791,-1.248670,-0.238753,0.939532,-1.269845,-0.156739,1.002147,-1.135379]
[ros2_control_node-3] [INFO] [1791434696.886872336] [StateRL]: [ABS-POLICY-CMD] event=command_write clock=steady_clock_ns write_ns=16483241161601 write_id=905 source_session_id=16478219458311 source_policy_cycle_id=225 source_mode=0 action_source=1 transition_reason=0 recovery_episode_id=0 q_rad=[-0.336454,0.795291,-1.493803,0.164912,1.114791,-1.248670,-0.238753,0.939532,-1.269845,-0.156739,1.002147,-1.135379]
[ros2_control_node-3] [INFO] [1791434696.887510558] [StateRL]: [ABS-POLICY-CMD] event=command_write clock=steady_clock_ns write_ns=16483241805023 write_id=906 source_session_id=16478219458311 source_policy_cycle_id=225 source_mode=0 action_source=1 transition_reason=0 recovery_episode_id=0 q_rad=[-0.336454,0.795291,-1.493803,0.164912,1.114791,-1.248670,-0.238753,0.939532,-1.269845,-0.156739,1.002147,-1.135379]
[ros2_control_node-3] [INFO] [1791434696.892856323] [StateRL]: [ABS-POLICY-CMD] event=command_write clock=steady_clock_ns write_ns=16483247127466 write_id=907 source_session_id=16478219458311 source_policy_cycle_id=225 source_mode=0 action_source=1 transition_reason=0 recovery_episode_id=0 q_rad=[-0.336454,0.795291,-1.493803,0.164912,1.114791,-1.248670,-0.238753,0.939532,-1.269845,-0.156739,1.002147,-1.135379]
[ros2_control_node-3] [INFO] [1791434696.901238214] [StateRL]: [ABS-POLICY-CMD] event=command_write clock=steady_clock_ns write_ns=16483255521531 write_id=908 source_session_id=16478219458311 source_policy_cycle_id=226 source_mode=0 action_source=1 transition_reason=0 recovery_episode_id=0 q_rad=[-0.232813,0.861258,-1.753872,0.242066,1.119742,-1.156676,-0.361923,0.812634,-1.593668,-0.309377,1.113283,-1.045221]
[ros2_control_node-3] [INFO] [1791434696.903480248] [StateRL]: [ABS-POLICY-CMD] event=command_write clock=steady_clock_ns write_ns=16483257771597 write_id=909 source_session_id=16478219458311 source_policy_cycle_id=226 source_mode=0 action_source=1 transition_reason=0 recovery_episode_id=0 q_rad=[-0.232813,0.861258,-1.753872,0.242066,1.119742,-1.156676,-0.361923,0.812634,-1.593668,-0.309377,1.113283,-1.045221]
[ros2_control_node-3] [INFO] [1791434696.904744791] [StateRL]: [ABS-POLICY-CMD] event=command_write clock=steady_clock_ns write_ns=16483259039294 write_id=910 source_session_id=16478219458311 source_policy_cycle_id=226 source_mode=0 action_source=1 transition_reason=0 recovery_episode_id=0 q_rad=[-0.232813,0.861258,-1.753872,0.242066,1.119742,-1.156676,-0.361923,0.812634,-1.593668,-0.309377,1.113283,-1.045221]
[ros2_control_node-3] [INFO] [1791434696.906531395] [StateRL]: [ABS-POLICY-CMD] event=command_write clock=steady_clock_ns write_ns=16483260820584 write_id=911 source_session_id=16478219458311 source_policy_cycle_id=226 source_mode=0 action_source=1 transition_reason=0 recovery_episode_id=0 q_rad=[-0.232813,0.861258,-1.753872,0.242066,1.119742,-1.156676,-0.361923,0.812634,-1.593668,-0.309377,1.113283,-1.045221]
[ros2_control_node-3] [INFO] [1791434696.922717851] [StateRL]: [ABS-POLICY-CMD] event=command_write clock=steady_clock_ns write_ns=16483276995581 write_id=912 source_session_id=16478219458311 source_policy_cycle_id=227 source_mode=0 action_source=1 transition_reason=0 recovery_episode_id=0 q_rad=[-0.219278,0.895849,-1.916732,0.248193,1.143242,-1.070763,-0.393629,0.755319,-1.707677,-0.343219,1.180462,-1.059170]
[ros2_control_node-3] [INFO] [1791434696.925134224] [StateRL]: [ABS-POLICY-CMD] event=command_write clock=steady_clock_ns write_ns=16483279402285 write_id=913 source_session_id=16478219458311 source_policy_cycle_id=227 source_mode=0 action_source=1 transition_reason=0 recovery_episode_id=0 q_rad=[-0.219278,0.895849,-1.916732,0.248193,1.143242,-1.070763,-0.393629,0.755319,-1.707677,-0.343219,1.180462,-1.059170]
[ros2_control_node-3] [INFO] [1791434696.927565802] [StateRL]: [ABS-POLICY-CMD] event=command_write clock=steady_clock_ns write_ns=16483281849112 write_id=914 source_session_id=16478219458311 source_policy_cycle_id=227 source_mode=0 action_source=1 transition_reason=0 recovery_episode_id=0 q_rad=[-0.219278,0.895849,-1.916732,0.248193,1.143242,-1.070763,-0.393629,0.755319,-1.707677,-0.343219,1.180462,-1.059170]
[ros2_control_node-3] [INFO] [1791434696.929373667] [StateRL]: [ABS-POLICY-CMD] event=command_write clock=steady_clock_ns write_ns=16483283667758 write_id=915 source_session_id=16478219458311 source_policy_cycle_id=227 source_mode=0 action_source=1 transition_reason=0 recovery_episode_id=0 q_rad=[-0.219278,0.895849,-1.916732,0.248193,1.143242,-1.070763,-0.393629,0.755319,-1.707677,-0.343219,1.180462,-1.059170]
[ros2_control_node-3] [INFO] [1791434696.951638222] [StateRL]: [ABS-POLICY-CMD] event=command_write clock=steady_clock_ns write_ns=16483305920437 write_id=916 source_session_id=16478219458311 source_policy_cycle_id=228 source_mode=0 action_source=1 transition_reason=0 recovery_episode_id=0 q_rad=[-0.282576,0.617646,-1.986894,0.128516,1.158014,-0.884287,-0.291914,0.716874,-1.707217,-0.125807,1.313355,-1.247919]
[ros2_control_node-3] [INFO] [1791434696.954134473] [StateRL]: [ABS-POLICY-CMD] event=command_write clock=steady_clock_ns write_ns=16483308420539 write_id=917 source_session_id=16478219458311 source_policy_cycle_id=228 source_mode=0 action_source=1 transition_reason=0 recovery_episode_id=0 q_rad=[-0.282576,0.617646,-1.986894,0.128516,1.158014,-0.884287,-0.291914,0.716874,-1.707217,-0.125807,1.313355,-1.247919]
[ros2_control_node-3] [INFO] [1791434696.955269572] [StateRL]: [ABS-POLICY-CMD] event=command_write clock=steady_clock_ns write_ns=16483309563350 write_id=918 source_session_id=16478219458311 source_policy_cycle_id=228 source_mode=0 action_source=1 transition_reason=0 recovery_episode_id=0 q_rad=[-0.282576,0.617646,-1.986894,0.128516,1.158014,-0.884287,-0.291914,0.716874,-1.707217,-0.125807,1.313355,-1.247919]
[ros2_control_node-3] [INFO] [1791434696.957899053] [StateRL]: [ABS-POLICY-CMD] event=command_write clock=steady_clock_ns write_ns=16483312189853 write_id=919 source_session_id=16478219458311 source_policy_cycle_id=228 source_mode=0 action_source=1 transition_reason=0 recovery_episode_id=0 q_rad=[-0.282576,0.617646,-1.986894,0.128516,1.158014,-0.884287,-0.291914,0.716874,-1.707217,-0.125807,1.313355,-1.247919]
[ros2_control_node-3] [INFO] [1791434696.973606777] [StateRL]: [ABS-POLICY-CMD] event=command_write clock=steady_clock_ns write_ns=16483327865555 write_id=920 source_session_id=16478219458311 source_policy_cycle_id=229 source_mode=0 action_source=1 transition_reason=0 recovery_episode_id=0 q_rad=[-0.005719,0.540796,-1.519128,-0.092379,1.235388,-0.951478,-0.171392,1.177720,-1.574580,0.177520,1.334298,-1.766106]
[ros2_control_node-3] [INFO] [1791434696.977252062] [StateRL]: [ABS-POLICY-CMD] event=command_write clock=steady_clock_ns write_ns=16483331530021 write_id=921 source_session_id=16478219458311 source_policy_cycle_id=229 source_mode=0 action_source=1 transition_reason=0 recovery_episode_id=0 q_rad=[-0.005719,0.540796,-1.519128,-0.092379,1.235388,-0.951478,-0.171392,1.177720,-1.574580,0.177520,1.334298,-1.766106]
[ros2_control_node-3] [INFO] [1791434696.977926592] [StateRL]: [ABS-POLICY-CMD] event=command_write clock=steady_clock_ns write_ns=16483332219555 write_id=922 source_session_id=16478219458311 source_policy_cycle_id=229 source_mode=0 action_source=1 transition_reason=0 recovery_episode_id=0 q_rad=[-0.005719,0.540796,-1.519128,-0.092379,1.235388,-0.951478,-0.171392,1.177720,-1.574580,0.177520,1.334298,-1.766106]
[ros2_control_node-3] [INFO] [1791434696.977963777] [StateRL]: [ABS-LIVE-CMD] event=rl_command_write clock=steady_clock_ns timestamp_ns=16483332270740 sequence=1200 controller_state=RL rl_active=1 finite=1 kp_zero=0 kd_zero=0 tau_zero=1 veto_reason= q=[-0.0057,0.5408,-1.5191,-0.0924,1.2354,-0.9515,-0.1714,1.1777,-1.5746,0.1775,1.3343,-1.7661] kp=[30.0000,30.0000,30.0000,30.0000,30.0000,30.0000,30.0000,30.0000,30.0000,30.0000,30.0000,30.0000] kd=[0.6500,0.6500,0.6500,0.6500,0.6500,0.6500,0.6500,0.6500,0.6500,0.6500,0.6500,0.6500] tau=[0.0000,0.0000,0.0000,0.0000,0.0000,0.0000,0.0000,0.0000,0.0000,0.0000,0.0000,0.0000]
[ros2_control_node-3] [INFO] [1791434696.978586156] [StateRL]: [ABS-POLICY-CMD] event=command_write clock=steady_clock_ns write_ns=16483332879857 write_id=923 source_session_id=16478219458311 source_policy_cycle_id=229 source_mode=0 action_source=1 transition_reason=0 recovery_episode_id=0 q_rad=[-0.005719,0.540796,-1.519128,-0.092379,1.235388,-0.951478,-0.171392,1.177720,-1.574580,0.177520,1.334298,-1.766106]
[ros2_control_node-3] [INFO] [1791434696.995767861] [StateRL]: [ABS-POLICY-CMD] event=command_write clock=steady_clock_ns write_ns=16483350027650 write_id=924 source_session_id=16478219458311 source_policy_cycle_id=230 source_mode=0 action_source=1 transition_reason=0 recovery_episode_id=0 q_rad=[0.330953,0.658623,-1.420476,0.067803,0.961715,-0.837760,-0.073507,1.060434,-1.717245,0.339681,0.976961,-1.986720]
[ros2_control_node-3] [INFO] [1791434696.999123385] [StateRL]: [ABS-POLICY-CMD] event=command_write clock=steady_clock_ns write_ns=16483353387144 write_id=925 source_session_id=16478219458311 source_policy_cycle_id=230 source_mode=0 action_source=1 transition_reason=0 recovery_episode_id=0 q_rad=[0.330953,0.658623,-1.420476,0.067803,0.961715,-0.837760,-0.073507,1.060434,-1.717245,0.339681,0.976961,-1.986720]
[ros2_control_node-3] [INFO] [1791434697.001969923] [StateRL]: [ABS-POLICY-CMD] event=command_write clock=steady_clock_ns write_ns=16483356258016 write_id=926 source_session_id=16478219458311 source_policy_cycle_id=230 source_mode=0 action_source=1 transition_reason=0 recovery_episode_id=0 q_rad=[0.330953,0.658623,-1.420476,0.067803,0.961715,-0.837760,-0.073507,1.060434,-1.717245,0.339681,0.976961,-1.986720]
[ros2_control_node-3] [INFO] [1791434697.002623330] [StateRL]: [ABS-POLICY-CMD] event=command_write clock=steady_clock_ns write_ns=16483356918053 write_id=927 source_session_id=16478219458311 source_policy_cycle_id=230 source_mode=0 action_source=1 transition_reason=0 recovery_episode_id=0 q_rad=[0.330953,0.658623,-1.420476,0.067803,0.961715,-0.837760,-0.073507,1.060434,-1.717245,0.339681,0.976961,-1.986720]
[ros2_control_node-3] [INFO] [1791434697.003439098] [StateRL]: [GOAL] 位置=(4.72,-0.19) 偏航=0.57 目标=(7.00,0.00) 距离=2.29 机体系=(2.02,-0.68) 航向=-0.70 path_err=-0.19 path_on=1
[ros2_control_node-3] [INFO] [1791434697.020354972] [StateRL]: [ABS-POLICY-CMD] event=command_write clock=steady_clock_ns write_ns=16483374635661 write_id=928 source_session_id=16478219458311 source_policy_cycle_id=231 source_mode=0 action_source=1 transition_reason=0 recovery_episode_id=0 q_rad=[0.208833,0.687118,-1.213995,0.434292,1.004902,-1.214067,-0.161010,1.119939,-1.541265,0.304249,0.847758,-1.935311]
[ros2_control_node-3] [INFO] [1791434697.023525488] [StateRL]: [ABS-POLICY-CMD] event=command_write clock=steady_clock_ns write_ns=16483377818820 write_id=929 source_session_id=16478219458311 source_policy_cycle_id=231 source_mode=0 action_source=1 transition_reason=0 recovery_episode_id=0 q_rad=[0.208833,0.687118,-1.213995,0.434292,1.004902,-1.214067,-0.161010,1.119939,-1.541265,0.304249,0.847758,-1.935311]
[ros2_control_node-3] [INFO] [1791434697.026382962] [StateRL]: [ABS-POLICY-CMD] event=command_write clock=steady_clock_ns write_ns=16483380662722 write_id=930 source_session_id=16478219458311 source_policy_cycle_id=231 source_mode=0 action_source=1 transition_reason=0 recovery_episode_id=0 q_rad=[0.208833,0.687118,-1.213995,0.434292,1.004902,-1.214067,-0.161010,1.119939,-1.541265,0.304249,0.847758,-1.935311]
[ros2_control_node-3] [INFO] [1791434697.029464671] [StateRL]: [ABS-POLICY-CMD] event=command_write clock=steady_clock_ns write_ns=16483383750808 write_id=931 source_session_id=16478219458311 source_policy_cycle_id=231 source_mode=0 action_source=1 transition_reason=0 recovery_episode_id=0 q_rad=[0.208833,0.687118,-1.213995,0.434292,1.004902,-1.214067,-0.161010,1.119939,-1.541265,0.304249,0.847758,-1.935311]
[ros2_control_node-3] [INFO] [1791434697.066624558] [StateRL]: [ABS-POLICY-CMD] event=command_write clock=steady_clock_ns write_ns=16483420887166 write_id=932 source_session_id=16478219458311 source_policy_cycle_id=232 source_mode=0 action_source=1 transition_reason=0 recovery_episode_id=0 q_rad=[0.339848,1.118787,-1.509994,0.183528,1.060401,-1.574529,-0.177039,1.267929,-1.486615,0.032352,1.131468,-1.786856]
[ros2_control_node-3] [INFO] [1791434697.070158399] [StateRL]: [ABS-POLICY-CMD] event=command_write clock=steady_clock_ns write_ns=16483424439212 write_id=933 source_session_id=16478219458311 source_policy_cycle_id=232 source_mode=0 action_source=1 transition_reason=0 recovery_episode_id=0 q_rad=[0.339848,1.118787,-1.509994,0.183528,1.060401,-1.574529,-0.177039,1.267929,-1.486615,0.032352,1.131468,-1.786856]
[ros2_control_node-3] [INFO] [1791434697.070958242] [StateRL]: [ABS-POLICY-CMD] event=command_write clock=steady_clock_ns write_ns=16483425251636 write_id=934 source_session_id=16478219458311 source_policy_cycle_id=232 source_mode=0 action_source=1 transition_reason=0 recovery_episode_id=0 q_rad=[0.339848,1.118787,-1.509994,0.183528,1.060401,-1.574529,-0.177039,1.267929,-1.486615,0.032352,1.131468,-1.786856]
[ros2_control_node-3] [INFO] [1791434697.071576189] [StateRL]: [ABS-POLICY-CMD] event=command_write clock=steady_clock_ns write_ns=16483425873223 write_id=935 source_session_id=16478219458311 source_policy_cycle_id=232 source_mode=0 action_source=1 transition_reason=0 recovery_episode_id=0 q_rad=[0.339848,1.118787,-1.509994,0.183528,1.060401,-1.574529,-0.177039,1.267929,-1.486615,0.032352,1.131468,-1.786856]
[ros2_control_node-3] [INFO] [1791434697.102645444] [StateRL]: [ABS-POLICY-CMD] event=command_write clock=steady_clock_ns write_ns=16483456920303 write_id=936 source_session_id=16478219458311 source_policy_cycle_id=233 source_mode=0 action_source=1 transition_reason=0 recovery_episode_id=0 q_rad=[0.188569,1.282751,-1.809694,0.191672,0.998088,-1.420722,-0.124640,1.179732,-1.519426,-0.279481,1.267023,-1.342043]
[ros2_control_node-3] [INFO] [1791434697.107706925] [StateRL]: [ABS-POLICY-CMD] event=command_write clock=steady_clock_ns write_ns=16483461980897 write_id=937 source_session_id=16478219458311 source_policy_cycle_id=233 source_mode=0 action_source=1 transition_reason=0 recovery_episode_id=0 q_rad=[0.188569,1.282751,-1.809694,0.191672,0.998088,-1.420722,-0.124640,1.179732,-1.519426,-0.279481,1.267023,-1.342043]
[ros2_control_node-3] [INFO] [1791434697.108357001] [StateRL]: [ABS-POLICY-CMD] event=command_write clock=steady_clock_ns write_ns=16483462650722 write_id=938 source_session_id=16478219458311 source_policy_cycle_id=233 source_mode=0 action_source=1 transition_reason=0 recovery_episode_id=0 q_rad=[0.188569,1.282751,-1.809694,0.191672,0.998088,-1.420722,-0.124640,1.179732,-1.519426,-0.279481,1.267023,-1.342043]
[ros2_control_node-3] [INFO] [1791434697.110572677] [StateRL]: [ABS-POLICY-CMD] event=command_write clock=steady_clock_ns write_ns=16483464863910 write_id=939 source_session_id=16478219458311 source_policy_cycle_id=233 source_mode=0 action_source=1 transition_reason=0 recovery_episode_id=0 q_rad=[0.188569,1.282751,-1.809694,0.191672,0.998088,-1.420722,-0.124640,1.179732,-1.519426,-0.279481,1.267023,-1.342043]
[ros2_control_node-3] [INFO] [1791434697.139526566] [StateRL]: [ABS-POLICY-CMD] event=command_write clock=steady_clock_ns write_ns=16483493809874 write_id=940 source_session_id=16478219458311 source_policy_cycle_id=234 source_mode=0 action_source=1 transition_reason=0 recovery_episode_id=0 q_rad=[0.439279,1.202198,-1.648538,0.142843,1.020047,-1.365027,-0.065420,1.011589,-1.239181,-0.327691,1.323572,-1.410657]
[ros2_control_node-3] [INFO] [1791434697.142684853] [StateRL]: [ABS-POLICY-CMD] event=command_write clock=steady_clock_ns write_ns=16483496962216 write_id=941 source_session_id=16478219458311 source_policy_cycle_id=234 source_mode=0 action_source=1 transition_reason=0 recovery_episode_id=0 q_rad=[0.439279,1.202198,-1.648538,0.142843,1.020047,-1.365027,-0.065420,1.011589,-1.239181,-0.327691,1.323572,-1.410657]
[ros2_control_node-3] [INFO] [1791434697.146731570] [StateRL]: [ABS-POLICY-CMD] event=command_write clock=steady_clock_ns write_ns=16483501019805 write_id=942 source_session_id=16478219458311 source_policy_cycle_id=234 source_mode=0 action_source=1 transition_reason=0 recovery_episode_id=0 q_rad=[0.439279,1.202198,-1.648538,0.142843,1.020047,-1.365027,-0.065420,1.011589,-1.239181,-0.327691,1.323572,-1.410657]
[ros2_control_node-3] [INFO] [1791434697.150384716] [StateRL]: [ABS-POLICY-CMD] event=command_write clock=steady_clock_ns write_ns=16483504654280 write_id=943 source_session_id=16478219458311 source_policy_cycle_id=234 source_mode=0 action_source=1 transition_reason=0 recovery_episode_id=0 q_rad=[0.439279,1.202198,-1.648538,0.142843,1.020047,-1.365027,-0.065420,1.011589,-1.239181,-0.327691,1.323572,-1.410657]
[ros2_control_node-3] [INFO] [1791434697.173198095] [StateRL]: [ABS-POLICY-CMD] event=command_write clock=steady_clock_ns write_ns=16483527481019 write_id=944 source_session_id=16478219458311 source_policy_cycle_id=235 source_mode=0 action_source=1 transition_reason=0 recovery_episode_id=0 q_rad=[0.440995,1.182412,-1.458872,0.070448,0.905396,-1.598448,0.012269,0.994272,-1.102169,-0.226770,1.207804,-1.548710]
[ros2_control_node-3] [INFO] [1791434697.175439368] [StateRL]: [ABS-POLICY-CMD] event=command_write clock=steady_clock_ns write_ns=16483529725144 write_id=945 source_session_id=16478219458311 source_policy_cycle_id=235 source_mode=0 action_source=1 transition_reason=0 recovery_episode_id=0 q_rad=[0.440995,1.182412,-1.458872,0.070448,0.905396,-1.598448,0.012269,0.994272,-1.102169,-0.226770,1.207804,-1.548710]
[ros2_control_node-3] [INFO] [1791434697.177204470] [StateRL]: [ABS-POLICY-CMD] event=command_write clock=steady_clock_ns write_ns=16483531496599 write_id=946 source_session_id=16478219458311 source_policy_cycle_id=235 source_mode=0 action_source=1 transition_reason=0 recovery_episode_id=0 q_rad=[0.440995,1.182412,-1.458872,0.070448,0.905396,-1.598448,0.012269,0.994272,-1.102169,-0.226770,1.207804,-1.548710]
[ros2_control_node-3] [INFO] [1791434697.178682483] [StateRL]: [ABS-POLICY-CMD] event=command_write clock=steady_clock_ns write_ns=16483532976548 write_id=947 source_session_id=16478219458311 source_policy_cycle_id=235 source_mode=0 action_source=1 transition_reason=0 recovery_episode_id=0 q_rad=[0.440995,1.182412,-1.458872,0.070448,0.905396,-1.598448,0.012269,0.994272,-1.102169,-0.226770,1.207804,-1.548710]
[ros2_control_node-3] [INFO] [1791434697.178726911] [StateRL]: [ABS-LIVE-CMD] event=rl_command_write clock=steady_clock_ns timestamp_ns=16483533033905 sequence=1225 controller_state=RL rl_active=1 finite=1 kp_zero=0 kd_zero=0 tau_zero=1 veto_reason= q=[0.4410,1.1824,-1.4589,0.0704,0.9054,-1.5984,0.0123,0.9943,-1.1022,-0.2268,1.2078,-1.5487] kp=[30.0000,30.0000,30.0000,30.0000,30.0000,30.0000,30.0000,30.0000,30.0000,30.0000,30.0000,30.0000] kd=[0.6500,0.6500,0.6500,0.6500,0.6500,0.6500,0.6500,0.6500,0.6500,0.6500,0.6500,0.6500] tau=[0.0000,0.0000,0.0000,0.0000,0.0000,0.0000,0.0000,0.0000,0.0000,0.0000,0.0000,0.0000]
[ros2_control_node-3] [INFO] [1791434697.189014729] [StateRL]: [ABS-POLICY-CMD] event=command_write clock=steady_clock_ns write_ns=16483543302179 write_id=948 source_session_id=16478219458311 source_policy_cycle_id=236 source_mode=0 action_source=1 transition_reason=0 recovery_episode_id=0 q_rad=[0.340218,1.137442,-1.370912,0.156194,0.905432,-1.769238,-0.129183,1.087234,-1.083848,-0.163436,1.229520,-1.384498]
[ros2_control_node-3] [INFO] [1791434697.191867400] [StateRL]: [ABS-POLICY-CMD] event=command_write clock=steady_clock_ns write_ns=16483546155291 write_id=949 source_session_id=16478219458311 source_policy_cycle_id=236 source_mode=0 action_source=1 transition_reason=0 recovery_episode_id=0 q_rad=[0.340218,1.137442,-1.370912,0.156194,0.905432,-1.769238,-0.129183,1.087234,-1.083848,-0.163436,1.229520,-1.384498]
[ros2_control_node-3] [INFO] [1791434697.194769202] [StateRL]: [ABS-POLICY-CMD] event=command_write clock=steady_clock_ns write_ns=16483549051293 write_id=950 source_session_id=16478219458311 source_policy_cycle_id=236 source_mode=0 action_source=1 transition_reason=0 recovery_episode_id=0 q_rad=[0.340218,1.137442,-1.370912,0.156194,0.905432,-1.769238,-0.129183,1.087234,-1.083848,-0.163436,1.229520,-1.384498]
[ros2_control_node-3] [INFO] [1791434697.196112085] [StateRL]: [ABS-POLICY-CMD] event=command_write clock=steady_clock_ns write_ns=16483550405854 write_id=951 source_session_id=16478219458311 source_policy_cycle_id=236 source_mode=0 action_source=1 transition_reason=0 recovery_episode_id=0 q_rad=[0.340218,1.137442,-1.370912,0.156194,0.905432,-1.769238,-0.129183,1.087234,-1.083848,-0.163436,1.229520,-1.384498]
[ros2_control_node-3] [INFO] [1791434697.203999293] [StateRL]: [ABS-POLICY-CMD] event=command_write clock=steady_clock_ns write_ns=16483558270439 write_id=952 source_session_id=16478219458311 source_policy_cycle_id=237 source_mode=0 action_source=1 transition_reason=0 recovery_episode_id=0 q_rad=[0.339195,1.107666,-1.321622,0.206307,0.933280,-1.818205,-0.229022,1.117669,-1.106496,-0.147497,1.248779,-1.322662]
[ros2_control_node-3] [INFO] [1791434697.207347379] [StateRL]: [ABS-POLICY-CMD] event=command_write clock=steady_clock_ns write_ns=16483561616747 write_id=953 source_session_id=16478219458311 source_policy_cycle_id=237 source_mode=0 action_source=1 transition_reason=0 recovery_episode_id=0 q_rad=[0.339195,1.107666,-1.321622,0.206307,0.933280,-1.818205,-0.229022,1.117669,-1.106496,-0.147497,1.248779,-1.322662]
[ros2_control_node-3] [INFO] [1791434697.210018357] [StateRL]: [ABS-POLICY-CMD] event=command_write clock=steady_clock_ns write_ns=16483564308113 write_id=954 source_session_id=16478219458311 source_policy_cycle_id=237 source_mode=0 action_source=1 transition_reason=0 recovery_episode_id=0 q_rad=[0.339195,1.107666,-1.321622,0.206307,0.933280,-1.818205,-0.229022,1.117669,-1.106496,-0.147497,1.248779,-1.322662]
[ros2_control_node-3] [INFO] [1791434697.212098318] [StateRL]: [ABS-POLICY-CMD] event=command_write clock=steady_clock_ns write_ns=16483566391264 write_id=955 source_session_id=16478219458311 source_policy_cycle_id=237 source_mode=0 action_source=1 transition_reason=0 recovery_episode_id=0 q_rad=[0.339195,1.107666,-1.321622,0.206307,0.933280,-1.818205,-0.229022,1.117669,-1.106496,-0.147497,1.248779,-1.322662]
[ros2_control_node-3] [INFO] [1791434697.221975773] [StateRL]: [ABS-POLICY-CMD] event=command_write clock=steady_clock_ns write_ns=16483576257903 write_id=956 source_session_id=16478219458311 source_policy_cycle_id=238 source_mode=0 action_source=1 transition_reason=0 recovery_episode_id=0 q_rad=[0.461877,1.097734,-1.303172,0.167687,0.759126,-1.887566,-0.271797,0.927176,-1.087966,-0.089686,1.187239,-1.185224]
[ros2_control_node-3] [INFO] [1791434697.225185865] [StateRL]: [ABS-POLICY-CMD] event=command_write clock=steady_clock_ns write_ns=16483579473945 write_id=957 source_session_id=16478219458311 source_policy_cycle_id=238 source_mode=0 action_source=1 transition_reason=0 recovery_episode_id=0 q_rad=[0.461877,1.097734,-1.303172,0.167687,0.759126,-1.887566,-0.271797,0.927176,-1.087966,-0.089686,1.187239,-1.185224]
[ros2_control_node-3] [INFO] [1791434697.225848647] [StateRL]: [ABS-POLICY-CMD] event=command_write clock=steady_clock_ns write_ns=16483580140717 write_id=958 source_session_id=16478219458311 source_policy_cycle_id=238 source_mode=0 action_source=1 transition_reason=0 recovery_episode_id=0 q_rad=[0.461877,1.097734,-1.303172,0.167687,0.759126,-1.887566,-0.271797,0.927176,-1.087966,-0.089686,1.187239,-1.185224]
[ros2_control_node-3] [INFO] [1791434697.227977192] [StateRL]: [ABS-POLICY-CMD] event=command_write clock=steady_clock_ns write_ns=16483582270087 write_id=959 source_session_id=16478219458311 source_policy_cycle_id=238 source_mode=0 action_source=1 transition_reason=0 recovery_episode_id=0 q_rad=[0.461877,1.097734,-1.303172,0.167687,0.759126,-1.887566,-0.271797,0.927176,-1.087966,-0.089686,1.187239,-1.185224]
[ros2_control_node-3] [INFO] [1791434697.240934105] [StateRL]: [ABS-POLICY-CMD] event=command_write clock=steady_clock_ns write_ns=16483595212963 write_id=960 source_session_id=16478219458311 source_policy_cycle_id=239 source_mode=0 action_source=1 transition_reason=0 recovery_episode_id=0 q_rad=[0.451182,1.127488,-1.408409,0.315748,0.824292,-1.606017,-0.335778,1.021542,-1.373289,-0.034929,1.032461,-1.017104]
[ros2_control_node-3] [INFO] [1791434697.243274675] [StateRL]: [ABS-POLICY-CMD] event=command_write clock=steady_clock_ns write_ns=16483597564264 write_id=961 source_session_id=16478219458311 source_policy_cycle_id=239 source_mode=0 action_source=1 transition_reason=0 recovery_episode_id=0 q_rad=[0.451182,1.127488,-1.408409,0.315748,0.824292,-1.606017,-0.335778,1.021542,-1.373289,-0.034929,1.032461,-1.017104]
[ros2_control_node-3] [INFO] [1791434697.244479900] [StateRL]: [ABS-POLICY-CMD] event=command_write clock=steady_clock_ns write_ns=16483598773705 write_id=962 source_session_id=16478219458311 source_policy_cycle_id=239 source_mode=0 action_source=1 transition_reason=0 recovery_episode_id=0 q_rad=[0.451182,1.127488,-1.408409,0.315748,0.824292,-1.606017,-0.335778,1.021542,-1.373289,-0.034929,1.032461,-1.017104]
[ros2_control_node-3] [INFO] [1791434697.246813394] [StateRL]: [ABS-POLICY-CMD] event=command_write clock=steady_clock_ns write_ns=16483601104445 write_id=963 source_session_id=16478219458311 source_policy_cycle_id=239 source_mode=0 action_source=1 transition_reason=0 recovery_episode_id=0 q_rad=[0.451182,1.127488,-1.408409,0.315748,0.824292,-1.606017,-0.335778,1.021542,-1.373289,-0.034929,1.032461,-1.017104]
[ros2_control_node-3] [INFO] [1791434697.266304514] [StateRL]: [ABS-POLICY-CMD] event=command_write clock=steady_clock_ns write_ns=16483620583884 write_id=964 source_session_id=16478219458311 source_policy_cycle_id=240 source_mode=0 action_source=1 transition_reason=0 recovery_episode_id=0 q_rad=[-0.023178,1.208453,-1.829550,0.546341,0.985306,-0.887801,-0.333259,0.868064,-1.529578,-0.155935,0.704371,-0.837760]
[ros2_control_node-3] [INFO] [1791434697.268515215] [StateRL]: [ABS-POLICY-CMD] event=command_write clock=steady_clock_ns write_ns=16483622805843 write_id=965 source_session_id=16478219458311 source_policy_cycle_id=240 source_mode=0 action_source=1 transition_reason=0 recovery_episode_id=0 q_rad=[-0.023178,1.208453,-1.829550,0.546341,0.985306,-0.887801,-0.333259,0.868064,-1.529578,-0.155935,0.704371,-0.837760]
[ros2_control_node-3] [INFO] [1791434697.270632969] [StateRL]: [ABS-POLICY-CMD] event=command_write clock=steady_clock_ns write_ns=16483624926332 write_id=966 source_session_id=16478219458311 source_policy_cycle_id=240 source_mode=0 action_source=1 transition_reason=0 recovery_episode_id=0 q_rad=[-0.023178,1.208453,-1.829550,0.546341,0.985306,-0.887801,-0.333259,0.868064,-1.529578,-0.155935,0.704371,-0.837760]
[ros2_control_node-3] [INFO] [1791434697.273047584] [StateRL]: [ABS-POLICY-CMD] event=command_write clock=steady_clock_ns write_ns=16483627333808 write_id=967 source_session_id=16478219458311 source_policy_cycle_id=240 source_mode=0 action_source=1 transition_reason=0 recovery_episode_id=0 q_rad=[-0.023178,1.208453,-1.829550,0.546341,0.985306,-0.887801,-0.333259,0.868064,-1.529578,-0.155935,0.704371,-0.837760]
[ros2_control_node-3] [INFO] [1791434697.287224400] [StateRL]: [ABS-POLICY-CMD] event=command_write clock=steady_clock_ns write_ns=16483641508462 write_id=968 source_session_id=16478219458311 source_policy_cycle_id=241 source_mode=0 action_source=1 transition_reason=0 recovery_episode_id=0 q_rad=[-0.169296,1.132799,-1.828460,0.042973,0.822750,-0.888696,-0.159049,0.824270,-1.581038,-0.393841,0.533393,-0.837760]
[ros2_control_node-3] [INFO] [1791434697.290038634] [StateRL]: [ABS-POLICY-CMD] event=command_write clock=steady_clock_ns write_ns=16483644325324 write_id=969 source_session_id=16478219458311 source_policy_cycle_id=241 source_mode=0 action_source=1 transition_reason=0 recovery_episode_id=0 q_rad=[-0.169296,1.132799,-1.828460,0.042973,0.822750,-0.888696,-0.159049,0.824270,-1.581038,-0.393841,0.533393,-0.837760]
[ros2_control_node-3] [INFO] [1791434697.293383579] [StateRL]: [ABS-POLICY-CMD] event=command_write clock=steady_clock_ns write_ns=16483647670374 write_id=970 source_session_id=16478219458311 source_policy_cycle_id=241 source_mode=0 action_source=1 transition_reason=0 recovery_episode_id=0 q_rad=[-0.169296,1.132799,-1.828460,0.042973,0.822750,-0.888696,-0.159049,0.824270,-1.581038,-0.393841,0.533393,-0.837760]
[ros2_control_node-3] [INFO] [1791434697.295746262] [StateRL]: [ABS-POLICY-CMD] event=command_write clock=steady_clock_ns write_ns=16483650038808 write_id=971 source_session_id=16478219458311 source_policy_cycle_id=241 source_mode=0 action_source=1 transition_reason=0 recovery_episode_id=0 q_rad=[-0.169296,1.132799,-1.828460,0.042973,0.822750,-0.888696,-0.159049,0.824270,-1.581038,-0.393841,0.533393,-0.837760]
[ros2_control_node-3] [INFO] [1791434697.308640166] [StateRL]: [ABS-POLICY-CMD] event=command_write clock=steady_clock_ns write_ns=16483662918527 write_id=972 source_session_id=16478219458311 source_policy_cycle_id=242 source_mode=0 action_source=1 transition_reason=0 recovery_episode_id=0 q_rad=[-0.290337,0.742964,-1.820417,-0.374485,0.653155,-0.882773,-0.222364,0.701336,-1.672134,-0.123837,0.726256,-0.922742]
[ros2_control_node-3] [INFO] [1791434697.308711215] [StateRL]: [ABS-LIVE-CMD] event=rl_command_write clock=steady_clock_ns timestamp_ns=16483663018153 sequence=1250 controller_state=RL rl_active=1 finite=1 kp_zero=0 kd_zero=0 tau_zero=1 veto_reason= q=[-0.2903,0.7430,-1.8204,-0.3745,0.6532,-0.8828,-0.2224,0.7013,-1.6721,-0.1238,0.7263,-0.9227] kp=[30.0000,30.0000,30.0000,30.0000,30.0000,30.0000,30.0000,30.0000,30.0000,30.0000,30.0000,30.0000] kd=[0.6500,0.6500,0.6500,0.6500,0.6500,0.6500,0.6500,0.6500,0.6500,0.6500,0.6500,0.6500] tau=[0.0000,0.0000,0.0000,0.0000,0.0000,0.0000,0.0000,0.0000,0.0000,0.0000,0.0000,0.0000]
[ros2_control_node-3] [INFO] [1791434697.311153448] [StateRL]: [ABS-POLICY-CMD] event=command_write clock=steady_clock_ns write_ns=16483665444314 write_id=973 source_session_id=16478219458311 source_policy_cycle_id=242 source_mode=0 action_source=1 transition_reason=0 recovery_episode_id=0 q_rad=[-0.290337,0.742964,-1.820417,-0.374485,0.653155,-0.882773,-0.222364,0.701336,-1.672134,-0.123837,0.726256,-0.922742]
[ros2_control_node-3] [INFO] [1791434697.312397068] [StateRL]: [ABS-POLICY-CMD] event=command_write clock=steady_clock_ns write_ns=16483666691205 write_id=974 source_session_id=16478219458311 source_policy_cycle_id=242 source_mode=0 action_source=1 transition_reason=0 recovery_episode_id=0 q_rad=[-0.290337,0.742964,-1.820417,-0.374485,0.653155,-0.882773,-0.222364,0.701336,-1.672134,-0.123837,0.726256,-0.922742]
[ros2_control_node-3] [INFO] [1791434697.312995733] [StateRL]: [ABS-POLICY-CMD] event=command_write clock=steady_clock_ns write_ns=16483667291570 write_id=975 source_session_id=16478219458311 source_policy_cycle_id=242 source_mode=0 action_source=1 transition_reason=0 recovery_episode_id=0 q_rad=[-0.290337,0.742964,-1.820417,-0.374485,0.653155,-0.882773,-0.222364,0.701336,-1.672134,-0.123837,0.726256,-0.922742]
[ros2_control_node-3] [INFO] [1791434697.331887975] [StateRL]: [ABS-POLICY-CMD] event=command_write clock=steady_clock_ns write_ns=16483686170531 write_id=976 source_session_id=16478219458311 source_policy_cycle_id=243 source_mode=0 action_source=1 transition_reason=0 recovery_episode_id=0 q_rad=[-0.545972,0.344350,-1.884896,-0.296429,0.687640,-0.852690,-0.177265,0.577806,-1.665097,0.361312,1.083639,-1.320945]
[ros2_control_node-3] [INFO] [1791434697.334155552] [StateRL]: [ABS-POLICY-CMD] event=command_write clock=steady_clock_ns write_ns=16483688443563 write_id=977 source_session_id=16478219458311 source_policy_cycle_id=243 source_mode=0 action_source=1 transition_reason=0 recovery_episode_id=0 q_rad=[-0.545972,0.344350,-1.884896,-0.296429,0.687640,-0.852690,-0.177265,0.577806,-1.665097,0.361312,1.083639,-1.320945]
[ros2_control_node-3] [INFO] [1791434697.334788877] [StateRL]: [ABS-POLICY-CMD] event=command_write clock=steady_clock_ns write_ns=16483689083513 write_id=978 source_session_id=16478219458311 source_policy_cycle_id=243 source_mode=0 action_source=1 transition_reason=0 recovery_episode_id=0 q_rad=[-0.545972,0.344350,-1.884896,-0.296429,0.687640,-0.852690,-0.177265,0.577806,-1.665097,0.361312,1.083639,-1.320945]
[ros2_control_node-3] [INFO] [1791434697.335391382] [StateRL]: [ABS-POLICY-CMD] event=command_write clock=steady_clock_ns write_ns=16483689682725 write_id=979 source_session_id=16478219458311 source_policy_cycle_id=243 source_mode=0 action_source=1 transition_reason=0 recovery_episode_id=0 q_rad=[-0.545972,0.344350,-1.884896,-0.296429,0.687640,-0.852690,-0.177265,0.577806,-1.665097,0.361312,1.083639,-1.320945]
[ros2_control_node-3] [INFO] [1791434697.350720105] [StateRL]: [ABS-POLICY-CMD] event=command_write clock=steady_clock_ns write_ns=16483704991500 write_id=980 source_session_id=16478219458311 source_policy_cycle_id=244 source_mode=0 action_source=1 transition_reason=0 recovery_episode_id=0 q_rad=[-0.319787,0.070689,-1.904926,-0.158241,0.739625,-0.837760,0.019848,0.635541,-1.615322,0.615230,0.969936,-1.512790]
[ros2_control_node-3] [INFO] [1791434697.353345026] [StateRL]: [ABS-POLICY-CMD] event=command_write clock=steady_clock_ns write_ns=16483707631478 write_id=981 source_session_id=16478219458311 source_policy_cycle_id=244 source_mode=0 action_source=1 transition_reason=0 recovery_episode_id=0 q_rad=[-0.319787,0.070689,-1.904926,-0.158241,0.739625,-0.837760,0.019848,0.635541,-1.615322,0.615230,0.969936,-1.512790]
[ros2_control_node-3] [INFO] [1791434697.354838680] [StateRL]: [ABS-POLICY-CMD] event=command_write clock=steady_clock_ns write_ns=16483709132330 write_id=982 source_session_id=16478219458311 source_policy_cycle_id=244 source_mode=0 action_source=1 transition_reason=0 recovery_episode_id=0 q_rad=[-0.319787,0.070689,-1.904926,-0.158241,0.739625,-0.837760,0.019848,0.635541,-1.615322,0.615230,0.969936,-1.512790]
[ros2_control_node-3] [INFO] [1791434697.356720823] [StateRL]: [ABS-POLICY-CMD] event=command_write clock=steady_clock_ns write_ns=16483711010168 write_id=983 source_session_id=16478219458311 source_policy_cycle_id=244 source_mode=0 action_source=1 transition_reason=0 recovery_episode_id=0 q_rad=[-0.319787,0.070689,-1.904926,-0.158241,0.739625,-0.837760,0.019848,0.635541,-1.615322,0.615230,0.969936,-1.512790]
[ros2_control_node-3] [INFO] [1791434697.377560239] [StateRL]: [ABS-POLICY-CMD] event=command_write clock=steady_clock_ns write_ns=16483731844186 write_id=984 source_session_id=16478219458311 source_policy_cycle_id=245 source_mode=0 action_source=1 transition_reason=0 recovery_episode_id=0 q_rad=[-0.043012,0.034045,-1.631384,0.088093,0.791339,-0.837760,0.061372,0.806004,-1.302933,0.570420,0.608962,-1.699613]
[ros2_control_node-3] [INFO] [1791434697.378687820] [StateRL]: [ABS-POLICY-CMD] event=command_write clock=steady_clock_ns write_ns=16483732981109 write_id=985 source_session_id=16478219458311 source_policy_cycle_id=245 source_mode=0 action_source=1 transition_reason=0 recovery_episode_id=0 q_rad=[-0.043012,0.034045,-1.631384,0.088093,0.791339,-0.837760,0.061372,0.806004,-1.302933,0.570420,0.608962,-1.699613]
[ros2_control_node-3] [INFO] [1791434697.380161781] [StateRL]: [ABS-POLICY-CMD] event=command_write clock=steady_clock_ns write_ns=16483734455143 write_id=986 source_session_id=16478219458311 source_policy_cycle_id=245 source_mode=0 action_source=1 transition_reason=0 recovery_episode_id=0 q_rad=[-0.043012,0.034045,-1.631384,0.088093,0.791339,-0.837760,0.061372,0.806004,-1.302933,0.570420,0.608962,-1.699613]
[ros2_control_node-3] [INFO] [1791434697.382554376] [StateRL]: [ABS-POLICY-CMD] event=command_write clock=steady_clock_ns write_ns=16483736825914 write_id=987 source_session_id=16478219458311 source_policy_cycle_id=245 source_mode=0 action_source=1 transition_reason=0 recovery_episode_id=0 q_rad=[-0.043012,0.034045,-1.631384,0.088093,0.791339,-0.837760,0.061372,0.806004,-1.302933,0.570420,0.608962,-1.699613]
[ros2_control_node-3] [INFO] [1791434697.397745673] [StateRL]: [ABS-POLICY-CMD] event=command_write clock=steady_clock_ns write_ns=16483752029879 write_id=988 source_session_id=16478219458311 source_policy_cycle_id=246 source_mode=0 action_source=1 transition_reason=0 recovery_episode_id=0 q_rad=[0.026985,0.077956,-1.429056,0.441928,0.929274,-0.970518,0.022652,0.904369,-1.149237,0.406676,0.552262,-1.698067]
[ros2_control_node-3] [INFO] [1791434697.400664343] [StateRL]: [ABS-POLICY-CMD] event=command_write clock=steady_clock_ns write_ns=16483754947590 write_id=989 source_session_id=16478219458311 source_policy_cycle_id=246 source_mode=0 action_source=1 transition_reason=0 recovery_episode_id=0 q_rad=[0.026985,0.077956,-1.429056,0.441928,0.929274,-0.970518,0.022652,0.904369,-1.149237,0.406676,0.552262,-1.698067]
[ros2_control_node-3] [INFO] [1791434697.403116983] [StateRL]: [ABS-POLICY-CMD] event=command_write clock=steady_clock_ns write_ns=16483757408741 write_id=990 source_session_id=16478219458311 source_policy_cycle_id=246 source_mode=0 action_source=1 transition_reason=0 recovery_episode_id=0 q_rad=[0.026985,0.077956,-1.429056,0.441928,0.929274,-0.970518,0.022652,0.904369,-1.149237,0.406676,0.552262,-1.698067]
[ros2_control_node-3] [INFO] [1791434697.405499889] [StateRL]: [ABS-POLICY-CMD] event=command_write clock=steady_clock_ns write_ns=16483759794599 write_id=991 source_session_id=16478219458311 source_policy_cycle_id=246 source_mode=0 action_source=1 transition_reason=0 recovery_episode_id=0 q_rad=[0.026985,0.077956,-1.429056,0.441928,0.929274,-0.970518,0.022652,0.904369,-1.149237,0.406676,0.552262,-1.698067]
[ros2_control_node-3] [INFO] [1791434697.428367136] [StateRL]: [ABS-POLICY-CMD] event=command_write clock=steady_clock_ns write_ns=16483782629530 write_id=992 source_session_id=16478219458311 source_policy_cycle_id=247 source_mode=0 action_source=1 transition_reason=0 recovery_episode_id=0 q_rad=[-0.059698,0.135419,-1.331180,0.742375,1.053416,-1.088927,0.038180,0.835760,-1.057342,0.347961,0.542563,-1.589315]
[ros2_control_node-3] [INFO] [1791434697.429358383] [StateRL]: [ABS-POLICY-CMD] event=command_write clock=steady_clock_ns write_ns=16483783648277 write_id=993 source_session_id=16478219458311 source_policy_cycle_id=247 source_mode=0 action_source=1 transition_reason=0 recovery_episode_id=0 q_rad=[-0.059698,0.135419,-1.331180,0.742375,1.053416,-1.088927,0.038180,0.835760,-1.057342,0.347961,0.542563,-1.589315]
[ros2_control_node-3] [INFO] [1791434697.432034451] [StateRL]: [ABS-POLICY-CMD] event=command_write clock=steady_clock_ns write_ns=16483786321458 write_id=994 source_session_id=16478219458311 source_policy_cycle_id=247 source_mode=0 action_source=1 transition_reason=0 recovery_episode_id=0 q_rad=[-0.059698,0.135419,-1.331180,0.742375,1.053416,-1.088927,0.038180,0.835760,-1.057342,0.347961,0.542563,-1.589315]
[ros2_control_node-3] [INFO] [1791434697.434121873] [StateRL]: [ABS-POLICY-CMD] event=command_write clock=steady_clock_ns write_ns=16483788412007 write_id=995 source_session_id=16478219458311 source_policy_cycle_id=247 source_mode=0 action_source=1 transition_reason=0 recovery_episode_id=0 q_rad=[-0.059698,0.135419,-1.331180,0.742375,1.053416,-1.088927,0.038180,0.835760,-1.057342,0.347961,0.542563,-1.589315]
[ros2_control_node-3] [INFO] [1791434697.448727184] [StateRL]: [ABS-POLICY-CMD] event=command_write clock=steady_clock_ns write_ns=16483802977969 write_id=996 source_session_id=16478219458311 source_policy_cycle_id=248 source_mode=0 action_source=1 transition_reason=0 recovery_episode_id=0 q_rad=[0.051219,0.519149,-1.291188,0.817694,0.816449,-1.301754,0.085565,0.922494,-1.026485,0.290767,0.566883,-1.663486]
[ros2_control_node-3] [INFO] [1791434697.450076398] [StateRL]: [ABS-POLICY-CMD] event=command_write clock=steady_clock_ns write_ns=16483804348436 write_id=997 source_session_id=16478219458311 source_policy_cycle_id=248 source_mode=0 action_source=1 transition_reason=0 recovery_episode_id=0 q_rad=[0.051219,0.519149,-1.291188,0.817694,0.816449,-1.301754,0.085565,0.922494,-1.026485,0.290767,0.566883,-1.663486]
[ros2_control_node-3] [INFO] [1791434697.450151260] [StateRL]: [ABS-LIVE-CMD] event=rl_command_write clock=steady_clock_ns timestamp_ns=16483804458221 sequence=1275 controller_state=RL rl_active=1 finite=1 kp_zero=0 kd_zero=0 tau_zero=1 veto_reason= q=[0.0512,0.5191,-1.2912,0.8177,0.8164,-1.3018,0.0856,0.9225,-1.0265,0.2908,0.5669,-1.6635] kp=[30.0000,30.0000,30.0000,30.0000,30.0000,30.0000,30.0000,30.0000,30.0000,30.0000,30.0000,30.0000] kd=[0.6500,0.6500,0.6500,0.6500,0.6500,0.6500,0.6500,0.6500,0.6500,0.6500,0.6500,0.6500] tau=[0.0000,0.0000,0.0000,0.0000,0.0000,0.0000,0.0000,0.0000,0.0000,0.0000,0.0000,0.0000]
[ros2_control_node-3] [INFO] [1791434697.450942214] [StateRL]: [ABS-POLICY-CMD] event=command_write clock=steady_clock_ns write_ns=16483805236195 write_id=998 source_session_id=16478219458311 source_policy_cycle_id=248 source_mode=0 action_source=1 transition_reason=0 recovery_episode_id=0 q_rad=[0.051219,0.519149,-1.291188,0.817694,0.816449,-1.301754,0.085565,0.922494,-1.026485,0.290767,0.566883,-1.663486]
[ros2_control_node-3] [INFO] [1791434697.451887806] [StateRL]: [ABS-POLICY-CMD] event=command_write clock=steady_clock_ns write_ns=16483806164598 write_id=999 source_session_id=16478219458311 source_policy_cycle_id=248 source_mode=0 action_source=1 transition_reason=0 recovery_episode_id=0 q_rad=[0.051219,0.519149,-1.291188,0.817694,0.816449,-1.301754,0.085565,0.922494,-1.026485,0.290767,0.566883,-1.663486]
[ros2_control_node-3] [INFO] [1791434697.453209516] [StateRL]: [ABS-LIVE-RAY-CHECK] clock=steady_clock_ns now_ns=16483807505232 checks=50 average_period_ms=25.658214
[ros2_control_node-3] [INFO] [1791434697.465782972] [StateRL]: [ABS-POLICY-CMD] event=command_write clock=steady_clock_ns write_ns=16483820048994 write_id=1000 source_session_id=16478219458311 source_policy_cycle_id=249 source_mode=0 action_source=1 transition_reason=0 recovery_episode_id=0 q_rad=[0.109814,0.755886,-1.221382,0.775353,0.671018,-1.397921,0.074632,0.970048,-1.069920,0.209346,0.604651,-1.707802]
[ros2_control_node-3] [INFO] [1791434697.466906403] [StateRL]: [ABS-POLICY-CMD] event=command_write clock=steady_clock_ns write_ns=16483821190811 write_id=1001 source_session_id=16478219458311 source_policy_cycle_id=249 source_mode=0 action_source=1 transition_reason=0 recovery_episode_id=0 q_rad=[0.109814,0.755886,-1.221382,0.775353,0.671018,-1.397921,0.074632,0.970048,-1.069920,0.209346,0.604651,-1.707802]
[ros2_control_node-3] [INFO] [1791434697.468071462] [StateRL]: [ABS-POLICY-CMD] event=command_write clock=steady_clock_ns write_ns=16483822361214 write_id=1002 source_session_id=16478219458311 source_policy_cycle_id=249 source_mode=0 action_source=1 transition_reason=0 recovery_episode_id=0 q_rad=[0.109814,0.755886,-1.221382,0.775353,0.671018,-1.397921,0.074632,0.970048,-1.069920,0.209346,0.604651,-1.707802]
[ros2_control_node-3] [INFO] [1791434697.469176360] [StateRL]: [ABS-POLICY-CMD] event=command_write clock=steady_clock_ns write_ns=16483823469245 write_id=1003 source_session_id=16478219458311 source_policy_cycle_id=249 source_mode=0 action_source=1 transition_reason=0 recovery_episode_id=0 q_rad=[0.109814,0.755886,-1.221382,0.775353,0.671018,-1.397921,0.074632,0.970048,-1.069920,0.209346,0.604651,-1.707802]
[ros2_control_node-3] [INFO] [1791434697.482466530] [StateRL]: [EVAL] step=250 t=5.000 robot=(5.154,-0.027) yaw=0.160 goal=(7.000,0.000) dist=1.846 body=(1.827,-0.201) heading=-0.269 arrived=0 ra=-0.99379 entry=-0.05000 recovery=0 hold=0 twist=(0.967,-0.299,0.542) min_ray_log=2.585 max_ray_log=2.585 min_ray_m=6.000 lin_vel=(1.137,0.197,-0.280) ang_vel=(-0.155,1.235,-0.847) action_range=(-1.043,3.112) contact=(-1,-1,1,-1)
[ros2_control_node-3] [INFO] [1791434697.482788828] [StateRL]: [ABS-POLICY-CMD] event=command_write clock=steady_clock_ns write_ns=16483837077983 write_id=1004 source_session_id=16478219458311 source_policy_cycle_id=250 source_mode=0 action_source=1 transition_reason=0 recovery_episode_id=0 q_rad=[0.135870,0.876167,-1.142424,0.778024,0.539256,-1.485793,0.069674,1.063953,-1.128347,0.044028,0.631201,-1.708488]
[ros2_control_node-3] [INFO] [1791434697.484023614] [StateRL]: [ABS-POLICY-CMD] event=command_write clock=steady_clock_ns write_ns=16483838290792 write_id=1005 source_session_id=16478219458311 source_policy_cycle_id=250 source_mode=0 action_source=1 transition_reason=0 recovery_episode_id=0 q_rad=[0.135870,0.876167,-1.142424,0.778024,0.539256,-1.485793,0.069674,1.063953,-1.128347,0.044028,0.631201,-1.708488]
[ros2_control_node-3] [INFO] [1791434697.485304065] [StateRL]: [ABS-POLICY-CMD] event=command_write clock=steady_clock_ns write_ns=16483839593214 write_id=1006 source_session_id=16478219458311 source_policy_cycle_id=250 source_mode=0 action_source=1 transition_reason=0 recovery_episode_id=0 q_rad=[0.135870,0.876167,-1.142424,0.778024,0.539256,-1.485793,0.069674,1.063953,-1.128347,0.044028,0.631201,-1.708488]
[ros2_control_node-3] [INFO] [1791434697.486156295] [StateRL]: [ABS-POLICY-CMD] event=command_write clock=steady_clock_ns write_ns=16483840446471 write_id=1007 source_session_id=16478219458311 source_policy_cycle_id=250 source_mode=0 action_source=1 transition_reason=0 recovery_episode_id=0 q_rad=[0.135870,0.876167,-1.142424,0.778024,0.539256,-1.485793,0.069674,1.063953,-1.128347,0.044028,0.631201,-1.708488]
[ros2_control_node-3] [INFO] [1791434697.500810577] [StateRL]: [ABS-POLICY-CMD] event=command_write clock=steady_clock_ns write_ns=16483855093403 write_id=1008 source_session_id=16478219458311 source_policy_cycle_id=251 source_mode=0 action_source=1 transition_reason=0 recovery_episode_id=0 q_rad=[0.118976,0.875019,-1.099248,0.733523,0.408917,-1.564739,0.063815,1.098705,-1.106233,-0.081030,0.670756,-1.637451]
[ros2_control_node-3] [INFO] [1791434697.501907747] [StateRL]: [ABS-POLICY-CMD] event=command_write clock=steady_clock_ns write_ns=16483856199819 write_id=1009 source_session_id=16478219458311 source_policy_cycle_id=251 source_mode=0 action_source=1 transition_reason=0 recovery_episode_id=0 q_rad=[0.118976,0.875019,-1.099248,0.733523,0.408917,-1.564739,0.063815,1.098705,-1.106233,-0.081030,0.670756,-1.637451]
[ros2_control_node-3] [INFO] [1791434697.502828278] [StateRL]: [ABS-POLICY-CMD] event=command_write clock=steady_clock_ns write_ns=16483857122005 write_id=1010 source_session_id=16478219458311 source_policy_cycle_id=251 source_mode=0 action_source=1 transition_reason=0 recovery_episode_id=0 q_rad=[0.118976,0.875019,-1.099248,0.733523,0.408917,-1.564739,0.063815,1.098705,-1.106233,-0.081030,0.670756,-1.637451]
[ros2_control_node-3] [INFO] [1791434697.504394221] [StateRL]: [ABS-POLICY-CMD] event=command_write clock=steady_clock_ns write_ns=16483858688152 write_id=1011 source_session_id=16478219458311 source_policy_cycle_id=251 source_mode=0 action_source=1 transition_reason=0 recovery_episode_id=0 q_rad=[0.118976,0.875019,-1.099248,0.733523,0.408917,-1.564739,0.063815,1.098705,-1.106233,-0.081030,0.670756,-1.637451]
[ros2_control_node-3] [INFO] [1791434697.516840510] [StateRL]: [ABS-POLICY-CMD] event=command_write clock=steady_clock_ns write_ns=16483871095200 write_id=1012 source_session_id=16478219458311 source_policy_cycle_id=252 source_mode=0 action_source=1 transition_reason=0 recovery_episode_id=0 q_rad=[0.102333,1.020667,-1.175919,0.648940,0.260749,-1.580314,0.098878,1.093557,-0.964777,-0.109755,0.859325,-1.586283]
[ros2_control_node-3] [INFO] [1791434697.519557064] [StateRL]: [ABS-POLICY-CMD] event=command_write clock=steady_clock_ns write_ns=16483873844658 write_id=1013 source_session_id=16478219458311 source_policy_cycle_id=252 source_mode=0 action_source=1 transition_reason=0 recovery_episode_id=0 q_rad=[0.102333,1.020667,-1.175919,0.648940,0.260749,-1.580314,0.098878,1.093557,-0.964777,-0.109755,0.859325,-1.586283]
[ros2_control_node-3] [INFO] [1791434697.520555795] [StateRL]: [ABS-POLICY-CMD] event=command_write clock=steady_clock_ns write_ns=16483874849402 write_id=1014 source_session_id=16478219458311 source_policy_cycle_id=252 source_mode=0 action_source=1 transition_reason=0 recovery_episode_id=0 q_rad=[0.102333,1.020667,-1.175919,0.648940,0.260749,-1.580314,0.098878,1.093557,-0.964777,-0.109755,0.859325,-1.586283]
[ros2_control_node-3] [INFO] [1791434697.521373277] [StateRL]: [ABS-POLICY-CMD] event=command_write clock=steady_clock_ns write_ns=16483875666329 write_id=1015 source_session_id=16478219458311 source_policy_cycle_id=252 source_mode=0 action_source=1 transition_reason=0 recovery_episode_id=0 q_rad=[0.102333,1.020667,-1.175919,0.648940,0.260749,-1.580314,0.098878,1.093557,-0.964777,-0.109755,0.859325,-1.586283]
[ros2_control_node-3] [INFO] [1791434697.532889934] [StateRL]: [ABS-POLICY-CMD] event=command_write clock=steady_clock_ns write_ns=16483886983107 write_id=1016 source_session_id=16478219458311 source_policy_cycle_id=253 source_mode=0 action_source=1 transition_reason=0 recovery_episode_id=0 q_rad=[0.042478,1.210106,-1.212441,0.506862,0.239549,-1.559445,0.118199,1.052695,-0.837760,-0.117308,0.999199,-1.406882]
[ros2_control_node-3] [INFO] [1791434697.533659105] [StateRL]: [ABS-POLICY-CMD] event=command_write clock=steady_clock_ns write_ns=16483887952524 write_id=1017 source_session_id=16478219458311 source_policy_cycle_id=253 source_mode=0 action_source=1 transition_reason=0 recovery_episode_id=0 q_rad=[0.042478,1.210106,-1.212441,0.506862,0.239549,-1.559445,0.118199,1.052695,-0.837760,-0.117308,0.999199,-1.406882]
[ros2_control_node-3] [INFO] [1791434697.534281954] [StateRL]: [ABS-POLICY-CMD] event=command_write clock=steady_clock_ns write_ns=16483888575116 write_id=1018 source_session_id=16478219458311 source_policy_cycle_id=253 source_mode=0 action_source=1 transition_reason=0 recovery_episode_id=0 q_rad=[0.042478,1.210106,-1.212441,0.506862,0.239549,-1.559445,0.118199,1.052695,-0.837760,-0.117308,0.999199,-1.406882]
[ros2_control_node-3] [INFO] [1791434697.534894351] [StateRL]: [ABS-POLICY-CMD] event=command_write clock=steady_clock_ns write_ns=16483889189367 write_id=1019 source_session_id=16478219458311 source_policy_cycle_id=253 source_mode=0 action_source=1 transition_reason=0 recovery_episode_id=0 q_rad=[0.042478,1.210106,-1.212441,0.506862,0.239549,-1.559445,0.118199,1.052695,-0.837760,-0.117308,0.999199,-1.406882]
[ros2_control_node-3] [INFO] [1791434697.550627178] [StateRL]: [ABS-POLICY-CMD] event=command_write clock=steady_clock_ns write_ns=16483904905649 write_id=1020 source_session_id=16478219458311 source_policy_cycle_id=254 source_mode=0 action_source=1 transition_reason=0 recovery_episode_id=0 q_rad=[0.013906,1.247188,-1.223964,0.378375,0.282296,-1.494990,0.108869,1.050020,-0.837760,-0.115551,1.028560,-1.256237]
[ros2_control_node-3] [INFO] [1791434697.551961091] [StateRL]: [ABS-POLICY-CMD] event=command_write clock=steady_clock_ns write_ns=16483906251426 write_id=1021 source_session_id=16478219458311 source_policy_cycle_id=254 source_mode=0 action_source=1 transition_reason=0 recovery_episode_id=0 q_rad=[0.013906,1.247188,-1.223964,0.378375,0.282296,-1.494990,0.108869,1.050020,-0.837760,-0.115551,1.028560,-1.256237]
[ros2_control_node-3] [INFO] [1791434697.552469099] [StateRL]: [ABS-POLICY-CMD] event=command_write clock=steady_clock_ns write_ns=16483906767890 write_id=1022 source_session_id=16478219458311 source_policy_cycle_id=254 source_mode=0 action_source=1 transition_reason=0 recovery_episode_id=0 q_rad=[0.013906,1.247188,-1.223964,0.378375,0.282296,-1.494990,0.108869,1.050020,-0.837760,-0.115551,1.028560,-1.256237]
[ros2_control_node-3] [INFO] [1791434697.552493398] [StateRL]: [ABS-LIVE-CMD] event=rl_command_write clock=steady_clock_ns timestamp_ns=16483906800412 sequence=1300 controller_state=RL rl_active=1 finite=1 kp_zero=0 kd_zero=0 tau_zero=1 veto_reason= q=[0.0139,1.2472,-1.2240,0.3784,0.2823,-1.4950,0.1089,1.0500,-0.8378,-0.1156,1.0286,-1.2562] kp=[30.0000,30.0000,30.0000,30.0000,30.0000,30.0000,30.0000,30.0000,30.0000,30.0000,30.0000,30.0000] kd=[0.6500,0.6500,0.6500,0.6500,0.6500,0.6500,0.6500,0.6500,0.6500,0.6500,0.6500,0.6500] tau=[0.0000,0.0000,0.0000,0.0000,0.0000,0.0000,0.0000,0.0000,0.0000,0.0000,0.0000,0.0000]
[ros2_control_node-3] [INFO] [1791434697.553140662] [StateRL]: [ABS-POLICY-CMD] event=command_write clock=steady_clock_ns write_ns=16483907438529 write_id=1023 source_session_id=16478219458311 source_policy_cycle_id=254 source_mode=0 action_source=1 transition_reason=0 recovery_episode_id=0 q_rad=[0.013906,1.247188,-1.223964,0.378375,0.282296,-1.494990,0.108869,1.050020,-0.837760,-0.115551,1.028560,-1.256237]
[ros2_control_node-3] [INFO] [1791434697.565214740] [StateRL]: [ABS-POLICY-CMD] event=command_write clock=steady_clock_ns write_ns=16483919496417 write_id=1024 source_session_id=16478219458311 source_policy_cycle_id=255 source_mode=0 action_source=1 transition_reason=0 recovery_episode_id=0 q_rad=[-0.045857,1.213571,-1.167648,0.302402,0.438168,-1.389404,-0.090283,1.149782,-0.837760,-0.091099,0.982784,-1.089579]
[ros2_control_node-3] [INFO] [1791434697.565664422] [StateRL]: [ABS-POLICY-CMD] event=command_write clock=steady_clock_ns write_ns=16483919965619 write_id=1025 source_session_id=16478219458311 source_policy_cycle_id=255 source_mode=0 action_source=1 transition_reason=0 recovery_episode_id=0 q_rad=[-0.045857,1.213571,-1.167648,0.302402,0.438168,-1.389404,-0.090283,1.149782,-0.837760,-0.091099,0.982784,-1.089579]
[ros2_control_node-3] [INFO] [1791434697.567129459] [StateRL]: [ABS-POLICY-CMD] event=command_write clock=steady_clock_ns write_ns=16483921416164 write_id=1026 source_session_id=16478219458311 source_policy_cycle_id=255 source_mode=0 action_source=1 transition_reason=0 recovery_episode_id=0 q_rad=[-0.045857,1.213571,-1.167648,0.302402,0.438168,-1.389404,-0.090283,1.149782,-0.837760,-0.091099,0.982784,-1.089579]
[ros2_control_node-3] [INFO] [1791434697.567499774] [StateRL]: [ABS-POLICY-CMD] event=command_write clock=steady_clock_ns write_ns=16483921799694 write_id=1027 source_session_id=16478219458311 source_policy_cycle_id=255 source_mode=0 action_source=1 transition_reason=0 recovery_episode_id=0 q_rad=[-0.045857,1.213571,-1.167648,0.302402,0.438168,-1.389404,-0.090283,1.149782,-0.837760,-0.091099,0.982784,-1.089579]
[ros2_control_node-3] [INFO] [1791434697.578543529] [StateRL]: [ABS-POLICY-CMD] event=command_write clock=steady_clock_ns write_ns=16483932825095 write_id=1028 source_session_id=16478219458311 source_policy_cycle_id=256 source_mode=0 action_source=1 transition_reason=0 recovery_episode_id=0 q_rad=[0.096797,1.202941,-1.180781,0.332627,0.587673,-1.217973,-0.336835,1.251102,-0.969653,-0.120457,0.975765,-1.060367]
[ros2_control_node-3] [INFO] [1791434697.580039713] [StateRL]: [ABS-POLICY-CMD] event=command_write clock=steady_clock_ns write_ns=16483934336322 write_id=1029 source_session_id=16478219458311 source_policy_cycle_id=256 source_mode=0 action_source=1 transition_reason=0 recovery_episode_id=0 q_rad=[0.096797,1.202941,-1.180781,0.332627,0.587673,-1.217973,-0.336835,1.251102,-0.969653,-0.120457,0.975765,-1.060367]
[ros2_control_node-3] [INFO] [1791434697.581112026] [StateRL]: [ABS-POLICY-CMD] event=command_write clock=steady_clock_ns write_ns=16483935406665 write_id=1030 source_session_id=16478219458311 source_policy_cycle_id=256 source_mode=0 action_source=1 transition_reason=0 recovery_episode_id=0 q_rad=[0.096797,1.202941,-1.180781,0.332627,0.587673,-1.217973,-0.336835,1.251102,-0.969653,-0.120457,0.975765,-1.060367]
[ros2_control_node-3] [INFO] [1791434697.581921208] [StateRL]: [ABS-POLICY-CMD] event=command_write clock=steady_clock_ns write_ns=16483936217712 write_id=1031 source_session_id=16478219458311 source_policy_cycle_id=256 source_mode=0 action_source=1 transition_reason=0 recovery_episode_id=0 q_rad=[0.096797,1.202941,-1.180781,0.332627,0.587673,-1.217973,-0.336835,1.251102,-0.969653,-0.120457,0.975765,-1.060367]
[ros2_control_node-3] [INFO] [1791434697.595081775] [StateRL]: [ABS-POLICY-CMD] event=command_write clock=steady_clock_ns write_ns=16483949370408 write_id=1032 source_session_id=16478219458311 source_policy_cycle_id=257 source_mode=0 action_source=1 transition_reason=0 recovery_episode_id=0 q_rad=[0.169802,1.195475,-1.112754,0.424813,0.677438,-0.984576,-0.580123,1.309096,-1.129811,-0.186414,1.087976,-0.984123]
[ros2_control_node-3] [INFO] [1791434697.595944522] [StateRL]: [ABS-POLICY-CMD] event=command_write clock=steady_clock_ns write_ns=16483950214696 write_id=1033 source_session_id=16478219458311 source_policy_cycle_id=257 source_mode=0 action_source=1 transition_reason=0 recovery_episode_id=0 q_rad=[0.169802,1.195475,-1.112754,0.424813,0.677438,-0.984576,-0.580123,1.309096,-1.129811,-0.186414,1.087976,-0.984123]
[ros2_control_node-3] [INFO] [1791434697.597095963] [StateRL]: [ABS-POLICY-CMD] event=command_write clock=steady_clock_ns write_ns=16483951393677 write_id=1034 source_session_id=16478219458311 source_policy_cycle_id=257 source_mode=0 action_source=1 transition_reason=0 recovery_episode_id=0 q_rad=[0.169802,1.195475,-1.112754,0.424813,0.677438,-0.984576,-0.580123,1.309096,-1.129811,-0.186414,1.087976,-0.984123]
[ros2_control_node-3] [INFO] [1791434697.597514257] [StateRL]: [ABS-POLICY-CMD] event=command_write clock=steady_clock_ns write_ns=16483951814548 write_id=1035 source_session_id=16478219458311 source_policy_cycle_id=257 source_mode=0 action_source=1 transition_reason=0 recovery_episode_id=0 q_rad=[0.169802,1.195475,-1.112754,0.424813,0.677438,-0.984576,-0.580123,1.309096,-1.129811,-0.186414,1.087976,-0.984123]
[ros2_control_node-3] [INFO] [1791434697.612218150] [StateRL]: [ABS-POLICY-CMD] event=command_write clock=steady_clock_ns write_ns=16483966499175 write_id=1036 source_session_id=16478219458311 source_policy_cycle_id=258 source_mode=0 action_source=1 transition_reason=0 recovery_episode_id=0 q_rad=[0.058770,1.140627,-1.161260,0.433528,0.722675,-0.837760,-0.689986,1.187719,-1.112323,-0.209935,1.081708,-0.884970]
[ros2_control_node-3] [INFO] [1791434697.613015715] [StateRL]: [ABS-POLICY-CMD] event=command_write clock=steady_clock_ns write_ns=16483967299264 write_id=1037 source_session_id=16478219458311 source_policy_cycle_id=258 source_mode=0 action_source=1 transition_reason=0 recovery_episode_id=0 q_rad=[0.058770,1.140627,-1.161260,0.433528,0.722675,-0.837760,-0.689986,1.187719,-1.112323,-0.209935,1.081708,-0.884970]
[ros2_control_node-3] [INFO] [1791434697.614088469] [StateRL]: [ABS-POLICY-CMD] event=command_write clock=steady_clock_ns write_ns=16483968379975 write_id=1038 source_session_id=16478219458311 source_policy_cycle_id=258 source_mode=0 action_source=1 transition_reason=0 recovery_episode_id=0 q_rad=[0.058770,1.140627,-1.161260,0.433528,0.722675,-0.837760,-0.689986,1.187719,-1.112323,-0.209935,1.081708,-0.884970]
[ros2_control_node-3] [INFO] [1791434697.614869097] [StateRL]: [ABS-POLICY-CMD] event=command_write clock=steady_clock_ns write_ns=16483969162945 write_id=1039 source_session_id=16478219458311 source_policy_cycle_id=258 source_mode=0 action_source=1 transition_reason=0 recovery_episode_id=0 q_rad=[0.058770,1.140627,-1.161260,0.433528,0.722675,-0.837760,-0.689986,1.187719,-1.112323,-0.209935,1.081708,-0.884970]
[ros2_control_node-3] [INFO] [1791434697.624550692] [StateRL]: [ABS-POLICY-CMD] event=command_write clock=steady_clock_ns write_ns=16483978805879 write_id=1040 source_session_id=16478219458311 source_policy_cycle_id=259 source_mode=0 action_source=1 transition_reason=0 recovery_episode_id=0 q_rad=[-0.331262,1.069343,-1.494316,0.065095,0.643870,-0.837760,-0.423803,0.837624,-1.221431,-0.094708,1.162116,-1.007148]
[ros2_control_node-3] [INFO] [1791434697.625757063] [StateRL]: [ABS-POLICY-CMD] event=command_write clock=steady_clock_ns write_ns=16483980050071 write_id=1041 source_session_id=16478219458311 source_policy_cycle_id=259 source_mode=0 action_source=1 transition_reason=0 recovery_episode_id=0 q_rad=[-0.331262,1.069343,-1.494316,0.065095,0.643870,-0.837760,-0.423803,0.837624,-1.221431,-0.094708,1.162116,-1.007148]
[ros2_control_node-3] [INFO] [1791434697.626128155] [StateRL]: [ABS-POLICY-CMD] event=command_write clock=steady_clock_ns write_ns=16483980429906 write_id=1042 source_session_id=16478219458311 source_policy_cycle_id=259 source_mode=0 action_source=1 transition_reason=0 recovery_episode_id=0 q_rad=[-0.331262,1.069343,-1.494316,0.065095,0.643870,-0.837760,-0.423803,0.837624,-1.221431,-0.094708,1.162116,-1.007148]
[ros2_control_node-3] [INFO] [1791434697.626497045] [StateRL]: [ABS-POLICY-CMD] event=command_write clock=steady_clock_ns write_ns=16483980795319 write_id=1043 source_session_id=16478219458311 source_policy_cycle_id=259 source_mode=0 action_source=1 transition_reason=0 recovery_episode_id=0 q_rad=[-0.331262,1.069343,-1.494316,0.065095,0.643870,-0.837760,-0.423803,0.837624,-1.221431,-0.094708,1.162116,-1.007148]
[ros2_control_node-3] [INFO] [1791434697.639273391] [StateRL]: [ABS-POLICY-CMD] event=command_write clock=steady_clock_ns write_ns=16483993556101 write_id=1044 source_session_id=16478219458311 source_policy_cycle_id=260 source_mode=0 action_source=1 transition_reason=0 recovery_episode_id=0 q_rad=[-0.551665,1.174218,-1.617329,-0.216664,0.665758,-0.837760,-0.419007,0.706664,-1.362746,-0.006832,1.298086,-1.166154]
[ros2_control_node-3] [INFO] [1791434697.642114828] [StateRL]: [ABS-POLICY-CMD] event=command_write clock=steady_clock_ns write_ns=16483996402751 write_id=1045 source_session_id=16478219458311 source_policy_cycle_id=260 source_mode=0 action_source=1 transition_reason=0 recovery_episode_id=0 q_rad=[-0.551665,1.174218,-1.617329,-0.216664,0.665758,-0.837760,-0.419007,0.706664,-1.362746,-0.006832,1.298086,-1.166154]
[ros2_control_node-3] [INFO] [1791434697.643385299] [StateRL]: [ABS-POLICY-CMD] event=command_write clock=steady_clock_ns write_ns=16483997674639 write_id=1046 source_session_id=16478219458311 source_policy_cycle_id=260 source_mode=0 action_source=1 transition_reason=0 recovery_episode_id=0 q_rad=[-0.551665,1.174218,-1.617329,-0.216664,0.665758,-0.837760,-0.419007,0.706664,-1.362746,-0.006832,1.298086,-1.166154]
[ros2_control_node-3] [INFO] [1791434697.643848044] [StateRL]: [ABS-POLICY-CMD] event=command_write clock=steady_clock_ns write_ns=16483998148356 write_id=1047 source_session_id=16478219458311 source_policy_cycle_id=260 source_mode=0 action_source=1 transition_reason=0 recovery_episode_id=0 q_rad=[-0.551665,1.174218,-1.617329,-0.216664,0.665758,-0.837760,-0.419007,0.706664,-1.362746,-0.006832,1.298086,-1.166154]
[ros2_control_node-3] [INFO] [1791434697.643873045] [StateRL]: [ABS-LIVE-CMD] event=rl_command_write clock=steady_clock_ns timestamp_ns=16483998180123 sequence=1325 controller_state=RL rl_active=1 finite=1 kp_zero=0 kd_zero=0 tau_zero=1 veto_reason= q=[-0.5517,1.1742,-1.6173,-0.2167,0.6658,-0.8378,-0.4190,0.7067,-1.3627,-0.0068,1.2981,-1.1662] kp=[30.0000,30.0000,30.0000,30.0000,30.0000,30.0000,30.0000,30.0000,30.0000,30.0000,30.0000,30.0000] kd=[0.6500,0.6500,0.6500,0.6500,0.6500,0.6500,0.6500,0.6500,0.6500,0.6500,0.6500,0.6500] tau=[0.0000,0.0000,0.0000,0.0000,0.0000,0.0000,0.0000,0.0000,0.0000,0.0000,0.0000,0.0000]
[ros2_control_node-3] [INFO] [1791434697.655255128] [StateRL]: [ABS-POLICY-CMD] event=command_write clock=steady_clock_ns write_ns=16484009538908 write_id=1048 source_session_id=16478219458311 source_policy_cycle_id=261 source_mode=0 action_source=1 transition_reason=0 recovery_episode_id=0 q_rad=[-0.652818,1.099340,-1.573596,-0.163151,0.736726,-0.998363,-0.496611,0.622171,-1.397475,0.030718,1.229517,-1.046450]
[ros2_control_node-3] [INFO] [1791434697.655893559] [StateRL]: [ABS-POLICY-CMD] event=command_write clock=steady_clock_ns write_ns=16484010192806 write_id=1049 source_session_id=16478219458311 source_policy_cycle_id=261 source_mode=0 action_source=1 transition_reason=0 recovery_episode_id=0 q_rad=[-0.652818,1.099340,-1.573596,-0.163151,0.736726,-0.998363,-0.496611,0.622171,-1.397475,0.030718,1.229517,-1.046450]
[ros2_control_node-3] [INFO] [1791434697.656398575] [StateRL]: [ABS-POLICY-CMD] event=command_write clock=steady_clock_ns write_ns=16484010700037 write_id=1050 source_session_id=16478219458311 source_policy_cycle_id=261 source_mode=0 action_source=1 transition_reason=0 recovery_episode_id=0 q_rad=[-0.652818,1.099340,-1.573596,-0.163151,0.736726,-0.998363,-0.496611,0.622171,-1.397475,0.030718,1.229517,-1.046450]
[ros2_control_node-3] [INFO] [1791434697.657652272] [StateRL]: [ABS-POLICY-CMD] event=command_write clock=steady_clock_ns write_ns=16484011919187 write_id=1051 source_session_id=16478219458311 source_policy_cycle_id=261 source_mode=0 action_source=1 transition_reason=0 recovery_episode_id=0 q_rad=[-0.652818,1.099340,-1.573596,-0.163151,0.736726,-0.998363,-0.496611,0.622171,-1.397475,0.030718,1.229517,-1.046450]
[ros2_control_node-3] [INFO] [1791434697.667339219] [StateRL]: [ABS-POLICY-CMD] event=command_write clock=steady_clock_ns write_ns=16484021624931 write_id=1052 source_session_id=16478219458311 source_policy_cycle_id=262 source_mode=0 action_source=1 transition_reason=0 recovery_episode_id=0 q_rad=[-0.627118,0.962259,-1.682236,-0.162533,0.785075,-1.044057,-0.503713,0.603004,-1.501989,0.058114,1.118435,-1.045132]
[ros2_control_node-3] [INFO] [1791434697.670097724] [StateRL]: [ABS-POLICY-CMD] event=command_write clock=steady_clock_ns write_ns=16484024392448 write_id=1053 source_session_id=16478219458311 source_policy_cycle_id=262 source_mode=0 action_source=1 transition_reason=0 recovery_episode_id=0 q_rad=[-0.627118,0.962259,-1.682236,-0.162533,0.785075,-1.044057,-0.503713,0.603004,-1.501989,0.058114,1.118435,-1.045132]
[ros2_control_node-3] [INFO] [1791434697.671868066] [StateRL]: [ABS-POLICY-CMD] event=command_write clock=steady_clock_ns write_ns=16484026155033 write_id=1054 source_session_id=16478219458311 source_policy_cycle_id=262 source_mode=0 action_source=1 transition_reason=0 recovery_episode_id=0 q_rad=[-0.627118,0.962259,-1.682236,-0.162533,0.785075,-1.044057,-0.503713,0.603004,-1.501989,0.058114,1.118435,-1.045132]
[ros2_control_node-3] [INFO] [1791434697.674018595] [StateRL]: [ABS-POLICY-CMD] event=command_write clock=steady_clock_ns write_ns=16484028307544 write_id=1055 source_session_id=16478219458311 source_policy_cycle_id=262 source_mode=0 action_source=1 transition_reason=0 recovery_episode_id=0 q_rad=[-0.627118,0.962259,-1.682236,-0.162533,0.785075,-1.044057,-0.503713,0.603004,-1.501989,0.058114,1.118435,-1.045132]
[ros2_control_node-3] [INFO] [1791434697.688198603] [StateRL]: [ABS-POLICY-CMD] event=command_write clock=steady_clock_ns write_ns=16484042484586 write_id=1056 source_session_id=16478219458311 source_policy_cycle_id=263 source_mode=0 action_source=1 transition_reason=0 recovery_episode_id=0 q_rad=[-0.609605,0.745139,-1.793190,-0.149769,0.816637,-1.032460,-0.450141,0.545293,-1.601496,0.196879,1.030716,-1.170231]
[ros2_control_node-3] [INFO] [1791434697.689488472] [StateRL]: [ABS-POLICY-CMD] event=command_write clock=steady_clock_ns write_ns=16484043781848 write_id=1057 source_session_id=16478219458311 source_policy_cycle_id=263 source_mode=0 action_source=1 transition_reason=0 recovery_episode_id=0 q_rad=[-0.609605,0.745139,-1.793190,-0.149769,0.816637,-1.032460,-0.450141,0.545293,-1.601496,0.196879,1.030716,-1.170231]
[ros2_control_node-3] [INFO] [1791434697.691057543] [StateRL]: [ABS-POLICY-CMD] event=command_write clock=steady_clock_ns write_ns=16484045339727 write_id=1058 source_session_id=16478219458311 source_policy_cycle_id=263 source_mode=0 action_source=1 transition_reason=0 recovery_episode_id=0 q_rad=[-0.609605,0.745139,-1.793190,-0.149769,0.816637,-1.032460,-0.450141,0.545293,-1.601496,0.196879,1.030716,-1.170231]
[ros2_control_node-3] [INFO] [1791434697.693233292] [StateRL]: [ABS-POLICY-CMD] event=command_write clock=steady_clock_ns write_ns=16484047518753 write_id=1059 source_session_id=16478219458311 source_policy_cycle_id=263 source_mode=0 action_source=1 transition_reason=0 recovery_episode_id=0 q_rad=[-0.609605,0.745139,-1.793190,-0.149769,0.816637,-1.032460,-0.450141,0.545293,-1.601496,0.196879,1.030716,-1.170231]
[ros2_control_node-3] [INFO] [1791434697.707392957] [StateRL]: [ABS-POLICY-CMD] event=command_write clock=steady_clock_ns write_ns=16484061675393 write_id=1060 source_session_id=16478219458311 source_policy_cycle_id=264 source_mode=0 action_source=1 transition_reason=0 recovery_episode_id=0 q_rad=[-0.580456,0.428508,-1.900443,-0.144620,0.847249,-0.983667,-0.296620,0.504658,-1.665535,0.386374,1.007535,-1.348261]
[ros2_control_node-3] [INFO] [1791434697.709822789] [StateRL]: [ABS-POLICY-CMD] event=command_write clock=steady_clock_ns write_ns=16484063999220 write_id=1061 source_session_id=16478219458311 source_policy_cycle_id=264 source_mode=0 action_source=1 transition_reason=0 recovery_episode_id=0 q_rad=[-0.580456,0.428508,-1.900443,-0.144620,0.847249,-0.983667,-0.296620,0.504658,-1.665535,0.386374,1.007535,-1.348261]
[ros2_control_node-3] [INFO] [1791434697.710296663] [StateRL]: [ABS-POLICY-CMD] event=command_write clock=steady_clock_ns write_ns=16484064594947 write_id=1062 source_session_id=16478219458311 source_policy_cycle_id=264 source_mode=0 action_source=1 transition_reason=0 recovery_episode_id=0 q_rad=[-0.580456,0.428508,-1.900443,-0.144620,0.847249,-0.983667,-0.296620,0.504658,-1.665535,0.386374,1.007535,-1.348261]
[ros2_control_node-3] [INFO] [1791434697.712192697] [StateRL]: [ABS-POLICY-CMD] event=command_write clock=steady_clock_ns write_ns=16484066484934 write_id=1063 source_session_id=16478219458311 source_policy_cycle_id=264 source_mode=0 action_source=1 transition_reason=0 recovery_episode_id=0 q_rad=[-0.580456,0.428508,-1.900443,-0.144620,0.847249,-0.983667,-0.296620,0.504658,-1.665535,0.386374,1.007535,-1.348261]
[ros2_control_node-3] [INFO] [1791434697.727315181] [StateRL]: [ABS-POLICY-CMD] event=command_write clock=steady_clock_ns write_ns=16484081599944 write_id=1064 source_session_id=16478219458311 source_policy_cycle_id=265 source_mode=0 action_source=1 transition_reason=0 recovery_episode_id=0 q_rad=[-0.303993,0.140514,-1.953058,-0.169175,0.828516,-0.844306,-0.051649,0.695434,-1.599184,0.576923,0.872241,-1.491785]
[ros2_control_node-3] [INFO] [1791434697.729378924] [StateRL]: [ABS-POLICY-CMD] event=command_write clock=steady_clock_ns write_ns=16484083664098 write_id=1065 source_session_id=16478219458311 source_policy_cycle_id=265 source_mode=0 action_source=1 transition_reason=0 recovery_episode_id=0 q_rad=[-0.303993,0.140514,-1.953058,-0.169175,0.828516,-0.844306,-0.051649,0.695434,-1.599184,0.576923,0.872241,-1.491785]
[ros2_control_node-3] [INFO] [1791434697.730356898] [StateRL]: [ABS-POLICY-CMD] event=command_write clock=steady_clock_ns write_ns=16484084651019 write_id=1066 source_session_id=16478219458311 source_policy_cycle_id=265 source_mode=0 action_source=1 transition_reason=0 recovery_episode_id=0 q_rad=[-0.303993,0.140514,-1.953058,-0.169175,0.828516,-0.844306,-0.051649,0.695434,-1.599184,0.576923,0.872241,-1.491785]
[ros2_control_node-3] [INFO] [1791434697.730798600] [StateRL]: [ABS-POLICY-CMD] event=command_write clock=steady_clock_ns write_ns=16484085090127 write_id=1067 source_session_id=16478219458311 source_policy_cycle_id=265 source_mode=0 action_source=1 transition_reason=0 recovery_episode_id=0 q_rad=[-0.303993,0.140514,-1.953058,-0.169175,0.828516,-0.844306,-0.051649,0.695434,-1.599184,0.576923,0.872241,-1.491785]
[ros2_control_node-3] [INFO] [1791434697.745135933] [StateRL]: [ABS-POLICY-CMD] event=command_write clock=steady_clock_ns write_ns=16484099413510 write_id=1068 source_session_id=16478219458311 source_policy_cycle_id=266 source_mode=0 action_source=1 transition_reason=0 recovery_episode_id=0 q_rad=[-0.015974,0.095236,-1.770238,0.047824,0.841281,-0.837760,0.120399,0.932651,-1.325138,0.552081,0.569183,-1.670247]
[ros2_control_node-3] [INFO] [1791434697.745784012] [StateRL]: [ABS-POLICY-CMD] event=command_write clock=steady_clock_ns write_ns=16484100079932 write_id=1069 source_session_id=16478219458311 source_policy_cycle_id=266 source_mode=0 action_source=1 transition_reason=0 recovery_episode_id=0 q_rad=[-0.015974,0.095236,-1.770238,0.047824,0.841281,-0.837760,0.120399,0.932651,-1.325138,0.552081,0.569183,-1.670247]
[ros2_control_node-3] [INFO] [1791434697.746266126] [StateRL]: [ABS-POLICY-CMD] event=command_write clock=steady_clock_ns write_ns=16484100561664 write_id=1070 source_session_id=16478219458311 source_policy_cycle_id=266 source_mode=0 action_source=1 transition_reason=0 recovery_episode_id=0 q_rad=[-0.015974,0.095236,-1.770238,0.047824,0.841281,-0.837760,0.120399,0.932651,-1.325138,0.552081,0.569183,-1.670247]
[ros2_control_node-3] [INFO] [1791434697.746811891] [StateRL]: [ABS-POLICY-CMD] event=command_write clock=steady_clock_ns write_ns=16484101108510 write_id=1071 source_session_id=16478219458311 source_policy_cycle_id=266 source_mode=0 action_source=1 transition_reason=0 recovery_episode_id=0 q_rad=[-0.015974,0.095236,-1.770238,0.047824,0.841281,-0.837760,0.120399,0.932651,-1.325138,0.552081,0.569183,-1.670247]
[ros2_control_node-3] [INFO] [1791434697.757837658] [StateRL]: [ABS-POLICY-CMD] event=command_write clock=steady_clock_ns write_ns=16484112121797 write_id=1072 source_session_id=16478219458311 source_policy_cycle_id=267 source_mode=0 action_source=1 transition_reason=0 recovery_episode_id=0 q_rad=[0.052506,0.184907,-1.513221,0.446219,1.043301,-1.065710,-0.001597,1.027007,-1.097097,0.385056,0.593846,-1.709231]
[ros2_control_node-3] [INFO] [1791434697.757884849] [StateRL]: [ABS-LIVE-CMD] event=rl_command_write clock=steady_clock_ns timestamp_ns=16484112191930 sequence=1350 controller_state=RL rl_active=1 finite=1 kp_zero=0 kd_zero=0 tau_zero=1 veto_reason= q=[0.0525,0.1849,-1.5132,0.4462,1.0433,-1.0657,-0.0016,1.0270,-1.0971,0.3851,0.5938,-1.7092] kp=[30.0000,30.0000,30.0000,30.0000,30.0000,30.0000,30.0000,30.0000,30.0000,30.0000,30.0000,30.0000] kd=[0.6500,0.6500,0.6500,0.6500,0.6500,0.6500,0.6500,0.6500,0.6500,0.6500,0.6500,0.6500] tau=[0.0000,0.0000,0.0000,0.0000,0.0000,0.0000,0.0000,0.0000,0.0000,0.0000,0.0000,0.0000]
[ros2_control_node-3] [INFO] [1791434697.762076091] [StateRL]: [ABS-POLICY-CMD] event=command_write clock=steady_clock_ns write_ns=16484116366786 write_id=1073 source_session_id=16478219458311 source_policy_cycle_id=267 source_mode=0 action_source=1 transition_reason=0 recovery_episode_id=0 q_rad=[0.052506,0.184907,-1.513221,0.446219,1.043301,-1.065710,-0.001597,1.027007,-1.097097,0.385056,0.593846,-1.709231]
[ros2_control_node-3] [INFO] [1791434697.762499146] [StateRL]: [ABS-POLICY-CMD] event=command_write clock=steady_clock_ns write_ns=16484116800049 write_id=1074 source_session_id=16478219458311 source_policy_cycle_id=267 source_mode=0 action_source=1 transition_reason=0 recovery_episode_id=0 q_rad=[0.052506,0.184907,-1.513221,0.446219,1.043301,-1.065710,-0.001597,1.027007,-1.097097,0.385056,0.593846,-1.709231]
[ros2_control_node-3] [INFO] [1791434697.762810387] [StateRL]: [ABS-POLICY-CMD] event=command_write clock=steady_clock_ns write_ns=16484117112924 write_id=1075 source_session_id=16478219458311 source_policy_cycle_id=267 source_mode=0 action_source=1 transition_reason=0 recovery_episode_id=0 q_rad=[0.052506,0.184907,-1.513221,0.446219,1.043301,-1.065710,-0.001597,1.027007,-1.097097,0.385056,0.593846,-1.709231]
[ros2_control_node-3] [INFO] [1791434697.778089593] [StateRL]: [ABS-POLICY-CMD] event=command_write clock=steady_clock_ns write_ns=16484132375907 write_id=1076 source_session_id=16478219458311 source_policy_cycle_id=268 source_mode=0 action_source=1 transition_reason=0 recovery_episode_id=0 q_rad=[-0.137981,0.369358,-1.422502,0.820001,1.154275,-1.331635,0.049058,0.998710,-1.087081,0.343359,0.565580,-1.783447]
[ros2_control_node-3] [INFO] [1791434697.778733444] [StateRL]: [ABS-POLICY-CMD] event=command_write clock=steady_clock_ns write_ns=16484133027933 write_id=1077 source_session_id=16478219458311 source_policy_cycle_id=268 source_mode=0 action_source=1 transition_reason=0 recovery_episode_id=0 q_rad=[-0.137981,0.369358,-1.422502,0.820001,1.154275,-1.331635,0.049058,0.998710,-1.087081,0.343359,0.565580,-1.783447]
[ros2_control_node-3] [INFO] [1791434697.779204574] [StateRL]: [ABS-POLICY-CMD] event=command_write clock=steady_clock_ns write_ns=16484133501822 write_id=1078 source_session_id=16478219458311 source_policy_cycle_id=268 source_mode=0 action_source=1 transition_reason=0 recovery_episode_id=0 q_rad=[-0.137981,0.369358,-1.422502,0.820001,1.154275,-1.331635,0.049058,0.998710,-1.087081,0.343359,0.565580,-1.783447]
[ros2_control_node-3] [INFO] [1791434697.779671558] [StateRL]: [ABS-POLICY-CMD] event=command_write clock=steady_clock_ns write_ns=16484133968533 write_id=1079 source_session_id=16478219458311 source_policy_cycle_id=268 source_mode=0 action_source=1 transition_reason=0 recovery_episode_id=0 q_rad=[-0.137981,0.369358,-1.422502,0.820001,1.154275,-1.331635,0.049058,0.998710,-1.087081,0.343359,0.565580,-1.783447]
[ros2_control_node-3] [INFO] [1791434697.789758894] [StateRL]: [ABS-POLICY-CMD] event=command_write clock=steady_clock_ns write_ns=16484144047988 write_id=1080 source_session_id=16478219458311 source_policy_cycle_id=269 source_mode=0 action_source=1 transition_reason=0 recovery_episode_id=0 q_rad=[-0.080120,0.459546,-1.338341,0.955080,0.911501,-1.301722,0.137653,1.007014,-1.092415,0.355185,0.548904,-1.699371]
[ros2_control_node-3] [INFO] [1791434697.790574675] [StateRL]: [ABS-POLICY-CMD] event=command_write clock=steady_clock_ns write_ns=16484144850950 write_id=1081 source_session_id=16478219458311 source_policy_cycle_id=269 source_mode=0 action_source=1 transition_reason=0 recovery_episode_id=0 q_rad=[-0.080120,0.459546,-1.338341,0.955080,0.911501,-1.301722,0.137653,1.007014,-1.092415,0.355185,0.548904,-1.699371]
[ros2_control_node-3] [INFO] [1791434697.791396606] [StateRL]: [ABS-POLICY-CMD] event=command_write clock=steady_clock_ns write_ns=16484145689634 write_id=1082 source_session_id=16478219458311 source_policy_cycle_id=269 source_mode=0 action_source=1 transition_reason=0 recovery_episode_id=0 q_rad=[-0.080120,0.459546,-1.338341,0.955080,0.911501,-1.301722,0.137653,1.007014,-1.092415,0.355185,0.548904,-1.699371]
[ros2_control_node-3] [INFO] [1791434697.792016744] [StateRL]: [ABS-POLICY-CMD] event=command_write clock=steady_clock_ns write_ns=16484146313051 write_id=1083 source_session_id=16478219458311 source_policy_cycle_id=269 source_mode=0 action_source=1 transition_reason=0 recovery_episode_id=0 q_rad=[-0.080120,0.459546,-1.338341,0.955080,0.911501,-1.301722,0.137653,1.007014,-1.092415,0.355185,0.548904,-1.699371]
[ros2_control_node-3] [INFO] [1791434697.803254136] [StateRL]: [ABS-POLICY-CMD] event=command_write clock=steady_clock_ns write_ns=16484157541955 write_id=1084 source_session_id=16478219458311 source_policy_cycle_id=270 source_mode=0 action_source=1 transition_reason=0 recovery_episode_id=0 q_rad=[-0.034883,0.631867,-1.314509,0.837731,0.774898,-1.290397,0.151705,1.045268,-1.099098,0.305547,0.603240,-1.677519]
[ros2_control_node-3] [INFO] [1791434697.804556130] [StateRL]: [ABS-POLICY-CMD] event=command_write clock=steady_clock_ns write_ns=16484158842657 write_id=1085 source_session_id=16478219458311 source_policy_cycle_id=270 source_mode=0 action_source=1 transition_reason=0 recovery_episode_id=0 q_rad=[-0.034883,0.631867,-1.314509,0.837731,0.774898,-1.290397,0.151705,1.045268,-1.099098,0.305547,0.603240,-1.677519]
[ros2_control_node-3] [INFO] [1791434697.805433314] [StateRL]: [ABS-POLICY-CMD] event=command_write clock=steady_clock_ns write_ns=16484159726638 write_id=1086 source_session_id=16478219458311 source_policy_cycle_id=270 source_mode=0 action_source=1 transition_reason=0 recovery_episode_id=0 q_rad=[-0.034883,0.631867,-1.314509,0.837731,0.774898,-1.290397,0.151705,1.045268,-1.099098,0.305547,0.603240,-1.677519]
[ros2_control_node-3] [INFO] [1791434697.806164578] [StateRL]: [ABS-POLICY-CMD] event=command_write clock=steady_clock_ns write_ns=16484160459708 write_id=1087 source_session_id=16478219458311 source_policy_cycle_id=270 source_mode=0 action_source=1 transition_reason=0 recovery_episode_id=0 q_rad=[-0.034883,0.631867,-1.314509,0.837731,0.774898,-1.290397,0.151705,1.045268,-1.099098,0.305547,0.603240,-1.677519]
[ros2_control_node-3] [INFO] [1791434697.819080854] [StateRL]: [ABS-POLICY-CMD] event=command_write clock=steady_clock_ns write_ns=16484173369371 write_id=1088 source_session_id=16478219458311 source_policy_cycle_id=271 source_mode=0 action_source=1 transition_reason=0 recovery_episode_id=0 q_rad=[0.003465,0.784313,-1.325437,0.718999,0.645900,-1.369934,0.183261,1.160257,-1.136443,0.205013,0.710922,-1.651979]
[ros2_control_node-3] [INFO] [1791434697.819911765] [StateRL]: [ABS-POLICY-CMD] event=command_write clock=steady_clock_ns write_ns=16484174202967 write_id=1089 source_session_id=16478219458311 source_policy_cycle_id=271 source_mode=0 action_source=1 transition_reason=0 recovery_episode_id=0 q_rad=[0.003465,0.784313,-1.325437,0.718999,0.645900,-1.369934,0.183261,1.160257,-1.136443,0.205013,0.710922,-1.651979]
[ros2_control_node-3] [INFO] [1791434697.820686104] [StateRL]: [ABS-POLICY-CMD] event=command_write clock=steady_clock_ns write_ns=16484174973447 write_id=1090 source_session_id=16478219458311 source_policy_cycle_id=271 source_mode=0 action_source=1 transition_reason=0 recovery_episode_id=0 q_rad=[0.003465,0.784313,-1.325437,0.718999,0.645900,-1.369934,0.183261,1.160257,-1.136443,0.205013,0.710922,-1.651979]
[ros2_control_node-3] [INFO] [1791434697.821121946] [StateRL]: [ABS-POLICY-CMD] event=command_write clock=steady_clock_ns write_ns=16484175418661 write_id=1091 source_session_id=16478219458311 source_policy_cycle_id=271 source_mode=0 action_source=1 transition_reason=0 recovery_episode_id=0 q_rad=[0.003465,0.784313,-1.325437,0.718999,0.645900,-1.369934,0.183261,1.160257,-1.136443,0.205013,0.710922,-1.651979]
[ros2_control_node-3] [INFO] [1791434697.833314741] [StateRL]: [ABS-POLICY-CMD] event=command_write clock=steady_clock_ns write_ns=16484187600046 write_id=1092 source_session_id=16478219458311 source_policy_cycle_id=272 source_mode=0 action_source=1 transition_reason=0 recovery_episode_id=0 q_rad=[0.002987,0.944417,-1.396555,0.702413,0.626728,-1.464279,0.182695,1.252417,-1.213484,0.097693,0.767680,-1.660290]
[ros2_control_node-3] [INFO] [1791434697.836966465] [StateRL]: [ABS-POLICY-CMD] event=command_write clock=steady_clock_ns write_ns=16484191240529 write_id=1093 source_session_id=16478219458311 source_policy_cycle_id=272 source_mode=0 action_source=1 transition_reason=0 recovery_episode_id=0 q_rad=[0.002987,0.944417,-1.396555,0.702413,0.626728,-1.464279,0.182695,1.252417,-1.213484,0.097693,0.767680,-1.660290]
[ros2_control_node-3] [INFO] [1791434697.838529163] [StateRL]: [ABS-POLICY-CMD] event=command_write clock=steady_clock_ns write_ns=16484192823782 write_id=1094 source_session_id=16478219458311 source_policy_cycle_id=272 source_mode=0 action_source=1 transition_reason=0 recovery_episode_id=0 q_rad=[0.002987,0.944417,-1.396555,0.702413,0.626728,-1.464279,0.182695,1.252417,-1.213484,0.097693,0.767680,-1.660290]
[ros2_control_node-3] [INFO] [1791434697.839946595] [StateRL]: [ABS-POLICY-CMD] event=command_write clock=steady_clock_ns write_ns=16484194236082 write_id=1095 source_session_id=16478219458311 source_policy_cycle_id=272 source_mode=0 action_source=1 transition_reason=0 recovery_episode_id=0 q_rad=[0.002987,0.944417,-1.396555,0.702413,0.626728,-1.464279,0.182695,1.252417,-1.213484,0.097693,0.767680,-1.660290]
[ros2_control_node-3] [INFO] [1791434697.853177027] [StateRL]: [ABS-POLICY-CMD] event=command_write clock=steady_clock_ns write_ns=16484207461424 write_id=1096 source_session_id=16478219458311 source_policy_cycle_id=273 source_mode=0 action_source=1 transition_reason=0 recovery_episode_id=0 q_rad=[-0.115914,1.139627,-1.517661,0.664322,0.600648,-1.533817,0.137552,1.298186,-1.184807,0.022974,0.894607,-1.594936]
[ros2_control_node-3] [INFO] [1791434697.854570368] [StateRL]: [ABS-POLICY-CMD] event=command_write clock=steady_clock_ns write_ns=16484208865583 write_id=1097 source_session_id=16478219458311 source_policy_cycle_id=273 source_mode=0 action_source=1 transition_reason=0 recovery_episode_id=0 q_rad=[-0.115914,1.139627,-1.517661,0.664322,0.600648,-1.533817,0.137552,1.298186,-1.184807,0.022974,0.894607,-1.594936]
[ros2_control_node-3] [INFO] [1791434697.854605435] [StateRL]: [ABS-LIVE-CMD] event=rl_command_write clock=steady_clock_ns timestamp_ns=16484208912531 sequence=1375 controller_state=RL rl_active=1 finite=1 kp_zero=0 kd_zero=0 tau_zero=1 veto_reason= q=[-0.1159,1.1396,-1.5177,0.6643,0.6006,-1.5338,0.1376,1.2982,-1.1848,0.0230,0.8946,-1.5949] kp=[30.0000,30.0000,30.0000,30.0000,30.0000,30.0000,30.0000,30.0000,30.0000,30.0000,30.0000,30.0000] kd=[0.6500,0.6500,0.6500,0.6500,0.6500,0.6500,0.6500,0.6500,0.6500,0.6500,0.6500,0.6500] tau=[0.0000,0.0000,0.0000,0.0000,0.0000,0.0000,0.0000,0.0000,0.0000,0.0000,0.0000,0.0000]
[ros2_control_node-3] [INFO] [1791434697.854949555] [StateRL]: [ABS-POLICY-CMD] event=command_write clock=steady_clock_ns write_ns=16484209251580 write_id=1098 source_session_id=16478219458311 source_policy_cycle_id=273 source_mode=0 action_source=1 transition_reason=0 recovery_episode_id=0 q_rad=[-0.115914,1.139627,-1.517661,0.664322,0.600648,-1.533817,0.137552,1.298186,-1.184807,0.022974,0.894607,-1.594936]
[ros2_control_node-3] [INFO] [1791434697.855301548] [StateRL]: [ABS-POLICY-CMD] event=command_write clock=steady_clock_ns write_ns=16484209603857 write_id=1099 source_session_id=16478219458311 source_policy_cycle_id=273 source_mode=0 action_source=1 transition_reason=0 recovery_episode_id=0 q_rad=[-0.115914,1.139627,-1.517661,0.664322,0.600648,-1.533817,0.137552,1.298186,-1.184807,0.022974,0.894607,-1.594936]
[ros2_control_node-3] [INFO] [1791434697.869171957] [StateRL]: [ABS-POLICY-CMD] event=command_write clock=steady_clock_ns write_ns=16484223458930 write_id=1100 source_session_id=16478219458311 source_policy_cycle_id=274 source_mode=0 action_source=1 transition_reason=0 recovery_episode_id=0 q_rad=[-0.150608,1.300141,-1.637944,0.579597,0.549166,-1.625717,0.067997,1.355807,-1.167995,-0.063896,1.022788,-1.417277]
[ros2_control_node-3] [INFO] [1791434697.870593740] [StateRL]: [ABS-POLICY-CMD] event=command_write clock=steady_clock_ns write_ns=16484224879176 write_id=1101 source_session_id=16478219458311 source_policy_cycle_id=274 source_mode=0 action_source=1 transition_reason=0 recovery_episode_id=0 q_rad=[-0.150608,1.300141,-1.637944,0.579597,0.549166,-1.625717,0.067997,1.355807,-1.167995,-0.063896,1.022788,-1.417277]
[ros2_control_node-3] [INFO] [1791434697.871359318] [StateRL]: [ABS-POLICY-CMD] event=command_write clock=steady_clock_ns write_ns=16484225657783 write_id=1102 source_session_id=16478219458311 source_policy_cycle_id=274 source_mode=0 action_source=1 transition_reason=0 recovery_episode_id=0 q_rad=[-0.150608,1.300141,-1.637944,0.579597,0.549166,-1.625717,0.067997,1.355807,-1.167995,-0.063896,1.022788,-1.417277]
[ros2_control_node-3] [INFO] [1791434697.871708459] [StateRL]: [ABS-POLICY-CMD] event=command_write clock=steady_clock_ns write_ns=16484226010406 write_id=1103 source_session_id=16478219458311 source_policy_cycle_id=274 source_mode=0 action_source=1 transition_reason=0 recovery_episode_id=0 q_rad=[-0.150608,1.300141,-1.637944,0.579597,0.549166,-1.625717,0.067997,1.355807,-1.167995,-0.063896,1.022788,-1.417277]
[ros2_control_node-3] [INFO] [1791434697.879134127] [StateRL]: [EVAL] step=275 t=5.500 robot=(5.656,0.096) yaw=-0.263 goal=(7.000,0.000) dist=1.348 body=(1.323,0.024) heading=0.045 arrived=0 ra=-0.99620 entry=-0.05000 recovery=0 hold=0 twist=(0.967,-0.299,0.542) min_ray_log=2.585 max_ray_log=2.585 min_ray_m=6.000 lin_vel=(1.233,0.618,-0.283) ang_vel=(-1.424,-1.505,-0.581) action_range=(-0.731,2.217) contact=(1,-1,1,1)
[ros2_control_node-3] [INFO] [1791434697.880243719] [StateRL]: [ABS-POLICY-CMD] event=command_write clock=steady_clock_ns write_ns=16484234535279 write_id=1104 source_session_id=16478219458311 source_policy_cycle_id=275 source_mode=0 action_source=1 transition_reason=0 recovery_episode_id=0 q_rad=[-0.072188,1.319863,-1.671030,0.449021,0.617273,-1.674606,0.039024,1.354349,-1.193078,-0.090880,1.119874,-1.349051]
[ros2_control_node-3] [INFO] [1791434697.883557172] [StateRL]: [ABS-POLICY-CMD] event=command_write clock=steady_clock_ns write_ns=16484237840536 write_id=1105 source_session_id=16478219458311 source_policy_cycle_id=275 source_mode=0 action_source=1 transition_reason=0 recovery_episode_id=0 q_rad=[-0.072188,1.319863,-1.671030,0.449021,0.617273,-1.674606,0.039024,1.354349,-1.193078,-0.090880,1.119874,-1.349051]
[ros2_control_node-3] [INFO] [1791434697.884909639] [StateRL]: [ABS-POLICY-CMD] event=command_write clock=steady_clock_ns write_ns=16484239200590 write_id=1106 source_session_id=16478219458311 source_policy_cycle_id=275 source_mode=0 action_source=1 transition_reason=0 recovery_episode_id=0 q_rad=[-0.072188,1.319863,-1.671030,0.449021,0.617273,-1.674606,0.039024,1.354349,-1.193078,-0.090880,1.119874,-1.349051]
[ros2_control_node-3] [INFO] [1791434697.886176808] [StateRL]: [ABS-POLICY-CMD] event=command_write clock=steady_clock_ns write_ns=16484240470821 write_id=1107 source_session_id=16478219458311 source_policy_cycle_id=275 source_mode=0 action_source=1 transition_reason=0 recovery_episode_id=0 q_rad=[-0.072188,1.319863,-1.671030,0.449021,0.617273,-1.674606,0.039024,1.354349,-1.193078,-0.090880,1.119874,-1.349051]
[ros2_control_node-3] [INFO] [1791434697.901186474] [StateRL]: [ABS-POLICY-CMD] event=command_write clock=steady_clock_ns write_ns=16484255473112 write_id=1108 source_session_id=16478219458311 source_policy_cycle_id=276 source_mode=0 action_source=1 transition_reason=0 recovery_episode_id=0 q_rad=[0.063454,1.181247,-1.558977,0.359189,0.526406,-1.574515,-0.011045,1.289888,-1.139092,-0.105177,1.122231,-1.326336]
[ros2_control_node-3] [INFO] [1791434697.902315970] [StateRL]: [ABS-POLICY-CMD] event=command_write clock=steady_clock_ns write_ns=16484256607778 write_id=1109 source_session_id=16478219458311 source_policy_cycle_id=276 source_mode=0 action_source=1 transition_reason=0 recovery_episode_id=0 q_rad=[0.063454,1.181247,-1.558977,0.359189,0.526406,-1.574515,-0.011045,1.289888,-1.139092,-0.105177,1.122231,-1.326336]
[ros2_control_node-3] [INFO] [1791434697.903228139] [StateRL]: [ABS-POLICY-CMD] event=command_write clock=steady_clock_ns write_ns=16484257520457 write_id=1110 source_session_id=16478219458311 source_policy_cycle_id=276 source_mode=0 action_source=1 transition_reason=0 recovery_episode_id=0 q_rad=[0.063454,1.181247,-1.558977,0.359189,0.526406,-1.574515,-0.011045,1.289888,-1.139092,-0.105177,1.122231,-1.326336]
[ros2_control_node-3] [INFO] [1791434697.903802562] [StateRL]: [ABS-POLICY-CMD] event=command_write clock=steady_clock_ns write_ns=16484258099376 write_id=1111 source_session_id=16478219458311 source_policy_cycle_id=276 source_mode=0 action_source=1 transition_reason=0 recovery_episode_id=0 q_rad=[0.063454,1.181247,-1.558977,0.359189,0.526406,-1.574515,-0.011045,1.289888,-1.139092,-0.105177,1.122231,-1.326336]
[ros2_control_node-3] [INFO] [1791434697.918079529] [StateRL]: [ABS-POLICY-CMD] event=command_write clock=steady_clock_ns write_ns=16484272367777 write_id=1112 source_session_id=16478219458311 source_policy_cycle_id=277 source_mode=0 action_source=1 transition_reason=0 recovery_episode_id=0 q_rad=[0.136478,1.056059,-1.455800,0.343308,0.481555,-1.448941,-0.126766,1.218192,-1.127284,-0.107008,1.086032,-1.213499]
[ros2_control_node-3] [INFO] [1791434697.919127210] [StateRL]: [ABS-POLICY-CMD] event=command_write clock=steady_clock_ns write_ns=16484273418840 write_id=1113 source_session_id=16478219458311 source_policy_cycle_id=277 source_mode=0 action_source=1 transition_reason=0 recovery_episode_id=0 q_rad=[0.136478,1.056059,-1.455800,0.343308,0.481555,-1.448941,-0.126766,1.218192,-1.127284,-0.107008,1.086032,-1.213499]
[ros2_control_node-3] [INFO] [1791434697.919769194] [StateRL]: [ABS-POLICY-CMD] event=command_write clock=steady_clock_ns write_ns=16484274064057 write_id=1114 source_session_id=16478219458311 source_policy_cycle_id=277 source_mode=0 action_source=1 transition_reason=0 recovery_episode_id=0 q_rad=[0.136478,1.056059,-1.455800,0.343308,0.481555,-1.448941,-0.126766,1.218192,-1.127284,-0.107008,1.086032,-1.213499]
[ros2_control_node-3] [INFO] [1791434697.920324203] [StateRL]: [ABS-POLICY-CMD] event=command_write clock=steady_clock_ns write_ns=16484274619035 write_id=1115 source_session_id=16478219458311 source_policy_cycle_id=277 source_mode=0 action_source=1 transition_reason=0 recovery_episode_id=0 q_rad=[0.136478,1.056059,-1.455800,0.343308,0.481555,-1.448941,-0.126766,1.218192,-1.127284,-0.107008,1.086032,-1.213499]
[ros2_control_node-3] [INFO] [1791434697.933621644] [StateRL]: [ABS-POLICY-CMD] event=command_write clock=steady_clock_ns write_ns=16484287904443 write_id=1116 source_session_id=16478219458311 source_policy_cycle_id=278 source_mode=0 action_source=1 transition_reason=0 recovery_episode_id=0 q_rad=[0.189491,1.127152,-1.344687,0.291789,0.654389,-1.238740,-0.346037,1.260506,-1.181455,-0.153153,1.086870,-1.145049]
[ros2_control_node-3] [INFO] [1791434697.935295362] [StateRL]: [ABS-POLICY-CMD] event=command_write clock=steady_clock_ns write_ns=16484289589419 write_id=1117 source_session_id=16478219458311 source_policy_cycle_id=278 source_mode=0 action_source=1 transition_reason=0 recovery_episode_id=0 q_rad=[0.189491,1.127152,-1.344687,0.291789,0.654389,-1.238740,-0.346037,1.260506,-1.181455,-0.153153,1.086870,-1.145049]
[ros2_control_node-3] [INFO] [1791434697.935714254] [StateRL]: [ABS-POLICY-CMD] event=command_write clock=steady_clock_ns write_ns=16484290014698 write_id=1118 source_session_id=16478219458311 source_policy_cycle_id=278 source_mode=0 action_source=1 transition_reason=0 recovery_episode_id=0 q_rad=[0.189491,1.127152,-1.344687,0.291789,0.654389,-1.238740,-0.346037,1.260506,-1.181455,-0.153153,1.086870,-1.145049]
[ros2_control_node-3] [INFO] [1791434697.936059715] [StateRL]: [ABS-POLICY-CMD] event=command_write clock=steady_clock_ns write_ns=16484290361580 write_id=1119 source_session_id=16478219458311 source_policy_cycle_id=278 source_mode=0 action_source=1 transition_reason=0 recovery_episode_id=0 q_rad=[0.189491,1.127152,-1.344687,0.291789,0.654389,-1.238740,-0.346037,1.260506,-1.181455,-0.153153,1.086870,-1.145049]
[ros2_control_node-3] [INFO] [1791434697.950457941] [StateRL]: [ABS-POLICY-CMD] event=command_write clock=steady_clock_ns write_ns=16484304651725 write_id=1120 source_session_id=16478219458311 source_policy_cycle_id=279 source_mode=0 action_source=1 transition_reason=0 recovery_episode_id=0 q_rad=[0.115482,1.135868,-1.209130,0.263792,0.759747,-1.077622,-0.503853,1.249179,-1.248301,-0.180373,1.274173,-1.176815]
[ros2_control_node-3] [INFO] [1791434697.952162006] [StateRL]: [ABS-POLICY-CMD] event=command_write clock=steady_clock_ns write_ns=16484306453767 write_id=1121 source_session_id=16478219458311 source_policy_cycle_id=279 source_mode=0 action_source=1 transition_reason=0 recovery_episode_id=0 q_rad=[0.115482,1.135868,-1.209130,0.263792,0.759747,-1.077622,-0.503853,1.249179,-1.248301,-0.180373,1.274173,-1.176815]
[ros2_control_node-3] [INFO] [1791434697.952557047] [StateRL]: [ABS-POLICY-CMD] event=command_write clock=steady_clock_ns write_ns=16484306858065 write_id=1122 source_session_id=16478219458311 source_policy_cycle_id=279 source_mode=0 action_source=1 transition_reason=0 recovery_episode_id=0 q_rad=[0.115482,1.135868,-1.209130,0.263792,0.759747,-1.077622,-0.503853,1.249179,-1.248301,-0.180373,1.274173,-1.176815]
[ros2_control_node-3] [INFO] [1791434697.952580014] [StateRL]: [ABS-LIVE-CMD] event=rl_command_write clock=steady_clock_ns timestamp_ns=16484306887082 sequence=1400 controller_state=RL rl_active=1 finite=1 kp_zero=0 kd_zero=0 tau_zero=1 veto_reason= q=[0.1155,1.1359,-1.2091,0.2638,0.7597,-1.0776,-0.5039,1.2492,-1.2483,-0.1804,1.2742,-1.1768] kp=[30.0000,30.0000,30.0000,30.0000,30.0000,30.0000,30.0000,30.0000,30.0000,30.0000,30.0000,30.0000] kd=[0.6500,0.6500,0.6500,0.6500,0.6500,0.6500,0.6500,0.6500,0.6500,0.6500,0.6500,0.6500] tau=[0.0000,0.0000,0.0000,0.0000,0.0000,0.0000,0.0000,0.0000,0.0000,0.0000,0.0000,0.0000]
[ros2_control_node-3] [INFO] [1791434697.954744835] [StateRL]: [ABS-POLICY-CMD] event=command_write clock=steady_clock_ns write_ns=16484309039091 write_id=1123 source_session_id=16478219458311 source_policy_cycle_id=279 source_mode=0 action_source=1 transition_reason=0 recovery_episode_id=0 q_rad=[0.115482,1.135868,-1.209130,0.263792,0.759747,-1.077622,-0.503853,1.249179,-1.248301,-0.180373,1.274173,-1.176815]
[ros2_control_node-3] [INFO] [1791434697.966265286] [StateRL]: [ABS-POLICY-CMD] event=command_write clock=steady_clock_ns write_ns=16484320519221 write_id=1124 source_session_id=16478219458311 source_policy_cycle_id=280 source_mode=0 action_source=1 transition_reason=0 recovery_episode_id=0 q_rad=[0.085570,1.094655,-1.115489,0.185647,0.894485,-1.061457,-0.547217,1.198549,-1.336100,-0.109357,1.386760,-1.205462]
[ros2_control_node-3] [INFO] [1791434697.968947182] [StateRL]: [ABS-POLICY-CMD] event=command_write clock=steady_clock_ns write_ns=16484323236051 write_id=1125 source_session_id=16478219458311 source_policy_cycle_id=280 source_mode=0 action_source=1 transition_reason=0 recovery_episode_id=0 q_rad=[0.085570,1.094655,-1.115489,0.185647,0.894485,-1.061457,-0.547217,1.198549,-1.336100,-0.109357,1.386760,-1.205462]
[ros2_control_node-3] [INFO] [1791434697.970556539] [StateRL]: [ABS-POLICY-CMD] event=command_write clock=steady_clock_ns write_ns=16484324849744 write_id=1126 source_session_id=16478219458311 source_policy_cycle_id=280 source_mode=0 action_source=1 transition_reason=0 recovery_episode_id=0 q_rad=[0.085570,1.094655,-1.115489,0.185647,0.894485,-1.061457,-0.547217,1.198549,-1.336100,-0.109357,1.386760,-1.205462]
[ros2_control_node-3] [INFO] [1791434697.971985214] [StateRL]: [ABS-POLICY-CMD] event=command_write clock=steady_clock_ns write_ns=16484326281363 write_id=1127 source_session_id=16478219458311 source_policy_cycle_id=280 source_mode=0 action_source=1 transition_reason=0 recovery_episode_id=0 q_rad=[0.085570,1.094655,-1.115489,0.185647,0.894485,-1.061457,-0.547217,1.198549,-1.336100,-0.109357,1.386760,-1.205462]
[ros2_control_node-3] [INFO] [1791434697.984292704] [StateRL]: [ABS-POLICY-CMD] event=command_write clock=steady_clock_ns write_ns=16484338579087 write_id=1128 source_session_id=16478219458311 source_policy_cycle_id=281 source_mode=0 action_source=1 transition_reason=0 recovery_episode_id=0 q_rad=[-0.074866,1.201894,-1.322353,0.128629,0.947607,-1.122416,-0.548166,1.060882,-1.411382,0.010675,1.284904,-1.149690]
[ros2_control_node-3] [INFO] [1791434697.985958581] [StateRL]: [ABS-POLICY-CMD] event=command_write clock=steady_clock_ns write_ns=16484340250806 write_id=1129 source_session_id=16478219458311 source_policy_cycle_id=281 source_mode=0 action_source=1 transition_reason=0 recovery_episode_id=0 q_rad=[-0.074866,1.201894,-1.322353,0.128629,0.947607,-1.122416,-0.548166,1.060882,-1.411382,0.010675,1.284904,-1.149690]
[ros2_control_node-3] [INFO] [1791434697.986730129] [StateRL]: [ABS-POLICY-CMD] event=command_write clock=steady_clock_ns write_ns=16484341023878 write_id=1130 source_session_id=16478219458311 source_policy_cycle_id=281 source_mode=0 action_source=1 transition_reason=0 recovery_episode_id=0 q_rad=[-0.074866,1.201894,-1.322353,0.128629,0.947607,-1.122416,-0.548166,1.060882,-1.411382,0.010675,1.284904,-1.149690]
[ros2_control_node-3] [INFO] [1791434697.987256525] [StateRL]: [ABS-POLICY-CMD] event=command_write clock=steady_clock_ns write_ns=16484341556217 write_id=1131 source_session_id=16478219458311 source_policy_cycle_id=281 source_mode=0 action_source=1 transition_reason=0 recovery_episode_id=0 q_rad=[-0.074866,1.201894,-1.322353,0.128629,0.947607,-1.122416,-0.548166,1.060882,-1.411382,0.010675,1.284904,-1.149690]
[ros2_control_node-3] [INFO] [1791434698.002673031] [StateRL]: [ABS-POLICY-CMD] event=command_write clock=steady_clock_ns write_ns=16484356953371 write_id=1132 source_session_id=16478219458311 source_policy_cycle_id=282 source_mode=0 action_source=1 transition_reason=0 recovery_episode_id=0 q_rad=[-0.369920,1.295680,-1.677312,0.039847,0.990970,-1.179995,-0.503772,0.890244,-1.579881,0.039443,1.234866,-1.117132]
[ros2_control_node-3] [INFO] [1791434698.003448261] [StateRL]: [ABS-POLICY-CMD] event=command_write clock=steady_clock_ns write_ns=16484357744021 write_id=1133 source_session_id=16478219458311 source_policy_cycle_id=282 source_mode=0 action_source=1 transition_reason=0 recovery_episode_id=0 q_rad=[-0.369920,1.295680,-1.677312,0.039847,0.990970,-1.179995,-0.503772,0.890244,-1.579881,0.039443,1.234866,-1.117132]
[ros2_control_node-3] [INFO] [1791434698.004097917] [StateRL]: [ABS-POLICY-CMD] event=command_write clock=steady_clock_ns write_ns=16484358394082 write_id=1134 source_session_id=16478219458311 source_policy_cycle_id=282 source_mode=0 action_source=1 transition_reason=0 recovery_episode_id=0 q_rad=[-0.369920,1.295680,-1.677312,0.039847,0.990970,-1.179995,-0.503772,0.890244,-1.579881,0.039443,1.234866,-1.117132]
[ros2_control_node-3] [INFO] [1791434698.004810502] [StateRL]: [ABS-POLICY-CMD] event=command_write clock=steady_clock_ns write_ns=16484359107972 write_id=1135 source_session_id=16478219458311 source_policy_cycle_id=282 source_mode=0 action_source=1 transition_reason=0 recovery_episode_id=0 q_rad=[-0.369920,1.295680,-1.677312,0.039847,0.990970,-1.179995,-0.503772,0.890244,-1.579881,0.039443,1.234866,-1.117132]
[ros2_control_node-3] [INFO] [1791434698.018282075] [StateRL]: [ABS-POLICY-CMD] event=command_write clock=steady_clock_ns write_ns=16484372566629 write_id=1136 source_session_id=16478219458311 source_policy_cycle_id=283 source_mode=0 action_source=1 transition_reason=0 recovery_episode_id=0 q_rad=[-0.668207,1.262189,-1.950315,-0.050574,0.946436,-1.221186,-0.490512,0.628281,-1.676999,0.134775,1.146235,-0.941855]
[ros2_control_node-3] [INFO] [1791434698.019957987] [StateRL]: [ABS-POLICY-CMD] event=command_write clock=steady_clock_ns write_ns=16484374248537 write_id=1137 source_session_id=16478219458311 source_policy_cycle_id=283 source_mode=0 action_source=1 transition_reason=0 recovery_episode_id=0 q_rad=[-0.668207,1.262189,-1.950315,-0.050574,0.946436,-1.221186,-0.490512,0.628281,-1.676999,0.134775,1.146235,-0.941855]
[ros2_control_node-3] [INFO] [1791434698.021166439] [StateRL]: [ABS-POLICY-CMD] event=command_write clock=steady_clock_ns write_ns=16484375462413 write_id=1138 source_session_id=16478219458311 source_policy_cycle_id=283 source_mode=0 action_source=1 transition_reason=0 recovery_episode_id=0 q_rad=[-0.668207,1.262189,-1.950315,-0.050574,0.946436,-1.221186,-0.490512,0.628281,-1.676999,0.134775,1.146235,-0.941855]
[ros2_control_node-3] [INFO] [1791434698.022423135] [StateRL]: [ABS-POLICY-CMD] event=command_write clock=steady_clock_ns write_ns=16484376718037 write_id=1139 source_session_id=16478219458311 source_policy_cycle_id=283 source_mode=0 action_source=1 transition_reason=0 recovery_episode_id=0 q_rad=[-0.668207,1.262189,-1.950315,-0.050574,0.946436,-1.221186,-0.490512,0.628281,-1.676999,0.134775,1.146235,-0.941855]
[ros2_control_node-3] [INFO] [1791434698.033974157] [StateRL]: [ABS-POLICY-CMD] event=command_write clock=steady_clock_ns write_ns=16484388239727 write_id=1140 source_session_id=16478219458311 source_policy_cycle_id=284 source_mode=0 action_source=1 transition_reason=0 recovery_episode_id=0 q_rad=[-0.693479,0.818836,-1.975803,-0.160246,0.735737,-1.137446,-0.397822,0.572386,-1.723574,0.243367,1.125219,-1.202946]
[ros2_control_node-3] [INFO] [1791434698.034518364] [StateRL]: [ABS-POLICY-CMD] event=command_write clock=steady_clock_ns write_ns=16484388815863 write_id=1141 source_session_id=16478219458311 source_policy_cycle_id=284 source_mode=0 action_source=1 transition_reason=0 recovery_episode_id=0 q_rad=[-0.693479,0.818836,-1.975803,-0.160246,0.735737,-1.137446,-0.397822,0.572386,-1.723574,0.243367,1.125219,-1.202946]
[ros2_control_node-3] [INFO] [1791434698.036654838] [StateRL]: [ABS-POLICY-CMD] event=command_write clock=steady_clock_ns write_ns=16484390942639 write_id=1142 source_session_id=16478219458311 source_policy_cycle_id=284 source_mode=0 action_source=1 transition_reason=0 recovery_episode_id=0 q_rad=[-0.693479,0.818836,-1.975803,-0.160246,0.735737,-1.137446,-0.397822,0.572386,-1.723574,0.243367,1.125219,-1.202946]
[ros2_control_node-3] [INFO] [1791434698.037120954] [StateRL]: [ABS-POLICY-CMD] event=command_write clock=steady_clock_ns write_ns=16484391419513 write_id=1143 source_session_id=16478219458311 source_policy_cycle_id=284 source_mode=0 action_source=1 transition_reason=0 recovery_episode_id=0 q_rad=[-0.693479,0.818836,-1.975803,-0.160246,0.735737,-1.137446,-0.397822,0.572386,-1.723574,0.243367,1.125219,-1.202946]
[ros2_control_node-3] [INFO] [1791434698.053184631] [StateRL]: [ABS-POLICY-CMD] event=command_write clock=steady_clock_ns write_ns=16484407471141 write_id=1144 source_session_id=16478219458311 source_policy_cycle_id=285 source_mode=0 action_source=1 transition_reason=0 recovery_episode_id=0 q_rad=[-0.628504,0.627865,-1.951051,-0.183542,0.647089,-1.082562,-0.329528,0.518501,-1.726452,0.388561,1.097389,-1.382431]
[ros2_control_node-3] [INFO] [1791434698.053733246] [StateRL]: [ABS-POLICY-CMD] event=command_write clock=steady_clock_ns write_ns=16484408034016 write_id=1145 source_session_id=16478219458311 source_policy_cycle_id=285 source_mode=0 action_source=1 transition_reason=0 recovery_episode_id=0 q_rad=[-0.628504,0.627865,-1.951051,-0.183542,0.647089,-1.082562,-0.329528,0.518501,-1.726452,0.388561,1.097389,-1.382431]
[ros2_control_node-3] [INFO] [1791434698.054068675] [StateRL]: [ABS-POLICY-CMD] event=command_write clock=steady_clock_ns write_ns=16484408370274 write_id=1146 source_session_id=16478219458311 source_policy_cycle_id=285 source_mode=0 action_source=1 transition_reason=0 recovery_episode_id=0 q_rad=[-0.628504,0.627865,-1.951051,-0.183542,0.647089,-1.082562,-0.329528,0.518501,-1.726452,0.388561,1.097389,-1.382431]
[ros2_control_node-3] [INFO] [1791434698.054405957] [StateRL]: [ABS-POLICY-CMD] event=command_write clock=steady_clock_ns write_ns=16484408707801 write_id=1147 source_session_id=16478219458311 source_policy_cycle_id=285 source_mode=0 action_source=1 transition_reason=0 recovery_episode_id=0 q_rad=[-0.628504,0.627865,-1.951051,-0.183542,0.647089,-1.082562,-0.329528,0.518501,-1.726452,0.388561,1.097389,-1.382431]
[ros2_control_node-3] [INFO] [1791434698.054429249] [StateRL]: [ABS-LIVE-CMD] event=rl_command_write clock=steady_clock_ns timestamp_ns=16484408736298 sequence=1425 controller_state=RL rl_active=1 finite=1 kp_zero=0 kd_zero=0 tau_zero=1 veto_reason= q=[-0.6285,0.6279,-1.9511,-0.1835,0.6471,-1.0826,-0.3295,0.5185,-1.7265,0.3886,1.0974,-1.3824] kp=[30.0000,30.0000,30.0000,30.0000,30.0000,30.0000,30.0000,30.0000,30.0000,30.0000,30.0000,30.0000] kd=[0.6500,0.6500,0.6500,0.6500,0.6500,0.6500,0.6500,0.6500,0.6500,0.6500,0.6500,0.6500] tau=[0.0000,0.0000,0.0000,0.0000,0.0000,0.0000,0.0000,0.0000,0.0000,0.0000,0.0000,0.0000]
[ros2_control_node-3] [INFO] [1791434698.067604941] [StateRL]: [ABS-POLICY-CMD] event=command_write clock=steady_clock_ns write_ns=16484421892736 write_id=1148 source_session_id=16478219458311 source_policy_cycle_id=286 source_mode=0 action_source=1 transition_reason=0 recovery_episode_id=0 q_rad=[-0.411871,0.317287,-2.009859,-0.197511,0.819217,-1.045008,-0.153479,0.557536,-1.734085,0.477774,0.946444,-1.472959]
[ros2_control_node-3] [INFO] [1791434698.069522846] [StateRL]: [ABS-POLICY-CMD] event=command_write clock=steady_clock_ns write_ns=16484423817745 write_id=1149 source_session_id=16478219458311 source_policy_cycle_id=286 source_mode=0 action_source=1 transition_reason=0 recovery_episode_id=0 q_rad=[-0.411871,0.317287,-2.009859,-0.197511,0.819217,-1.045008,-0.153479,0.557536,-1.734085,0.477774,0.946444,-1.472959]
[ros2_control_node-3] [INFO] [1791434698.071336712] [StateRL]: [ABS-POLICY-CMD] event=command_write clock=steady_clock_ns write_ns=16484425632558 write_id=1150 source_session_id=16478219458311 source_policy_cycle_id=286 source_mode=0 action_source=1 transition_reason=0 recovery_episode_id=0 q_rad=[-0.411871,0.317287,-2.009859,-0.197511,0.819217,-1.045008,-0.153479,0.557536,-1.734085,0.477774,0.946444,-1.472959]
[ros2_control_node-3] [INFO] [1791434698.072373472] [StateRL]: [ABS-POLICY-CMD] event=command_write clock=steady_clock_ns write_ns=16484426668865 write_id=1151 source_session_id=16478219458311 source_policy_cycle_id=286 source_mode=0 action_source=1 transition_reason=0 recovery_episode_id=0 q_rad=[-0.411871,0.317287,-2.009859,-0.197511,0.819217,-1.045008,-0.153479,0.557536,-1.734085,0.477774,0.946444,-1.472959]
[ros2_control_node-3] [INFO] [1791434698.095369094] [StateRL]: [ABS-POLICY-CMD] event=command_write clock=steady_clock_ns write_ns=16484449645214 write_id=1152 source_session_id=16478219458311 source_policy_cycle_id=287 source_mode=0 action_source=1 transition_reason=0 recovery_episode_id=0 q_rad=[-0.093782,0.120841,-1.874028,-0.131176,0.824950,-0.837760,-0.023519,0.784946,-1.463376,0.561781,0.712837,-1.584283]
[ros2_control_node-3] [INFO] [1791434698.096830000] [StateRL]: [ABS-POLICY-CMD] event=command_write clock=steady_clock_ns write_ns=16484451123921 write_id=1153 source_session_id=16478219458311 source_policy_cycle_id=287 source_mode=0 action_source=1 transition_reason=0 recovery_episode_id=0 q_rad=[-0.093782,0.120841,-1.874028,-0.131176,0.824950,-0.837760,-0.023519,0.784946,-1.463376,0.561781,0.712837,-1.584283]
[ros2_control_node-3] [INFO] [1791434698.098953307] [StateRL]: [ABS-POLICY-CMD] event=command_write clock=steady_clock_ns write_ns=16484453248128 write_id=1154 source_session_id=16478219458311 source_policy_cycle_id=287 source_mode=0 action_source=1 transition_reason=0 recovery_episode_id=0 q_rad=[-0.093782,0.120841,-1.874028,-0.131176,0.824950,-0.837760,-0.023519,0.784946,-1.463376,0.561781,0.712837,-1.584283]
[ros2_control_node-3] [INFO] [1791434698.100617224] [StateRL]: [ABS-POLICY-CMD] event=command_write clock=steady_clock_ns write_ns=16484454902967 write_id=1155 source_session_id=16478219458311 source_policy_cycle_id=287 source_mode=0 action_source=1 transition_reason=0 recovery_episode_id=0 q_rad=[-0.093782,0.120841,-1.874028,-0.131176,0.824950,-0.837760,-0.023519,0.784946,-1.463376,0.561781,0.712837,-1.584283]
[ros2_control_node-3] [INFO] [1791434698.119219911] [StateRL]: [ABS-POLICY-CMD] event=command_write clock=steady_clock_ns write_ns=16484473505077 write_id=1156 source_session_id=16478219458311 source_policy_cycle_id=288 source_mode=0 action_source=1 transition_reason=0 recovery_episode_id=0 q_rad=[0.032181,0.111408,-1.554569,0.335284,1.010171,-1.087467,0.002402,1.046931,-1.126382,0.382655,0.558884,-1.725088]
[ros2_control_node-3] [INFO] [1791434698.121151401] [StateRL]: [ABS-POLICY-CMD] event=command_write clock=steady_clock_ns write_ns=16484475445844 write_id=1157 source_session_id=16478219458311 source_policy_cycle_id=288 source_mode=0 action_source=1 transition_reason=0 recovery_episode_id=0 q_rad=[0.032181,0.111408,-1.554569,0.335284,1.010171,-1.087467,0.002402,1.046931,-1.126382,0.382655,0.558884,-1.725088]
[ros2_control_node-3] [INFO] [1791434698.123113214] [StateRL]: [ABS-POLICY-CMD] event=command_write clock=steady_clock_ns write_ns=16484477296132 write_id=1158 source_session_id=16478219458311 source_policy_cycle_id=288 source_mode=0 action_source=1 transition_reason=0 recovery_episode_id=0 q_rad=[0.032181,0.111408,-1.554569,0.335284,1.010171,-1.087467,0.002402,1.046931,-1.126382,0.382655,0.558884,-1.725088]
[ros2_control_node-3] [INFO] [1791434698.124209640] [StateRL]: [ABS-POLICY-CMD] event=command_write clock=steady_clock_ns write_ns=16484478499304 write_id=1159 source_session_id=16478219458311 source_policy_cycle_id=288 source_mode=0 action_source=1 transition_reason=0 recovery_episode_id=0 q_rad=[0.032181,0.111408,-1.554569,0.335284,1.010171,-1.087467,0.002402,1.046931,-1.126382,0.382655,0.558884,-1.725088]
[ros2_control_node-3] [INFO] [1791434698.138587371] [StateRL]: [ABS-POLICY-CMD] event=command_write clock=steady_clock_ns write_ns=16484492869262 write_id=1160 source_session_id=16478219458311 source_policy_cycle_id=289 source_mode=0 action_source=1 transition_reason=0 recovery_episode_id=0 q_rad=[-0.209167,0.282006,-1.393005,0.909110,1.093209,-1.352316,0.084390,0.917678,-1.032563,0.320136,0.556641,-1.786395]
[ros2_control_node-3] [INFO] [1791434698.140134658] [StateRL]: [ABS-POLICY-CMD] event=command_write clock=steady_clock_ns write_ns=16484494414120 write_id=1161 source_session_id=16478219458311 source_policy_cycle_id=289 source_mode=0 action_source=1 transition_reason=0 recovery_episode_id=0 q_rad=[-0.209167,0.282006,-1.393005,0.909110,1.093209,-1.352316,0.084390,0.917678,-1.032563,0.320136,0.556641,-1.786395]
[ros2_control_node-3] [INFO] [1791434698.140996076] [StateRL]: [ABS-POLICY-CMD] event=command_write clock=steady_clock_ns write_ns=16484495267019 write_id=1162 source_session_id=16478219458311 source_policy_cycle_id=289 source_mode=0 action_source=1 transition_reason=0 recovery_episode_id=0 q_rad=[-0.209167,0.282006,-1.393005,0.909110,1.093209,-1.352316,0.084390,0.917678,-1.032563,0.320136,0.556641,-1.786395]
[ros2_control_node-3] [INFO] [1791434698.143029526] [StateRL]: [ABS-POLICY-CMD] event=command_write clock=steady_clock_ns write_ns=16484497307337 write_id=1163 source_session_id=16478219458311 source_policy_cycle_id=289 source_mode=0 action_source=1 transition_reason=0 recovery_episode_id=0 q_rad=[-0.209167,0.282006,-1.393005,0.909110,1.093209,-1.352316,0.084390,0.917678,-1.032563,0.320136,0.556641,-1.786395]
[ros2_control_node-3] [INFO] [1791434698.157711241] [StateRL]: [ABS-POLICY-CMD] event=command_write clock=steady_clock_ns write_ns=16484511990466 write_id=1164 source_session_id=16478219458311 source_policy_cycle_id=290 source_mode=0 action_source=1 transition_reason=0 recovery_episode_id=0 q_rad=[-0.142224,0.411871,-1.272527,0.959146,0.861150,-1.291759,0.175334,0.891847,-1.003633,0.342674,0.549960,-1.684944]
[ros2_control_node-3] [INFO] [1791434698.158237270] [StateRL]: [ABS-POLICY-CMD] event=command_write clock=steady_clock_ns write_ns=16484512536713 write_id=1165 source_session_id=16478219458311 source_policy_cycle_id=290 source_mode=0 action_source=1 transition_reason=0 recovery_episode_id=0 q_rad=[-0.142224,0.411871,-1.272527,0.959146,0.861150,-1.291759,0.175334,0.891847,-1.003633,0.342674,0.549960,-1.684944]
[ros2_control_node-3] [INFO] [1791434698.158594301] [StateRL]: [ABS-POLICY-CMD] event=command_write clock=steady_clock_ns write_ns=16484512895152 write_id=1166 source_session_id=16478219458311 source_policy_cycle_id=290 source_mode=0 action_source=1 transition_reason=0 recovery_episode_id=0 q_rad=[-0.142224,0.411871,-1.272527,0.959146,0.861150,-1.291759,0.175334,0.891847,-1.003633,0.342674,0.549960,-1.684944]
[ros2_control_node-3] [INFO] [1791434698.159054550] [StateRL]: [ABS-POLICY-CMD] event=command_write clock=steady_clock_ns write_ns=16484513354475 write_id=1167 source_session_id=16478219458311 source_policy_cycle_id=290 source_mode=0 action_source=1 transition_reason=0 recovery_episode_id=0 q_rad=[-0.142224,0.411871,-1.272527,0.959146,0.861150,-1.291759,0.175334,0.891847,-1.003633,0.342674,0.549960,-1.684944]
[ros2_control_node-3] [INFO] [1791434698.171850308] [StateRL]: [ABS-POLICY-CMD] event=command_write clock=steady_clock_ns write_ns=16484526132865 write_id=1168 source_session_id=16478219458311 source_policy_cycle_id=291 source_mode=0 action_source=1 transition_reason=0 recovery_episode_id=0 q_rad=[-0.071242,0.650435,-1.249458,0.715364,0.668998,-1.360145,0.171791,0.966307,-1.002066,0.275392,0.616546,-1.673648]
[ros2_control_node-3] [INFO] [1791434698.174240665] [StateRL]: [ABS-POLICY-CMD] event=command_write clock=steady_clock_ns write_ns=16484528528948 write_id=1169 source_session_id=16478219458311 source_policy_cycle_id=291 source_mode=0 action_source=1 transition_reason=0 recovery_episode_id=0 q_rad=[-0.071242,0.650435,-1.249458,0.715364,0.668998,-1.360145,0.171791,0.966307,-1.002066,0.275392,0.616546,-1.673648]
[ros2_control_node-3] [INFO] [1791434698.177094100] [StateRL]: [ABS-POLICY-CMD] event=command_write clock=steady_clock_ns write_ns=16484531385715 write_id=1170 source_session_id=16478219458311 source_policy_cycle_id=291 source_mode=0 action_source=1 transition_reason=0 recovery_episode_id=0 q_rad=[-0.071242,0.650435,-1.249458,0.715364,0.668998,-1.360145,0.171791,0.966307,-1.002066,0.275392,0.616546,-1.673648]
[ros2_control_node-3] [INFO] [1791434698.177576572] [StateRL]: [ABS-POLICY-CMD] event=command_write clock=steady_clock_ns write_ns=16484531877726 write_id=1171 source_session_id=16478219458311 source_policy_cycle_id=291 source_mode=0 action_source=1 transition_reason=0 recovery_episode_id=0 q_rad=[-0.071242,0.650435,-1.249458,0.715364,0.668998,-1.360145,0.171791,0.966307,-1.002066,0.275392,0.616546,-1.673648]
[ros2_control_node-3] [INFO] [1791434698.187308419] [StateRL]: [ABS-POLICY-CMD] event=command_write clock=steady_clock_ns write_ns=16484541584781 write_id=1172 source_session_id=16478219458311 source_policy_cycle_id=292 source_mode=0 action_source=1 transition_reason=0 recovery_episode_id=0 q_rad=[-0.018402,0.711049,-1.236049,0.637048,0.470986,-1.510558,0.208379,1.134525,-1.142914,0.123728,0.704481,-1.637467]
[ros2_control_node-3] [INFO] [1791434698.187991253] [StateRL]: [ABS-LIVE-CMD] event=rl_command_write clock=steady_clock_ns timestamp_ns=16484542298145 sequence=1450 controller_state=RL rl_active=1 finite=1 kp_zero=0 kd_zero=0 tau_zero=1 veto_reason= q=[-0.0184,0.7110,-1.2360,0.6370,0.4710,-1.5106,0.2084,1.1345,-1.1429,0.1237,0.7045,-1.6375] kp=[30.0000,30.0000,30.0000,30.0000,30.0000,30.0000,30.0000,30.0000,30.0000,30.0000,30.0000,30.0000] kd=[0.6500,0.6500,0.6500,0.6500,0.6500,0.6500,0.6500,0.6500,0.6500,0.6500,0.6500,0.6500] tau=[0.0000,0.0000,0.0000,0.0000,0.0000,0.0000,0.0000,0.0000,0.0000,0.0000,0.0000,0.0000]
[ros2_control_node-3] [INFO] [1791434698.190896792] [StateRL]: [ABS-POLICY-CMD] event=command_write clock=steady_clock_ns write_ns=16484545189928 write_id=1173 source_session_id=16478219458311 source_policy_cycle_id=292 source_mode=0 action_source=1 transition_reason=0 recovery_episode_id=0 q_rad=[-0.018402,0.711049,-1.236049,0.637048,0.470986,-1.510558,0.208379,1.134525,-1.142914,0.123728,0.704481,-1.637467]
[ros2_control_node-3] [INFO] [1791434698.192335119] [StateRL]: [ABS-POLICY-CMD] event=command_write clock=steady_clock_ns write_ns=16484546629665 write_id=1174 source_session_id=16478219458311 source_policy_cycle_id=292 source_mode=0 action_source=1 transition_reason=0 recovery_episode_id=0 q_rad=[-0.018402,0.711049,-1.236049,0.637048,0.470986,-1.510558,0.208379,1.134525,-1.142914,0.123728,0.704481,-1.637467]
[ros2_control_node-3] [INFO] [1791434698.194340540] [StateRL]: [ABS-POLICY-CMD] event=command_write clock=steady_clock_ns write_ns=16484548626934 write_id=1175 source_session_id=16478219458311 source_policy_cycle_id=292 source_mode=0 action_source=1 transition_reason=0 recovery_episode_id=0 q_rad=[-0.018402,0.711049,-1.236049,0.637048,0.470986,-1.510558,0.208379,1.134525,-1.142914,0.123728,0.704481,-1.637467]
[ros2_control_node-3] [INFO] [1791434698.205691482] [StateRL]: [ABS-POLICY-CMD] event=command_write clock=steady_clock_ns write_ns=16484559975100 write_id=1176 source_session_id=16478219458311 source_policy_cycle_id=293 source_mode=0 action_source=1 transition_reason=0 recovery_episode_id=0 q_rad=[-0.110912,0.800726,-1.219000,0.620073,0.329110,-1.565940,0.211204,1.159050,-1.278088,0.044850,0.722902,-1.697263]
[ros2_control_node-3] [INFO] [1791434698.207497188] [StateRL]: [ABS-POLICY-CMD] event=command_write clock=steady_clock_ns write_ns=16484561783905 write_id=1177 source_session_id=16478219458311 source_policy_cycle_id=293 source_mode=0 action_source=1 transition_reason=0 recovery_episode_id=0 q_rad=[-0.110912,0.800726,-1.219000,0.620073,0.329110,-1.565940,0.211204,1.159050,-1.278088,0.044850,0.722902,-1.697263]
[ros2_control_node-3] [INFO] [1791434698.209131159] [StateRL]: [ABS-POLICY-CMD] event=command_write clock=steady_clock_ns write_ns=16484563420172 write_id=1178 source_session_id=16478219458311 source_policy_cycle_id=293 source_mode=0 action_source=1 transition_reason=0 recovery_episode_id=0 q_rad=[-0.110912,0.800726,-1.219000,0.620073,0.329110,-1.565940,0.211204,1.159050,-1.278088,0.044850,0.722902,-1.697263]
[ros2_control_node-3] [INFO] [1791434698.210512380] [StateRL]: [ABS-POLICY-CMD] event=command_write clock=steady_clock_ns write_ns=16484564806533 write_id=1179 source_session_id=16478219458311 source_policy_cycle_id=293 source_mode=0 action_source=1 transition_reason=0 recovery_episode_id=0 q_rad=[-0.110912,0.800726,-1.219000,0.620073,0.329110,-1.565940,0.211204,1.159050,-1.278088,0.044850,0.722902,-1.697263]
[ros2_control_node-3] [INFO] [1791434698.225284112] [StateRL]: [ABS-POLICY-CMD] event=command_write clock=steady_clock_ns write_ns=16484579558813 write_id=1180 source_session_id=16478219458311 source_policy_cycle_id=294 source_mode=0 action_source=1 transition_reason=0 recovery_episode_id=0 q_rad=[-0.294003,0.886024,-1.190596,0.539365,0.261871,-1.519511,0.218533,1.098580,-1.217454,0.081558,0.806176,-1.673863]
[ros2_control_node-3] [INFO] [1791434698.227242848] [StateRL]: [ABS-POLICY-CMD] event=command_write clock=steady_clock_ns write_ns=16484581530097 write_id=1181 source_session_id=16478219458311 source_policy_cycle_id=294 source_mode=0 action_source=1 transition_reason=0 recovery_episode_id=0 q_rad=[-0.294003,0.886024,-1.190596,0.539365,0.261871,-1.519511,0.218533,1.098580,-1.217454,0.081558,0.806176,-1.673863]
[ros2_control_node-3] [INFO] [1791434698.228618133] [StateRL]: [ABS-POLICY-CMD] event=command_write clock=steady_clock_ns write_ns=16484582911533 write_id=1182 source_session_id=16478219458311 source_policy_cycle_id=294 source_mode=0 action_source=1 transition_reason=0 recovery_episode_id=0 q_rad=[-0.294003,0.886024,-1.190596,0.539365,0.261871,-1.519511,0.218533,1.098580,-1.217454,0.081558,0.806176,-1.673863]
[ros2_control_node-3] [INFO] [1791434698.229519805] [StateRL]: [ABS-POLICY-CMD] event=command_write clock=steady_clock_ns write_ns=16484583817609 write_id=1183 source_session_id=16478219458311 source_policy_cycle_id=294 source_mode=0 action_source=1 transition_reason=0 recovery_episode_id=0 q_rad=[-0.294003,0.886024,-1.190596,0.539365,0.261871,-1.519511,0.218533,1.098580,-1.217454,0.081558,0.806176,-1.673863]
[ros2_control_node-3] [INFO] [1791434698.243181640] [StateRL]: [ABS-POLICY-CMD] event=command_write clock=steady_clock_ns write_ns=16484597457620 write_id=1184 source_session_id=16478219458311 source_policy_cycle_id=295 source_mode=0 action_source=1 transition_reason=0 recovery_episode_id=0 q_rad=[-0.371708,1.015015,-1.149385,0.408933,0.278022,-1.454630,0.208750,1.085984,-1.095395,0.064218,0.834576,-1.458951]
[ros2_control_node-3] [INFO] [1791434698.244872176] [StateRL]: [ABS-POLICY-CMD] event=command_write clock=steady_clock_ns write_ns=16484599166445 write_id=1185 source_session_id=16478219458311 source_policy_cycle_id=295 source_mode=0 action_source=1 transition_reason=0 recovery_episode_id=0 q_rad=[-0.371708,1.015015,-1.149385,0.408933,0.278022,-1.454630,0.208750,1.085984,-1.095395,0.064218,0.834576,-1.458951]
[ros2_control_node-3] [INFO] [1791434698.246537320] [StateRL]: [ABS-POLICY-CMD] event=command_write clock=steady_clock_ns write_ns=16484600833053 write_id=1186 source_session_id=16478219458311 source_policy_cycle_id=295 source_mode=0 action_source=1 transition_reason=0 recovery_episode_id=0 q_rad=[-0.371708,1.015015,-1.149385,0.408933,0.278022,-1.454630,0.208750,1.085984,-1.095395,0.064218,0.834576,-1.458951]
[ros2_control_node-3] [INFO] [1791434698.247933050] [StateRL]: [ABS-POLICY-CMD] event=command_write clock=steady_clock_ns write_ns=16484602224540 write_id=1187 source_session_id=16478219458311 source_policy_cycle_id=295 source_mode=0 action_source=1 transition_reason=0 recovery_episode_id=0 q_rad=[-0.371708,1.015015,-1.149385,0.408933,0.278022,-1.454630,0.208750,1.085984,-1.095395,0.064218,0.834576,-1.458951]
[ros2_control_node-3] [INFO] [1791434698.261126213] [StateRL]: [ABS-POLICY-CMD] event=command_write clock=steady_clock_ns write_ns=16484615412631 write_id=1188 source_session_id=16478219458311 source_policy_cycle_id=296 source_mode=0 action_source=1 transition_reason=0 recovery_episode_id=0 q_rad=[-0.265318,1.060040,-1.157722,0.267748,0.353617,-1.406380,0.106962,1.102922,-1.037549,0.023341,0.853656,-1.200452]
[ros2_control_node-3] [INFO] [1791434698.262772453] [StateRL]: [ABS-POLICY-CMD] event=command_write clock=steady_clock_ns write_ns=16484617066288 write_id=1189 source_session_id=16478219458311 source_policy_cycle_id=296 source_mode=0 action_source=1 transition_reason=0 recovery_episode_id=0 q_rad=[-0.265318,1.060040,-1.157722,0.267748,0.353617,-1.406380,0.106962,1.102922,-1.037549,0.023341,0.853656,-1.200452]
[ros2_control_node-3] [INFO] [1791434698.263427484] [StateRL]: [ABS-POLICY-CMD] event=command_write clock=steady_clock_ns write_ns=16484617721204 write_id=1190 source_session_id=16478219458311 source_policy_cycle_id=296 source_mode=0 action_source=1 transition_reason=0 recovery_episode_id=0 q_rad=[-0.265318,1.060040,-1.157722,0.267748,0.353617,-1.406380,0.106962,1.102922,-1.037549,0.023341,0.853656,-1.200452]
[ros2_control_node-3] [INFO] [1791434698.264519305] [StateRL]: [ABS-POLICY-CMD] event=command_write clock=steady_clock_ns write_ns=16484618814385 write_id=1191 source_session_id=16478219458311 source_policy_cycle_id=296 source_mode=0 action_source=1 transition_reason=0 recovery_episode_id=0 q_rad=[-0.265318,1.060040,-1.157722,0.267748,0.353617,-1.406380,0.106962,1.102922,-1.037549,0.023341,0.853656,-1.200452]
[ros2_control_node-3] [INFO] [1791434698.279173142] [StateRL]: [ABS-POLICY-CMD] event=command_write clock=steady_clock_ns write_ns=16484633440934 write_id=1192 source_session_id=16478219458311 source_policy_cycle_id=297 source_mode=0 action_source=1 transition_reason=0 recovery_episode_id=0 q_rad=[-0.033012,1.019546,-1.230846,0.163872,0.432927,-1.228706,-0.105940,1.125936,-1.280981,0.025469,0.839372,-1.213694]
[ros2_control_node-3] [INFO] [1791434698.280853545] [StateRL]: [ABS-POLICY-CMD] event=command_write clock=steady_clock_ns write_ns=16484635146553 write_id=1193 source_session_id=16478219458311 source_policy_cycle_id=297 source_mode=0 action_source=1 transition_reason=0 recovery_episode_id=0 q_rad=[-0.033012,1.019546,-1.230846,0.163872,0.432927,-1.228706,-0.105940,1.125936,-1.280981,0.025469,0.839372,-1.213694]
[ros2_control_node-3] [INFO] [1791434698.282508848] [StateRL]: [ABS-POLICY-CMD] event=command_write clock=steady_clock_ns write_ns=16484636796943 write_id=1194 source_session_id=16478219458311 source_policy_cycle_id=297 source_mode=0 action_source=1 transition_reason=0 recovery_episode_id=0 q_rad=[-0.033012,1.019546,-1.230846,0.163872,0.432927,-1.228706,-0.105940,1.125936,-1.280981,0.025469,0.839372,-1.213694]
[ros2_control_node-3] [INFO] [1791434698.283666387] [StateRL]: [ABS-POLICY-CMD] event=command_write clock=steady_clock_ns write_ns=16484637958507 write_id=1195 source_session_id=16478219458311 source_policy_cycle_id=297 source_mode=0 action_source=1 transition_reason=0 recovery_episode_id=0 q_rad=[-0.033012,1.019546,-1.230846,0.163872,0.432927,-1.228706,-0.105940,1.125936,-1.280981,0.025469,0.839372,-1.213694]
[ros2_control_node-3] [INFO] [1791434698.293311539] [StateRL]: [ABS-POLICY-CMD] event=command_write clock=steady_clock_ns write_ns=16484647598176 write_id=1196 source_session_id=16478219458311 source_policy_cycle_id=298 source_mode=0 action_source=1 transition_reason=0 recovery_episode_id=0 q_rad=[0.015611,1.034694,-1.191429,0.170770,0.586846,-1.034186,-0.349384,1.204336,-1.441945,0.021822,0.911502,-1.256117]
[ros2_control_node-3] [INFO] [1791434698.294479687] [StateRL]: [ABS-POLICY-CMD] event=command_write clock=steady_clock_ns write_ns=16484648775337 write_id=1197 source_session_id=16478219458311 source_policy_cycle_id=298 source_mode=0 action_source=1 transition_reason=0 recovery_episode_id=0 q_rad=[0.015611,1.034694,-1.191429,0.170770,0.586846,-1.034186,-0.349384,1.204336,-1.441945,0.021822,0.911502,-1.256117]
[ros2_control_node-3] [INFO] [1791434698.294522405] [StateRL]: [ABS-LIVE-CMD] event=rl_command_write clock=steady_clock_ns timestamp_ns=16484648829505 sequence=1475 controller_state=RL rl_active=1 finite=1 kp_zero=0 kd_zero=0 tau_zero=1 veto_reason= q=[0.0156,1.0347,-1.1914,0.1708,0.5868,-1.0342,-0.3494,1.2043,-1.4419,0.0218,0.9115,-1.2561] kp=[30.0000,30.0000,30.0000,30.0000,30.0000,30.0000,30.0000,30.0000,30.0000,30.0000,30.0000,30.0000] kd=[0.6500,0.6500,0.6500,0.6500,0.6500,0.6500,0.6500,0.6500,0.6500,0.6500,0.6500,0.6500] tau=[0.0000,0.0000,0.0000,0.0000,0.0000,0.0000,0.0000,0.0000,0.0000,0.0000,0.0000,0.0000]
[ros2_control_node-3] [INFO] [1791434698.295727972] [StateRL]: [ABS-POLICY-CMD] event=command_write clock=steady_clock_ns write_ns=16484650021815 write_id=1198 source_session_id=16478219458311 source_policy_cycle_id=298 source_mode=0 action_source=1 transition_reason=0 recovery_episode_id=0 q_rad=[0.015611,1.034694,-1.191429,0.170770,0.586846,-1.034186,-0.349384,1.204336,-1.441945,0.021822,0.911502,-1.256117]
[ros2_control_node-3] [INFO] [1791434698.296561225] [StateRL]: [ABS-POLICY-CMD] event=command_write clock=steady_clock_ns write_ns=16484650860164 write_id=1199 source_session_id=16478219458311 source_policy_cycle_id=298 source_mode=0 action_source=1 transition_reason=0 recovery_episode_id=0 q_rad=[0.015611,1.034694,-1.191429,0.170770,0.586846,-1.034186,-0.349384,1.204336,-1.441945,0.021822,0.911502,-1.256117]
[ros2_control_node-3] [INFO] [1791434698.297566372] [StateRL]: [ABS-LIVE-RAY-CHECK] clock=steady_clock_ns now_ns=16484651865806 checks=50 average_period_ms=16.887211
[ros2_control_node-3] [INFO] [1791434698.308643775] [StateRL]: [ABS-POLICY-CMD] event=command_write clock=steady_clock_ns write_ns=16484662928145 write_id=1200 source_session_id=16478219458311 source_policy_cycle_id=299 source_mode=0 action_source=1 transition_reason=0 recovery_episode_id=0 q_rad=[-0.073359,1.026587,-1.132429,0.188203,0.631756,-0.896177,-0.467963,1.234219,-1.405001,-0.027423,1.036429,-1.283323]
[ros2_control_node-3] [INFO] [1791434698.310414586] [StateRL]: [ABS-POLICY-CMD] event=command_write clock=steady_clock_ns write_ns=16484664705667 write_id=1201 source_session_id=16478219458311 source_policy_cycle_id=299 source_mode=0 action_source=1 transition_reason=0 recovery_episode_id=0 q_rad=[-0.073359,1.026587,-1.132429,0.188203,0.631756,-0.896177,-0.467963,1.234219,-1.405001,-0.027423,1.036429,-1.283323]
[ros2_control_node-3] [INFO] [1791434698.311928956] [StateRL]: [ABS-POLICY-CMD] event=command_write clock=steady_clock_ns write_ns=16484666222508 write_id=1202 source_session_id=16478219458311 source_policy_cycle_id=299 source_mode=0 action_source=1 transition_reason=0 recovery_episode_id=0 q_rad=[-0.073359,1.026587,-1.132429,0.188203,0.631756,-0.896177,-0.467963,1.234219,-1.405001,-0.027423,1.036429,-1.283323]
[ros2_control_node-3] [INFO] [1791434698.313085281] [StateRL]: [ABS-POLICY-CMD] event=command_write clock=steady_clock_ns write_ns=16484667380119 write_id=1203 source_session_id=16478219458311 source_policy_cycle_id=299 source_mode=0 action_source=1 transition_reason=0 recovery_episode_id=0 q_rad=[-0.073359,1.026587,-1.132429,0.188203,0.631756,-0.896177,-0.467963,1.234219,-1.405001,-0.027423,1.036429,-1.283323]
[ros2_control_node-3] [INFO] [1791434698.326660866] [StateRL]: [EVAL] step=300 t=6.000 robot=(6.281,0.074) yaw=-0.491 goal=(7.000,0.000) dist=0.723 body=(0.669,0.111) heading=0.393 arrived=0 ra=-0.99862 entry=-0.05000 recovery=0 hold=0 twist=(0.967,-0.299,0.542) min_ray_log=2.585 max_ray_log=2.585 min_ray_m=6.000 lin_vel=(1.504,0.591,0.130) ang_vel=(-1.659,1.371,0.775) action_range=(-1.160,2.600) contact=(-1,-1,-1,1)
[ros2_control_node-3] [INFO] [1791434698.326843758] [StateRL]: [ABS-POLICY-CMD] event=command_write clock=steady_clock_ns write_ns=16484681137414 write_id=1204 source_session_id=16478219458311 source_policy_cycle_id=300 source_mode=0 action_source=1 transition_reason=0 recovery_episode_id=0 q_rad=[-0.289914,0.853283,-1.381564,-0.026561,0.586461,-0.849941,-0.249867,0.841906,-1.246476,0.045825,1.131628,-1.298587]
[ros2_control_node-3] [INFO] [1791434698.328398907] [StateRL]: [ABS-POLICY-CMD] event=command_write clock=steady_clock_ns write_ns=16484682682410 write_id=1205 source_session_id=16478219458311 source_policy_cycle_id=300 source_mode=0 action_source=1 transition_reason=0 recovery_episode_id=0 q_rad=[-0.289914,0.853283,-1.381564,-0.026561,0.586461,-0.849941,-0.249867,0.841906,-1.246476,0.045825,1.131628,-1.298587]
[ros2_control_node-3] [INFO] [1791434698.329082582] [StateRL]: [ABS-POLICY-CMD] event=command_write clock=steady_clock_ns write_ns=16484683381348 write_id=1206 source_session_id=16478219458311 source_policy_cycle_id=300 source_mode=0 action_source=1 transition_reason=0 recovery_episode_id=0 q_rad=[-0.289914,0.853283,-1.381564,-0.026561,0.586461,-0.849941,-0.249867,0.841906,-1.246476,0.045825,1.131628,-1.298587]
[ros2_control_node-3] [INFO] [1791434698.330223419] [StateRL]: [ABS-POLICY-CMD] event=command_write clock=steady_clock_ns write_ns=16484684519636 write_id=1207 source_session_id=16478219458311 source_policy_cycle_id=300 source_mode=0 action_source=1 transition_reason=0 recovery_episode_id=0 q_rad=[-0.289914,0.853283,-1.381564,-0.026561,0.586461,-0.849941,-0.249867,0.841906,-1.246476,0.045825,1.131628,-1.298587]
[ros2_control_node-3] [INFO] [1791434698.343663373] [StateRL]: [ABS-POLICY-CMD] event=command_write clock=steady_clock_ns write_ns=16484697937868 write_id=1208 source_session_id=16478219458311 source_policy_cycle_id=301 source_mode=0 action_source=1 transition_reason=0 recovery_episode_id=0 q_rad=[-0.530209,0.803625,-1.463774,-0.172942,0.778284,-0.987169,-0.302809,0.778071,-1.479070,0.172991,1.174219,-1.397807]
[ros2_control_node-3] [INFO] [1791434698.345340588] [StateRL]: [ABS-POLICY-CMD] event=command_write clock=steady_clock_ns write_ns=16484699625607 write_id=1209 source_session_id=16478219458311 source_policy_cycle_id=301 source_mode=0 action_source=1 transition_reason=0 recovery_episode_id=0 q_rad=[-0.530209,0.803625,-1.463774,-0.172942,0.778284,-0.987169,-0.302809,0.778071,-1.479070,0.172991,1.174219,-1.397807]
[ros2_control_node-3] [INFO] [1791434698.346803101] [StateRL]: [ABS-POLICY-CMD] event=command_write clock=steady_clock_ns write_ns=16484701091063 write_id=1210 source_session_id=16478219458311 source_policy_cycle_id=301 source_mode=0 action_source=1 transition_reason=0 recovery_episode_id=0 q_rad=[-0.530209,0.803625,-1.463774,-0.172942,0.778284,-0.987169,-0.302809,0.778071,-1.479070,0.172991,1.174219,-1.397807]
[ros2_control_node-3] [INFO] [1791434698.347866420] [StateRL]: [ABS-POLICY-CMD] event=command_write clock=steady_clock_ns write_ns=16484702161685 write_id=1211 source_session_id=16478219458311 source_policy_cycle_id=301 source_mode=0 action_source=1 transition_reason=0 recovery_episode_id=0 q_rad=[-0.530209,0.803625,-1.463774,-0.172942,0.778284,-0.987169,-0.302809,0.778071,-1.479070,0.172991,1.174219,-1.397807]
[ros2_control_node-3] [INFO] [1791434698.359236272] [StateRL]: [ABS-POLICY-CMD] event=command_write clock=steady_clock_ns write_ns=16484713520441 write_id=1212 source_session_id=16478219458311 source_policy_cycle_id=302 source_mode=0 action_source=1 transition_reason=0 recovery_episode_id=0 q_rad=[-0.637618,0.740749,-1.577638,-0.271042,0.829303,-1.115265,-0.346011,0.678329,-1.682787,0.207621,1.123089,-1.351852]
[ros2_control_node-3] [INFO] [1791434698.360612185] [StateRL]: [ABS-POLICY-CMD] event=command_write clock=steady_clock_ns write_ns=16484714902197 write_id=1213 source_session_id=16478219458311 source_policy_cycle_id=302 source_mode=0 action_source=1 transition_reason=0 recovery_episode_id=0 q_rad=[-0.637618,0.740749,-1.577638,-0.271042,0.829303,-1.115265,-0.346011,0.678329,-1.682787,0.207621,1.123089,-1.351852]
[ros2_control_node-3] [INFO] [1791434698.361424662] [StateRL]: [ABS-POLICY-CMD] event=command_write clock=steady_clock_ns write_ns=16484715722445 write_id=1214 source_session_id=16478219458311 source_policy_cycle_id=302 source_mode=0 action_source=1 transition_reason=0 recovery_episode_id=0 q_rad=[-0.637618,0.740749,-1.577638,-0.271042,0.829303,-1.115265,-0.346011,0.678329,-1.682787,0.207621,1.123089,-1.351852]
[ros2_control_node-3] [INFO] [1791434698.362653858] [StateRL]: [ABS-POLICY-CMD] event=command_write clock=steady_clock_ns write_ns=16484716949706 write_id=1215 source_session_id=16478219458311 source_policy_cycle_id=302 source_mode=0 action_source=1 transition_reason=0 recovery_episode_id=0 q_rad=[-0.637618,0.740749,-1.577638,-0.271042,0.829303,-1.115265,-0.346011,0.678329,-1.682787,0.207621,1.123089,-1.351852]
[ros2_control_node-3] [INFO] [1791434698.374953008] [StateRL]: [ABS-POLICY-CMD] event=command_write clock=steady_clock_ns write_ns=16484729231121 write_id=1216 source_session_id=16478219458311 source_policy_cycle_id=303 source_mode=0 action_source=1 transition_reason=0 recovery_episode_id=0 q_rad=[-0.650797,0.660919,-1.676068,-0.360191,0.852132,-1.166762,-0.354283,0.553201,-1.814445,0.258054,1.019064,-1.331432]
[ros2_control_node-3] [INFO] [1791434698.376023972] [StateRL]: [ABS-POLICY-CMD] event=command_write clock=steady_clock_ns write_ns=16484730316252 write_id=1217 source_session_id=16478219458311 source_policy_cycle_id=303 source_mode=0 action_source=1 transition_reason=0 recovery_episode_id=0 q_rad=[-0.650797,0.660919,-1.676068,-0.360191,0.852132,-1.166762,-0.354283,0.553201,-1.814445,0.258054,1.019064,-1.331432]
[ros2_control_node-3] [INFO] [1791434698.376439973] [StateRL]: [ABS-POLICY-CMD] event=command_write clock=steady_clock_ns write_ns=16484730741838 write_id=1218 source_session_id=16478219458311 source_policy_cycle_id=303 source_mode=0 action_source=1 transition_reason=0 recovery_episode_id=0 q_rad=[-0.650797,0.660919,-1.676068,-0.360191,0.852132,-1.166762,-0.354283,0.553201,-1.814445,0.258054,1.019064,-1.331432]
[ros2_control_node-3] [INFO] [1791434698.377897462] [StateRL]: [ABS-POLICY-CMD] event=command_write clock=steady_clock_ns write_ns=16484732186899 write_id=1219 source_session_id=16478219458311 source_policy_cycle_id=303 source_mode=0 action_source=1 transition_reason=0 recovery_episode_id=0 q_rad=[-0.650797,0.660919,-1.676068,-0.360191,0.852132,-1.166762,-0.354283,0.553201,-1.814445,0.258054,1.019064,-1.331432]
[ros2_control_node-3] [INFO] [1791434698.392262805] [StateRL]: [ABS-POLICY-CMD] event=command_write clock=steady_clock_ns write_ns=16484746545472 write_id=1220 source_session_id=16478219458311 source_policy_cycle_id=304 source_mode=0 action_source=1 transition_reason=0 recovery_episode_id=0 q_rad=[-0.658125,0.413696,-1.681163,-0.316539,0.792287,-1.178152,-0.299289,0.474479,-1.724931,0.454485,1.027040,-1.420854]
[ros2_control_node-3] [INFO] [1791434698.393539746] [StateRL]: [ABS-POLICY-CMD] event=command_write clock=steady_clock_ns write_ns=16484747834157 write_id=1221 source_session_id=16478219458311 source_policy_cycle_id=304 source_mode=0 action_source=1 transition_reason=0 recovery_episode_id=0 q_rad=[-0.658125,0.413696,-1.681163,-0.316539,0.792287,-1.178152,-0.299289,0.474479,-1.724931,0.454485,1.027040,-1.420854]
[ros2_control_node-3] [INFO] [1791434698.394863521] [StateRL]: [ABS-POLICY-CMD] event=command_write clock=steady_clock_ns write_ns=16484749157499 write_id=1222 source_session_id=16478219458311 source_policy_cycle_id=304 source_mode=0 action_source=1 transition_reason=0 recovery_episode_id=0 q_rad=[-0.658125,0.413696,-1.681163,-0.316539,0.792287,-1.178152,-0.299289,0.474479,-1.724931,0.454485,1.027040,-1.420854]
[ros2_control_node-3] [INFO] [1791434698.394904052] [StateRL]: [ABS-LIVE-CMD] event=rl_command_write clock=steady_clock_ns timestamp_ns=16484749211065 sequence=1500 controller_state=RL rl_active=1 finite=1 kp_zero=0 kd_zero=0 tau_zero=1 veto_reason= q=[-0.6581,0.4137,-1.6812,-0.3165,0.7923,-1.1782,-0.2993,0.4745,-1.7249,0.4545,1.0270,-1.4209] kp=[30.0000,30.0000,30.0000,30.0000,30.0000,30.0000,30.0000,30.0000,30.0000,30.0000,30.0000,30.0000] kd=[0.6500,0.6500,0.6500,0.6500,0.6500,0.6500,0.6500,0.6500,0.6500,0.6500,0.6500,0.6500] tau=[0.0000,0.0000,0.0000,0.0000,0.0000,0.0000,0.0000,0.0000,0.0000,0.0000,0.0000,0.0000]
[ros2_control_node-3] [INFO] [1791434698.395913388] [StateRL]: [ABS-POLICY-CMD] event=command_write clock=steady_clock_ns write_ns=16484750210208 write_id=1223 source_session_id=16478219458311 source_policy_cycle_id=304 source_mode=0 action_source=1 transition_reason=0 recovery_episode_id=0 q_rad=[-0.658125,0.413696,-1.681163,-0.316539,0.792287,-1.178152,-0.299289,0.474479,-1.724931,0.454485,1.027040,-1.420854]
[ros2_control_node-3] [INFO] [1791434698.408770598] [StateRL]: [ABS-POLICY-CMD] event=command_write clock=steady_clock_ns write_ns=16484763053139 write_id=1224 source_session_id=16478219458311 source_policy_cycle_id=305 source_mode=0 action_source=1 transition_reason=0 recovery_episode_id=0 q_rad=[-0.387791,0.178108,-1.774095,-0.278428,0.862662,-1.162023,-0.151669,0.583956,-1.595767,0.437691,0.905893,-1.498435]
[ros2_control_node-3] [INFO] [1791434698.410496637] [StateRL]: [ABS-POLICY-CMD] event=command_write clock=steady_clock_ns write_ns=16484764786245 write_id=1225 source_session_id=16478219458311 source_policy_cycle_id=305 source_mode=0 action_source=1 transition_reason=0 recovery_episode_id=0 q_rad=[-0.387791,0.178108,-1.774095,-0.278428,0.862662,-1.162023,-0.151669,0.583956,-1.595767,0.437691,0.905893,-1.498435]
[ros2_control_node-3] [INFO] [1791434698.411718291] [StateRL]: [ABS-POLICY-CMD] event=command_write clock=steady_clock_ns write_ns=16484766011475 write_id=1226 source_session_id=16478219458311 source_policy_cycle_id=305 source_mode=0 action_source=1 transition_reason=0 recovery_episode_id=0 q_rad=[-0.387791,0.178108,-1.774095,-0.278428,0.862662,-1.162023,-0.151669,0.583956,-1.595767,0.437691,0.905893,-1.498435]
[ros2_control_node-3] [INFO] [1791434698.412740968] [StateRL]: [ABS-POLICY-CMD] event=command_write clock=steady_clock_ns write_ns=16484767034606 write_id=1227 source_session_id=16478219458311 source_policy_cycle_id=305 source_mode=0 action_source=1 transition_reason=0 recovery_episode_id=0 q_rad=[-0.387791,0.178108,-1.774095,-0.278428,0.862662,-1.162023,-0.151669,0.583956,-1.595767,0.437691,0.905893,-1.498435]
[ros2_control_node-3] [INFO] [1791434698.429789714] [StateRL]: [ABS-POLICY-CMD] event=command_write clock=steady_clock_ns write_ns=16484784078160 write_id=1228 source_session_id=16478219458311 source_policy_cycle_id=306 source_mode=0 action_source=1 transition_reason=0 recovery_episode_id=0 q_rad=[-0.149012,0.051063,-1.774334,-0.261193,0.865172,-1.032274,-0.068786,0.762113,-1.418722,0.460736,0.780737,-1.588900]
[ros2_control_node-3] [INFO] [1791434698.430878798] [StateRL]: [ABS-POLICY-CMD] event=command_write clock=steady_clock_ns write_ns=16484785175964 write_id=1229 source_session_id=16478219458311 source_policy_cycle_id=306 source_mode=0 action_source=1 transition_reason=0 recovery_episode_id=0 q_rad=[-0.149012,0.051063,-1.774334,-0.261193,0.865172,-1.032274,-0.068786,0.762113,-1.418722,0.460736,0.780737,-1.588900]
[ros2_control_node-3] [INFO] [1791434698.431222585] [StateRL]: [ABS-POLICY-CMD] event=command_write clock=steady_clock_ns write_ns=16484785523783 write_id=1230 source_session_id=16478219458311 source_policy_cycle_id=306 source_mode=0 action_source=1 transition_reason=0 recovery_episode_id=0 q_rad=[-0.149012,0.051063,-1.774334,-0.261193,0.865172,-1.032274,-0.068786,0.762113,-1.418722,0.460736,0.780737,-1.588900]
[ros2_control_node-3] [INFO] [1791434698.431549520] [StateRL]: [ABS-POLICY-CMD] event=command_write clock=steady_clock_ns write_ns=16484785851975 write_id=1231 source_session_id=16478219458311 source_policy_cycle_id=306 source_mode=0 action_source=1 transition_reason=0 recovery_episode_id=0 q_rad=[-0.149012,0.051063,-1.774334,-0.261193,0.865172,-1.032274,-0.068786,0.762113,-1.418722,0.460736,0.780737,-1.588900]
[ros2_control_node-3] [INFO] [1791434698.442347752] [StateRL]: [ABS-POLICY-CMD] event=command_write clock=steady_clock_ns write_ns=16484796634182 write_id=1232 source_session_id=16478219458311 source_policy_cycle_id=307 source_mode=0 action_source=1 transition_reason=0 recovery_episode_id=0 q_rad=[-0.053724,0.002688,-1.628165,-0.046662,0.915597,-1.075944,0.032011,0.975044,-1.219509,0.386627,0.583313,-1.735749]
[ros2_control_node-3] [INFO] [1791434698.443606071] [StateRL]: [ABS-POLICY-CMD] event=command_write clock=steady_clock_ns write_ns=16484797892203 write_id=1233 source_session_id=16478219458311 source_policy_cycle_id=307 source_mode=0 action_source=1 transition_reason=0 recovery_episode_id=0 q_rad=[-0.053724,0.002688,-1.628165,-0.046662,0.915597,-1.075944,0.032011,0.975044,-1.219509,0.386627,0.583313,-1.735749]
[ros2_control_node-3] [INFO] [1791434698.444340108] [StateRL]: [ABS-POLICY-CMD] event=command_write clock=steady_clock_ns write_ns=16484798637315 write_id=1234 source_session_id=16478219458311 source_policy_cycle_id=307 source_mode=0 action_source=1 transition_reason=0 recovery_episode_id=0 q_rad=[-0.053724,0.002688,-1.628165,-0.046662,0.915597,-1.075944,0.032011,0.975044,-1.219509,0.386627,0.583313,-1.735749]
[ros2_control_node-3] [INFO] [1791434698.444990566] [StateRL]: [ABS-POLICY-CMD] event=command_write clock=steady_clock_ns write_ns=16484799286327 write_id=1235 source_session_id=16478219458311 source_policy_cycle_id=307 source_mode=0 action_source=1 transition_reason=0 recovery_episode_id=0 q_rad=[-0.053724,0.002688,-1.628165,-0.046662,0.915597,-1.075944,0.032011,0.975044,-1.219509,0.386627,0.583313,-1.735749]
[ros2_control_node-3] [INFO] [1791434698.460303536] [StateRL]: [ABS-POLICY-CMD] event=command_write clock=steady_clock_ns write_ns=16484814588549 write_id=1236 source_session_id=16478219458311 source_policy_cycle_id=308 source_mode=0 action_source=1 transition_reason=0 recovery_episode_id=0 q_rad=[-0.058811,0.119976,-1.487683,0.313323,0.986240,-1.287673,0.026301,0.999397,-1.077548,0.269191,0.616930,-1.748773]
[ros2_control_node-3] [INFO] [1791434698.461732073] [StateRL]: [ABS-POLICY-CMD] event=command_write clock=steady_clock_ns write_ns=16484816015925 write_id=1237 source_session_id=16478219458311 source_policy_cycle_id=308 source_mode=0 action_source=1 transition_reason=0 recovery_episode_id=0 q_rad=[-0.058811,0.119976,-1.487683,0.313323,0.986240,-1.287673,0.026301,0.999397,-1.077548,0.269191,0.616930,-1.748773]
[ros2_control_node-3] [INFO] [1791434698.462426481] [StateRL]: [ABS-POLICY-CMD] event=command_write clock=steady_clock_ns write_ns=16484816722909 write_id=1238 source_session_id=16478219458311 source_policy_cycle_id=308 source_mode=0 action_source=1 transition_reason=0 recovery_episode_id=0 q_rad=[-0.058811,0.119976,-1.487683,0.313323,0.986240,-1.287673,0.026301,0.999397,-1.077548,0.269191,0.616930,-1.748773]
[ros2_control_node-3] [INFO] [1791434698.463472137] [StateRL]: [ABS-POLICY-CMD] event=command_write clock=steady_clock_ns write_ns=16484817769461 write_id=1239 source_session_id=16478219458311 source_policy_cycle_id=308 source_mode=0 action_source=1 transition_reason=0 recovery_episode_id=0 q_rad=[-0.058811,0.119976,-1.487683,0.313323,0.986240,-1.287673,0.026301,0.999397,-1.077548,0.269191,0.616930,-1.748773]
[ros2_control_node-3] [INFO] [1791434698.479225902] [StateRL]: [ABS-POLICY-CMD] event=command_write clock=steady_clock_ns write_ns=16484833509505 write_id=1240 source_session_id=16478219458311 source_policy_cycle_id=309 source_mode=0 action_source=1 transition_reason=0 recovery_episode_id=0 q_rad=[-0.204117,0.280565,-1.419498,0.569143,1.094359,-1.498998,0.049633,0.997013,-1.027584,0.236057,0.610031,-1.808467]
[ros2_control_node-3] [INFO] [1791434698.480615281] [StateRL]: [ABS-POLICY-CMD] event=command_write clock=steady_clock_ns write_ns=16484834904944 write_id=1241 source_session_id=16478219458311 source_policy_cycle_id=309 source_mode=0 action_source=1 transition_reason=0 recovery_episode_id=0 q_rad=[-0.204117,0.280565,-1.419498,0.569143,1.094359,-1.498998,0.049633,0.997013,-1.027584,0.236057,0.610031,-1.808467]
[ros2_control_node-3] [INFO] [1791434698.481259298] [StateRL]: [ABS-POLICY-CMD] event=command_write clock=steady_clock_ns write_ns=16484835559271 write_id=1242 source_session_id=16478219458311 source_policy_cycle_id=309 source_mode=0 action_source=1 transition_reason=0 recovery_episode_id=0 q_rad=[-0.204117,0.280565,-1.419498,0.569143,1.094359,-1.498998,0.049633,0.997013,-1.027584,0.236057,0.610031,-1.808467]
[ros2_control_node-3] [INFO] [1791434698.482775183] [StateRL]: [ABS-POLICY-CMD] event=command_write clock=steady_clock_ns write_ns=16484837066842 write_id=1243 source_session_id=16478219458311 source_policy_cycle_id=309 source_mode=0 action_source=1 transition_reason=0 recovery_episode_id=0 q_rad=[-0.204117,0.280565,-1.419498,0.569143,1.094359,-1.498998,0.049633,0.997013,-1.027584,0.236057,0.610031,-1.808467]
[ros2_control_node-3] [INFO] [1791434698.497308302] [StateRL]: [ABS-POLICY-CMD] event=command_write clock=steady_clock_ns write_ns=16484851588282 write_id=1244 source_session_id=16478219458311 source_policy_cycle_id=310 source_mode=0 action_source=1 transition_reason=0 recovery_episode_id=0 q_rad=[-0.168875,0.406526,-1.372792,0.531164,1.080152,-1.612714,0.040367,1.020061,-1.027675,0.246753,0.661679,-1.769502]
[ros2_control_node-3] [INFO] [1791434698.499272471] [StateRL]: [ABS-POLICY-CMD] event=command_write clock=steady_clock_ns write_ns=16484853562550 write_id=1245 source_session_id=16478219458311 source_policy_cycle_id=310 source_mode=0 action_source=1 transition_reason=0 recovery_episode_id=0 q_rad=[-0.168875,0.406526,-1.372792,0.531164,1.080152,-1.612714,0.040367,1.020061,-1.027675,0.246753,0.661679,-1.769502]
[ros2_control_node-3] [INFO] [1791434698.500832847] [StateRL]: [ABS-POLICY-CMD] event=command_write clock=steady_clock_ns write_ns=16484855119832 write_id=1246 source_session_id=16478219458311 source_policy_cycle_id=310 source_mode=0 action_source=1 transition_reason=0 recovery_episode_id=0 q_rad=[-0.168875,0.406526,-1.372792,0.531164,1.080152,-1.612714,0.040367,1.020061,-1.027675,0.246753,0.661679,-1.769502]
[ros2_control_node-3] [INFO] [1791434698.501637977] [StateRL]: [ABS-POLICY-CMD] event=command_write clock=steady_clock_ns write_ns=16484855935102 write_id=1247 source_session_id=16478219458311 source_policy_cycle_id=310 source_mode=0 action_source=1 transition_reason=0 recovery_episode_id=0 q_rad=[-0.168875,0.406526,-1.372792,0.531164,1.080152,-1.612714,0.040367,1.020061,-1.027675,0.246753,0.661679,-1.769502]
[ros2_control_node-3] [INFO] [1791434698.501664977] [StateRL]: [ABS-LIVE-CMD] event=rl_command_write clock=steady_clock_ns timestamp_ns=16484855972029 sequence=1525 controller_state=RL rl_active=1 finite=1 kp_zero=0 kd_zero=0 tau_zero=1 veto_reason= q=[-0.1689,0.4065,-1.3728,0.5312,1.0802,-1.6127,0.0404,1.0201,-1.0277,0.2468,0.6617,-1.7695] kp=[30.0000,30.0000,30.0000,30.0000,30.0000,30.0000,30.0000,30.0000,30.0000,30.0000,30.0000,30.0000] kd=[0.6500,0.6500,0.6500,0.6500,0.6500,0.6500,0.6500,0.6500,0.6500,0.6500,0.6500,0.6500] tau=[0.0000,0.0000,0.0000,0.0000,0.0000,0.0000,0.0000,0.0000,0.0000,0.0000,0.0000,0.0000]
[ros2_control_node-3] [INFO] [1791434698.517245974] [StateRL]: [ABS-POLICY-CMD] event=command_write clock=steady_clock_ns write_ns=16484871529229 write_id=1248 source_session_id=16478219458311 source_policy_cycle_id=311 source_mode=0 action_source=1 transition_reason=0 recovery_episode_id=0 q_rad=[0.074134,0.364260,-1.361738,0.293520,0.752953,-1.642322,-0.004150,0.994632,-1.225795,0.254188,0.778380,-1.694179]
[ros2_control_node-3] [INFO] [1791434698.518952838] [StateRL]: [ABS-POLICY-CMD] event=command_write clock=steady_clock_ns write_ns=16484873248171 write_id=1249 source_session_id=16478219458311 source_policy_cycle_id=311 source_mode=0 action_source=1 transition_reason=0 recovery_episode_id=0 q_rad=[0.074134,0.364260,-1.361738,0.293520,0.752953,-1.642322,-0.004150,0.994632,-1.225795,0.254188,0.778380,-1.694179]
[ros2_control_node-3] [INFO] [1791434698.520079787] [StateRL]: [ABS-POLICY-CMD] event=command_write clock=steady_clock_ns write_ns=16484874376041 write_id=1250 source_session_id=16478219458311 source_policy_cycle_id=311 source_mode=0 action_source=1 transition_reason=0 recovery_episode_id=0 q_rad=[0.074134,0.364260,-1.361738,0.293520,0.752953,-1.642322,-0.004150,0.994632,-1.225795,0.254188,0.778380,-1.694179]
[ros2_control_node-3] [INFO] [1791434698.521042116] [StateRL]: [ABS-POLICY-CMD] event=command_write clock=steady_clock_ns write_ns=16484875334753 write_id=1251 source_session_id=16478219458311 source_policy_cycle_id=311 source_mode=0 action_source=1 transition_reason=0 recovery_episode_id=0 q_rad=[0.074134,0.364260,-1.361738,0.293520,0.752953,-1.642322,-0.004150,0.994632,-1.225795,0.254188,0.778380,-1.694179]
[ros2_control_node-3] [INFO] [1791434698.531448441] [StateRL]: [ABS-POLICY-CMD] event=command_write clock=steady_clock_ns write_ns=16484885734995 write_id=1252 source_session_id=16478219458311 source_policy_cycle_id=312 source_mode=0 action_source=1 transition_reason=0 recovery_episode_id=0 q_rad=[0.203452,0.277394,-1.351425,0.213178,0.537705,-1.862093,-0.031718,0.975522,-1.640774,0.160310,0.612540,-1.649534]
[ros2_control_node-3] [INFO] [1791434698.533325016] [StateRL]: [ABS-POLICY-CMD] event=command_write clock=steady_clock_ns write_ns=16484887616305 write_id=1253 source_session_id=16478219458311 source_policy_cycle_id=312 source_mode=0 action_source=1 transition_reason=0 recovery_episode_id=0 q_rad=[0.203452,0.277394,-1.351425,0.213178,0.537705,-1.862093,-0.031718,0.975522,-1.640774,0.160310,0.612540,-1.649534]
[ros2_control_node-3] [INFO] [1791434698.534432913] [StateRL]: [ABS-POLICY-CMD] event=command_write clock=steady_clock_ns write_ns=16484888724584 write_id=1254 source_session_id=16478219458311 source_policy_cycle_id=312 source_mode=0 action_source=1 transition_reason=0 recovery_episode_id=0 q_rad=[0.203452,0.277394,-1.351425,0.213178,0.537705,-1.862093,-0.031718,0.975522,-1.640774,0.160310,0.612540,-1.649534]
[ros2_control_node-3] [INFO] [1791434698.535724665] [StateRL]: [ABS-POLICY-CMD] event=command_write clock=steady_clock_ns write_ns=16484890019240 write_id=1255 source_session_id=16478219458311 source_policy_cycle_id=312 source_mode=0 action_source=1 transition_reason=0 recovery_episode_id=0 q_rad=[0.203452,0.277394,-1.351425,0.213178,0.537705,-1.862093,-0.031718,0.975522,-1.640774,0.160310,0.612540,-1.649534]
[ros2_control_node-3] [INFO] [1791434698.558215902] [StateRL]: [ABS-POLICY-CMD] event=command_write clock=steady_clock_ns write_ns=16484912487089 write_id=1256 source_session_id=16478219458311 source_policy_cycle_id=313 source_mode=0 action_source=1 transition_reason=0 recovery_episode_id=0 q_rad=[0.138538,0.235423,-1.186206,0.146592,0.476299,-1.948851,-0.047712,0.894859,-1.822507,-0.009319,0.516719,-1.590933]
[ros2_control_node-3] [INFO] [1791434698.559819877] [StateRL]: [ABS-POLICY-CMD] event=command_write clock=steady_clock_ns write_ns=16484914101018 write_id=1257 source_session_id=16478219458311 source_policy_cycle_id=313 source_mode=0 action_source=1 transition_reason=0 recovery_episode_id=0 q_rad=[0.138538,0.235423,-1.186206,0.146592,0.476299,-1.948851,-0.047712,0.894859,-1.822507,-0.009319,0.516719,-1.590933]
[ros2_control_node-3] [INFO] [1791434698.560741877] [StateRL]: [ABS-POLICY-CMD] event=command_write clock=steady_clock_ns write_ns=16484915038964 write_id=1258 source_session_id=16478219458311 source_policy_cycle_id=313 source_mode=0 action_source=1 transition_reason=0 recovery_episode_id=0 q_rad=[0.138538,0.235423,-1.186206,0.146592,0.476299,-1.948851,-0.047712,0.894859,-1.822507,-0.009319,0.516719,-1.590933]
[ros2_control_node-3] [INFO] [1791434698.561811138] [StateRL]: [ABS-POLICY-CMD] event=command_write clock=steady_clock_ns write_ns=16484916108830 write_id=1259 source_session_id=16478219458311 source_policy_cycle_id=313 source_mode=0 action_source=1 transition_reason=0 recovery_episode_id=0 q_rad=[0.138538,0.235423,-1.186206,0.146592,0.476299,-1.948851,-0.047712,0.894859,-1.822507,-0.009319,0.516719,-1.590933]
[ros2_control_node-3] [INFO] [1791434698.570206479] [StateRL]: [ABS-POLICY-CMD] event=command_write clock=steady_clock_ns write_ns=16484924486763 write_id=1260 source_session_id=16478219458311 source_policy_cycle_id=314 source_mode=0 action_source=1 transition_reason=0 recovery_episode_id=0 q_rad=[-0.021989,0.435692,-1.176152,0.057557,0.435544,-1.501028,0.062677,1.062594,-1.838580,0.045749,0.720790,-1.576518]
[ros2_control_node-3] [INFO] [1791434698.571687081] [StateRL]: [ABS-POLICY-CMD] event=command_write clock=steady_clock_ns write_ns=16484925979459 write_id=1261 source_session_id=16478219458311 source_policy_cycle_id=314 source_mode=0 action_source=1 transition_reason=0 recovery_episode_id=0 q_rad=[-0.021989,0.435692,-1.176152,0.057557,0.435544,-1.501028,0.062677,1.062594,-1.838580,0.045749,0.720790,-1.576518]
[ros2_control_node-3] [INFO] [1791434698.572387299] [StateRL]: [ABS-POLICY-CMD] event=command_write clock=steady_clock_ns write_ns=16484926683495 write_id=1262 source_session_id=16478219458311 source_policy_cycle_id=314 source_mode=0 action_source=1 transition_reason=0 recovery_episode_id=0 q_rad=[-0.021989,0.435692,-1.176152,0.057557,0.435544,-1.501028,0.062677,1.062594,-1.838580,0.045749,0.720790,-1.576518]
[ros2_control_node-3] [INFO] [1791434698.574277412] [StateRL]: [ABS-POLICY-CMD] event=command_write clock=steady_clock_ns write_ns=16484928565823 write_id=1263 source_session_id=16478219458311 source_policy_cycle_id=314 source_mode=0 action_source=1 transition_reason=0 recovery_episode_id=0 q_rad=[-0.021989,0.435692,-1.176152,0.057557,0.435544,-1.501028,0.062677,1.062594,-1.838580,0.045749,0.720790,-1.576518]
[ros2_control_node-3] [INFO] [1791434698.588299694] [StateRL]: [ABS-POLICY-CMD] event=command_write clock=steady_clock_ns write_ns=16484942582274 write_id=1264 source_session_id=16478219458311 source_policy_cycle_id=315 source_mode=0 action_source=1 transition_reason=0 recovery_episode_id=0 q_rad=[-0.031102,0.588162,-1.401338,-0.073856,0.463575,-1.099950,0.077335,1.149417,-1.750024,0.120827,0.921453,-1.637990]
[ros2_control_node-3] [INFO] [1791434698.589271515] [StateRL]: [ABS-POLICY-CMD] event=command_write clock=steady_clock_ns write_ns=16484943566682 write_id=1265 source_session_id=16478219458311 source_policy_cycle_id=315 source_mode=0 action_source=1 transition_reason=0 recovery_episode_id=0 q_rad=[-0.031102,0.588162,-1.401338,-0.073856,0.463575,-1.099950,0.077335,1.149417,-1.750024,0.120827,0.921453,-1.637990]
[ros2_control_node-3] [INFO] [1791434698.589654459] [StateRL]: [ABS-POLICY-CMD] event=command_write clock=steady_clock_ns write_ns=16484943955723 write_id=1266 source_session_id=16478219458311 source_policy_cycle_id=315 source_mode=0 action_source=1 transition_reason=0 recovery_episode_id=0 q_rad=[-0.031102,0.588162,-1.401338,-0.073856,0.463575,-1.099950,0.077335,1.149417,-1.750024,0.120827,0.921453,-1.637990]
[ros2_control_node-3] [INFO] [1791434698.590575762] [StateRL]: [ABS-POLICY-CMD] event=command_write clock=steady_clock_ns write_ns=16484944864600 write_id=1267 source_session_id=16478219458311 source_policy_cycle_id=315 source_mode=0 action_source=1 transition_reason=0 recovery_episode_id=0 q_rad=[-0.031102,0.588162,-1.401338,-0.073856,0.463575,-1.099950,0.077335,1.149417,-1.750024,0.120827,0.921453,-1.637990]
[ros2_control_node-3] [INFO] [1791434698.603219448] [StateRL]: [ABS-POLICY-CMD] event=command_write clock=steady_clock_ns write_ns=16484957501016 write_id=1268 source_session_id=16478219458311 source_policy_cycle_id=316 source_mode=0 action_source=1 transition_reason=0 recovery_episode_id=0 q_rad=[-0.107881,0.808865,-1.600782,0.006102,0.508530,-0.898219,0.000116,1.193769,-1.730125,0.040047,0.957099,-1.505607]
[ros2_control_node-3] [INFO] [1791434698.604231043] [StateRL]: [ABS-POLICY-CMD] event=command_write clock=steady_clock_ns write_ns=16484958527842 write_id=1269 source_session_id=16478219458311 source_policy_cycle_id=316 source_mode=0 action_source=1 transition_reason=0 recovery_episode_id=0 q_rad=[-0.107881,0.808865,-1.600782,0.006102,0.508530,-0.898219,0.000116,1.193769,-1.730125,0.040047,0.957099,-1.505607]
[ros2_control_node-3] [INFO] [1791434698.605403383] [StateRL]: [ABS-POLICY-CMD] event=command_write clock=steady_clock_ns write_ns=16484959699767 write_id=1270 source_session_id=16478219458311 source_policy_cycle_id=316 source_mode=0 action_source=1 transition_reason=0 recovery_episode_id=0 q_rad=[-0.107881,0.808865,-1.600782,0.006102,0.508530,-0.898219,0.000116,1.193769,-1.730125,0.040047,0.957099,-1.505607]
[ros2_control_node-3] [INFO] [1791434698.606289514] [StateRL]: [ABS-POLICY-CMD] event=command_write clock=steady_clock_ns write_ns=16484960585816 write_id=1271 source_session_id=16478219458311 source_policy_cycle_id=316 source_mode=0 action_source=1 transition_reason=0 recovery_episode_id=0 q_rad=[-0.107881,0.808865,-1.600782,0.006102,0.508530,-0.898219,0.000116,1.193769,-1.730125,0.040047,0.957099,-1.505607]
[ros2_control_node-3] [INFO] [1791434698.624148706] [StateRL]: [ABS-POLICY-CMD] event=command_write clock=steady_clock_ns write_ns=16484978435517 write_id=1272 source_session_id=16478219458311 source_policy_cycle_id=317 source_mode=0 action_source=1 transition_reason=0 recovery_episode_id=0 q_rad=[-0.177648,0.814050,-1.701370,0.155275,0.393358,-0.837760,-0.030911,1.130314,-1.697474,-0.106113,0.923540,-1.421102]
[ros2_control_node-3] [INFO] [1791434698.624193942] [StateRL]: [ABS-LIVE-CMD] event=rl_command_write clock=steady_clock_ns timestamp_ns=16484978501020 sequence=1550 controller_state=RL rl_active=1 finite=1 kp_zero=0 kd_zero=0 tau_zero=1 veto_reason= q=[-0.1776,0.8141,-1.7014,0.1553,0.3934,-0.8378,-0.0309,1.1303,-1.6975,-0.1061,0.9235,-1.4211] kp=[30.0000,30.0000,30.0000,30.0000,30.0000,30.0000,30.0000,30.0000,30.0000,30.0000,30.0000,30.0000] kd=[0.6500,0.6500,0.6500,0.6500,0.6500,0.6500,0.6500,0.6500,0.6500,0.6500,0.6500,0.6500] tau=[0.0000,0.0000,0.0000,0.0000,0.0000,0.0000,0.0000,0.0000,0.0000,0.0000,0.0000,0.0000]
[ros2_control_node-3] [INFO] [1791434698.624877350] [StateRL]: [ABS-POLICY-CMD] event=command_write clock=steady_clock_ns write_ns=16484979176776 write_id=1273 source_session_id=16478219458311 source_policy_cycle_id=317 source_mode=0 action_source=1 transition_reason=0 recovery_episode_id=0 q_rad=[-0.177648,0.814050,-1.701370,0.155275,0.393358,-0.837760,-0.030911,1.130314,-1.697474,-0.106113,0.923540,-1.421102]
[ros2_control_node-3] [INFO] [1791434698.625685507] [StateRL]: [ABS-POLICY-CMD] event=command_write clock=steady_clock_ns write_ns=16484979977523 write_id=1274 source_session_id=16478219458311 source_policy_cycle_id=317 source_mode=0 action_source=1 transition_reason=0 recovery_episode_id=0 q_rad=[-0.177648,0.814050,-1.701370,0.155275,0.393358,-0.837760,-0.030911,1.130314,-1.697474,-0.106113,0.923540,-1.421102]
[ros2_control_node-3] [INFO] [1791434698.626472544] [StateRL]: [ABS-POLICY-CMD] event=command_write clock=steady_clock_ns write_ns=16484980769512 write_id=1275 source_session_id=16478219458311 source_policy_cycle_id=317 source_mode=0 action_source=1 transition_reason=0 recovery_episode_id=0 q_rad=[-0.177648,0.814050,-1.701370,0.155275,0.393358,-0.837760,-0.030911,1.130314,-1.697474,-0.106113,0.923540,-1.421102]
[ros2_control_node-3] [INFO] [1791434698.648330439] [StateRL]: [ABS-POLICY-CMD] event=command_write clock=steady_clock_ns write_ns=16485002608140 write_id=1276 source_session_id=16478219458311 source_policy_cycle_id=318 source_mode=0 action_source=1 transition_reason=0 recovery_episode_id=0 q_rad=[0.065511,0.903247,-1.678264,0.143262,0.526947,-0.909929,-0.031364,1.130631,-1.936220,0.012247,0.895733,-1.415180]
[ros2_control_node-3] [INFO] [1791434698.650241258] [StateRL]: [ABS-POLICY-CMD] event=command_write clock=steady_clock_ns write_ns=16485004511212 write_id=1277 source_session_id=16478219458311 source_policy_cycle_id=318 source_mode=0 action_source=1 transition_reason=0 recovery_episode_id=0 q_rad=[0.065511,0.903247,-1.678264,0.143262,0.526947,-0.909929,-0.031364,1.130631,-1.936220,0.012247,0.895733,-1.415180]
[ros2_control_node-3] [INFO] [1791434698.650721700] [StateRL]: [ABS-POLICY-CMD] event=command_write clock=steady_clock_ns write_ns=16485005022084 write_id=1278 source_session_id=16478219458311 source_policy_cycle_id=318 source_mode=0 action_source=1 transition_reason=0 recovery_episode_id=0 q_rad=[0.065511,0.903247,-1.678264,0.143262,0.526947,-0.909929,-0.031364,1.130631,-1.936220,0.012247,0.895733,-1.415180]
[ros2_control_node-3] [INFO] [1791434698.651263245] [StateRL]: [ABS-POLICY-CMD] event=command_write clock=steady_clock_ns write_ns=16485005562411 write_id=1279 source_session_id=16478219458311 source_policy_cycle_id=318 source_mode=0 action_source=1 transition_reason=0 recovery_episode_id=0 q_rad=[0.065511,0.903247,-1.678264,0.143262,0.526947,-0.909929,-0.031364,1.130631,-1.936220,0.012247,0.895733,-1.415180]
[ros2_control_node-3] [INFO] [1791434698.672199811] [StateRL]: [ABS-POLICY-CMD] event=command_write clock=steady_clock_ns write_ns=16485026482234 write_id=1280 source_session_id=16478219458311 source_policy_cycle_id=319 source_mode=0 action_source=1 transition_reason=0 recovery_episode_id=0 q_rad=[0.133203,0.954038,-1.748048,0.129660,0.660219,-1.108855,0.093472,1.078700,-1.992839,-0.004489,0.838504,-1.427728]
[ros2_control_node-3] [INFO] [1791434698.673741802] [StateRL]: [ABS-POLICY-CMD] event=command_write clock=steady_clock_ns write_ns=16485027990902 write_id=1281 source_session_id=16478219458311 source_policy_cycle_id=319 source_mode=0 action_source=1 transition_reason=0 recovery_episode_id=0 q_rad=[0.133203,0.954038,-1.748048,0.129660,0.660219,-1.108855,0.093472,1.078700,-1.992839,-0.004489,0.838504,-1.427728]
[ros2_control_node-3] [INFO] [1791434698.674370879] [StateRL]: [ABS-POLICY-CMD] event=command_write clock=steady_clock_ns write_ns=16485028671143 write_id=1282 source_session_id=16478219458311 source_policy_cycle_id=319 source_mode=0 action_source=1 transition_reason=0 recovery_episode_id=0 q_rad=[0.133203,0.954038,-1.748048,0.129660,0.660219,-1.108855,0.093472,1.078700,-1.992839,-0.004489,0.838504,-1.427728]
[ros2_control_node-3] [INFO] [1791434698.675429048] [StateRL]: [ABS-POLICY-CMD] event=command_write clock=steady_clock_ns write_ns=16485029719839 write_id=1283 source_session_id=16478219458311 source_policy_cycle_id=319 source_mode=0 action_source=1 transition_reason=0 recovery_episode_id=0 q_rad=[0.133203,0.954038,-1.748048,0.129660,0.660219,-1.108855,0.093472,1.078700,-1.992839,-0.004489,0.838504,-1.427728]
[ros2_control_node-3] [INFO] [1791434698.692237071] [StateRL]: [ABS-POLICY-CMD] event=command_write clock=steady_clock_ns write_ns=16485046511733 write_id=1284 source_session_id=16478219458311 source_policy_cycle_id=320 source_mode=0 action_source=1 transition_reason=0 recovery_episode_id=0 q_rad=[0.074061,0.851171,-1.771875,0.102677,0.731291,-1.233727,0.131063,1.054039,-1.868588,0.070823,0.831410,-1.577545]
[ros2_control_node-3] [INFO] [1791434698.693982608] [StateRL]: [ABS-POLICY-CMD] event=command_write clock=steady_clock_ns write_ns=16485048271745 write_id=1285 source_session_id=16478219458311 source_policy_cycle_id=320 source_mode=0 action_source=1 transition_reason=0 recovery_episode_id=0 q_rad=[0.074061,0.851171,-1.771875,0.102677,0.731291,-1.233727,0.131063,1.054039,-1.868588,0.070823,0.831410,-1.577545]
[ros2_control_node-3] [INFO] [1791434698.695513414] [StateRL]: [ABS-POLICY-CMD] event=command_write clock=steady_clock_ns write_ns=16485049809456 write_id=1286 source_session_id=16478219458311 source_policy_cycle_id=320 source_mode=0 action_source=1 transition_reason=0 recovery_episode_id=0 q_rad=[0.074061,0.851171,-1.771875,0.102677,0.731291,-1.233727,0.131063,1.054039,-1.868588,0.070823,0.831410,-1.577545]
[ros2_control_node-3] [INFO] [1791434698.696416020] [StateRL]: [ABS-POLICY-CMD] event=command_write clock=steady_clock_ns write_ns=16485050714040 write_id=1287 source_session_id=16478219458311 source_policy_cycle_id=320 source_mode=0 action_source=1 transition_reason=0 recovery_episode_id=0 q_rad=[0.074061,0.851171,-1.771875,0.102677,0.731291,-1.233727,0.131063,1.054039,-1.868588,0.070823,0.831410,-1.577545]
[ros2_control_node-3] [INFO] [1791434698.713292966] [StateRL]: [ABS-POLICY-CMD] event=command_write clock=steady_clock_ns write_ns=16485067566365 write_id=1288 source_session_id=16478219458311 source_policy_cycle_id=321 source_mode=0 action_source=1 transition_reason=0 recovery_episode_id=0 q_rad=[-0.010068,0.884476,-1.725163,0.068838,0.808931,-1.378049,0.184887,0.996074,-1.690612,0.042938,0.828256,-1.644856]
[ros2_control_node-3] [INFO] [1791434698.714834566] [StateRL]: [ABS-POLICY-CMD] event=command_write clock=steady_clock_ns write_ns=16485069127739 write_id=1289 source_session_id=16478219458311 source_policy_cycle_id=321 source_mode=0 action_source=1 transition_reason=0 recovery_episode_id=0 q_rad=[-0.010068,0.884476,-1.725163,0.068838,0.808931,-1.378049,0.184887,0.996074,-1.690612,0.042938,0.828256,-1.644856]
[ros2_control_node-3] [INFO] [1791434698.716741601] [StateRL]: [ABS-POLICY-CMD] event=command_write clock=steady_clock_ns write_ns=16485071032820 write_id=1290 source_session_id=16478219458311 source_policy_cycle_id=321 source_mode=0 action_source=1 transition_reason=0 recovery_episode_id=0 q_rad=[-0.010068,0.884476,-1.725163,0.068838,0.808931,-1.378049,0.184887,0.996074,-1.690612,0.042938,0.828256,-1.644856]
[ros2_control_node-3] [INFO] [1791434698.718386091] [StateRL]: [ABS-POLICY-CMD] event=command_write clock=steady_clock_ns write_ns=16485072669288 write_id=1291 source_session_id=16478219458311 source_policy_cycle_id=321 source_mode=0 action_source=1 transition_reason=0 recovery_episode_id=0 q_rad=[-0.010068,0.884476,-1.725163,0.068838,0.808931,-1.378049,0.184887,0.996074,-1.690612,0.042938,0.828256,-1.644856]
[ros2_control_node-3] [INFO] [1791434698.737338898] [StateRL]: [ABS-POLICY-CMD] event=command_write clock=steady_clock_ns write_ns=16485091606211 write_id=1292 source_session_id=16478219458311 source_policy_cycle_id=322 source_mode=0 action_source=1 transition_reason=0 recovery_episode_id=0 q_rad=[0.008677,0.945903,-1.637459,0.014267,0.862814,-1.450029,0.187191,0.994388,-1.716380,-0.006519,0.905761,-1.609390]
[ros2_control_node-3] [INFO] [1791434698.739520592] [StateRL]: [ABS-POLICY-CMD] event=command_write clock=steady_clock_ns write_ns=16485093808735 write_id=1293 source_session_id=16478219458311 source_policy_cycle_id=322 source_mode=0 action_source=1 transition_reason=0 recovery_episode_id=0 q_rad=[0.008677,0.945903,-1.637459,0.014267,0.862814,-1.450029,0.187191,0.994388,-1.716380,-0.006519,0.905761,-1.609390]
[ros2_control_node-3] [INFO] [1791434698.741614823] [StateRL]: [ABS-POLICY-CMD] event=command_write clock=steady_clock_ns write_ns=16485095897016 write_id=1294 source_session_id=16478219458311 source_policy_cycle_id=322 source_mode=0 action_source=1 transition_reason=0 recovery_episode_id=0 q_rad=[0.008677,0.945903,-1.637459,0.014267,0.862814,-1.450029,0.187191,0.994388,-1.716380,-0.006519,0.905761,-1.609390]
[ros2_control_node-3] [INFO] [1791434698.743601278] [StateRL]: [ABS-POLICY-CMD] event=command_write clock=steady_clock_ns write_ns=16485097894297 write_id=1295 source_session_id=16478219458311 source_policy_cycle_id=322 source_mode=0 action_source=1 transition_reason=0 recovery_episode_id=0 q_rad=[0.008677,0.945903,-1.637459,0.014267,0.862814,-1.450029,0.187191,0.994388,-1.716380,-0.006519,0.905761,-1.609390]
[ros2_control_node-3] [INFO] [1791434698.757079241] [StateRL]: [ABS-POLICY-CMD] event=command_write clock=steady_clock_ns write_ns=16485111366016 write_id=1296 source_session_id=16478219458311 source_policy_cycle_id=323 source_mode=0 action_source=1 transition_reason=0 recovery_episode_id=0 q_rad=[0.139266,0.867208,-1.435707,-0.045643,0.811210,-1.303102,0.029105,1.015904,-1.789204,-0.004844,1.040311,-1.632285]
[ros2_control_node-3] [INFO] [1791434698.759538626] [StateRL]: [ABS-POLICY-CMD] event=command_write clock=steady_clock_ns write_ns=16485113826112 write_id=1297 source_session_id=16478219458311 source_policy_cycle_id=323 source_mode=0 action_source=1 transition_reason=0 recovery_episode_id=0 q_rad=[0.139266,0.867208,-1.435707,-0.045643,0.811210,-1.303102,0.029105,1.015904,-1.789204,-0.004844,1.040311,-1.632285]
[ros2_control_node-3] [INFO] [1791434698.759578881] [StateRL]: [ABS-LIVE-CMD] event=rl_command_write clock=steady_clock_ns timestamp_ns=16485113885967 sequence=1575 controller_state=RL rl_active=1 finite=1 kp_zero=0 kd_zero=0 tau_zero=1 veto_reason= q=[0.1393,0.8672,-1.4357,-0.0456,0.8112,-1.3031,0.0291,1.0159,-1.7892,-0.0048,1.0403,-1.6323] kp=[30.0000,30.0000,30.0000,30.0000,30.0000,30.0000,30.0000,30.0000,30.0000,30.0000,30.0000,30.0000] kd=[0.6500,0.6500,0.6500,0.6500,0.6500,0.6500,0.6500,0.6500,0.6500,0.6500,0.6500,0.6500] tau=[0.0000,0.0000,0.0000,0.0000,0.0000,0.0000,0.0000,0.0000,0.0000,0.0000,0.0000,0.0000]
[ros2_control_node-3] [INFO] [1791434698.761454016] [StateRL]: [ABS-POLICY-CMD] event=command_write clock=steady_clock_ns write_ns=16485115743149 write_id=1298 source_session_id=16478219458311 source_policy_cycle_id=323 source_mode=0 action_source=1 transition_reason=0 recovery_episode_id=0 q_rad=[0.139266,0.867208,-1.435707,-0.045643,0.811210,-1.303102,0.029105,1.015904,-1.789204,-0.004844,1.040311,-1.632285]
[ros2_control_node-3] [INFO] [1791434698.762611502] [StateRL]: [ABS-POLICY-CMD] event=command_write clock=steady_clock_ns write_ns=16485116907860 write_id=1299 source_session_id=16478219458311 source_policy_cycle_id=323 source_mode=0 action_source=1 transition_reason=0 recovery_episode_id=0 q_rad=[0.139266,0.867208,-1.435707,-0.045643,0.811210,-1.303102,0.029105,1.015904,-1.789204,-0.004844,1.040311,-1.632285]
[ros2_control_node-3] [INFO] [1791434698.781253960] [StateRL]: [ABS-POLICY-CMD] event=command_write clock=steady_clock_ns write_ns=16485135536962 write_id=1300 source_session_id=16478219458311 source_policy_cycle_id=324 source_mode=0 action_source=1 transition_reason=0 recovery_episode_id=0 q_rad=[0.151359,0.907539,-1.476105,-0.049463,0.865458,-1.325161,0.004559,1.024330,-1.840971,0.002700,1.049211,-1.659791]
[ros2_control_node-3] [INFO] [1791434698.783567149] [StateRL]: [ABS-POLICY-CMD] event=command_write clock=steady_clock_ns write_ns=16485137853542 write_id=1301 source_session_id=16478219458311 source_policy_cycle_id=324 source_mode=0 action_source=1 transition_reason=0 recovery_episode_id=0 q_rad=[0.151359,0.907539,-1.476105,-0.049463,0.865458,-1.325161,0.004559,1.024330,-1.840971,0.002700,1.049211,-1.659791]
[ros2_control_node-3] [INFO] [1791434698.785654323] [StateRL]: [ABS-POLICY-CMD] event=command_write clock=steady_clock_ns write_ns=16485139936237 write_id=1302 source_session_id=16478219458311 source_policy_cycle_id=324 source_mode=0 action_source=1 transition_reason=0 recovery_episode_id=0 q_rad=[0.151359,0.907539,-1.476105,-0.049463,0.865458,-1.325161,0.004559,1.024330,-1.840971,0.002700,1.049211,-1.659791]
[ros2_control_node-3] [INFO] [1791434698.787022862] [StateRL]: [ABS-POLICY-CMD] event=command_write clock=steady_clock_ns write_ns=16485141273847 write_id=1303 source_session_id=16478219458311 source_policy_cycle_id=324 source_mode=0 action_source=1 transition_reason=0 recovery_episode_id=0 q_rad=[0.151359,0.907539,-1.476105,-0.049463,0.865458,-1.325161,0.004559,1.024330,-1.840971,0.002700,1.049211,-1.659791]
[ros2_control_node-3] [INFO] [1791434698.800605755] [StateRL]: [ABS-POLICY-CMD] event=command_write clock=steady_clock_ns write_ns=16485154885334 write_id=1304 source_session_id=16478219458311 source_policy_cycle_id=325 source_mode=0 action_source=1 transition_reason=0 recovery_episode_id=0 q_rad=[0.121128,0.952792,-1.693472,-0.026429,0.921935,-1.449997,0.027355,1.012655,-1.826353,0.010584,1.029650,-1.609564]
[ros2_control_node-3] [INFO] [1791434698.802717904] [StateRL]: [ABS-POLICY-CMD] event=command_write clock=steady_clock_ns write_ns=16485157009642 write_id=1305 source_session_id=16478219458311 source_policy_cycle_id=325 source_mode=0 action_source=1 transition_reason=0 recovery_episode_id=0 q_rad=[0.121128,0.952792,-1.693472,-0.026429,0.921935,-1.449997,0.027355,1.012655,-1.826353,0.010584,1.029650,-1.609564]
[ros2_control_node-3] [INFO] [1791434698.803822302] [StateRL]: [ABS-POLICY-CMD] event=command_write clock=steady_clock_ns write_ns=16485158115241 write_id=1306 source_session_id=16478219458311 source_policy_cycle_id=325 source_mode=0 action_source=1 transition_reason=0 recovery_episode_id=0 q_rad=[0.121128,0.952792,-1.693472,-0.026429,0.921935,-1.449997,0.027355,1.012655,-1.826353,0.010584,1.029650,-1.609564]
[ros2_control_node-3] [INFO] [1791434698.805168720] [StateRL]: [ABS-POLICY-CMD] event=command_write clock=steady_clock_ns write_ns=16485159466719 write_id=1307 source_session_id=16478219458311 source_policy_cycle_id=325 source_mode=0 action_source=1 transition_reason=0 recovery_episode_id=0 q_rad=[0.121128,0.952792,-1.693472,-0.026429,0.921935,-1.449997,0.027355,1.012655,-1.826353,0.010584,1.029650,-1.609564]
[ros2_control_node-3] [INFO] [1791434698.819275989] [StateRL]: [ABS-POLICY-CMD] event=command_write clock=steady_clock_ns write_ns=16485173558904 write_id=1308 source_session_id=16478219458311 source_policy_cycle_id=326 source_mode=0 action_source=1 transition_reason=0 recovery_episode_id=0 q_rad=[0.019802,0.960343,-1.807317,0.004349,0.975084,-1.593270,0.080397,1.011695,-1.724061,0.016245,0.994346,-1.561147]
[ros2_control_node-3] [INFO] [1791434698.821034347] [StateRL]: [ABS-POLICY-CMD] event=command_write clock=steady_clock_ns write_ns=16485175330426 write_id=1309 source_session_id=16478219458311 source_policy_cycle_id=326 source_mode=0 action_source=1 transition_reason=0 recovery_episode_id=0 q_rad=[0.019802,0.960343,-1.807317,0.004349,0.975084,-1.593270,0.080397,1.011695,-1.724061,0.016245,0.994346,-1.561147]
[ros2_control_node-3] [INFO] [1791434698.822534323] [StateRL]: [ABS-POLICY-CMD] event=command_write clock=steady_clock_ns write_ns=16485176828281 write_id=1310 source_session_id=16478219458311 source_policy_cycle_id=326 source_mode=0 action_source=1 transition_reason=0 recovery_episode_id=0 q_rad=[0.019802,0.960343,-1.807317,0.004349,0.975084,-1.593270,0.080397,1.011695,-1.724061,0.016245,0.994346,-1.561147]
[ros2_control_node-3] [INFO] [1791434698.824002241] [StateRL]: [ABS-POLICY-CMD] event=command_write clock=steady_clock_ns write_ns=16485178292573 write_id=1311 source_session_id=16478219458311 source_policy_cycle_id=326 source_mode=0 action_source=1 transition_reason=0 recovery_episode_id=0 q_rad=[0.019802,0.960343,-1.807317,0.004349,0.975084,-1.593270,0.080397,1.011695,-1.724061,0.016245,0.994346,-1.561147]
[ros2_control_node-3] [INFO] [1791434698.834253298] [StateRL]: [ABS-POLICY-CMD] event=command_write clock=steady_clock_ns write_ns=16485188523710 write_id=1312 source_session_id=16478219458311 source_policy_cycle_id=327 source_mode=0 action_source=1 transition_reason=0 recovery_episode_id=0 q_rad=[-0.033249,0.942343,-1.822288,-0.042980,1.036497,-1.678010,0.116549,0.990022,-1.627136,-0.000446,0.984626,-1.579171]
[ros2_control_node-3] [INFO] [1791434698.836574294] [StateRL]: [ABS-POLICY-CMD] event=command_write clock=steady_clock_ns write_ns=16485190866475 write_id=1313 source_session_id=16478219458311 source_policy_cycle_id=327 source_mode=0 action_source=1 transition_reason=0 recovery_episode_id=0 q_rad=[-0.033249,0.942343,-1.822288,-0.042980,1.036497,-1.678010,0.116549,0.990022,-1.627136,-0.000446,0.984626,-1.579171]
[ros2_control_node-3] [INFO] [1791434698.838458766] [StateRL]: [ABS-POLICY-CMD] event=command_write clock=steady_clock_ns write_ns=16485192753695 write_id=1314 source_session_id=16478219458311 source_policy_cycle_id=327 source_mode=0 action_source=1 transition_reason=0 recovery_episode_id=0 q_rad=[-0.033249,0.942343,-1.822288,-0.042980,1.036497,-1.678010,0.116549,0.990022,-1.627136,-0.000446,0.984626,-1.579171]
[ros2_control_node-3] [INFO] [1791434698.840690239] [StateRL]: [ABS-POLICY-CMD] event=command_write clock=steady_clock_ns write_ns=16485194952870 write_id=1315 source_session_id=16478219458311 source_policy_cycle_id=327 source_mode=0 action_source=1 transition_reason=0 recovery_episode_id=0 q_rad=[-0.033249,0.942343,-1.822288,-0.042980,1.036497,-1.678010,0.116549,0.990022,-1.627136,-0.000446,0.984626,-1.579171]
[ros2_control_node-3] [INFO] [1791434698.869275493] [StateRL]: [ABS-POLICY-CMD] event=command_write clock=steady_clock_ns write_ns=16485223560045 write_id=1316 source_session_id=16478219458311 source_policy_cycle_id=328 source_mode=0 action_source=1 transition_reason=0 recovery_episode_id=0 q_rad=[0.006667,0.831325,-1.711184,-0.061717,0.968787,-1.697281,0.118220,0.957943,-1.660521,-0.070989,0.997289,-1.633273]
[ros2_control_node-3] [INFO] [1791434698.874091138] [StateRL]: [ABS-POLICY-CMD] event=command_write clock=steady_clock_ns write_ns=16485228381405 write_id=1317 source_session_id=16478219458311 source_policy_cycle_id=328 source_mode=0 action_source=1 transition_reason=0 recovery_episode_id=0 q_rad=[0.006667,0.831325,-1.711184,-0.061717,0.968787,-1.697281,0.118220,0.957943,-1.660521,-0.070989,0.997289,-1.633273]
[ros2_control_node-3] [INFO] [1791434698.875987048] [StateRL]: [ABS-POLICY-CMD] event=command_write clock=steady_clock_ns write_ns=16485230278691 write_id=1318 source_session_id=16478219458311 source_policy_cycle_id=328 source_mode=0 action_source=1 transition_reason=0 recovery_episode_id=0 q_rad=[0.006667,0.831325,-1.711184,-0.061717,0.968787,-1.697281,0.118220,0.957943,-1.660521,-0.070989,0.997289,-1.633273]
[ros2_control_node-3] [INFO] [1791434698.877250953] [StateRL]: [ABS-POLICY-CMD] event=command_write clock=steady_clock_ns write_ns=16485231546445 write_id=1319 source_session_id=16478219458311 source_policy_cycle_id=328 source_mode=0 action_source=1 transition_reason=0 recovery_episode_id=0 q_rad=[0.006667,0.831325,-1.711184,-0.061717,0.968787,-1.697281,0.118220,0.957943,-1.660521,-0.070989,0.997289,-1.633273]
[ros2_control_node-3] [INFO] [1791434698.892369224] [StateRL]: [ABS-POLICY-CMD] event=command_write clock=steady_clock_ns write_ns=16485246622462 write_id=1320 source_session_id=16478219458311 source_policy_cycle_id=329 source_mode=0 action_source=1 transition_reason=0 recovery_episode_id=0 q_rad=[0.114699,0.847620,-1.460148,-0.125306,0.923248,-1.576241,0.026806,0.950931,-1.783522,-0.062098,1.077290,-1.688250]
[ros2_control_node-3] [INFO] [1791434698.893921943] [StateRL]: [ABS-POLICY-CMD] event=command_write clock=steady_clock_ns write_ns=16485248213099 write_id=1321 source_session_id=16478219458311 source_policy_cycle_id=329 source_mode=0 action_source=1 transition_reason=0 recovery_episode_id=0 q_rad=[0.114699,0.847620,-1.460148,-0.125306,0.923248,-1.576241,0.026806,0.950931,-1.783522,-0.062098,1.077290,-1.688250]
[ros2_control_node-3] [INFO] [1791434698.895726753] [StateRL]: [ABS-POLICY-CMD] event=command_write clock=steady_clock_ns write_ns=16485250013395 write_id=1322 source_session_id=16478219458311 source_policy_cycle_id=329 source_mode=0 action_source=1 transition_reason=0 recovery_episode_id=0 q_rad=[0.114699,0.847620,-1.460148,-0.125306,0.923248,-1.576241,0.026806,0.950931,-1.783522,-0.062098,1.077290,-1.688250]
[ros2_control_node-3] [INFO] [1791434698.895770200] [StateRL]: [ABS-LIVE-CMD] event=rl_command_write clock=steady_clock_ns timestamp_ns=16485250077287 sequence=1600 controller_state=RL rl_active=1 finite=1 kp_zero=0 kd_zero=0 tau_zero=1 veto_reason= q=[0.1147,0.8476,-1.4601,-0.1253,0.9232,-1.5762,0.0268,0.9509,-1.7835,-0.0621,1.0773,-1.6883] kp=[30.0000,30.0000,30.0000,30.0000,30.0000,30.0000,30.0000,30.0000,30.0000,30.0000,30.0000,30.0000] kd=[0.6500,0.6500,0.6500,0.6500,0.6500,0.6500,0.6500,0.6500,0.6500,0.6500,0.6500,0.6500] tau=[0.0000,0.0000,0.0000,0.0000,0.0000,0.0000,0.0000,0.0000,0.0000,0.0000,0.0000,0.0000]
[ros2_control_node-3] [INFO] [1791434698.897110502] [StateRL]: [ABS-POLICY-CMD] event=command_write clock=steady_clock_ns write_ns=16485251404939 write_id=1323 source_session_id=16478219458311 source_policy_cycle_id=329 source_mode=0 action_source=1 transition_reason=0 recovery_episode_id=0 q_rad=[0.114699,0.847620,-1.460148,-0.125306,0.923248,-1.576241,0.026806,0.950931,-1.783522,-0.062098,1.077290,-1.688250]
[ros2_control_node-3] [INFO] [1791434698.913632210] [StateRL]: [ABS-POLICY-CMD] event=command_write clock=steady_clock_ns write_ns=16485266293501 write_id=1324 source_session_id=16478219458311 source_policy_cycle_id=330 source_mode=0 action_source=1 transition_reason=0 recovery_episode_id=0 q_rad=[0.176114,0.976440,-1.401422,-0.117238,0.994436,-1.525731,-0.044282,1.037732,-1.771515,-0.020619,1.099596,-1.742545]
[ros2_control_node-3] [INFO] [1791434698.917232388] [StateRL]: [ABS-POLICY-CMD] event=command_write clock=steady_clock_ns write_ns=16485271524403 write_id=1325 source_session_id=16478219458311 source_policy_cycle_id=330 source_mode=0 action_source=1 transition_reason=0 recovery_episode_id=0 q_rad=[0.176114,0.976440,-1.401422,-0.117238,0.994436,-1.525731,-0.044282,1.037732,-1.771515,-0.020619,1.099596,-1.742545]
[ros2_control_node-3] [INFO] [1791434698.917671153] [StateRL]: [ABS-POLICY-CMD] event=command_write clock=steady_clock_ns write_ns=16485271970196 write_id=1326 source_session_id=16478219458311 source_policy_cycle_id=330 source_mode=0 action_source=1 transition_reason=0 recovery_episode_id=0 q_rad=[0.176114,0.976440,-1.401422,-0.117238,0.994436,-1.525731,-0.044282,1.037732,-1.771515,-0.020619,1.099596,-1.742545]
[ros2_control_node-3] [INFO] [1791434698.918075998] [StateRL]: [ABS-POLICY-CMD] event=command_write clock=steady_clock_ns write_ns=16485272372262 write_id=1327 source_session_id=16478219458311 source_policy_cycle_id=330 source_mode=0 action_source=1 transition_reason=0 recovery_episode_id=0 q_rad=[0.176114,0.976440,-1.401422,-0.117238,0.994436,-1.525731,-0.044282,1.037732,-1.771515,-0.020619,1.099596,-1.742545]
[ros2_control_node-3] [INFO] [1791434698.931198679] [StateRL]: [ABS-POLICY-CMD] event=command_write clock=steady_clock_ns write_ns=16485285481069 write_id=1328 source_session_id=16478219458311 source_policy_cycle_id=331 source_mode=0 action_source=1 transition_reason=0 recovery_episode_id=0 q_rad=[0.102764,0.925713,-1.636469,-0.091805,0.929041,-1.554545,0.073289,1.010794,-1.741287,0.005295,1.111410,-1.748785]
[ros2_control_node-3] [INFO] [1791434698.932774442] [StateRL]: [ABS-POLICY-CMD] event=command_write clock=steady_clock_ns write_ns=16485287053842 write_id=1329 source_session_id=16478219458311 source_policy_cycle_id=331 source_mode=0 action_source=1 transition_reason=0 recovery_episode_id=0 q_rad=[0.102764,0.925713,-1.636469,-0.091805,0.929041,-1.554545,0.073289,1.010794,-1.741287,0.005295,1.111410,-1.748785]
[ros2_control_node-3] [INFO] [1791434698.933285995] [StateRL]: [ABS-POLICY-CMD] event=command_write clock=steady_clock_ns write_ns=16485287584981 write_id=1330 source_session_id=16478219458311 source_policy_cycle_id=331 source_mode=0 action_source=1 transition_reason=0 recovery_episode_id=0 q_rad=[0.102764,0.925713,-1.636469,-0.091805,0.929041,-1.554545,0.073289,1.010794,-1.741287,0.005295,1.111410,-1.748785]
[ros2_control_node-3] [INFO] [1791434698.934451984] [StateRL]: [ABS-POLICY-CMD] event=command_write clock=steady_clock_ns write_ns=16485288743900 write_id=1331 source_session_id=16478219458311 source_policy_cycle_id=331 source_mode=0 action_source=1 transition_reason=0 recovery_episode_id=0 q_rad=[0.102764,0.925713,-1.636469,-0.091805,0.929041,-1.554545,0.073289,1.010794,-1.741287,0.005295,1.111410,-1.748785]
[ros2_control_node-3] [INFO] [1791434698.946819454] [StateRL]: [ABS-POLICY-CMD] event=command_write clock=steady_clock_ns write_ns=16485301107892 write_id=1332 source_session_id=16478219458311 source_policy_cycle_id=332 source_mode=0 action_source=1 transition_reason=0 recovery_episode_id=0 q_rad=[0.062624,0.875226,-1.808943,-0.019752,0.907076,-1.641966,0.086938,0.995240,-1.663556,0.000366,1.090802,-1.720934]
[ros2_control_node-3] [INFO] [1791434698.947849106] [StateRL]: [ABS-POLICY-CMD] event=command_write clock=steady_clock_ns write_ns=16485302143080 write_id=1333 source_session_id=16478219458311 source_policy_cycle_id=332 source_mode=0 action_source=1 transition_reason=0 recovery_episode_id=0 q_rad=[0.062624,0.875226,-1.808943,-0.019752,0.907076,-1.641966,0.086938,0.995240,-1.663556,0.000366,1.090802,-1.720934]
[ros2_control_node-3] [INFO] [1791434698.949443321] [StateRL]: [ABS-POLICY-CMD] event=command_write clock=steady_clock_ns write_ns=16485303713599 write_id=1334 source_session_id=16478219458311 source_policy_cycle_id=332 source_mode=0 action_source=1 transition_reason=0 recovery_episode_id=0 q_rad=[0.062624,0.875226,-1.808943,-0.019752,0.907076,-1.641966,0.086938,0.995240,-1.663556,0.000366,1.090802,-1.720934]
[ros2_control_node-3] [INFO] [1791434698.950571296] [StateRL]: [ABS-POLICY-CMD] event=command_write clock=steady_clock_ns write_ns=16485304848038 write_id=1335 source_session_id=16478219458311 source_policy_cycle_id=332 source_mode=0 action_source=1 transition_reason=0 recovery_episode_id=0 q_rad=[0.062624,0.875226,-1.808943,-0.019752,0.907076,-1.641966,0.086938,0.995240,-1.663556,0.000366,1.090802,-1.720934]
[ros2_control_node-3] [INFO] [1791434698.962250757] [StateRL]: [ABS-POLICY-CMD] event=command_write clock=steady_clock_ns write_ns=16485316535491 write_id=1336 source_session_id=16478219458311 source_policy_cycle_id=333 source_mode=0 action_source=1 transition_reason=0 recovery_episode_id=0 q_rad=[0.067590,0.829336,-1.782911,-0.058028,0.916355,-1.666537,0.050121,0.976016,-1.649113,-0.021703,1.061200,-1.707883]
[ros2_control_node-3] [INFO] [1791434698.963674087] [StateRL]: [ABS-POLICY-CMD] event=command_write clock=steady_clock_ns write_ns=16485317970534 write_id=1337 source_session_id=16478219458311 source_policy_cycle_id=333 source_mode=0 action_source=1 transition_reason=0 recovery_episode_id=0 q_rad=[0.067590,0.829336,-1.782911,-0.058028,0.916355,-1.666537,0.050121,0.976016,-1.649113,-0.021703,1.061200,-1.707883]
[ros2_control_node-3] [INFO] [1791434698.964155503] [StateRL]: [ABS-POLICY-CMD] event=command_write clock=steady_clock_ns write_ns=16485318456787 write_id=1338 source_session_id=16478219458311 source_policy_cycle_id=333 source_mode=0 action_source=1 transition_reason=0 recovery_episode_id=0 q_rad=[0.067590,0.829336,-1.782911,-0.058028,0.916355,-1.666537,0.050121,0.976016,-1.649113,-0.021703,1.061200,-1.707883]
[ros2_control_node-3] [INFO] [1791434698.965011146] [StateRL]: [ABS-POLICY-CMD] event=command_write clock=steady_clock_ns write_ns=16485319302848 write_id=1339 source_session_id=16478219458311 source_policy_cycle_id=333 source_mode=0 action_source=1 transition_reason=0 recovery_episode_id=0 q_rad=[0.067590,0.829336,-1.782911,-0.058028,0.916355,-1.666537,0.050121,0.976016,-1.649113,-0.021703,1.061200,-1.707883]
[ros2_control_node-3] [INFO] [1791434698.980144864] [StateRL]: [ABS-POLICY-CMD] event=command_write clock=steady_clock_ns write_ns=16485334427612 write_id=1340 source_session_id=16478219458311 source_policy_cycle_id=334 source_mode=0 action_source=1 transition_reason=0 recovery_episode_id=0 q_rad=[0.088139,0.842622,-1.690389,-0.073153,0.924949,-1.596969,0.040122,0.961967,-1.693077,-0.031919,1.075503,-1.705836]
[ros2_control_node-3] [INFO] [1791434698.981394899] [StateRL]: [ABS-POLICY-CMD] event=command_write clock=steady_clock_ns write_ns=16485335685846 write_id=1341 source_session_id=16478219458311 source_policy_cycle_id=334 source_mode=0 action_source=1 transition_reason=0 recovery_episode_id=0 q_rad=[0.088139,0.842622,-1.690389,-0.073153,0.924949,-1.596969,0.040122,0.961967,-1.693077,-0.031919,1.075503,-1.705836]
[ros2_control_node-3] [INFO] [1791434698.983968737] [StateRL]: [ABS-POLICY-CMD] event=command_write clock=steady_clock_ns write_ns=16485338251203 write_id=1342 source_session_id=16478219458311 source_policy_cycle_id=334 source_mode=0 action_source=1 transition_reason=0 recovery_episode_id=0 q_rad=[0.088139,0.842622,-1.690389,-0.073153,0.924949,-1.596969,0.040122,0.961967,-1.693077,-0.031919,1.075503,-1.705836]
[ros2_control_node-3] [INFO] [1791434698.984530750] [StateRL]: [ABS-POLICY-CMD] event=command_write clock=steady_clock_ns write_ns=16485338817321 write_id=1343 source_session_id=16478219458311 source_policy_cycle_id=334 source_mode=0 action_source=1 transition_reason=0 recovery_episode_id=0 q_rad=[0.088139,0.842622,-1.690389,-0.073153,0.924949,-1.596969,0.040122,0.961967,-1.693077,-0.031919,1.075503,-1.705836]
[ros2_control_node-3] [INFO] [1791434698.999464312] [StateRL]: [ABS-POLICY-CMD] event=command_write clock=steady_clock_ns write_ns=16485353746587 write_id=1344 source_session_id=16478219458311 source_policy_cycle_id=335 source_mode=0 action_source=1 transition_reason=0 recovery_episode_id=0 q_rad=[0.138064,0.932451,-1.527372,-0.093892,0.961087,-1.539715,0.002218,0.989178,-1.723725,-0.030881,1.089457,-1.731520]
[ros2_control_node-3] [INFO] [1791434699.001347849] [StateRL]: [ABS-POLICY-CMD] event=command_write clock=steady_clock_ns write_ns=16485355631757 write_id=1345 source_session_id=16478219458311 source_policy_cycle_id=335 source_mode=0 action_source=1 transition_reason=0 recovery_episode_id=0 q_rad=[0.138064,0.932451,-1.527372,-0.093892,0.961087,-1.539715,0.002218,0.989178,-1.723725,-0.030881,1.089457,-1.731520]
[ros2_control_node-3] [INFO] [1791434699.002078418] [StateRL]: [ABS-POLICY-CMD] event=command_write clock=steady_clock_ns write_ns=16485356371666 write_id=1346 source_session_id=16478219458311 source_policy_cycle_id=335 source_mode=0 action_source=1 transition_reason=0 recovery_episode_id=0 q_rad=[0.138064,0.932451,-1.527372,-0.093892,0.961087,-1.539715,0.002218,0.989178,-1.723725,-0.030881,1.089457,-1.731520]
[ros2_control_node-3] [INFO] [1791434699.002757337] [StateRL]: [ABS-POLICY-CMD] event=command_write clock=steady_clock_ns write_ns=16485357052414 write_id=1347 source_session_id=16478219458311 source_policy_cycle_id=335 source_mode=0 action_source=1 transition_reason=0 recovery_episode_id=0 q_rad=[0.138064,0.932451,-1.527372,-0.093892,0.961087,-1.539715,0.002218,0.989178,-1.723725,-0.030881,1.089457,-1.731520]
[ros2_control_node-3] [INFO] [1791434699.002792215] [StateRL]: [ABS-LIVE-CMD] event=rl_command_write clock=steady_clock_ns timestamp_ns=16485357099285 sequence=1625 controller_state=RL rl_active=1 finite=1 kp_zero=0 kd_zero=0 tau_zero=1 veto_reason= q=[0.1381,0.9325,-1.5274,-0.0939,0.9611,-1.5397,0.0022,0.9892,-1.7237,-0.0309,1.0895,-1.7315] kp=[30.0000,30.0000,30.0000,30.0000,30.0000,30.0000,30.0000,30.0000,30.0000,30.0000,30.0000,30.0000] kd=[0.6500,0.6500,0.6500,0.6500,0.6500,0.6500,0.6500,0.6500,0.6500,0.6500,0.6500,0.6500] tau=[0.0000,0.0000,0.0000,0.0000,0.0000,0.0000,0.0000,0.0000,0.0000,0.0000,0.0000,0.0000]
[ros2_control_node-3] [INFO] [1791434699.019569815] [StateRL]: [ABS-POLICY-CMD] event=command_write clock=steady_clock_ns write_ns=16485373847590 write_id=1348 source_session_id=16478219458311 source_policy_cycle_id=336 source_mode=0 action_source=1 transition_reason=0 recovery_episode_id=0 q_rad=[0.170823,0.941195,-1.444765,-0.104805,0.956874,-1.567461,-0.025531,1.019836,-1.757770,-0.019468,1.084404,-1.728820]
[ros2_control_node-3] [INFO] [1791434699.022039398] [StateRL]: [ABS-POLICY-CMD] event=command_write clock=steady_clock_ns write_ns=16485376256727 write_id=1349 source_session_id=16478219458311 source_policy_cycle_id=336 source_mode=0 action_source=1 transition_reason=0 recovery_episode_id=0 q_rad=[0.170823,0.941195,-1.444765,-0.104805,0.956874,-1.567461,-0.025531,1.019836,-1.757770,-0.019468,1.084404,-1.728820]
[ros2_control_node-3] [INFO] [1791434699.022830540] [StateRL]: [ABS-POLICY-CMD] event=command_write clock=steady_clock_ns write_ns=16485377128035 write_id=1350 source_session_id=16478219458311 source_policy_cycle_id=336 source_mode=0 action_source=1 transition_reason=0 recovery_episode_id=0 q_rad=[0.170823,0.941195,-1.444765,-0.104805,0.956874,-1.567461,-0.025531,1.019836,-1.757770,-0.019468,1.084404,-1.728820]
[ros2_control_node-3] [INFO] [1791434699.024938604] [StateRL]: [ABS-POLICY-CMD] event=command_write clock=steady_clock_ns write_ns=16485379226249 write_id=1351 source_session_id=16478219458311 source_policy_cycle_id=336 source_mode=0 action_source=1 transition_reason=0 recovery_episode_id=0 q_rad=[0.170823,0.941195,-1.444765,-0.104805,0.956874,-1.567461,-0.025531,1.019836,-1.757770,-0.019468,1.084404,-1.728820]
[ros2_control_node-3] [INFO] [1791434699.039256442] [StateRL]: [ABS-POLICY-CMD] event=command_write clock=steady_clock_ns write_ns=16485393541290 write_id=1352 source_session_id=16478219458311 source_policy_cycle_id=337 source_mode=0 action_source=1 transition_reason=0 recovery_episode_id=0 q_rad=[0.182044,0.956572,-1.470571,-0.085331,0.951806,-1.686041,-0.027546,1.039368,-1.766464,-0.021728,1.056437,-1.736132]
[ros2_control_node-3] [INFO] [1791434699.041395879] [StateRL]: [ABS-POLICY-CMD] event=command_write clock=steady_clock_ns write_ns=16485395683008 write_id=1353 source_session_id=16478219458311 source_policy_cycle_id=337 source_mode=0 action_source=1 transition_reason=0 recovery_episode_id=0 q_rad=[0.182044,0.956572,-1.470571,-0.085331,0.951806,-1.686041,-0.027546,1.039368,-1.766464,-0.021728,1.056437,-1.736132]
[ros2_control_node-3] [INFO] [1791434699.042429008] [StateRL]: [ABS-POLICY-CMD] event=command_write clock=steady_clock_ns write_ns=16485396727583 write_id=1354 source_session_id=16478219458311 source_policy_cycle_id=337 source_mode=0 action_source=1 transition_reason=0 recovery_episode_id=0 q_rad=[0.182044,0.956572,-1.470571,-0.085331,0.951806,-1.686041,-0.027546,1.039368,-1.766464,-0.021728,1.056437,-1.736132]
[ros2_control_node-3] [INFO] [1791434699.043703090] [StateRL]: [ABS-POLICY-CMD] event=command_write clock=steady_clock_ns write_ns=16485397998530 write_id=1355 source_session_id=16478219458311 source_policy_cycle_id=337 source_mode=0 action_source=1 transition_reason=0 recovery_episode_id=0 q_rad=[0.182044,0.956572,-1.470571,-0.085331,0.951806,-1.686041,-0.027546,1.039368,-1.766464,-0.021728,1.056437,-1.736132]
[ros2_control_node-3] [INFO] [1791434699.060265497] [StateRL]: [ABS-POLICY-CMD] event=command_write clock=steady_clock_ns write_ns=16485414531943 write_id=1356 source_session_id=16478219458311 source_policy_cycle_id=338 source_mode=0 action_source=1 transition_reason=0 recovery_episode_id=0 q_rad=[0.179319,0.950123,-1.520413,-0.065707,0.939451,-1.774765,-0.011015,1.041783,-1.749289,-0.044771,1.029750,-1.734557]
[ros2_control_node-3] [INFO] [1791434699.060963828] [StateRL]: [ABS-POLICY-CMD] event=command_write clock=steady_clock_ns write_ns=16485415261247 write_id=1357 source_session_id=16478219458311 source_policy_cycle_id=338 source_mode=0 action_source=1 transition_reason=0 recovery_episode_id=0 q_rad=[0.179319,0.950123,-1.520413,-0.065707,0.939451,-1.774765,-0.011015,1.041783,-1.749289,-0.044771,1.029750,-1.734557]
[ros2_control_node-3] [INFO] [1791434699.061368026] [StateRL]: [ABS-POLICY-CMD] event=command_write clock=steady_clock_ns write_ns=16485415669442 write_id=1358 source_session_id=16478219458311 source_policy_cycle_id=338 source_mode=0 action_source=1 transition_reason=0 recovery_episode_id=0 q_rad=[0.179319,0.950123,-1.520413,-0.065707,0.939451,-1.774765,-0.011015,1.041783,-1.749289,-0.044771,1.029750,-1.734557]
[ros2_control_node-3] [INFO] [1791434699.062555921] [StateRL]: [ABS-POLICY-CMD] event=command_write clock=steady_clock_ns write_ns=16485416853798 write_id=1359 source_session_id=16478219458311 source_policy_cycle_id=338 source_mode=0 action_source=1 transition_reason=0 recovery_episode_id=0 q_rad=[0.179319,0.950123,-1.520413,-0.065707,0.939451,-1.774765,-0.011015,1.041783,-1.749289,-0.044771,1.029750,-1.734557]
[ros2_control_node-3] [INFO] [1791434699.077459950] [StateRL]: [ABS-POLICY-CMD] event=command_write clock=steady_clock_ns write_ns=16485431732876 write_id=1360 source_session_id=16478219458311 source_policy_cycle_id=339 source_mode=0 action_source=1 transition_reason=0 recovery_episode_id=0 q_rad=[0.181432,0.934312,-1.549488,-0.053337,0.933753,-1.800628,-0.003747,1.036184,-1.726537,-0.066481,1.025800,-1.727495]
[ros2_control_node-3] [INFO] [1791434699.078874439] [StateRL]: [ABS-POLICY-CMD] event=command_write clock=steady_clock_ns write_ns=16485433166905 write_id=1361 source_session_id=16478219458311 source_policy_cycle_id=339 source_mode=0 action_source=1 transition_reason=0 recovery_episode_id=0 q_rad=[0.181432,0.934312,-1.549488,-0.053337,0.933753,-1.800628,-0.003747,1.036184,-1.726537,-0.066481,1.025800,-1.727495]
[ros2_control_node-3] [INFO] [1791434699.079298579] [StateRL]: [ABS-POLICY-CMD] event=command_write clock=steady_clock_ns write_ns=16485433597329 write_id=1362 source_session_id=16478219458311 source_policy_cycle_id=339 source_mode=0 action_source=1 transition_reason=0 recovery_episode_id=0 q_rad=[0.181432,0.934312,-1.549488,-0.053337,0.933753,-1.800628,-0.003747,1.036184,-1.726537,-0.066481,1.025800,-1.727495]
[ros2_control_node-3] [INFO] [1791434699.081027594] [StateRL]: [ABS-POLICY-CMD] event=command_write clock=steady_clock_ns write_ns=16485435314627 write_id=1363 source_session_id=16478219458311 source_policy_cycle_id=339 source_mode=0 action_source=1 transition_reason=0 recovery_episode_id=0 q_rad=[0.181432,0.934312,-1.549488,-0.053337,0.933753,-1.800628,-0.003747,1.036184,-1.726537,-0.066481,1.025800,-1.727495]
[ros2_control_node-3] [INFO] [1791434699.097204576] [StateRL]: [ABS-POLICY-CMD] event=command_write clock=steady_clock_ns write_ns=16485451487828 write_id=1364 source_session_id=16478219458311 source_policy_cycle_id=340 source_mode=0 action_source=1 transition_reason=0 recovery_episode_id=0 q_rad=[0.184884,0.929791,-1.543224,-0.050723,0.938446,-1.791430,-0.007287,1.032561,-1.715537,-0.071107,1.036770,-1.718000]
[ros2_control_node-3] [INFO] [1791434699.098003176] [StateRL]: [ABS-POLICY-CMD] event=command_write clock=steady_clock_ns write_ns=16485452301786 write_id=1365 source_session_id=16478219458311 source_policy_cycle_id=340 source_mode=0 action_source=1 transition_reason=0 recovery_episode_id=0 q_rad=[0.184884,0.929791,-1.543224,-0.050723,0.938446,-1.791430,-0.007287,1.032561,-1.715537,-0.071107,1.036770,-1.718000]
[ros2_control_node-3] [INFO] [1791434699.098376020] [StateRL]: [ABS-POLICY-CMD] event=command_write clock=steady_clock_ns write_ns=16485452677217 write_id=1366 source_session_id=16478219458311 source_policy_cycle_id=340 source_mode=0 action_source=1 transition_reason=0 recovery_episode_id=0 q_rad=[0.184884,0.929791,-1.543224,-0.050723,0.938446,-1.791430,-0.007287,1.032561,-1.715537,-0.071107,1.036770,-1.718000]
[ros2_control_node-3] [INFO] [1791434699.099519495] [StateRL]: [ABS-POLICY-CMD] event=command_write clock=steady_clock_ns write_ns=16485453816611 write_id=1367 source_session_id=16478219458311 source_policy_cycle_id=340 source_mode=0 action_source=1 transition_reason=0 recovery_episode_id=0 q_rad=[0.184884,0.929791,-1.543224,-0.050723,0.938446,-1.791430,-0.007287,1.032561,-1.715537,-0.071107,1.036770,-1.718000]
[ros2_control_node-3] [INFO] [1791434699.117281549] [StateRL]: [ABS-POLICY-CMD] event=command_write clock=steady_clock_ns write_ns=16485471561171 write_id=1368 source_session_id=16478219458311 source_policy_cycle_id=341 source_mode=0 action_source=1 transition_reason=0 recovery_episode_id=0 q_rad=[0.194913,0.935655,-1.515159,-0.051298,0.946941,-1.771360,-0.017110,1.036046,-1.718148,-0.070715,1.043381,-1.720484]
[ros2_control_node-3] [INFO] [1791434699.121897545] [StateRL]: [ABS-POLICY-CMD] event=command_write clock=steady_clock_ns write_ns=16485476188223 write_id=1369 source_session_id=16478219458311 source_policy_cycle_id=341 source_mode=0 action_source=1 transition_reason=0 recovery_episode_id=0 q_rad=[0.194913,0.935655,-1.515159,-0.051298,0.946941,-1.771360,-0.017110,1.036046,-1.718148,-0.070715,1.043381,-1.720484]
[ros2_control_node-3] [INFO] [1791434699.122292350] [StateRL]: [ABS-POLICY-CMD] event=command_write clock=steady_clock_ns write_ns=16485476593719 write_id=1370 source_session_id=16478219458311 source_policy_cycle_id=341 source_mode=0 action_source=1 transition_reason=0 recovery_episode_id=0 q_rad=[0.194913,0.935655,-1.515159,-0.051298,0.946941,-1.771360,-0.017110,1.036046,-1.718148,-0.070715,1.043381,-1.720484]
[ros2_control_node-3] [INFO] [1791434699.122626947] [StateRL]: [ABS-POLICY-CMD] event=command_write clock=steady_clock_ns write_ns=16485476929106 write_id=1371 source_session_id=16478219458311 source_policy_cycle_id=341 source_mode=0 action_source=1 transition_reason=0 recovery_episode_id=0 q_rad=[0.194913,0.935655,-1.515159,-0.051298,0.946941,-1.771360,-0.017110,1.036046,-1.718148,-0.070715,1.043381,-1.720484]
[ros2_control_node-3] [INFO] [1791434699.140248937] [StateRL]: [ABS-POLICY-CMD] event=command_write clock=steady_clock_ns write_ns=16485494530250 write_id=1372 source_session_id=16478219458311 source_policy_cycle_id=342 source_mode=0 action_source=1 transition_reason=0 recovery_episode_id=0 q_rad=[0.193360,0.952794,-1.508743,-0.051801,0.960591,-1.735684,-0.018651,1.041028,-1.724827,-0.066062,1.051608,-1.715523]
[ros2_control_node-3] [INFO] [1791434699.141096793] [StateRL]: [ABS-LIVE-CMD] event=rl_command_write clock=steady_clock_ns timestamp_ns=16485495403265 sequence=1650 controller_state=RL rl_active=1 finite=1 kp_zero=0 kd_zero=0 tau_zero=1 veto_reason= q=[0.1934,0.9528,-1.5087,-0.0518,0.9606,-1.7357,-0.0187,1.0410,-1.7248,-0.0661,1.0516,-1.7155] kp=[30.0000,30.0000,30.0000,30.0000,30.0000,30.0000,30.0000,30.0000,30.0000,30.0000,30.0000,30.0000] kd=[0.6500,0.6500,0.6500,0.6500,0.6500,0.6500,0.6500,0.6500,0.6500,0.6500,0.6500,0.6500] tau=[0.0000,0.0000,0.0000,0.0000,0.0000,0.0000,0.0000,0.0000,0.0000,0.0000,0.0000,0.0000]
[ros2_control_node-3] [INFO] [1791434699.145826642] [StateRL]: [ABS-POLICY-CMD] event=command_write clock=steady_clock_ns write_ns=16485500113047 write_id=1373 source_session_id=16478219458311 source_policy_cycle_id=342 source_mode=0 action_source=1 transition_reason=0 recovery_episode_id=0 q_rad=[0.193360,0.952794,-1.508743,-0.051801,0.960591,-1.735684,-0.018651,1.041028,-1.724827,-0.066062,1.051608,-1.715523]
[ros2_control_node-3] [INFO] [1791434699.146498952] [StateRL]: [ABS-POLICY-CMD] event=command_write clock=steady_clock_ns write_ns=16485500794889 write_id=1374 source_session_id=16478219458311 source_policy_cycle_id=342 source_mode=0 action_source=1 transition_reason=0 recovery_episode_id=0 q_rad=[0.193360,0.952794,-1.508743,-0.051801,0.960591,-1.735684,-0.018651,1.041028,-1.724827,-0.066062,1.051608,-1.715523]
[ros2_control_node-3] [INFO] [1791434699.146992235] [StateRL]: [ABS-POLICY-CMD] event=command_write clock=steady_clock_ns write_ns=16485501289263 write_id=1375 source_session_id=16478219458311 source_policy_cycle_id=342 source_mode=0 action_source=1 transition_reason=0 recovery_episode_id=0 q_rad=[0.193360,0.952794,-1.508743,-0.051801,0.960591,-1.735684,-0.018651,1.041028,-1.724827,-0.066062,1.051608,-1.715523]
[ros2_control_node-3] [INFO] [1791434699.166363067] [StateRL]: [ABS-POLICY-CMD] event=command_write clock=steady_clock_ns write_ns=16485520645735 write_id=1376 source_session_id=16478219458311 source_policy_cycle_id=343 source_mode=0 action_source=1 transition_reason=0 recovery_episode_id=0 q_rad=[0.176805,0.972658,-1.556326,-0.048355,0.974706,-1.695514,-0.007038,1.032160,-1.723139,-0.059328,1.053809,-1.706345]
[ros2_control_node-3] [INFO] [1791434699.170141588] [StateRL]: [ABS-POLICY-CMD] event=command_write clock=steady_clock_ns write_ns=16485524420892 write_id=1377 source_session_id=16478219458311 source_policy_cycle_id=343 source_mode=0 action_source=1 transition_reason=0 recovery_episode_id=0 q_rad=[0.176805,0.972658,-1.556326,-0.048355,0.974706,-1.695514,-0.007038,1.032160,-1.723139,-0.059328,1.053809,-1.706345]
[ros2_control_node-3] [INFO] [1791434699.170679114] [StateRL]: [ABS-POLICY-CMD] event=command_write clock=steady_clock_ns write_ns=16485524970232 write_id=1378 source_session_id=16478219458311 source_policy_cycle_id=343 source_mode=0 action_source=1 transition_reason=0 recovery_episode_id=0 q_rad=[0.176805,0.972658,-1.556326,-0.048355,0.974706,-1.695514,-0.007038,1.032160,-1.723139,-0.059328,1.053809,-1.706345]
[ros2_control_node-3] [INFO] [1791434699.171166340] [StateRL]: [ABS-POLICY-CMD] event=command_write clock=steady_clock_ns write_ns=16485525464147 write_id=1379 source_session_id=16478219458311 source_policy_cycle_id=343 source_mode=0 action_source=1 transition_reason=0 recovery_episode_id=0 q_rad=[0.176805,0.972658,-1.556326,-0.048355,0.974706,-1.695514,-0.007038,1.032160,-1.723139,-0.059328,1.053809,-1.706345]
[ros2_control_node-3] [INFO] [1791434699.191269273] [StateRL]: [ABS-POLICY-CMD] event=command_write clock=steady_clock_ns write_ns=16485545551423 write_id=1380 source_session_id=16478219458311 source_policy_cycle_id=344 source_mode=0 action_source=1 transition_reason=0 recovery_episode_id=0 q_rad=[0.155700,0.984575,-1.618117,-0.036985,0.986829,-1.650756,0.008421,1.020553,-1.707590,-0.056988,1.054676,-1.699375]
[ros2_control_node-3] [INFO] [1791434699.192806828] [StateRL]: [ABS-POLICY-CMD] event=command_write clock=steady_clock_ns write_ns=16485547101464 write_id=1381 source_session_id=16478219458311 source_policy_cycle_id=344 source_mode=0 action_source=1 transition_reason=0 recovery_episode_id=0 q_rad=[0.155700,0.984575,-1.618117,-0.036985,0.986829,-1.650756,0.008421,1.020553,-1.707590,-0.056988,1.054676,-1.699375]
[ros2_control_node-3] [INFO] [1791434699.193823798] [StateRL]: [ABS-POLICY-CMD] event=command_write clock=steady_clock_ns write_ns=16485548121315 write_id=1382 source_session_id=16478219458311 source_policy_cycle_id=344 source_mode=0 action_source=1 transition_reason=0 recovery_episode_id=0 q_rad=[0.155700,0.984575,-1.618117,-0.036985,0.986829,-1.650756,0.008421,1.020553,-1.707590,-0.056988,1.054676,-1.699375]
[ros2_control_node-3] [INFO] [1791434699.194311755] [StateRL]: [ABS-POLICY-CMD] event=command_write clock=steady_clock_ns write_ns=16485548613067 write_id=1383 source_session_id=16478219458311 source_policy_cycle_id=344 source_mode=0 action_source=1 transition_reason=0 recovery_episode_id=0 q_rad=[0.155700,0.984575,-1.618117,-0.036985,0.986829,-1.650756,0.008421,1.020553,-1.707590,-0.056988,1.054676,-1.699375]
[ros2_control_node-3] [INFO] [1791434699.212188530] [StateRL]: [ABS-POLICY-CMD] event=command_write clock=steady_clock_ns write_ns=16485566471145 write_id=1384 source_session_id=16478219458311 source_policy_cycle_id=345 source_mode=0 action_source=1 transition_reason=0 recovery_episode_id=0 q_rad=[0.128445,0.989929,-1.671794,-0.028098,1.003443,-1.605840,0.021600,1.011399,-1.689084,-0.052639,1.063002,-1.691434]
[ros2_control_node-3] [INFO] [1791434699.214037243] [StateRL]: [ABS-POLICY-CMD] event=command_write clock=steady_clock_ns write_ns=16485568328116 write_id=1385 source_session_id=16478219458311 source_policy_cycle_id=345 source_mode=0 action_source=1 transition_reason=0 recovery_episode_id=0 q_rad=[0.128445,0.989929,-1.671794,-0.028098,1.003443,-1.605840,0.021600,1.011399,-1.689084,-0.052639,1.063002,-1.691434]
[ros2_control_node-3] [INFO] [1791434699.214764620] [StateRL]: [ABS-POLICY-CMD] event=command_write clock=steady_clock_ns write_ns=16485569060719 write_id=1386 source_session_id=16478219458311 source_policy_cycle_id=345 source_mode=0 action_source=1 transition_reason=0 recovery_episode_id=0 q_rad=[0.128445,0.989929,-1.671794,-0.028098,1.003443,-1.605840,0.021600,1.011399,-1.689084,-0.052639,1.063002,-1.691434]
[ros2_control_node-3] [INFO] [1791434699.217218317] [StateRL]: [ABS-POLICY-CMD] event=command_write clock=steady_clock_ns write_ns=16485571487879 write_id=1387 source_session_id=16478219458311 source_policy_cycle_id=345 source_mode=0 action_source=1 transition_reason=0 recovery_episode_id=0 q_rad=[0.128445,0.989929,-1.671794,-0.028098,1.003443,-1.605840,0.021600,1.011399,-1.689084,-0.052639,1.063002,-1.691434]
[ros2_control_node-3] [INFO] [1791434699.231276026] [StateRL]: [ABS-POLICY-CMD] event=command_write clock=steady_clock_ns write_ns=16485585557786 write_id=1388 source_session_id=16478219458311 source_policy_cycle_id=346 source_mode=0 action_source=1 transition_reason=0 recovery_episode_id=0 q_rad=[0.107079,0.989882,-1.699788,-0.024918,1.021079,-1.569086,0.028111,1.005633,-1.674004,-0.047893,1.073458,-1.686707]
[ros2_control_node-3] [INFO] [1791434699.234262544] [StateRL]: [ABS-POLICY-CMD] event=command_write clock=steady_clock_ns write_ns=16485588546910 write_id=1389 source_session_id=16478219458311 source_policy_cycle_id=346 source_mode=0 action_source=1 transition_reason=0 recovery_episode_id=0 q_rad=[0.107079,0.989882,-1.699788,-0.024918,1.021079,-1.569086,0.028111,1.005633,-1.674004,-0.047893,1.073458,-1.686707]
[ros2_control_node-3] [INFO] [1791434699.236335232] [StateRL]: [ABS-POLICY-CMD] event=command_write clock=steady_clock_ns write_ns=16485590629764 write_id=1390 source_session_id=16478219458311 source_policy_cycle_id=346 source_mode=0 action_source=1 transition_reason=0 recovery_episode_id=0 q_rad=[0.107079,0.989882,-1.699788,-0.024918,1.021079,-1.569086,0.028111,1.005633,-1.674004,-0.047893,1.073458,-1.686707]
[ros2_control_node-3] [INFO] [1791434699.238110042] [StateRL]: [ABS-POLICY-CMD] event=command_write clock=steady_clock_ns write_ns=16485592406233 write_id=1391 source_session_id=16478219458311 source_policy_cycle_id=346 source_mode=0 action_source=1 transition_reason=0 recovery_episode_id=0 q_rad=[0.107079,0.989882,-1.699788,-0.024918,1.021079,-1.569086,0.028111,1.005633,-1.674004,-0.047893,1.073458,-1.686707]
[ros2_control_node-3] [INFO] [1791434699.246124607] [StateRL]: [ABS-POLICY-CMD] event=command_write clock=steady_clock_ns write_ns=16485600408977 write_id=1392 source_session_id=16478219458311 source_policy_cycle_id=347 source_mode=0 action_source=1 transition_reason=0 recovery_episode_id=0 q_rad=[0.094569,0.990824,-1.711320,-0.025800,1.034255,-1.553889,0.031449,1.003925,-1.662476,-0.043615,1.078957,-1.685375]
[ros2_control_node-3] [INFO] [1791434699.247651109] [StateRL]: [ABS-POLICY-CMD] event=command_write clock=steady_clock_ns write_ns=16485601942987 write_id=1393 source_session_id=16478219458311 source_policy_cycle_id=347 source_mode=0 action_source=1 transition_reason=0 recovery_episode_id=0 q_rad=[0.094569,0.990824,-1.711320,-0.025800,1.034255,-1.553889,0.031449,1.003925,-1.662476,-0.043615,1.078957,-1.685375]
[ros2_control_node-3] [INFO] [1791434699.250441963] [StateRL]: [ABS-POLICY-CMD] event=command_write clock=steady_clock_ns write_ns=16485604715917 write_id=1394 source_session_id=16478219458311 source_policy_cycle_id=347 source_mode=0 action_source=1 transition_reason=0 recovery_episode_id=0 q_rad=[0.094569,0.990824,-1.711320,-0.025800,1.034255,-1.553889,0.031449,1.003925,-1.662476,-0.043615,1.078957,-1.685375]
[ros2_control_node-3] [INFO] [1791434699.251127197] [StateRL]: [ABS-POLICY-CMD] event=command_write clock=steady_clock_ns write_ns=16485605424772 write_id=1395 source_session_id=16478219458311 source_policy_cycle_id=347 source_mode=0 action_source=1 transition_reason=0 recovery_episode_id=0 q_rad=[0.094569,0.990824,-1.711320,-0.025800,1.034255,-1.553889,0.031449,1.003925,-1.662476,-0.043615,1.078957,-1.685375]
[ros2_control_node-3] [INFO] [1791434699.265313820] [StateRL]: [ABS-POLICY-CMD] event=command_write clock=steady_clock_ns write_ns=16485619587560 write_id=1396 source_session_id=16478219458311 source_policy_cycle_id=348 source_mode=0 action_source=1 transition_reason=0 recovery_episode_id=0 q_rad=[0.088764,0.991542,-1.711277,-0.027999,1.041141,-1.550108,0.033001,1.004661,-1.654640,-0.042290,1.080909,-1.685668]
[ros2_control_node-3] [INFO] [1791434699.268555174] [StateRL]: [ABS-POLICY-CMD] event=command_write clock=steady_clock_ns write_ns=16485622840883 write_id=1397 source_session_id=16478219458311 source_policy_cycle_id=348 source_mode=0 action_source=1 transition_reason=0 recovery_episode_id=0 q_rad=[0.088764,0.991542,-1.711277,-0.027999,1.041141,-1.550108,0.033001,1.004661,-1.654640,-0.042290,1.080909,-1.685668]
[ros2_control_node-3] [INFO] [1791434699.268601727] [StateRL]: [ABS-LIVE-CMD] event=rl_command_write clock=steady_clock_ns timestamp_ns=16485622908821 sequence=1675 controller_state=RL rl_active=1 finite=1 kp_zero=0 kd_zero=0 tau_zero=1 veto_reason= q=[0.0888,0.9915,-1.7113,-0.0280,1.0411,-1.5501,0.0330,1.0047,-1.6546,-0.0423,1.0809,-1.6857] kp=[30.0000,30.0000,30.0000,30.0000,30.0000,30.0000,30.0000,30.0000,30.0000,30.0000,30.0000,30.0000] kd=[0.6500,0.6500,0.6500,0.6500,0.6500,0.6500,0.6500,0.6500,0.6500,0.6500,0.6500,0.6500] tau=[0.0000,0.0000,0.0000,0.0000,0.0000,0.0000,0.0000,0.0000,0.0000,0.0000,0.0000,0.0000]
[ros2_control_node-3] [INFO] [1791434699.270158172] [StateRL]: [ABS-POLICY-CMD] event=command_write clock=steady_clock_ns write_ns=16485624451298 write_id=1398 source_session_id=16478219458311 source_policy_cycle_id=348 source_mode=0 action_source=1 transition_reason=0 recovery_episode_id=0 q_rad=[0.088764,0.991542,-1.711277,-0.027999,1.041141,-1.550108,0.033001,1.004661,-1.654640,-0.042290,1.080909,-1.685668]
[ros2_control_node-3] [INFO] [1791434699.271633370] [StateRL]: [ABS-POLICY-CMD] event=command_write clock=steady_clock_ns write_ns=16485625926814 write_id=1399 source_session_id=16478219458311 source_policy_cycle_id=348 source_mode=0 action_source=1 transition_reason=0 recovery_episode_id=0 q_rad=[0.088764,0.991542,-1.711277,-0.027999,1.041141,-1.550108,0.033001,1.004661,-1.654640,-0.042290,1.080909,-1.685668]
[ros2_control_node-3] [INFO] [1791434699.273435393] [StateRL]: [ABS-LIVE-RAY-CHECK] clock=steady_clock_ns now_ns=16485627721217 checks=50 average_period_ms=19.517108
[ros2_control_node-3] [INFO] [1791434699.284301320] [StateRL]: [ABS-POLICY-CMD] event=command_write clock=steady_clock_ns write_ns=16485638558896 write_id=1400 source_session_id=16478219458311 source_policy_cycle_id=349 source_mode=0 action_source=1 transition_reason=0 recovery_episode_id=0 q_rad=[0.087514,0.993504,-1.703699,-0.032401,1.043421,-1.555788,0.034113,1.007724,-1.648642,-0.041262,1.079891,-1.687329]
[ros2_control_node-3] [INFO] [1791434699.286561497] [StateRL]: [ABS-POLICY-CMD] event=command_write clock=steady_clock_ns write_ns=16485640851641 write_id=1401 source_session_id=16478219458311 source_policy_cycle_id=349 source_mode=0 action_source=1 transition_reason=0 recovery_episode_id=0 q_rad=[0.087514,0.993504,-1.703699,-0.032401,1.043421,-1.555788,0.034113,1.007724,-1.648642,-0.041262,1.079891,-1.687329]
[ros2_control_node-3] [INFO] [1791434699.288539051] [StateRL]: [ABS-POLICY-CMD] event=command_write clock=steady_clock_ns write_ns=16485642831247 write_id=1402 source_session_id=16478219458311 source_policy_cycle_id=349 source_mode=0 action_source=1 transition_reason=0 recovery_episode_id=0 q_rad=[0.087514,0.993504,-1.703699,-0.032401,1.043421,-1.555788,0.034113,1.007724,-1.648642,-0.041262,1.079891,-1.687329]
[ros2_control_node-3] [INFO] [1791434699.290738185] [StateRL]: [ABS-POLICY-CMD] event=command_write clock=steady_clock_ns write_ns=16485644990136 write_id=1403 source_session_id=16478219458311 source_policy_cycle_id=349 source_mode=0 action_source=1 transition_reason=0 recovery_episode_id=0 q_rad=[0.087514,0.993504,-1.703699,-0.032401,1.043421,-1.555788,0.034113,1.007724,-1.648642,-0.041262,1.079891,-1.687329]
[ros2_control_node-3] [INFO] [1791434699.305486041] [StateRL]: [ABS-POLICY-CMD] event=command_write clock=steady_clock_ns write_ns=16485659769133 write_id=1404 source_session_id=16478219458311 source_policy_cycle_id=350 source_mode=0 action_source=1 transition_reason=0 recovery_episode_id=0 q_rad=[0.088243,0.995824,-1.694248,-0.037456,1.042723,-1.568701,0.035321,1.011748,-1.643062,-0.041099,1.076933,-1.690259]
[ros2_control_node-3] [INFO] [1791434699.306722050] [StateRL]: [ABS-POLICY-CMD] event=command_write clock=steady_clock_ns write_ns=16485661019650 write_id=1405 source_session_id=16478219458311 source_policy_cycle_id=350 source_mode=0 action_source=1 transition_reason=0 recovery_episode_id=0 q_rad=[0.088243,0.995824,-1.694248,-0.037456,1.042723,-1.568701,0.035321,1.011748,-1.643062,-0.041099,1.076933,-1.690259]
[ros2_control_node-3] [INFO] [1791434699.307081844] [StateRL]: [ABS-POLICY-CMD] event=command_write clock=steady_clock_ns write_ns=16485661384063 write_id=1406 source_session_id=16478219458311 source_policy_cycle_id=350 source_mode=0 action_source=1 transition_reason=0 recovery_episode_id=0 q_rad=[0.088243,0.995824,-1.694248,-0.037456,1.042723,-1.568701,0.035321,1.011748,-1.643062,-0.041099,1.076933,-1.690259]
[ros2_control_node-3] [INFO] [1791434699.308834601] [StateRL]: [ABS-POLICY-CMD] event=command_write clock=steady_clock_ns write_ns=16485663104544 write_id=1407 source_session_id=16478219458311 source_policy_cycle_id=350 source_mode=0 action_source=1 transition_reason=0 recovery_episode_id=0 q_rad=[0.088243,0.995824,-1.694248,-0.037456,1.042723,-1.568701,0.035321,1.011748,-1.643062,-0.041099,1.076933,-1.690259]
[ros2_control_node-3] [INFO] [1791434699.324115530] [StateRL]: [ABS-POLICY-CMD] event=command_write clock=steady_clock_ns write_ns=16485678400684 write_id=1408 source_session_id=16478219458311 source_policy_cycle_id=351 source_mode=0 action_source=1 transition_reason=0 recovery_episode_id=0 q_rad=[0.091604,0.996312,-1.683704,-0.041420,1.039952,-1.582105,0.035425,1.014627,-1.638574,-0.043019,1.074273,-1.694263]
[ros2_control_node-3] [INFO] [1791434699.326746395] [StateRL]: [ABS-POLICY-CMD] event=command_write clock=steady_clock_ns write_ns=16485680990885 write_id=1409 source_session_id=16478219458311 source_policy_cycle_id=351 source_mode=0 action_source=1 transition_reason=0 recovery_episode_id=0 q_rad=[0.091604,0.996312,-1.683704,-0.041420,1.039952,-1.582105,0.035425,1.014627,-1.638574,-0.043019,1.074273,-1.694263]
[ros2_control_node-3] [INFO] [1791434699.328658716] [StateRL]: [ABS-POLICY-CMD] event=command_write clock=steady_clock_ns write_ns=16485682938203 write_id=1410 source_session_id=16478219458311 source_policy_cycle_id=351 source_mode=0 action_source=1 transition_reason=0 recovery_episode_id=0 q_rad=[0.091604,0.996312,-1.683704,-0.041420,1.039952,-1.582105,0.035425,1.014627,-1.638574,-0.043019,1.074273,-1.694263]
[ros2_control_node-3] [INFO] [1791434699.330714974] [StateRL]: [ABS-POLICY-CMD] event=command_write clock=steady_clock_ns write_ns=16485684996737 write_id=1411 source_session_id=16478219458311 source_policy_cycle_id=351 source_mode=0 action_source=1 transition_reason=0 recovery_episode_id=0 q_rad=[0.091604,0.996312,-1.683704,-0.041420,1.039952,-1.582105,0.035425,1.014627,-1.638574,-0.043019,1.074273,-1.694263]
[ros2_control_node-3] [INFO] [1791434699.348212131] [StateRL]: [ABS-POLICY-CMD] event=command_write clock=steady_clock_ns write_ns=16485702489420 write_id=1412 source_session_id=16478219458311 source_policy_cycle_id=352 source_mode=0 action_source=1 transition_reason=0 recovery_episode_id=0 q_rad=[0.098033,0.994892,-1.673113,-0.043182,1.036208,-1.590698,0.033113,1.015138,-1.636627,-0.046484,1.073214,-1.698557]
[ros2_control_node-3] [INFO] [1791434699.349689373] [StateRL]: [ABS-POLICY-CMD] event=command_write clock=steady_clock_ns write_ns=16485703976992 write_id=1413 source_session_id=16478219458311 source_policy_cycle_id=352 source_mode=0 action_source=1 transition_reason=0 recovery_episode_id=0 q_rad=[0.098033,0.994892,-1.673113,-0.043182,1.036208,-1.590698,0.033113,1.015138,-1.636627,-0.046484,1.073214,-1.698557]
[ros2_control_node-3] [INFO] [1791434699.351602398] [StateRL]: [ABS-POLICY-CMD] event=command_write clock=steady_clock_ns write_ns=16485705896237 write_id=1414 source_session_id=16478219458311 source_policy_cycle_id=352 source_mode=0 action_source=1 transition_reason=0 recovery_episode_id=0 q_rad=[0.098033,0.994892,-1.673113,-0.043182,1.036208,-1.590698,0.033113,1.015138,-1.636627,-0.046484,1.073214,-1.698557]
[ros2_control_node-3] [INFO] [1791434699.353169079] [StateRL]: [ABS-POLICY-CMD] event=command_write clock=steady_clock_ns write_ns=16485707464599 write_id=1415 source_session_id=16478219458311 source_policy_cycle_id=352 source_mode=0 action_source=1 transition_reason=0 recovery_episode_id=0 q_rad=[0.098033,0.994892,-1.673113,-0.043182,1.036208,-1.590698,0.033113,1.015138,-1.636627,-0.046484,1.073214,-1.698557]
[ros2_control_node-3] [INFO] [1791434699.368217907] [StateRL]: [ABS-POLICY-CMD] event=command_write clock=steady_clock_ns write_ns=16485722505660 write_id=1416 source_session_id=16478219458311 source_policy_cycle_id=353 source_mode=0 action_source=1 transition_reason=0 recovery_episode_id=0 q_rad=[0.105025,0.993645,-1.664356,-0.043872,1.032319,-1.595214,0.030099,1.015004,-1.637794,-0.048826,1.072734,-1.701712]
[ros2_control_node-3] [INFO] [1791434699.369280271] [StateRL]: [ABS-POLICY-CMD] event=command_write clock=steady_clock_ns write_ns=16485723576851 write_id=1417 source_session_id=16478219458311 source_policy_cycle_id=353 source_mode=0 action_source=1 transition_reason=0 recovery_episode_id=0 q_rad=[0.105025,0.993645,-1.664356,-0.043872,1.032319,-1.595214,0.030099,1.015004,-1.637794,-0.048826,1.072734,-1.701712]
[ros2_control_node-3] [INFO] [1791434699.369650723] [StateRL]: [ABS-POLICY-CMD] event=command_write clock=steady_clock_ns write_ns=16485723952191 write_id=1418 source_session_id=16478219458311 source_policy_cycle_id=353 source_mode=0 action_source=1 transition_reason=0 recovery_episode_id=0 q_rad=[0.105025,0.993645,-1.664356,-0.043872,1.032319,-1.595214,0.030099,1.015004,-1.637794,-0.048826,1.072734,-1.701712]
[ros2_control_node-3] [INFO] [1791434699.371328125] [StateRL]: [ABS-POLICY-CMD] event=command_write clock=steady_clock_ns write_ns=16485725623125 write_id=1419 source_session_id=16478219458311 source_policy_cycle_id=353 source_mode=0 action_source=1 transition_reason=0 recovery_episode_id=0 q_rad=[0.105025,0.993645,-1.664356,-0.043872,1.032319,-1.595214,0.030099,1.015004,-1.637794,-0.048826,1.072734,-1.701712]
[ros2_control_node-3] [INFO] [1791434699.381139860] [StateRL]: [ABS-POLICY-CMD] event=command_write clock=steady_clock_ns write_ns=16485735423217 write_id=1420 source_session_id=16478219458311 source_policy_cycle_id=354 source_mode=0 action_source=1 transition_reason=0 recovery_episode_id=0 q_rad=[0.110455,0.993164,-1.659133,-0.043397,1.029218,-1.595653,0.027725,1.014565,-1.641409,-0.050004,1.072112,-1.702934]
[ros2_control_node-3] [INFO] [1791434699.383137444] [StateRL]: [ABS-POLICY-CMD] event=command_write clock=steady_clock_ns write_ns=16485737418042 write_id=1421 source_session_id=16478219458311 source_policy_cycle_id=354 source_mode=0 action_source=1 transition_reason=0 recovery_episode_id=0 q_rad=[0.110455,0.993164,-1.659133,-0.043397,1.029218,-1.595653,0.027725,1.014565,-1.641409,-0.050004,1.072112,-1.702934]
[ros2_control_node-3] [INFO] [1791434699.384958385] [StateRL]: [ABS-POLICY-CMD] event=command_write clock=steady_clock_ns write_ns=16485739249144 write_id=1422 source_session_id=16478219458311 source_policy_cycle_id=354 source_mode=0 action_source=1 transition_reason=0 recovery_episode_id=0 q_rad=[0.110455,0.993164,-1.659133,-0.043397,1.029218,-1.595653,0.027725,1.014565,-1.641409,-0.050004,1.072112,-1.702934]
[ros2_control_node-3] [INFO] [1791434699.385018233] [StateRL]: [ABS-LIVE-CMD] event=rl_command_write clock=steady_clock_ns timestamp_ns=16485739325324 sequence=1700 controller_state=RL rl_active=1 finite=1 kp_zero=0 kd_zero=0 tau_zero=1 veto_reason= q=[0.1105,0.9932,-1.6591,-0.0434,1.0292,-1.5957,0.0277,1.0146,-1.6414,-0.0500,1.0721,-1.7029] kp=[30.0000,30.0000,30.0000,30.0000,30.0000,30.0000,30.0000,30.0000,30.0000,30.0000,30.0000,30.0000] kd=[0.6500,0.6500,0.6500,0.6500,0.6500,0.6500,0.6500,0.6500,0.6500,0.6500,0.6500,0.6500] tau=[0.0000,0.0000,0.0000,0.0000,0.0000,0.0000,0.0000,0.0000,0.0000,0.0000,0.0000,0.0000]
[ros2_control_node-3] [INFO] [1791434699.386370530] [StateRL]: [ABS-POLICY-CMD] event=command_write clock=steady_clock_ns write_ns=16485740665944 write_id=1423 source_session_id=16478219458311 source_policy_cycle_id=354 source_mode=0 action_source=1 transition_reason=0 recovery_episode_id=0 q_rad=[0.110455,0.993164,-1.659133,-0.043397,1.029218,-1.595653,0.027725,1.014565,-1.641409,-0.050004,1.072112,-1.702934]
[ros2_control_node-3] [INFO] [1791434699.406272688] [StateRL]: [ABS-POLICY-CMD] event=command_write clock=steady_clock_ns write_ns=16485760555293 write_id=1424 source_session_id=16478219458311 source_policy_cycle_id=355 source_mode=0 action_source=1 transition_reason=0 recovery_episode_id=0 q_rad=[0.113733,0.993462,-1.657844,-0.042330,1.027160,-1.593274,0.026242,1.013965,-1.645639,-0.050000,1.071420,-1.703195]
[ros2_control_node-3] [INFO] [1791434699.407861342] [StateRL]: [ABS-POLICY-CMD] event=command_write clock=steady_clock_ns write_ns=16485762146914 write_id=1425 source_session_id=16478219458311 source_policy_cycle_id=355 source_mode=0 action_source=1 transition_reason=0 recovery_episode_id=0 q_rad=[0.113733,0.993462,-1.657844,-0.042330,1.027160,-1.593274,0.026242,1.013965,-1.645639,-0.050000,1.071420,-1.703195]
[ros2_control_node-3] [INFO] [1791434699.410072981] [StateRL]: [ABS-POLICY-CMD] event=command_write clock=steady_clock_ns write_ns=16485764365056 write_id=1426 source_session_id=16478219458311 source_policy_cycle_id=355 source_mode=0 action_source=1 transition_reason=0 recovery_episode_id=0 q_rad=[0.113733,0.993462,-1.657844,-0.042330,1.027160,-1.593274,0.026242,1.013965,-1.645639,-0.050000,1.071420,-1.703195]
[ros2_control_node-3] [INFO] [1791434699.411461219] [StateRL]: [ABS-POLICY-CMD] event=command_write clock=steady_clock_ns write_ns=16485765757380 write_id=1427 source_session_id=16478219458311 source_policy_cycle_id=355 source_mode=0 action_source=1 transition_reason=0 recovery_episode_id=0 q_rad=[0.113733,0.993462,-1.657844,-0.042330,1.027160,-1.593274,0.026242,1.013965,-1.645639,-0.050000,1.071420,-1.703195]
[ros2_control_node-3] [INFO] [1791434699.424160904] [StateRL]: [ABS-POLICY-CMD] event=command_write clock=steady_clock_ns write_ns=16485778444084 write_id=1428 source_session_id=16478219458311 source_policy_cycle_id=356 source_mode=0 action_source=1 transition_reason=0 recovery_episode_id=0 q_rad=[0.115083,0.993693,-1.660572,-0.040781,1.025693,-1.588488,0.025337,1.012964,-1.649709,-0.049298,1.070933,-1.702917]
[ros2_control_node-3] [INFO] [1791434699.425886801] [StateRL]: [ABS-POLICY-CMD] event=command_write clock=steady_clock_ns write_ns=16485780172856 write_id=1429 source_session_id=16478219458311 source_policy_cycle_id=356 source_mode=0 action_source=1 transition_reason=0 recovery_episode_id=0 q_rad=[0.115083,0.993693,-1.660572,-0.040781,1.025693,-1.588488,0.025337,1.012964,-1.649709,-0.049298,1.070933,-1.702917]
[ros2_control_node-3] [INFO] [1791434699.432143041] [StateRL]: [ABS-POLICY-CMD] event=command_write clock=steady_clock_ns write_ns=16485786428072 write_id=1430 source_session_id=16478219458311 source_policy_cycle_id=356 source_mode=0 action_source=1 transition_reason=0 recovery_episode_id=0 q_rad=[0.115083,0.993693,-1.660572,-0.040781,1.025693,-1.588488,0.025337,1.012964,-1.649709,-0.049298,1.070933,-1.702917]
[ros2_control_node-3] [INFO] [1791434699.433737421] [StateRL]: [ABS-POLICY-CMD] event=command_write clock=steady_clock_ns write_ns=16485788025124 write_id=1431 source_session_id=16478219458311 source_policy_cycle_id=356 source_mode=0 action_source=1 transition_reason=0 recovery_episode_id=0 q_rad=[0.115083,0.993693,-1.660572,-0.040781,1.025693,-1.588488,0.025337,1.012964,-1.649709,-0.049298,1.070933,-1.702917]
[ros2_control_node-3] [INFO] [1791434699.440891452] [StateRL]: [ABS-POLICY-CMD] event=command_write clock=steady_clock_ns write_ns=16485795176680 write_id=1432 source_session_id=16478219458311 source_policy_cycle_id=357 source_mode=0 action_source=1 transition_reason=0 recovery_episode_id=0 q_rad=[0.114977,0.993616,-1.664657,-0.039003,1.025141,-1.582118,0.024739,1.011311,-1.652639,-0.048357,1.070963,-1.703034]
[ros2_control_node-3] [INFO] [1791434699.444560545] [StateRL]: [ABS-POLICY-CMD] event=command_write clock=steady_clock_ns write_ns=16485798846970 write_id=1433 source_session_id=16478219458311 source_policy_cycle_id=357 source_mode=0 action_source=1 transition_reason=0 recovery_episode_id=0 q_rad=[0.114977,0.993616,-1.664657,-0.039003,1.025141,-1.582118,0.024739,1.011311,-1.652639,-0.048357,1.070963,-1.703034]
[ros2_control_node-3] [INFO] [1791434699.445138018] [StateRL]: [ABS-POLICY-CMD] event=command_write clock=steady_clock_ns write_ns=16485799437837 write_id=1434 source_session_id=16478219458311 source_policy_cycle_id=357 source_mode=0 action_source=1 transition_reason=0 recovery_episode_id=0 q_rad=[0.114977,0.993616,-1.664657,-0.039003,1.025141,-1.582118,0.024739,1.011311,-1.652639,-0.048357,1.070963,-1.703034]
[ros2_control_node-3] [INFO] [1791434699.445664549] [StateRL]: [ABS-POLICY-CMD] event=command_write clock=steady_clock_ns write_ns=16485799964970 write_id=1435 source_session_id=16478219458311 source_policy_cycle_id=357 source_mode=0 action_source=1 transition_reason=0 recovery_episode_id=0 q_rad=[0.114977,0.993616,-1.664657,-0.039003,1.025141,-1.582118,0.024739,1.011311,-1.652639,-0.048357,1.070963,-1.703034]
[ros2_control_node-3] [INFO] [1791434699.461024917] [StateRL]: [ABS-POLICY-CMD] event=command_write clock=steady_clock_ns write_ns=16485815308417 write_id=1436 source_session_id=16478219458311 source_policy_cycle_id=358 source_mode=0 action_source=1 transition_reason=0 recovery_episode_id=0 q_rad=[0.114159,0.993368,-1.668951,-0.037175,1.025250,-1.575181,0.024260,1.009279,-1.654644,-0.047448,1.071364,-1.703342]
[ros2_control_node-3] [INFO] [1791434699.462429612] [StateRL]: [ABS-POLICY-CMD] event=command_write clock=steady_clock_ns write_ns=16485816725012 write_id=1437 source_session_id=16478219458311 source_policy_cycle_id=358 source_mode=0 action_source=1 transition_reason=0 recovery_episode_id=0 q_rad=[0.114159,0.993368,-1.668951,-0.037175,1.025250,-1.575181,0.024260,1.009279,-1.654644,-0.047448,1.071364,-1.703342]
[ros2_control_node-3] [INFO] [1791434699.462837302] [StateRL]: [ABS-POLICY-CMD] event=command_write clock=steady_clock_ns write_ns=16485817139106 write_id=1438 source_session_id=16478219458311 source_policy_cycle_id=358 source_mode=0 action_source=1 transition_reason=0 recovery_episode_id=0 q_rad=[0.114159,0.993368,-1.668951,-0.037175,1.025250,-1.575181,0.024260,1.009279,-1.654644,-0.047448,1.071364,-1.703342]
[ros2_control_node-3] [INFO] [1791434699.463173564] [StateRL]: [ABS-POLICY-CMD] event=command_write clock=steady_clock_ns write_ns=16485817475902 write_id=1439 source_session_id=16478219458311 source_policy_cycle_id=358 source_mode=0 action_source=1 transition_reason=0 recovery_episode_id=0 q_rad=[0.114159,0.993368,-1.668951,-0.037175,1.025250,-1.575181,0.024260,1.009279,-1.654644,-0.047448,1.071364,-1.703342]
[ros2_control_node-3] [INFO] [1791434699.479348174] [StateRL]: [ABS-POLICY-CMD] event=command_write clock=steady_clock_ns write_ns=16485833603775 write_id=1440 source_session_id=16478219458311 source_policy_cycle_id=359 source_mode=0 action_source=1 transition_reason=0 recovery_episode_id=0 q_rad=[0.112952,0.993081,-1.673220,-0.035652,1.025753,-1.568817,0.023895,1.007330,-1.655920,-0.046481,1.071944,-1.703833]
[ros2_control_node-3] [INFO] [1791434699.480827803] [StateRL]: [ABS-POLICY-CMD] event=command_write clock=steady_clock_ns write_ns=16485835121140 write_id=1441 source_session_id=16478219458311 source_policy_cycle_id=359 source_mode=0 action_source=1 transition_reason=0 recovery_episode_id=0 q_rad=[0.112952,0.993081,-1.673220,-0.035652,1.025753,-1.568817,0.023895,1.007330,-1.655920,-0.046481,1.071944,-1.703833]
[ros2_control_node-3] [INFO] [1791434699.482314058] [StateRL]: [ABS-POLICY-CMD] event=command_write clock=steady_clock_ns write_ns=16485836582360 write_id=1442 source_session_id=16478219458311 source_policy_cycle_id=359 source_mode=0 action_source=1 transition_reason=0 recovery_episode_id=0 q_rad=[0.112952,0.993081,-1.673220,-0.035652,1.025753,-1.568817,0.023895,1.007330,-1.655920,-0.046481,1.071944,-1.703833]
[ros2_control_node-3] [INFO] [1791434699.483692704] [StateRL]: [ABS-POLICY-CMD] event=command_write clock=steady_clock_ns write_ns=16485837950925 write_id=1443 source_session_id=16478219458311 source_policy_cycle_id=359 source_mode=0 action_source=1 transition_reason=0 recovery_episode_id=0 q_rad=[0.112952,0.993081,-1.673220,-0.035652,1.025753,-1.568817,0.023895,1.007330,-1.655920,-0.046481,1.071944,-1.703833]
[ros2_control_node-3] [INFO] [1791434699.497955809] [StateRL]: [ABS-POLICY-CMD] event=command_write clock=steady_clock_ns write_ns=16485852229996 write_id=1444 source_session_id=16478219458311 source_policy_cycle_id=360 source_mode=0 action_source=1 transition_reason=0 recovery_episode_id=0 q_rad=[0.111392,0.993117,-1.677358,-0.034600,1.026585,-1.564011,0.023834,1.005859,-1.656158,-0.045489,1.072429,-1.704457]
[ros2_control_node-3] [INFO] [1791434699.499534057] [StateRL]: [ABS-POLICY-CMD] event=command_write clock=steady_clock_ns write_ns=16485853824102 write_id=1445 source_session_id=16478219458311 source_policy_cycle_id=360 source_mode=0 action_source=1 transition_reason=0 recovery_episode_id=0 q_rad=[0.111392,0.993117,-1.677358,-0.034600,1.026585,-1.564011,0.023834,1.005859,-1.656158,-0.045489,1.072429,-1.704457]
[ros2_control_node-3] [INFO] [1791434699.501053571] [StateRL]: [ABS-POLICY-CMD] event=command_write clock=steady_clock_ns write_ns=16485855342373 write_id=1446 source_session_id=16478219458311 source_policy_cycle_id=360 source_mode=0 action_source=1 transition_reason=0 recovery_episode_id=0 q_rad=[0.111392,0.993117,-1.677358,-0.034600,1.026585,-1.564011,0.023834,1.005859,-1.656158,-0.045489,1.072429,-1.704457]
[ros2_control_node-3] [INFO] [1791434699.502299427] [StateRL]: [ABS-POLICY-CMD] event=command_write clock=steady_clock_ns write_ns=16485856590746 write_id=1447 source_session_id=16478219458311 source_policy_cycle_id=360 source_mode=0 action_source=1 transition_reason=0 recovery_episode_id=0 q_rad=[0.111392,0.993117,-1.677358,-0.034600,1.026585,-1.564011,0.023834,1.005859,-1.656158,-0.045489,1.072429,-1.704457]
[ros2_control_node-3] [INFO] [1791434699.502334043] [StateRL]: [ABS-LIVE-CMD] event=rl_command_write clock=steady_clock_ns timestamp_ns=16485856641154 sequence=1725 controller_state=RL rl_active=1 finite=1 kp_zero=0 kd_zero=0 tau_zero=1 veto_reason= q=[0.1114,0.9931,-1.6774,-0.0346,1.0266,-1.5640,0.0238,1.0059,-1.6562,-0.0455,1.0724,-1.7045] kp=[30.0000,30.0000,30.0000,30.0000,30.0000,30.0000,30.0000,30.0000,30.0000,30.0000,30.0000,30.0000] kd=[0.6500,0.6500,0.6500,0.6500,0.6500,0.6500,0.6500,0.6500,0.6500,0.6500,0.6500,0.6500] tau=[0.0000,0.0000,0.0000,0.0000,0.0000,0.0000,0.0000,0.0000,0.0000,0.0000,0.0000,0.0000]
[ros2_control_node-3] [INFO] [1791434699.517350260] [StateRL]: [ABS-POLICY-CMD] event=command_write clock=steady_clock_ns write_ns=16485871633432 write_id=1448 source_session_id=16478219458311 source_policy_cycle_id=361 source_mode=0 action_source=1 transition_reason=0 recovery_episode_id=0 q_rad=[0.109939,0.993103,-1.680520,-0.033802,1.027337,-1.560089,0.023878,1.004590,-1.655911,-0.044822,1.072710,-1.705021]
[ros2_control_node-3] [INFO] [1791434699.518670699] [StateRL]: [ABS-POLICY-CMD] event=command_write clock=steady_clock_ns write_ns=16485872965027 write_id=1449 source_session_id=16478219458311 source_policy_cycle_id=361 source_mode=0 action_source=1 transition_reason=0 recovery_episode_id=0 q_rad=[0.109939,0.993103,-1.680520,-0.033802,1.027337,-1.560089,0.023878,1.004590,-1.655911,-0.044822,1.072710,-1.705021]
[ros2_control_node-3] [INFO] [1791434699.520088306] [StateRL]: [ABS-POLICY-CMD] event=command_write clock=steady_clock_ns write_ns=16485874382711 write_id=1450 source_session_id=16478219458311 source_policy_cycle_id=361 source_mode=0 action_source=1 transition_reason=0 recovery_episode_id=0 q_rad=[0.109939,0.993103,-1.680520,-0.033802,1.027337,-1.560089,0.023878,1.004590,-1.655911,-0.044822,1.072710,-1.705021]
[ros2_control_node-3] [INFO] [1791434699.521207858] [StateRL]: [ABS-POLICY-CMD] event=command_write clock=steady_clock_ns write_ns=16485875505507 write_id=1451 source_session_id=16478219458311 source_policy_cycle_id=361 source_mode=0 action_source=1 transition_reason=0 recovery_episode_id=0 q_rad=[0.109939,0.993103,-1.680520,-0.033802,1.027337,-1.560089,0.023878,1.004590,-1.655911,-0.044822,1.072710,-1.705021]
[ros2_control_node-3] [INFO] [1791434699.532501140] [StateRL]: [ABS-POLICY-CMD] event=command_write clock=steady_clock_ns write_ns=16485886783717 write_id=1452 source_session_id=16478219458311 source_policy_cycle_id=362 source_mode=0 action_source=1 transition_reason=0 recovery_episode_id=0 q_rad=[0.108674,0.993246,-1.682845,-0.033434,1.028124,-1.557482,0.023942,1.003670,-1.655441,-0.044185,1.072843,-1.705660]
[ros2_control_node-3] [INFO] [1791434699.534004317] [StateRL]: [ABS-POLICY-CMD] event=command_write clock=steady_clock_ns write_ns=16485888297517 write_id=1453 source_session_id=16478219458311 source_policy_cycle_id=362 source_mode=0 action_source=1 transition_reason=0 recovery_episode_id=0 q_rad=[0.108674,0.993246,-1.682845,-0.033434,1.028124,-1.557482,0.023942,1.003670,-1.655441,-0.044185,1.072843,-1.705660]
[ros2_control_node-3] [INFO] [1791434699.534391205] [StateRL]: [ABS-POLICY-CMD] event=command_write clock=steady_clock_ns write_ns=16485888691690 write_id=1454 source_session_id=16478219458311 source_policy_cycle_id=362 source_mode=0 action_source=1 transition_reason=0 recovery_episode_id=0 q_rad=[0.108674,0.993246,-1.682845,-0.033434,1.028124,-1.557482,0.023942,1.003670,-1.655441,-0.044185,1.072843,-1.705660]
[ros2_control_node-3] [INFO] [1791434699.537147808] [StateRL]: [ABS-POLICY-CMD] event=command_write clock=steady_clock_ns write_ns=16485891424204 write_id=1455 source_session_id=16478219458311 source_policy_cycle_id=362 source_mode=0 action_source=1 transition_reason=0 recovery_episode_id=0 q_rad=[0.108674,0.993246,-1.682845,-0.033434,1.028124,-1.557482,0.023942,1.003670,-1.655441,-0.044185,1.072843,-1.705660]
[ros2_control_node-3] [INFO] [1791434699.549503686] [StateRL]: [ABS-POLICY-CMD] event=command_write clock=steady_clock_ns write_ns=16485903777745 write_id=1456 source_session_id=16478219458311 source_policy_cycle_id=363 source_mode=0 action_source=1 transition_reason=0 recovery_episode_id=0 q_rad=[0.107818,0.993324,-1.684072,-0.033253,1.028669,-1.555398,0.023961,1.002928,-1.655057,-0.043812,1.072809,-1.706295]
[ros2_control_node-3] [INFO] [1791434699.550960894] [StateRL]: [ABS-POLICY-CMD] event=command_write clock=steady_clock_ns write_ns=16485905250778 write_id=1457 source_session_id=16478219458311 source_policy_cycle_id=363 source_mode=0 action_source=1 transition_reason=0 recovery_episode_id=0 q_rad=[0.107818,0.993324,-1.684072,-0.033253,1.028669,-1.555398,0.023961,1.002928,-1.655057,-0.043812,1.072809,-1.706295]
[ros2_control_node-3] [INFO] [1791434699.552420173] [StateRL]: [ABS-POLICY-CMD] event=command_write clock=steady_clock_ns write_ns=16485906715408 write_id=1458 source_session_id=16478219458311 source_policy_cycle_id=363 source_mode=0 action_source=1 transition_reason=0 recovery_episode_id=0 q_rad=[0.107818,0.993324,-1.684072,-0.033253,1.028669,-1.555398,0.023961,1.002928,-1.655057,-0.043812,1.072809,-1.706295]
[ros2_control_node-3] [INFO] [1791434699.553666975] [StateRL]: [ABS-POLICY-CMD] event=command_write clock=steady_clock_ns write_ns=16485907964172 write_id=1459 source_session_id=16478219458311 source_policy_cycle_id=363 source_mode=0 action_source=1 transition_reason=0 recovery_episode_id=0 q_rad=[0.107818,0.993324,-1.684072,-0.033253,1.028669,-1.555398,0.023961,1.002928,-1.655057,-0.043812,1.072809,-1.706295]
[ros2_control_node-3] [INFO] [1791434699.564379821] [StateRL]: [ABS-POLICY-CMD] event=command_write clock=steady_clock_ns write_ns=16485918664138 write_id=1460 source_session_id=16478219458311 source_policy_cycle_id=364 source_mode=0 action_source=1 transition_reason=0 recovery_episode_id=0 q_rad=[0.107200,0.993628,-1.684755,-0.033359,1.029181,-1.554255,0.023972,1.002454,-1.654724,-0.043398,1.072642,-1.707000]
[ros2_control_node-3] [INFO] [1791434699.565795751] [StateRL]: [ABS-POLICY-CMD] event=command_write clock=steady_clock_ns write_ns=16485920086434 write_id=1461 source_session_id=16478219458311 source_policy_cycle_id=364 source_mode=0 action_source=1 transition_reason=0 recovery_episode_id=0 q_rad=[0.107200,0.993628,-1.684755,-0.033359,1.029181,-1.554255,0.023972,1.002454,-1.654724,-0.043398,1.072642,-1.707000]
[ros2_control_node-3] [INFO] [1791434699.567262609] [StateRL]: [ABS-POLICY-CMD] event=command_write clock=steady_clock_ns write_ns=16485921552958 write_id=1462 source_session_id=16478219458311 source_policy_cycle_id=364 source_mode=0 action_source=1 transition_reason=0 recovery_episode_id=0 q_rad=[0.107200,0.993628,-1.684755,-0.033359,1.029181,-1.554255,0.023972,1.002454,-1.654724,-0.043398,1.072642,-1.707000]
[ros2_control_node-3] [INFO] [1791434699.569503038] [StateRL]: [ABS-POLICY-CMD] event=command_write clock=steady_clock_ns write_ns=16485923783984 write_id=1463 source_session_id=16478219458311 source_policy_cycle_id=364 source_mode=0 action_source=1 transition_reason=0 recovery_episode_id=0 q_rad=[0.107200,0.993628,-1.684755,-0.033359,1.029181,-1.554255,0.023972,1.002454,-1.654724,-0.043398,1.072642,-1.707000]
[ros2_control_node-3] [INFO] [1791434699.590774777] [StateRL]: [ABS-POLICY-CMD] event=command_write clock=steady_clock_ns write_ns=16485944470073 write_id=1464 source_session_id=16478219458311 source_policy_cycle_id=365 source_mode=0 action_source=1 transition_reason=0 recovery_episode_id=0 q_rad=[0.106895,0.993920,-1.684796,-0.033516,1.029476,-1.553339,0.023956,1.002091,-1.654503,-0.043174,1.072343,-1.707688]
[ros2_control_node-3] [INFO] [1791434699.592843266] [StateRL]: [ABS-POLICY-CMD] event=command_write clock=steady_clock_ns write_ns=16485947128029 write_id=1465 source_session_id=16478219458311 source_policy_cycle_id=365 source_mode=0 action_source=1 transition_reason=0 recovery_episode_id=0 q_rad=[0.106895,0.993920,-1.684796,-0.033516,1.029476,-1.553339,0.023956,1.002091,-1.654503,-0.043174,1.072343,-1.707688]
[ros2_control_node-3] [INFO] [1791434699.593957725] [StateRL]: [ABS-POLICY-CMD] event=command_write clock=steady_clock_ns write_ns=16485948251753 write_id=1466 source_session_id=16478219458311 source_policy_cycle_id=365 source_mode=0 action_source=1 transition_reason=0 recovery_episode_id=0 q_rad=[0.106895,0.993920,-1.684796,-0.033516,1.029476,-1.553339,0.023956,1.002091,-1.654503,-0.043174,1.072343,-1.707688]
[ros2_control_node-3] [INFO] [1791434699.595420609] [StateRL]: [ABS-POLICY-CMD] event=command_write clock=steady_clock_ns write_ns=16485949716092 write_id=1467 source_session_id=16478219458311 source_policy_cycle_id=365 source_mode=0 action_source=1 transition_reason=0 recovery_episode_id=0 q_rad=[0.106895,0.993920,-1.684796,-0.033516,1.029476,-1.553339,0.023956,1.002091,-1.654503,-0.043174,1.072343,-1.707688]
[ros2_control_node-3] [INFO] [1791434699.607112430] [StateRL]: [ABS-POLICY-CMD] event=command_write clock=steady_clock_ns write_ns=16485961312904 write_id=1468 source_session_id=16478219458311 source_policy_cycle_id=366 source_mode=0 action_source=1 transition_reason=0 recovery_episode_id=0 q_rad=[0.106843,0.994355,-1.684455,-0.033790,1.029658,-1.552872,0.023894,1.001868,-1.654333,-0.042926,1.071952,-1.708455]
[ros2_control_node-3] [INFO] [1791434699.609064097] [StateRL]: [ABS-POLICY-CMD] event=command_write clock=steady_clock_ns write_ns=16485963347463 write_id=1469 source_session_id=16478219458311 source_policy_cycle_id=366 source_mode=0 action_source=1 transition_reason=0 recovery_episode_id=0 q_rad=[0.106843,0.994355,-1.684455,-0.033790,1.029658,-1.552872,0.023894,1.001868,-1.654333,-0.042926,1.071952,-1.708455]
[ros2_control_node-3] [INFO] [1791434699.610838272] [StateRL]: [ABS-POLICY-CMD] event=command_write clock=steady_clock_ns write_ns=16485965131717 write_id=1470 source_session_id=16478219458311 source_policy_cycle_id=366 source_mode=0 action_source=1 transition_reason=0 recovery_episode_id=0 q_rad=[0.106843,0.994355,-1.684455,-0.033790,1.029658,-1.552872,0.023894,1.001868,-1.654333,-0.042926,1.071952,-1.708455]
[ros2_control_node-3] [INFO] [1791434699.612015253] [StateRL]: [ABS-POLICY-CMD] event=command_write clock=steady_clock_ns write_ns=16485966309178 write_id=1471 source_session_id=16478219458311 source_policy_cycle_id=366 source_mode=0 action_source=1 transition_reason=0 recovery_episode_id=0 q_rad=[0.106843,0.994355,-1.684455,-0.033790,1.029658,-1.552872,0.023894,1.001868,-1.654333,-0.042926,1.071952,-1.708455]
[ros2_control_node-3] [INFO] [1791434699.623244120] [StateRL]: [ABS-POLICY-CMD] event=command_write clock=steady_clock_ns write_ns=16485977528100 write_id=1472 source_session_id=16478219458311 source_policy_cycle_id=367 source_mode=0 action_source=1 transition_reason=0 recovery_episode_id=0 q_rad=[0.106934,0.994773,-1.683878,-0.034033,1.029761,-1.552414,0.023807,1.001662,-1.654375,-0.042778,1.071523,-1.709153]
[ros2_control_node-3] [INFO] [1791434699.623291399] [StateRL]: [ABS-LIVE-CMD] event=rl_command_write clock=steady_clock_ns timestamp_ns=16485977598485 sequence=1750 controller_state=RL rl_active=1 finite=1 kp_zero=0 kd_zero=0 tau_zero=1 veto_reason= q=[0.1069,0.9948,-1.6839,-0.0340,1.0298,-1.5524,0.0238,1.0017,-1.6544,-0.0428,1.0715,-1.7092] kp=[30.0000,30.0000,30.0000,30.0000,30.0000,30.0000,30.0000,30.0000,30.0000,30.0000,30.0000,30.0000] kd=[0.6500,0.6500,0.6500,0.6500,0.6500,0.6500,0.6500,0.6500,0.6500,0.6500,0.6500,0.6500] tau=[0.0000,0.0000,0.0000,0.0000,0.0000,0.0000,0.0000,0.0000,0.0000,0.0000,0.0000,0.0000]
[ros2_control_node-3] [INFO] [1791434699.625802530] [StateRL]: [ABS-POLICY-CMD] event=command_write clock=steady_clock_ns write_ns=16485980090426 write_id=1473 source_session_id=16478219458311 source_policy_cycle_id=367 source_mode=0 action_source=1 transition_reason=0 recovery_episode_id=0 q_rad=[0.106934,0.994773,-1.683878,-0.034033,1.029761,-1.552414,0.023807,1.001662,-1.654375,-0.042778,1.071523,-1.709153]
[ros2_control_node-3] [INFO] [1791434699.626799450] [StateRL]: [ABS-POLICY-CMD] event=command_write clock=steady_clock_ns write_ns=16485981096005 write_id=1474 source_session_id=16478219458311 source_policy_cycle_id=367 source_mode=0 action_source=1 transition_reason=0 recovery_episode_id=0 q_rad=[0.106934,0.994773,-1.683878,-0.034033,1.029761,-1.552414,0.023807,1.001662,-1.654375,-0.042778,1.071523,-1.709153]
[ros2_control_node-3] [INFO] [1791434699.627968934] [StateRL]: [ABS-POLICY-CMD] event=command_write clock=steady_clock_ns write_ns=16485982265252 write_id=1475 source_session_id=16478219458311 source_policy_cycle_id=367 source_mode=0 action_source=1 transition_reason=0 recovery_episode_id=0 q_rad=[0.106934,0.994773,-1.683878,-0.034033,1.029761,-1.552414,0.023807,1.001662,-1.654375,-0.042778,1.071523,-1.709153]
[ros2_control_node-3] [INFO] [1791434699.644762718] [StateRL]: [ABS-POLICY-CMD] event=command_write clock=steady_clock_ns write_ns=16485999026906 write_id=1476 source_session_id=16478219458311 source_policy_cycle_id=368 source_mode=0 action_source=1 transition_reason=0 recovery_episode_id=0 q_rad=[0.107100,0.995257,-1.683338,-0.034256,1.029841,-1.551964,0.023688,1.001475,-1.654522,-0.042611,1.071089,-1.709839]
[ros2_control_node-3] [INFO] [1791434699.646612788] [StateRL]: [ABS-POLICY-CMD] event=command_write clock=steady_clock_ns write_ns=16486000907357 write_id=1477 source_session_id=16478219458311 source_policy_cycle_id=368 source_mode=0 action_source=1 transition_reason=0 recovery_episode_id=0 q_rad=[0.107100,0.995257,-1.683338,-0.034256,1.029841,-1.551964,0.023688,1.001475,-1.654522,-0.042611,1.071089,-1.709839]
[ros2_control_node-3] [INFO] [1791434699.648156127] [StateRL]: [ABS-POLICY-CMD] event=command_write clock=steady_clock_ns write_ns=16486002452618 write_id=1478 source_session_id=16478219458311 source_policy_cycle_id=368 source_mode=0 action_source=1 transition_reason=0 recovery_episode_id=0 q_rad=[0.107100,0.995257,-1.683338,-0.034256,1.029841,-1.551964,0.023688,1.001475,-1.654522,-0.042611,1.071089,-1.709839]
[ros2_control_node-3] [INFO] [1791434699.649774831] [StateRL]: [ABS-POLICY-CMD] event=command_write clock=steady_clock_ns write_ns=16486003793974 write_id=1479 source_session_id=16478219458311 source_policy_cycle_id=368 source_mode=0 action_source=1 transition_reason=0 recovery_episode_id=0 q_rad=[0.107100,0.995257,-1.683338,-0.034256,1.029841,-1.551964,0.023688,1.001475,-1.654522,-0.042611,1.071089,-1.709839]
[ros2_control_node-3] [INFO] [1791434699.659516494] [StateRL]: [ABS-POLICY-CMD] event=command_write clock=steady_clock_ns write_ns=16486013793262 write_id=1480 source_session_id=16478219458311 source_policy_cycle_id=369 source_mode=0 action_source=1 transition_reason=0 recovery_episode_id=0 q_rad=[0.107106,0.996026,-1.683002,-0.034710,1.029991,-1.552332,0.023706,1.001552,-1.654260,-0.042244,1.070545,-1.710669]
[ros2_control_node-3] [INFO] [1791434699.661330119] [StateRL]: [ABS-POLICY-CMD] event=command_write clock=steady_clock_ns write_ns=16486015613783 write_id=1481 source_session_id=16478219458311 source_policy_cycle_id=369 source_mode=0 action_source=1 transition_reason=0 recovery_episode_id=0 q_rad=[0.107106,0.996026,-1.683002,-0.034710,1.029991,-1.552332,0.023706,1.001552,-1.654260,-0.042244,1.070545,-1.710669]
[ros2_control_node-3] [INFO] [1791434699.663737647] [StateRL]: [ABS-POLICY-CMD] event=command_write clock=steady_clock_ns write_ns=16486018029031 write_id=1482 source_session_id=16478219458311 source_policy_cycle_id=369 source_mode=0 action_source=1 transition_reason=0 recovery_episode_id=0 q_rad=[0.107106,0.996026,-1.683002,-0.034710,1.029991,-1.552332,0.023706,1.001552,-1.654260,-0.042244,1.070545,-1.710669]
[ros2_control_node-3] [INFO] [1791434699.666581121] [StateRL]: [ABS-POLICY-CMD] event=command_write clock=steady_clock_ns write_ns=16486020852267 write_id=1483 source_session_id=16478219458311 source_policy_cycle_id=369 source_mode=0 action_source=1 transition_reason=0 recovery_episode_id=0 q_rad=[0.107106,0.996026,-1.683002,-0.034710,1.029991,-1.552332,0.023706,1.001552,-1.654260,-0.042244,1.070545,-1.710669]
[ros2_control_node-3] [INFO] [1791434699.681281149] [StateRL]: [ABS-POLICY-CMD] event=command_write clock=steady_clock_ns write_ns=16486035550130 write_id=1484 source_session_id=16478219458311 source_policy_cycle_id=370 source_mode=0 action_source=1 transition_reason=0 recovery_episode_id=0 q_rad=[0.107339,0.996354,-1.682074,-0.034929,1.029921,-1.551830,0.023636,1.001403,-1.654370,-0.042268,1.070031,-1.711278]
[ros2_control_node-3] [INFO] [1791434699.683477737] [StateRL]: [ABS-POLICY-CMD] event=command_write clock=steady_clock_ns write_ns=16486037743038 write_id=1485 source_session_id=16478219458311 source_policy_cycle_id=370 source_mode=0 action_source=1 transition_reason=0 recovery_episode_id=0 q_rad=[0.107339,0.996354,-1.682074,-0.034929,1.029921,-1.551830,0.023636,1.001403,-1.654370,-0.042268,1.070031,-1.711278]
[ros2_control_node-3] [INFO] [1791434699.685616908] [StateRL]: [ABS-POLICY-CMD] event=command_write clock=steady_clock_ns write_ns=16486039905936 write_id=1486 source_session_id=16478219458311 source_policy_cycle_id=370 source_mode=0 action_source=1 transition_reason=0 recovery_episode_id=0 q_rad=[0.107339,0.996354,-1.682074,-0.034929,1.029921,-1.551830,0.023636,1.001403,-1.654370,-0.042268,1.070031,-1.711278]
[ros2_control_node-3] [INFO] [1791434699.686921931] [StateRL]: [ABS-POLICY-CMD] event=command_write clock=steady_clock_ns write_ns=16486041218278 write_id=1487 source_session_id=16478219458311 source_policy_cycle_id=370 source_mode=0 action_source=1 transition_reason=0 recovery_episode_id=0 q_rad=[0.107339,0.996354,-1.682074,-0.034929,1.029921,-1.551830,0.023636,1.001403,-1.654370,-0.042268,1.070031,-1.711278]
[ros2_control_node-3] [INFO] [1791434699.688387825] [StateRL]: [ABS-POLICY-CMD] event=command_write clock=steady_clock_ns write_ns=16486042677428 write_id=1488 source_session_id=16478219458311 source_policy_cycle_id=371 source_mode=0 action_source=1 transition_reason=0 recovery_episode_id=0 q_rad=[0.107486,0.997037,-1.681586,-0.035325,1.030068,-1.551976,0.023552,1.001378,-1.654414,-0.041958,1.069550,-1.712026]
[ros2_control_node-3] [INFO] [1791434699.688862739] [StateRL]: [ABS-POLICY-CMD] event=command_write clock=steady_clock_ns write_ns=16486043163703 write_id=1489 source_session_id=16478219458311 source_policy_cycle_id=371 source_mode=0 action_source=1 transition_reason=0 recovery_episode_id=0 q_rad=[0.107486,0.997037,-1.681586,-0.035325,1.030068,-1.551976,0.023552,1.001378,-1.654414,-0.041958,1.069550,-1.712026]
[ros2_control_node-3] [INFO] [1791434699.689205637] [StateRL]: [ABS-POLICY-CMD] event=command_write clock=steady_clock_ns write_ns=16486043507900 write_id=1490 source_session_id=16478219458311 source_policy_cycle_id=371 source_mode=0 action_source=1 transition_reason=0 recovery_episode_id=0 q_rad=[0.107486,0.997037,-1.681586,-0.035325,1.030068,-1.551976,0.023552,1.001378,-1.654414,-0.041958,1.069550,-1.712026]
[ros2_control_node-3] [INFO] [1791434699.689535879] [StateRL]: [ABS-POLICY-CMD] event=command_write clock=steady_clock_ns write_ns=16486043838723 write_id=1491 source_session_id=16478219458311 source_policy_cycle_id=371 source_mode=0 action_source=1 transition_reason=0 recovery_episode_id=0 q_rad=[0.107486,0.997037,-1.681586,-0.035325,1.030068,-1.551976,0.023552,1.001378,-1.654414,-0.041958,1.069550,-1.712026]
[ros2_control_node-3] [INFO] [1791434699.698267056] [StateRL]: [ABS-POLICY-CMD] event=command_write clock=steady_clock_ns write_ns=16486052552592 write_id=1492 source_session_id=16478219458311 source_policy_cycle_id=372 source_mode=0 action_source=1 transition_reason=0 recovery_episode_id=0 q_rad=[0.107576,0.997481,-1.680956,-0.035563,1.030145,-1.551552,0.023521,1.001236,-1.654612,-0.041879,1.069057,-1.712595]
[ros2_control_node-3] [INFO] [1791434699.698937839] [StateRL]: [ABS-POLICY-CMD] event=command_write clock=steady_clock_ns write_ns=16486053231139 write_id=1493 source_session_id=16478219458311 source_policy_cycle_id=372 source_mode=0 action_source=1 transition_reason=0 recovery_episode_id=0 q_rad=[0.107576,0.997481,-1.680956,-0.035563,1.030145,-1.551552,0.023521,1.001236,-1.654612,-0.041879,1.069057,-1.712595]
[ros2_control_node-3] [INFO] [1791434699.699378544] [StateRL]: [ABS-POLICY-CMD] event=command_write clock=steady_clock_ns write_ns=16486053678321 write_id=1494 source_session_id=16478219458311 source_policy_cycle_id=372 source_mode=0 action_source=1 transition_reason=0 recovery_episode_id=0 q_rad=[0.107576,0.997481,-1.680956,-0.035563,1.030145,-1.551552,0.023521,1.001236,-1.654612,-0.041879,1.069057,-1.712595]
[ros2_control_node-3] [INFO] [1791434699.700435296] [StateRL]: [ABS-POLICY-CMD] event=command_write clock=steady_clock_ns write_ns=16486054721273 write_id=1495 source_session_id=16478219458311 source_policy_cycle_id=372 source_mode=0 action_source=1 transition_reason=0 recovery_episode_id=0 q_rad=[0.107576,0.997481,-1.680956,-0.035563,1.030145,-1.551552,0.023521,1.001236,-1.654612,-0.041879,1.069057,-1.712595]
[ros2_control_node-3] [INFO] [1791434699.715097093] [StateRL]: [ABS-POLICY-CMD] event=command_write clock=steady_clock_ns write_ns=16486069378211 write_id=1496 source_session_id=16478219458311 source_policy_cycle_id=373 source_mode=0 action_source=1 transition_reason=0 recovery_episode_id=0 q_rad=[0.107725,0.997924,-1.680493,-0.035679,1.030273,-1.550784,0.023382,1.000932,-1.655003,-0.041766,1.068645,-1.713136]
[ros2_control_node-3] [INFO] [1791434699.716417192] [StateRL]: [ABS-POLICY-CMD] event=command_write clock=steady_clock_ns write_ns=16486070704273 write_id=1497 source_session_id=16478219458311 source_policy_cycle_id=373 source_mode=0 action_source=1 transition_reason=0 recovery_episode_id=0 q_rad=[0.107725,0.997924,-1.680493,-0.035679,1.030273,-1.550784,0.023382,1.000932,-1.655003,-0.041766,1.068645,-1.713136]
[ros2_control_node-3] [INFO] [1791434699.716461581] [StateRL]: [ABS-LIVE-CMD] event=rl_command_write clock=steady_clock_ns timestamp_ns=16486070768655 sequence=1775 controller_state=RL rl_active=1 finite=1 kp_zero=0 kd_zero=0 tau_zero=1 veto_reason= q=[0.1077,0.9979,-1.6805,-0.0357,1.0303,-1.5508,0.0234,1.0009,-1.6550,-0.0418,1.0686,-1.7131] kp=[30.0000,30.0000,30.0000,30.0000,30.0000,30.0000,30.0000,30.0000,30.0000,30.0000,30.0000,30.0000] kd=[0.6500,0.6500,0.6500,0.6500,0.6500,0.6500,0.6500,0.6500,0.6500,0.6500,0.6500,0.6500] tau=[0.0000,0.0000,0.0000,0.0000,0.0000,0.0000,0.0000,0.0000,0.0000,0.0000,0.0000,0.0000]
[ros2_control_node-3] [INFO] [1791434699.717809352] [StateRL]: [ABS-POLICY-CMD] event=command_write clock=steady_clock_ns write_ns=16486072102762 write_id=1498 source_session_id=16478219458311 source_policy_cycle_id=373 source_mode=0 action_source=1 transition_reason=0 recovery_episode_id=0 q_rad=[0.107725,0.997924,-1.680493,-0.035679,1.030273,-1.550784,0.023382,1.000932,-1.655003,-0.041766,1.068645,-1.713136]
[ros2_control_node-3] [INFO] [1791434699.718244632] [StateRL]: [ABS-POLICY-CMD] event=command_write clock=steady_clock_ns write_ns=16486072540554 write_id=1499 source_session_id=16478219458311 source_policy_cycle_id=373 source_mode=0 action_source=1 transition_reason=0 recovery_episode_id=0 q_rad=[0.107725,0.997924,-1.680493,-0.035679,1.030273,-1.550784,0.023382,1.000932,-1.655003,-0.041766,1.068645,-1.713136]
[ros2_control_node-3] [INFO] [1791434699.732664129] [StateRL]: [ABS-POLICY-CMD] event=command_write clock=steady_clock_ns write_ns=16486086940624 write_id=1500 source_session_id=16478219458311 source_policy_cycle_id=374 source_mode=0 action_source=1 transition_reason=0 recovery_episode_id=0 q_rad=[0.107940,0.998350,-1.680290,-0.035616,1.030320,-1.549585,0.023153,1.000562,-1.655442,-0.041640,1.068303,-1.713715]
[ros2_control_node-3] [INFO] [1791434699.734098333] [StateRL]: [ABS-POLICY-CMD] event=command_write clock=steady_clock_ns write_ns=16486088379931 write_id=1501 source_session_id=16478219458311 source_policy_cycle_id=374 source_mode=0 action_source=1 transition_reason=0 recovery_episode_id=0 q_rad=[0.107940,0.998350,-1.680290,-0.035616,1.030320,-1.549585,0.023153,1.000562,-1.655442,-0.041640,1.068303,-1.713715]
[ros2_control_node-3] [INFO] [1791434699.734526294] [StateRL]: [ABS-POLICY-CMD] event=command_write clock=steady_clock_ns write_ns=16486088824331 write_id=1502 source_session_id=16478219458311 source_policy_cycle_id=374 source_mode=0 action_source=1 transition_reason=0 recovery_episode_id=0 q_rad=[0.107940,0.998350,-1.680290,-0.035616,1.030320,-1.549585,0.023153,1.000562,-1.655442,-0.041640,1.068303,-1.713715]
[ros2_control_node-3] [INFO] [1791434699.734899610] [StateRL]: [ABS-POLICY-CMD] event=command_write clock=steady_clock_ns write_ns=16486089197936 write_id=1503 source_session_id=16478219458311 source_policy_cycle_id=374 source_mode=0 action_source=1 transition_reason=0 recovery_episode_id=0 q_rad=[0.107940,0.998350,-1.680290,-0.035616,1.030320,-1.549585,0.023153,1.000562,-1.655442,-0.041640,1.068303,-1.713715]
[ros2_control_node-3] [INFO] [1791434699.754627288] [StateRL]: [ABS-POLICY-CMD] event=command_write clock=steady_clock_ns write_ns=16486108909449 write_id=1504 source_session_id=16478219458311 source_policy_cycle_id=375 source_mode=0 action_source=1 transition_reason=0 recovery_episode_id=0 q_rad=[0.107743,0.999160,-1.680553,-0.035885,1.030599,-1.549473,0.023150,1.000495,-1.655305,-0.041139,1.067874,-1.714479]
[ros2_control_node-3] [INFO] [1791434699.756092774] [StateRL]: [ABS-POLICY-CMD] event=command_write clock=steady_clock_ns write_ns=16486110386149 write_id=1505 source_session_id=16478219458311 source_policy_cycle_id=375 source_mode=0 action_source=1 transition_reason=0 recovery_episode_id=0 q_rad=[0.107743,0.999160,-1.680553,-0.035885,1.030599,-1.549473,0.023150,1.000495,-1.655305,-0.041139,1.067874,-1.714479]
[ros2_control_node-3] [INFO] [1791434699.758081402] [StateRL]: [ABS-POLICY-CMD] event=command_write clock=steady_clock_ns write_ns=16486112367128 write_id=1506 source_session_id=16478219458311 source_policy_cycle_id=375 source_mode=0 action_source=1 transition_reason=0 recovery_episode_id=0 q_rad=[0.107743,0.999160,-1.680553,-0.035885,1.030599,-1.549473,0.023150,1.000495,-1.655305,-0.041139,1.067874,-1.714479]
[ros2_control_node-3] [INFO] [1791434699.759805386] [StateRL]: [ABS-POLICY-CMD] event=command_write clock=steady_clock_ns write_ns=16486114097238 write_id=1507 source_session_id=16478219458311 source_policy_cycle_id=375 source_mode=0 action_source=1 transition_reason=0 recovery_episode_id=0 q_rad=[0.107743,0.999160,-1.680553,-0.035885,1.030599,-1.549473,0.023150,1.000495,-1.655305,-0.041139,1.067874,-1.714479]
[ros2_control_node-3] [INFO] [1791434699.773372132] [StateRL]: [ABS-POLICY-CMD] event=command_write clock=steady_clock_ns write_ns=16486127646867 write_id=1508 source_session_id=16478219458311 source_policy_cycle_id=376 source_mode=0 action_source=1 transition_reason=0 recovery_episode_id=0 q_rad=[0.107675,0.999751,-1.680155,-0.036208,1.030626,-1.549434,0.023219,1.000495,-1.654862,-0.040911,1.067303,-1.715263]
[ros2_control_node-3] [INFO] [1791434699.775872044] [StateRL]: [ABS-POLICY-CMD] event=command_write clock=steady_clock_ns write_ns=16486130161499 write_id=1509 source_session_id=16478219458311 source_policy_cycle_id=376 source_mode=0 action_source=1 transition_reason=0 recovery_episode_id=0 q_rad=[0.107675,0.999751,-1.680155,-0.036208,1.030626,-1.549434,0.023219,1.000495,-1.654862,-0.040911,1.067303,-1.715263]
[ros2_control_node-3] [INFO] [1791434699.778127977] [StateRL]: [ABS-POLICY-CMD] event=command_write clock=steady_clock_ns write_ns=16486132249034 write_id=1510 source_session_id=16478219458311 source_policy_cycle_id=376 source_mode=0 action_source=1 transition_reason=0 recovery_episode_id=0 q_rad=[0.107675,0.999751,-1.680155,-0.036208,1.030626,-1.549434,0.023219,1.000495,-1.654862,-0.040911,1.067303,-1.715263]
[ros2_control_node-3] [INFO] [1791434699.779346892] [StateRL]: [ABS-POLICY-CMD] event=command_write clock=steady_clock_ns write_ns=16486133643822 write_id=1511 source_session_id=16478219458311 source_policy_cycle_id=376 source_mode=0 action_source=1 transition_reason=0 recovery_episode_id=0 q_rad=[0.107675,0.999751,-1.680155,-0.036208,1.030626,-1.549434,0.023219,1.000495,-1.654862,-0.040911,1.067303,-1.715263]
[ros2_control_node-3] [INFO] [1791434699.794328624] [StateRL]: [ABS-POLICY-CMD] event=command_write clock=steady_clock_ns write_ns=16486148615641 write_id=1512 source_session_id=16478219458311 source_policy_cycle_id=377 source_mode=0 action_source=1 transition_reason=0 recovery_episode_id=0 q_rad=[0.107745,1.000313,-1.679378,-0.036694,1.030703,-1.549773,0.023226,1.000531,-1.654592,-0.040678,1.066751,-1.716048]
[ros2_control_node-3] [INFO] [1791434699.796951180] [StateRL]: [ABS-POLICY-CMD] event=command_write clock=steady_clock_ns write_ns=16486151239218 write_id=1513 source_session_id=16478219458311 source_policy_cycle_id=377 source_mode=0 action_source=1 transition_reason=0 recovery_episode_id=0 q_rad=[0.107745,1.000313,-1.679378,-0.036694,1.030703,-1.549773,0.023226,1.000531,-1.654592,-0.040678,1.066751,-1.716048]
[ros2_control_node-3] [INFO] [1791434699.799373795] [StateRL]: [ABS-POLICY-CMD] event=command_write clock=steady_clock_ns write_ns=16486153660078 write_id=1514 source_session_id=16478219458311 source_policy_cycle_id=377 source_mode=0 action_source=1 transition_reason=0 recovery_episode_id=0 q_rad=[0.107745,1.000313,-1.679378,-0.036694,1.030703,-1.549773,0.023226,1.000531,-1.654592,-0.040678,1.066751,-1.716048]
[ros2_control_node-3] [INFO] [1791434699.800564809] [StateRL]: [ABS-POLICY-CMD] event=command_write clock=steady_clock_ns write_ns=16486154852109 write_id=1515 source_session_id=16478219458311 source_policy_cycle_id=377 source_mode=0 action_source=1 transition_reason=0 recovery_episode_id=0 q_rad=[0.107745,1.000313,-1.679378,-0.036694,1.030703,-1.549773,0.023226,1.000531,-1.654592,-0.040678,1.066751,-1.716048]
[ros2_control_node-3] [INFO] [1791434699.814324198] [StateRL]: [ABS-POLICY-CMD] event=command_write clock=steady_clock_ns write_ns=16486168614741 write_id=1516 source_session_id=16478219458311 source_policy_cycle_id=378 source_mode=0 action_source=1 transition_reason=0 recovery_episode_id=0 q_rad=[0.108092,1.000718,-1.678309,-0.037026,1.030628,-1.549612,0.023121,1.000469,-1.654682,-0.040648,1.066228,-1.716733]
[ros2_control_node-3] [INFO] [1791434699.818496572] [StateRL]: [ABS-POLICY-CMD] event=command_write clock=steady_clock_ns write_ns=16486172787498 write_id=1517 source_session_id=16478219458311 source_policy_cycle_id=378 source_mode=0 action_source=1 transition_reason=0 recovery_episode_id=0 q_rad=[0.108092,1.000718,-1.678309,-0.037026,1.030628,-1.549612,0.023121,1.000469,-1.654682,-0.040648,1.066228,-1.716733]
[ros2_control_node-3] [INFO] [1791434699.819496062] [StateRL]: [ABS-POLICY-CMD] event=command_write clock=steady_clock_ns write_ns=16486173789005 write_id=1518 source_session_id=16478219458311 source_policy_cycle_id=378 source_mode=0 action_source=1 transition_reason=0 recovery_episode_id=0 q_rad=[0.108092,1.000718,-1.678309,-0.037026,1.030628,-1.549612,0.023121,1.000469,-1.654682,-0.040648,1.066228,-1.716733]
[ros2_control_node-3] [INFO] [1791434699.820554037] [StateRL]: [ABS-POLICY-CMD] event=command_write clock=steady_clock_ns write_ns=16486174848808 write_id=1519 source_session_id=16478219458311 source_policy_cycle_id=378 source_mode=0 action_source=1 transition_reason=0 recovery_episode_id=0 q_rad=[0.108092,1.000718,-1.678309,-0.037026,1.030628,-1.549612,0.023121,1.000469,-1.654682,-0.040648,1.066228,-1.716733]
[ros2_control_node-3] [INFO] [1791434699.833083996] [StateRL]: [ABS-POLICY-CMD] event=command_write clock=steady_clock_ns write_ns=16486187369953 write_id=1520 source_session_id=16478219458311 source_policy_cycle_id=379 source_mode=0 action_source=1 transition_reason=0 recovery_episode_id=0 q_rad=[0.108440,1.001297,-1.677548,-0.037333,1.030616,-1.549528,0.022973,1.000405,-1.654866,-0.040469,1.065736,-1.717447]
[ros2_control_node-3] [INFO] [1791434699.834967704] [StateRL]: [ABS-POLICY-CMD] event=command_write clock=steady_clock_ns write_ns=16486189252833 write_id=1521 source_session_id=16478219458311 source_policy_cycle_id=379 source_mode=0 action_source=1 transition_reason=0 recovery_episode_id=0 q_rad=[0.108440,1.001297,-1.677548,-0.037333,1.030616,-1.549528,0.022973,1.000405,-1.654866,-0.040469,1.065736,-1.717447]
[ros2_control_node-3] [INFO] [1791434699.835651802] [StateRL]: [ABS-POLICY-CMD] event=command_write clock=steady_clock_ns write_ns=16486189944514 write_id=1522 source_session_id=16478219458311 source_policy_cycle_id=379 source_mode=0 action_source=1 transition_reason=0 recovery_episode_id=0 q_rad=[0.108440,1.001297,-1.677548,-0.037333,1.030616,-1.549528,0.022973,1.000405,-1.654866,-0.040469,1.065736,-1.717447]
[ros2_control_node-3] [INFO] [1791434699.835689935] [StateRL]: [ABS-LIVE-CMD] event=rl_command_write clock=steady_clock_ns timestamp_ns=16486189997022 sequence=1800 controller_state=RL rl_active=1 finite=1 kp_zero=0 kd_zero=0 tau_zero=1 veto_reason= q=[0.1084,1.0013,-1.6775,-0.0373,1.0306,-1.5495,0.0230,1.0004,-1.6549,-0.0405,1.0657,-1.7174] kp=[30.0000,30.0000,30.0000,30.0000,30.0000,30.0000,30.0000,30.0000,30.0000,30.0000,30.0000,30.0000] kd=[0.6500,0.6500,0.6500,0.6500,0.6500,0.6500,0.6500,0.6500,0.6500,0.6500,0.6500,0.6500] tau=[0.0000,0.0000,0.0000,0.0000,0.0000,0.0000,0.0000,0.0000,0.0000,0.0000,0.0000,0.0000]
[ros2_control_node-3] [INFO] [1791434699.837155036] [StateRL]: [ABS-POLICY-CMD] event=command_write clock=steady_clock_ns write_ns=16486191445433 write_id=1523 source_session_id=16478219458311 source_policy_cycle_id=379 source_mode=0 action_source=1 transition_reason=0 recovery_episode_id=0 q_rad=[0.108440,1.001297,-1.677548,-0.037333,1.030616,-1.549528,0.022973,1.000405,-1.654866,-0.040469,1.065736,-1.717447]
[ros2_control_node-3] [INFO] [1791434699.852351881] [StateRL]: [ABS-POLICY-CMD] event=command_write clock=steady_clock_ns write_ns=16486206612463 write_id=1524 source_session_id=16478219458311 source_policy_cycle_id=380 source_mode=0 action_source=1 transition_reason=0 recovery_episode_id=0 q_rad=[0.108636,1.001921,-1.676969,-0.037638,1.030630,-1.549478,0.022912,1.000377,-1.654942,-0.040254,1.065207,-1.718149]
[ros2_control_node-3] [INFO] [1791434699.854049885] [StateRL]: [ABS-POLICY-CMD] event=command_write clock=steady_clock_ns write_ns=16486208328292 write_id=1525 source_session_id=16478219458311 source_policy_cycle_id=380 source_mode=0 action_source=1 transition_reason=0 recovery_episode_id=0 q_rad=[0.108636,1.001921,-1.676969,-0.037638,1.030630,-1.549478,0.022912,1.000377,-1.654942,-0.040254,1.065207,-1.718149]
[ros2_control_node-3] [INFO] [1791434699.854842073] [StateRL]: [ABS-POLICY-CMD] event=command_write clock=steady_clock_ns write_ns=16486209136687 write_id=1526 source_session_id=16478219458311 source_policy_cycle_id=380 source_mode=0 action_source=1 transition_reason=0 recovery_episode_id=0 q_rad=[0.108636,1.001921,-1.676969,-0.037638,1.030630,-1.549478,0.022912,1.000377,-1.654942,-0.040254,1.065207,-1.718149]
[ros2_control_node-3] [INFO] [1791434699.855276649] [StateRL]: [ABS-POLICY-CMD] event=command_write clock=steady_clock_ns write_ns=16486209572951 write_id=1527 source_session_id=16478219458311 source_policy_cycle_id=380 source_mode=0 action_source=1 transition_reason=0 recovery_episode_id=0 q_rad=[0.108636,1.001921,-1.676969,-0.037638,1.030630,-1.549478,0.022912,1.000377,-1.654942,-0.040254,1.065207,-1.718149]
[ros2_control_node-3] [INFO] [1791434699.875268942] [StateRL]: [ABS-POLICY-CMD] event=command_write clock=steady_clock_ns write_ns=16486229554960 write_id=1528 source_session_id=16478219458311 source_policy_cycle_id=381 source_mode=0 action_source=1 transition_reason=0 recovery_episode_id=0 q_rad=[0.108792,1.002489,-1.676403,-0.037932,1.030648,-1.549326,0.022859,1.000332,-1.655001,-0.040058,1.064693,-1.718824]
[ros2_control_node-3] [INFO] [1791434699.876189003] [StateRL]: [ABS-POLICY-CMD] event=command_write clock=steady_clock_ns write_ns=16486230481850 write_id=1529 source_session_id=16478219458311 source_policy_cycle_id=381 source_mode=0 action_source=1 transition_reason=0 recovery_episode_id=0 q_rad=[0.108792,1.002489,-1.676403,-0.037932,1.030648,-1.549326,0.022859,1.000332,-1.655001,-0.040058,1.064693,-1.718824]
[ros2_control_node-3] [INFO] [1791434699.878334902] [StateRL]: [ABS-POLICY-CMD] event=command_write clock=steady_clock_ns write_ns=16486232630459 write_id=1530 source_session_id=16478219458311 source_policy_cycle_id=381 source_mode=0 action_source=1 transition_reason=0 recovery_episode_id=0 q_rad=[0.108792,1.002489,-1.676403,-0.037932,1.030648,-1.549326,0.022859,1.000332,-1.655001,-0.040058,1.064693,-1.718824]
[ros2_control_node-3] [INFO] [1791434699.880030660] [StateRL]: [ABS-POLICY-CMD] event=command_write clock=steady_clock_ns write_ns=16486234310230 write_id=1531 source_session_id=16478219458311 source_policy_cycle_id=381 source_mode=0 action_source=1 transition_reason=0 recovery_episode_id=0 q_rad=[0.108792,1.002489,-1.676403,-0.037932,1.030648,-1.549326,0.022859,1.000332,-1.655001,-0.040058,1.064693,-1.718824]
[ros2_control_node-3] [INFO] [1791434699.895274606] [StateRL]: [ABS-POLICY-CMD] event=command_write clock=steady_clock_ns write_ns=16486249560903 write_id=1532 source_session_id=16478219458311 source_policy_cycle_id=382 source_mode=0 action_source=1 transition_reason=0 recovery_episode_id=0 q_rad=[0.109078,1.002962,-1.675778,-0.038084,1.030592,-1.548773,0.022715,1.000171,-1.655200,-0.039947,1.064223,-1.719467]
[ros2_control_node-3] [INFO] [1791434699.897546637] [StateRL]: [ABS-POLICY-CMD] event=command_write clock=steady_clock_ns write_ns=16486251837094 write_id=1533 source_session_id=16478219458311 source_policy_cycle_id=382 source_mode=0 action_source=1 transition_reason=0 recovery_episode_id=0 q_rad=[0.109078,1.002962,-1.675778,-0.038084,1.030592,-1.548773,0.022715,1.000171,-1.655200,-0.039947,1.064223,-1.719467]
[ros2_control_node-3] [INFO] [1791434699.898054892] [StateRL]: [ABS-POLICY-CMD] event=command_write clock=steady_clock_ns write_ns=16486252352060 write_id=1534 source_session_id=16478219458311 source_policy_cycle_id=382 source_mode=0 action_source=1 transition_reason=0 recovery_episode_id=0 q_rad=[0.109078,1.002962,-1.675778,-0.038084,1.030592,-1.548773,0.022715,1.000171,-1.655200,-0.039947,1.064223,-1.719467]
[ros2_control_node-3] [INFO] [1791434699.898407486] [StateRL]: [ABS-POLICY-CMD] event=command_write clock=steady_clock_ns write_ns=16486252708920 write_id=1535 source_session_id=16478219458311 source_policy_cycle_id=382 source_mode=0 action_source=1 transition_reason=0 recovery_episode_id=0 q_rad=[0.109078,1.002962,-1.675778,-0.038084,1.030592,-1.548773,0.022715,1.000171,-1.655200,-0.039947,1.064223,-1.719467]
[ros2_control_node-3] [INFO] [1791434699.914406239] [StateRL]: [ABS-POLICY-CMD] event=command_write clock=steady_clock_ns write_ns=16486268687962 write_id=1536 source_session_id=16478219458311 source_policy_cycle_id=383 source_mode=0 action_source=1 transition_reason=0 recovery_episode_id=0 q_rad=[0.109149,1.003608,-1.675470,-0.038350,1.030710,-1.548616,0.022643,1.000077,-1.655286,-0.039639,1.063758,-1.720160]
[ros2_control_node-3] [INFO] [1791434699.914989275] [StateRL]: [ABS-POLICY-CMD] event=command_write clock=steady_clock_ns write_ns=16486269285508 write_id=1537 source_session_id=16478219458311 source_policy_cycle_id=383 source_mode=0 action_source=1 transition_reason=0 recovery_episode_id=0 q_rad=[0.109149,1.003608,-1.675470,-0.038350,1.030710,-1.548616,0.022643,1.000077,-1.655286,-0.039639,1.063758,-1.720160]
[ros2_control_node-3] [INFO] [1791434699.915426930] [StateRL]: [ABS-POLICY-CMD] event=command_write clock=steady_clock_ns write_ns=16486269723396 write_id=1538 source_session_id=16478219458311 source_policy_cycle_id=383 source_mode=0 action_source=1 transition_reason=0 recovery_episode_id=0 q_rad=[0.109149,1.003608,-1.675470,-0.038350,1.030710,-1.548616,0.022643,1.000077,-1.655286,-0.039639,1.063758,-1.720160]
[ros2_control_node-3] [INFO] [1791434699.915873638] [StateRL]: [ABS-POLICY-CMD] event=command_write clock=steady_clock_ns write_ns=16486270171598 write_id=1539 source_session_id=16478219458311 source_policy_cycle_id=383 source_mode=0 action_source=1 transition_reason=0 recovery_episode_id=0 q_rad=[0.109149,1.003608,-1.675470,-0.038350,1.030710,-1.548616,0.022643,1.000077,-1.655286,-0.039639,1.063758,-1.720160]
[ros2_control_node-3] [INFO] [1791434699.929266016] [StateRL]: [ABS-POLICY-CMD] event=command_write clock=steady_clock_ns write_ns=16486283548824 write_id=1540 source_session_id=16478219458311 source_policy_cycle_id=384 source_mode=0 action_source=1 transition_reason=0 recovery_episode_id=0 q_rad=[0.109385,1.003927,-1.674902,-0.038314,1.030665,-1.547440,0.022477,0.999746,-1.655723,-0.039631,1.063339,-1.720664]
[ros2_control_node-3] [INFO] [1791434699.930828906] [StateRL]: [ABS-POLICY-CMD] event=command_write clock=steady_clock_ns write_ns=16486285116294 write_id=1541 source_session_id=16478219458311 source_policy_cycle_id=384 source_mode=0 action_source=1 transition_reason=0 recovery_episode_id=0 q_rad=[0.109385,1.003927,-1.674902,-0.038314,1.030665,-1.547440,0.022477,0.999746,-1.655723,-0.039631,1.063339,-1.720664]
[ros2_control_node-3] [INFO] [1791434699.931525172] [StateRL]: [ABS-POLICY-CMD] event=command_write clock=steady_clock_ns write_ns=16486285822313 write_id=1542 source_session_id=16478219458311 source_policy_cycle_id=384 source_mode=0 action_source=1 transition_reason=0 recovery_episode_id=0 q_rad=[0.109385,1.003927,-1.674902,-0.038314,1.030665,-1.547440,0.022477,0.999746,-1.655723,-0.039631,1.063339,-1.720664]
[ros2_control_node-3] [INFO] [1791434699.932068219] [StateRL]: [ABS-POLICY-CMD] event=command_write clock=steady_clock_ns write_ns=16486286369100 write_id=1543 source_session_id=16478219458311 source_policy_cycle_id=384 source_mode=0 action_source=1 transition_reason=0 recovery_episode_id=0 q_rad=[0.109385,1.003927,-1.674902,-0.038314,1.030665,-1.547440,0.022477,0.999746,-1.655723,-0.039631,1.063339,-1.720664]
[ros2_control_node-3] [INFO] [1791434699.949489191] [StateRL]: [ABS-POLICY-CMD] event=command_write clock=steady_clock_ns write_ns=16486303765554 write_id=1544 source_session_id=16478219458311 source_policy_cycle_id=385 source_mode=0 action_source=1 transition_reason=0 recovery_episode_id=0 q_rad=[0.109348,1.004631,-1.674968,-0.038509,1.030901,-1.547079,0.022364,0.999576,-1.655860,-0.039210,1.062959,-1.721353]
[ros2_control_node-3] [INFO] [1791434699.951385371] [StateRL]: [ABS-POLICY-CMD] event=command_write clock=steady_clock_ns write_ns=16486305675853 write_id=1545 source_session_id=16478219458311 source_policy_cycle_id=385 source_mode=0 action_source=1 transition_reason=0 recovery_episode_id=0 q_rad=[0.109348,1.004631,-1.674968,-0.038509,1.030901,-1.547079,0.022364,0.999576,-1.655860,-0.039210,1.062959,-1.721353]
[ros2_control_node-3] [INFO] [1791434699.951983001] [StateRL]: [ABS-POLICY-CMD] event=command_write clock=steady_clock_ns write_ns=16486306279894 write_id=1546 source_session_id=16478219458311 source_policy_cycle_id=385 source_mode=0 action_source=1 transition_reason=0 recovery_episode_id=0 q_rad=[0.109348,1.004631,-1.674968,-0.038509,1.030901,-1.547079,0.022364,0.999576,-1.655860,-0.039210,1.062959,-1.721353]
[ros2_control_node-3] [INFO] [1791434699.953550347] [StateRL]: [ABS-POLICY-CMD] event=command_write clock=steady_clock_ns write_ns=16486307846804 write_id=1547 source_session_id=16478219458311 source_policy_cycle_id=385 source_mode=0 action_source=1 transition_reason=0 recovery_episode_id=0 q_rad=[0.109348,1.004631,-1.674968,-0.038509,1.030901,-1.547079,0.022364,0.999576,-1.655860,-0.039210,1.062959,-1.721353]
[ros2_control_node-3] [INFO] [1791434699.953581264] [StateRL]: [ABS-LIVE-CMD] event=rl_command_write clock=steady_clock_ns timestamp_ns=16486307888355 sequence=1825 controller_state=RL rl_active=1 finite=1 kp_zero=0 kd_zero=0 tau_zero=1 veto_reason= q=[0.1093,1.0046,-1.6750,-0.0385,1.0309,-1.5471,0.0224,0.9996,-1.6559,-0.0392,1.0630,-1.7214] kp=[30.0000,30.0000,30.0000,30.0000,30.0000,30.0000,30.0000,30.0000,30.0000,30.0000,30.0000,30.0000] kd=[0.6500,0.6500,0.6500,0.6500,0.6500,0.6500,0.6500,0.6500,0.6500,0.6500,0.6500,0.6500] tau=[0.0000,0.0000,0.0000,0.0000,0.0000,0.0000,0.0000,0.0000,0.0000,0.0000,0.0000,0.0000]
[ros2_control_node-3] [INFO] [1791434699.970584208] [StateRL]: [ABS-POLICY-CMD] event=command_write clock=steady_clock_ns write_ns=16486324866264 write_id=1548 source_session_id=16478219458311 source_policy_cycle_id=386 source_mode=0 action_source=1 transition_reason=0 recovery_episode_id=0 q_rad=[0.109240,1.005239,-1.674804,-0.038744,1.030997,-1.546782,0.022386,0.999503,-1.655662,-0.038936,1.062465,-1.722057]
[ros2_control_node-3] [INFO] [1791434699.971396706] [StateRL]: [ABS-POLICY-CMD] event=command_write clock=steady_clock_ns write_ns=16486325691761 write_id=1549 source_session_id=16478219458311 source_policy_cycle_id=386 source_mode=0 action_source=1 transition_reason=0 recovery_episode_id=0 q_rad=[0.109240,1.005239,-1.674804,-0.038744,1.030997,-1.546782,0.022386,0.999503,-1.655662,-0.038936,1.062465,-1.722057]
[ros2_control_node-3] [INFO] [1791434699.971944631] [StateRL]: [ABS-POLICY-CMD] event=command_write clock=steady_clock_ns write_ns=16486326244693 write_id=1550 source_session_id=16478219458311 source_policy_cycle_id=386 source_mode=0 action_source=1 transition_reason=0 recovery_episode_id=0 q_rad=[0.109240,1.005239,-1.674804,-0.038744,1.030997,-1.546782,0.022386,0.999503,-1.655662,-0.038936,1.062465,-1.722057]
[ros2_control_node-3] [INFO] [1791434699.973409738] [StateRL]: [ABS-POLICY-CMD] event=command_write clock=steady_clock_ns write_ns=16486327704558 write_id=1551 source_session_id=16478219458311 source_policy_cycle_id=386 source_mode=0 action_source=1 transition_reason=0 recovery_episode_id=0 q_rad=[0.109240,1.005239,-1.674804,-0.038744,1.030997,-1.546782,0.022386,0.999503,-1.655662,-0.038936,1.062465,-1.722057]
[ros2_control_node-3] [INFO] [1791434699.988580076] [StateRL]: [ABS-POLICY-CMD] event=command_write clock=steady_clock_ns write_ns=16486342863489 write_id=1552 source_session_id=16478219458311 source_policy_cycle_id=387 source_mode=0 action_source=1 transition_reason=0 recovery_episode_id=0 q_rad=[0.109213,1.005808,-1.674345,-0.039091,1.031103,-1.546743,0.022387,0.999441,-1.655461,-0.038677,1.061960,-1.722781]
[ros2_control_node-3] [INFO] [1791434699.990064323] [StateRL]: [ABS-POLICY-CMD] event=command_write clock=steady_clock_ns write_ns=16486344354249 write_id=1553 source_session_id=16478219458311 source_policy_cycle_id=387 source_mode=0 action_source=1 transition_reason=0 recovery_episode_id=0 q_rad=[0.109213,1.005808,-1.674345,-0.039091,1.031103,-1.546743,0.022387,0.999441,-1.655461,-0.038677,1.061960,-1.722781]
[ros2_control_node-3] [INFO] [1791434699.990884178] [StateRL]: [ABS-POLICY-CMD] event=command_write clock=steady_clock_ns write_ns=16486345172299 write_id=1554 source_session_id=16478219458311 source_policy_cycle_id=387 source_mode=0 action_source=1 transition_reason=0 recovery_episode_id=0 q_rad=[0.109213,1.005808,-1.674345,-0.039091,1.031103,-1.546743,0.022387,0.999441,-1.655461,-0.038677,1.061960,-1.722781]
[ros2_control_node-3] [INFO] [1791434699.991808968] [StateRL]: [ABS-POLICY-CMD] event=command_write clock=steady_clock_ns write_ns=16486346094633 write_id=1555 source_session_id=16478219458311 source_policy_cycle_id=387 source_mode=0 action_source=1 transition_reason=0 recovery_episode_id=0 q_rad=[0.109213,1.005808,-1.674345,-0.039091,1.031103,-1.546743,0.022387,0.999441,-1.655461,-0.038677,1.061960,-1.722781]
[ros2_control_node-3] [INFO] [1791434700.010295523] [StateRL]: [ABS-POLICY-CMD] event=command_write clock=steady_clock_ns write_ns=16486364578319 write_id=1556 source_session_id=16478219458311 source_policy_cycle_id=388 source_mode=0 action_source=1 transition_reason=0 recovery_episode_id=0 q_rad=[0.109506,1.006091,-1.673508,-0.039156,1.031056,-1.545768,0.022218,0.999151,-1.655844,-0.038690,1.061527,-1.723312]
[ros2_control_node-3] [INFO] [1791434700.013028820] [StateRL]: [ABS-POLICY-CMD] event=command_write clock=steady_clock_ns write_ns=16486367277195 write_id=1557 source_session_id=16478219458311 source_policy_cycle_id=388 source_mode=0 action_source=1 transition_reason=0 recovery_episode_id=0 q_rad=[0.109506,1.006091,-1.673508,-0.039156,1.031056,-1.545768,0.022218,0.999151,-1.655844,-0.038690,1.061527,-1.723312]
[ros2_control_node-3] [INFO] [1791434700.014265311] [StateRL]: [ABS-POLICY-CMD] event=command_write clock=steady_clock_ns write_ns=16486368559622 write_id=1558 source_session_id=16478219458311 source_policy_cycle_id=388 source_mode=0 action_source=1 transition_reason=0 recovery_episode_id=0 q_rad=[0.109506,1.006091,-1.673508,-0.039156,1.031056,-1.545768,0.022218,0.999151,-1.655844,-0.038690,1.061527,-1.723312]
[ros2_control_node-3] [INFO] [1791434700.015426627] [StateRL]: [ABS-POLICY-CMD] event=command_write clock=steady_clock_ns write_ns=16486369722224 write_id=1559 source_session_id=16478219458311 source_policy_cycle_id=388 source_mode=0 action_source=1 transition_reason=0 recovery_episode_id=0 q_rad=[0.109506,1.006091,-1.673508,-0.039156,1.031056,-1.545768,0.022218,0.999151,-1.655844,-0.038690,1.061527,-1.723312]
[ros2_control_node-3] [INFO] [1791434700.037364702] [StateRL]: [ABS-POLICY-CMD] event=command_write clock=steady_clock_ns write_ns=16486391642537 write_id=1560 source_session_id=16478219458311 source_policy_cycle_id=389 source_mode=0 action_source=1 transition_reason=0 recovery_episode_id=0 q_rad=[0.109731,1.006596,-1.673321,-0.039171,1.031159,-1.544848,0.021954,0.998854,-1.656338,-0.038454,1.061216,-1.723903]
[ros2_control_node-3] [INFO] [1791434700.038505565] [StateRL]: [ABS-POLICY-CMD] event=command_write clock=steady_clock_ns write_ns=16486392794669 write_id=1561 source_session_id=16478219458311 source_policy_cycle_id=389 source_mode=0 action_source=1 transition_reason=0 recovery_episode_id=0 q_rad=[0.109731,1.006596,-1.673321,-0.039171,1.031159,-1.544848,0.021954,0.998854,-1.656338,-0.038454,1.061216,-1.723903]
[ros2_control_node-3] [INFO] [1791434700.040414270] [StateRL]: [ABS-POLICY-CMD] event=command_write clock=steady_clock_ns write_ns=16486394674752 write_id=1562 source_session_id=16478219458311 source_policy_cycle_id=389 source_mode=0 action_source=1 transition_reason=0 recovery_episode_id=0 q_rad=[0.109731,1.006596,-1.673321,-0.039171,1.031159,-1.544848,0.021954,0.998854,-1.656338,-0.038454,1.061216,-1.723903]
[ros2_control_node-3] [INFO] [1791434700.042506881] [StateRL]: [ABS-POLICY-CMD] event=command_write clock=steady_clock_ns write_ns=16486396795417 write_id=1563 source_session_id=16478219458311 source_policy_cycle_id=389 source_mode=0 action_source=1 transition_reason=0 recovery_episode_id=0 q_rad=[0.109731,1.006596,-1.673321,-0.039171,1.031159,-1.544848,0.021954,0.998854,-1.656338,-0.038454,1.061216,-1.723903]
[ros2_control_node-3] [INFO] [1791434700.052147132] [StateRL]: [ABS-POLICY-CMD] event=command_write clock=steady_clock_ns write_ns=16486406429044 write_id=1564 source_session_id=16478219458311 source_policy_cycle_id=390 source_mode=0 action_source=1 transition_reason=0 recovery_episode_id=0 q_rad=[0.109679,1.007233,-1.673474,-0.039195,1.031287,-1.544095,0.021849,0.998630,-1.656455,-0.038140,1.060831,-1.724532]
[ros2_control_node-3] [INFO] [1791434700.053809204] [StateRL]: [ABS-POLICY-CMD] event=command_write clock=steady_clock_ns write_ns=16486408104246 write_id=1565 source_session_id=16478219458311 source_policy_cycle_id=390 source_mode=0 action_source=1 transition_reason=0 recovery_episode_id=0 q_rad=[0.109679,1.007233,-1.673474,-0.039195,1.031287,-1.544095,0.021849,0.998630,-1.656455,-0.038140,1.060831,-1.724532]
[ros2_control_node-3] [INFO] [1791434700.055189728] [StateRL]: [ABS-POLICY-CMD] event=command_write clock=steady_clock_ns write_ns=16486409484898 write_id=1566 source_session_id=16478219458311 source_policy_cycle_id=390 source_mode=0 action_source=1 transition_reason=0 recovery_episode_id=0 q_rad=[0.109679,1.007233,-1.673474,-0.039195,1.031287,-1.544095,0.021849,0.998630,-1.656455,-0.038140,1.060831,-1.724532]
[ros2_control_node-3] [INFO] [1791434700.056231780] [StateRL]: [ABS-POLICY-CMD] event=command_write clock=steady_clock_ns write_ns=16486410526813 write_id=1567 source_session_id=16478219458311 source_policy_cycle_id=390 source_mode=0 action_source=1 transition_reason=0 recovery_episode_id=0 q_rad=[0.109679,1.007233,-1.673474,-0.039195,1.031287,-1.544095,0.021849,0.998630,-1.656455,-0.038140,1.060831,-1.724532]
[ros2_control_node-3] [INFO] [1791434700.076309568] [StateRL]: [ABS-POLICY-CMD] event=command_write clock=steady_clock_ns write_ns=16486430571751 write_id=1568 source_session_id=16478219458311 source_policy_cycle_id=391 source_mode=0 action_source=1 transition_reason=0 recovery_episode_id=0 q_rad=[0.109574,1.007662,-1.673422,-0.039147,1.031437,-1.542952,0.021751,0.998278,-1.656717,-0.037947,1.060463,-1.725040]
[ros2_control_node-3] [INFO] [1791434700.078133877] [StateRL]: [ABS-POLICY-CMD] event=command_write clock=steady_clock_ns write_ns=16486432425497 write_id=1569 source_session_id=16478219458311 source_policy_cycle_id=391 source_mode=0 action_source=1 transition_reason=0 recovery_episode_id=0 q_rad=[0.109574,1.007662,-1.673422,-0.039147,1.031437,-1.542952,0.021751,0.998278,-1.656717,-0.037947,1.060463,-1.725040]
[ros2_control_node-3] [INFO] [1791434700.079314560] [StateRL]: [ABS-POLICY-CMD] event=command_write clock=steady_clock_ns write_ns=16486433610624 write_id=1570 source_session_id=16478219458311 source_policy_cycle_id=391 source_mode=0 action_source=1 transition_reason=0 recovery_episode_id=0 q_rad=[0.109574,1.007662,-1.673422,-0.039147,1.031437,-1.542952,0.021751,0.998278,-1.656717,-0.037947,1.060463,-1.725040]
[ros2_control_node-3] [INFO] [1791434700.080627642] [StateRL]: [ABS-POLICY-CMD] event=command_write clock=steady_clock_ns write_ns=16486434921768 write_id=1571 source_session_id=16478219458311 source_policy_cycle_id=391 source_mode=0 action_source=1 transition_reason=0 recovery_episode_id=0 q_rad=[0.109574,1.007662,-1.673422,-0.039147,1.031437,-1.542952,0.021751,0.998278,-1.656717,-0.037947,1.060463,-1.725040]
[ros2_control_node-3] [INFO] [1791434700.091916610] [StateRL]: [ABS-POLICY-CMD] event=command_write clock=steady_clock_ns write_ns=16486446193673 write_id=1572 source_session_id=16478219458311 source_policy_cycle_id=392 source_mode=0 action_source=1 transition_reason=0 recovery_episode_id=0 q_rad=[0.109391,1.008280,-1.673583,-0.039258,1.031689,-1.542308,0.021665,0.998046,-1.656726,-0.037581,1.060108,-1.725680]
[ros2_control_node-3] [INFO] [1791434700.091972440] [StateRL]: [ABS-LIVE-CMD] event=rl_command_write clock=steady_clock_ns timestamp_ns=16486446279504 sequence=1850 controller_state=RL rl_active=1 finite=1 kp_zero=0 kd_zero=0 tau_zero=1 veto_reason= q=[0.1094,1.0083,-1.6736,-0.0393,1.0317,-1.5423,0.0217,0.9980,-1.6567,-0.0376,1.0601,-1.7257] kp=[30.0000,30.0000,30.0000,30.0000,30.0000,30.0000,30.0000,30.0000,30.0000,30.0000,30.0000,30.0000] kd=[0.6500,0.6500,0.6500,0.6500,0.6500,0.6500,0.6500,0.6500,0.6500,0.6500,0.6500,0.6500] tau=[0.0000,0.0000,0.0000,0.0000,0.0000,0.0000,0.0000,0.0000,0.0000,0.0000,0.0000,0.0000]
[ros2_control_node-3] [INFO] [1791434700.093413340] [StateRL]: [ABS-POLICY-CMD] event=command_write clock=steady_clock_ns write_ns=16486447705768 write_id=1573 source_session_id=16478219458311 source_policy_cycle_id=392 source_mode=0 action_source=1 transition_reason=0 recovery_episode_id=0 q_rad=[0.109391,1.008280,-1.673583,-0.039258,1.031689,-1.542308,0.021665,0.998046,-1.656726,-0.037581,1.060108,-1.725680]
[ros2_control_node-3] [INFO] [1791434700.095670360] [StateRL]: [ABS-POLICY-CMD] event=command_write clock=steady_clock_ns write_ns=16486449963338 write_id=1574 source_session_id=16478219458311 source_policy_cycle_id=392 source_mode=0 action_source=1 transition_reason=0 recovery_episode_id=0 q_rad=[0.109391,1.008280,-1.673583,-0.039258,1.031689,-1.542308,0.021665,0.998046,-1.656726,-0.037581,1.060108,-1.725680]
[ros2_control_node-3] [INFO] [1791434700.097528276] [StateRL]: [ABS-POLICY-CMD] event=command_write clock=steady_clock_ns write_ns=16486451821219 write_id=1575 source_session_id=16478219458311 source_policy_cycle_id=392 source_mode=0 action_source=1 transition_reason=0 recovery_episode_id=0 q_rad=[0.109391,1.008280,-1.673583,-0.039258,1.031689,-1.542308,0.021665,0.998046,-1.656726,-0.037581,1.060108,-1.725680]
[ros2_control_node-3] [INFO] [1791434700.113281371] [StateRL]: [ABS-POLICY-CMD] event=command_write clock=steady_clock_ns write_ns=16486467564221 write_id=1576 source_session_id=16478219458311 source_policy_cycle_id=393 source_mode=0 action_source=1 transition_reason=0 recovery_episode_id=0 q_rad=[0.109153,1.008857,-1.673526,-0.039451,1.031909,-1.541852,0.021673,0.997882,-1.656572,-0.037285,1.059678,-1.726322]
[ros2_control_node-3] [INFO] [1791434700.115636836] [StateRL]: [ABS-POLICY-CMD] event=command_write clock=steady_clock_ns write_ns=16486469903822 write_id=1577 source_session_id=16478219458311 source_policy_cycle_id=393 source_mode=0 action_source=1 transition_reason=0 recovery_episode_id=0 q_rad=[0.109153,1.008857,-1.673526,-0.039451,1.031909,-1.541852,0.021673,0.997882,-1.656572,-0.037285,1.059678,-1.726322]
[ros2_control_node-3] [INFO] [1791434700.117835128] [StateRL]: [ABS-POLICY-CMD] event=command_write clock=steady_clock_ns write_ns=16486472124169 write_id=1578 source_session_id=16478219458311 source_policy_cycle_id=393 source_mode=0 action_source=1 transition_reason=0 recovery_episode_id=0 q_rad=[0.109153,1.008857,-1.673526,-0.039451,1.031909,-1.541852,0.021673,0.997882,-1.656572,-0.037285,1.059678,-1.726322]
[ros2_control_node-3] [INFO] [1791434700.119848784] [StateRL]: [ABS-POLICY-CMD] event=command_write clock=steady_clock_ns write_ns=16486474144495 write_id=1579 source_session_id=16478219458311 source_policy_cycle_id=393 source_mode=0 action_source=1 transition_reason=0 recovery_episode_id=0 q_rad=[0.109153,1.008857,-1.673526,-0.039451,1.031909,-1.541852,0.021673,0.997882,-1.656572,-0.037285,1.059678,-1.726322]
[ros2_control_node-3] [INFO] [1791434700.134464650] [StateRL]: [ABS-POLICY-CMD] event=command_write clock=steady_clock_ns write_ns=16486488739514 write_id=1580 source_session_id=16478219458311 source_policy_cycle_id=394 source_mode=0 action_source=1 transition_reason=0 recovery_episode_id=0 q_rad=[0.109158,1.009281,-1.673079,-0.039601,1.032006,-1.541156,0.021591,0.997653,-1.656616,-0.037122,1.059249,-1.726932]
[ros2_control_node-3] [INFO] [1791434700.137105184] [StateRL]: [ABS-POLICY-CMD] event=command_write clock=steady_clock_ns write_ns=16486491394274 write_id=1581 source_session_id=16478219458311 source_policy_cycle_id=394 source_mode=0 action_source=1 transition_reason=0 recovery_episode_id=0 q_rad=[0.109158,1.009281,-1.673079,-0.039601,1.032006,-1.541156,0.021591,0.997653,-1.656616,-0.037122,1.059249,-1.726932]
[ros2_control_node-3] [INFO] [1791434700.138246829] [StateRL]: [ABS-POLICY-CMD] event=command_write clock=steady_clock_ns write_ns=16486492544017 write_id=1582 source_session_id=16478219458311 source_policy_cycle_id=394 source_mode=0 action_source=1 transition_reason=0 recovery_episode_id=0 q_rad=[0.109158,1.009281,-1.673079,-0.039601,1.032006,-1.541156,0.021591,0.997653,-1.656616,-0.037122,1.059249,-1.726932]
[ros2_control_node-3] [INFO] [1791434700.139324398] [StateRL]: [ABS-POLICY-CMD] event=command_write clock=steady_clock_ns write_ns=16486493621827 write_id=1583 source_session_id=16478219458311 source_policy_cycle_id=394 source_mode=0 action_source=1 transition_reason=0 recovery_episode_id=0 q_rad=[0.109158,1.009281,-1.673079,-0.039601,1.032006,-1.541156,0.021591,0.997653,-1.656616,-0.037122,1.059249,-1.726932]
[ros2_control_node-3] [INFO] [1791434700.156288546] [StateRL]: [ABS-POLICY-CMD] event=command_write clock=steady_clock_ns write_ns=16486510572551 write_id=1584 source_session_id=16478219458311 source_policy_cycle_id=395 source_mode=0 action_source=1 transition_reason=0 recovery_episode_id=0 q_rad=[0.109206,1.009770,-1.672737,-0.039731,1.032157,-1.540466,0.021453,0.997413,-1.656843,-0.036901,1.058867,-1.727530]
[ros2_control_node-3] [INFO] [1791434700.158534745] [StateRL]: [ABS-POLICY-CMD] event=command_write clock=steady_clock_ns write_ns=16486512824415 write_id=1585 source_session_id=16478219458311 source_policy_cycle_id=395 source_mode=0 action_source=1 transition_reason=0 recovery_episode_id=0 q_rad=[0.109206,1.009770,-1.672737,-0.039731,1.032157,-1.540466,0.021453,0.997413,-1.656843,-0.036901,1.058867,-1.727530]
[ros2_control_node-3] [INFO] [1791434700.159636392] [StateRL]: [ABS-POLICY-CMD] event=command_write clock=steady_clock_ns write_ns=16486513932367 write_id=1586 source_session_id=16478219458311 source_policy_cycle_id=395 source_mode=0 action_source=1 transition_reason=0 recovery_episode_id=0 q_rad=[0.109206,1.009770,-1.672737,-0.039731,1.032157,-1.540466,0.021453,0.997413,-1.656843,-0.036901,1.058867,-1.727530]
[ros2_control_node-3] [INFO] [1791434700.161684065] [StateRL]: [ABS-POLICY-CMD] event=command_write clock=steady_clock_ns write_ns=16486515971909 write_id=1587 source_session_id=16478219458311 source_policy_cycle_id=395 source_mode=0 action_source=1 transition_reason=0 recovery_episode_id=0 q_rad=[0.109206,1.009770,-1.672737,-0.039731,1.032157,-1.540466,0.021453,0.997413,-1.656843,-0.036901,1.058867,-1.727530]
[ros2_control_node-3] [INFO] [1791434700.174567101] [StateRL]: [ABS-POLICY-CMD] event=command_write clock=steady_clock_ns write_ns=16486528849428 write_id=1588 source_session_id=16478219458311 source_policy_cycle_id=396 source_mode=0 action_source=1 transition_reason=0 recovery_episode_id=0 q_rad=[0.109223,1.010298,-1.672533,-0.039806,1.032290,-1.539682,0.021327,0.997175,-1.657053,-0.036673,1.058478,-1.728115]
[ros2_control_node-3] [INFO] [1791434700.176340432] [StateRL]: [ABS-POLICY-CMD] event=command_write clock=steady_clock_ns write_ns=16486530633942 write_id=1589 source_session_id=16478219458311 source_policy_cycle_id=396 source_mode=0 action_source=1 transition_reason=0 recovery_episode_id=0 q_rad=[0.109223,1.010298,-1.672533,-0.039806,1.032290,-1.539682,0.021327,0.997175,-1.657053,-0.036673,1.058478,-1.728115]
[ros2_control_node-3] [INFO] [1791434700.177004176] [StateRL]: [ABS-POLICY-CMD] event=command_write clock=steady_clock_ns write_ns=16486531303356 write_id=1590 source_session_id=16478219458311 source_policy_cycle_id=396 source_mode=0 action_source=1 transition_reason=0 recovery_episode_id=0 q_rad=[0.109223,1.010298,-1.672533,-0.039806,1.032290,-1.539682,0.021327,0.997175,-1.657053,-0.036673,1.058478,-1.728115]
[ros2_control_node-3] [INFO] [1791434700.178104750] [StateRL]: [ABS-POLICY-CMD] event=command_write clock=steady_clock_ns write_ns=16486532402371 write_id=1591 source_session_id=16478219458311 source_policy_cycle_id=396 source_mode=0 action_source=1 transition_reason=0 recovery_episode_id=0 q_rad=[0.109223,1.010298,-1.672533,-0.039806,1.032290,-1.539682,0.021327,0.997175,-1.657053,-0.036673,1.058478,-1.728115]
[ros2_control_node-3] [INFO] [1791434700.194592695] [StateRL]: [ABS-POLICY-CMD] event=command_write clock=steady_clock_ns write_ns=16486548878157 write_id=1592 source_session_id=16478219458311 source_policy_cycle_id=397 source_mode=0 action_source=1 transition_reason=0 recovery_episode_id=0 q_rad=[0.109224,1.010742,-1.672349,-0.039752,1.032440,-1.538521,0.021175,0.996814,-1.657450,-0.036499,1.058112,-1.728608]
[ros2_control_node-3] [INFO] [1791434700.195743164] [StateRL]: [ABS-POLICY-CMD] event=command_write clock=steady_clock_ns write_ns=16486550039628 write_id=1593 source_session_id=16478219458311 source_policy_cycle_id=397 source_mode=0 action_source=1 transition_reason=0 recovery_episode_id=0 q_rad=[0.109224,1.010742,-1.672349,-0.039752,1.032440,-1.538521,0.021175,0.996814,-1.657450,-0.036499,1.058112,-1.728608]
[ros2_control_node-3] [INFO] [1791434700.197018833] [StateRL]: [ABS-POLICY-CMD] event=command_write clock=steady_clock_ns write_ns=16486551316360 write_id=1594 source_session_id=16478219458311 source_policy_cycle_id=397 source_mode=0 action_source=1 transition_reason=0 recovery_episode_id=0 q_rad=[0.109224,1.010742,-1.672349,-0.039752,1.032440,-1.538521,0.021175,0.996814,-1.657450,-0.036499,1.058112,-1.728608]
[ros2_control_node-3] [INFO] [1791434700.197876628] [StateRL]: [ABS-POLICY-CMD] event=command_write clock=steady_clock_ns write_ns=16486552174632 write_id=1595 source_session_id=16478219458311 source_policy_cycle_id=397 source_mode=0 action_source=1 transition_reason=0 recovery_episode_id=0 q_rad=[0.109224,1.010742,-1.672349,-0.039752,1.032440,-1.538521,0.021175,0.996814,-1.657450,-0.036499,1.058112,-1.728608]
[ros2_control_node-3] [INFO] [1791434700.215836038] [StateRL]: [ABS-POLICY-CMD] event=command_write clock=steady_clock_ns write_ns=16486570116928 write_id=1596 source_session_id=16478219458311 source_policy_cycle_id=398 source_mode=0 action_source=1 transition_reason=0 recovery_episode_id=0 q_rad=[0.109098,1.011338,-1.672505,-0.039748,1.032676,-1.537594,0.021033,0.996519,-1.657665,-0.036174,1.057782,-1.729175]
[ros2_control_node-3] [INFO] [1791434700.217747123] [StateRL]: [ABS-POLICY-CMD] event=command_write clock=steady_clock_ns write_ns=16486572039030 write_id=1597 source_session_id=16478219458311 source_policy_cycle_id=398 source_mode=0 action_source=1 transition_reason=0 recovery_episode_id=0 q_rad=[0.109098,1.011338,-1.672505,-0.039748,1.032676,-1.537594,0.021033,0.996519,-1.657665,-0.036174,1.057782,-1.729175]
[ros2_control_node-3] [INFO] [1791434700.217783088] [StateRL]: [ABS-LIVE-CMD] event=rl_command_write clock=steady_clock_ns timestamp_ns=16486572090193 sequence=1875 controller_state=RL rl_active=1 finite=1 kp_zero=0 kd_zero=0 tau_zero=1 veto_reason= q=[0.1091,1.0113,-1.6725,-0.0397,1.0327,-1.5376,0.0210,0.9965,-1.6577,-0.0362,1.0578,-1.7292] kp=[30.0000,30.0000,30.0000,30.0000,30.0000,30.0000,30.0000,30.0000,30.0000,30.0000,30.0000,30.0000] kd=[0.6500,0.6500,0.6500,0.6500,0.6500,0.6500,0.6500,0.6500,0.6500,0.6500,0.6500,0.6500] tau=[0.0000,0.0000,0.0000,0.0000,0.0000,0.0000,0.0000,0.0000,0.0000,0.0000,0.0000,0.0000]
[ros2_control_node-3] [INFO] [1791434700.218559908] [StateRL]: [ABS-POLICY-CMD] event=command_write clock=steady_clock_ns write_ns=16486572843867 write_id=1598 source_session_id=16478219458311 source_policy_cycle_id=398 source_mode=0 action_source=1 transition_reason=0 recovery_episode_id=0 q_rad=[0.109098,1.011338,-1.672505,-0.039748,1.032676,-1.537594,0.021033,0.996519,-1.657665,-0.036174,1.057782,-1.729175]
[ros2_control_node-3] [INFO] [1791434700.220061126] [StateRL]: [ABS-POLICY-CMD] event=command_write clock=steady_clock_ns write_ns=16486574332895 write_id=1599 source_session_id=16478219458311 source_policy_cycle_id=398 source_mode=0 action_source=1 transition_reason=0 recovery_episode_id=0 q_rad=[0.109098,1.011338,-1.672505,-0.039748,1.032676,-1.537594,0.021033,0.996519,-1.657665,-0.036174,1.057782,-1.729175]
[ros2_control_node-3] [INFO] [1791434700.220802951] [StateRL]: [ABS-LIVE-RAY-CHECK] clock=steady_clock_ns now_ns=16486575099663 checks=50 average_period_ms=18.947569
[ros2_control_node-3] [INFO] [1791434700.236672393] [StateRL]: [ABS-POLICY-CMD] event=command_write clock=steady_clock_ns write_ns=16486590947014 write_id=1600 source_session_id=16478219458311 source_policy_cycle_id=399 source_mode=0 action_source=1 transition_reason=0 recovery_episode_id=0 q_rad=[0.108787,1.012012,-1.672694,-0.039878,1.032947,-1.537080,0.021020,0.996344,-1.657519,-0.035802,1.057385,-1.729804]
[ros2_control_node-3] [INFO] [1791434700.238002150] [StateRL]: [ABS-POLICY-CMD] event=command_write clock=steady_clock_ns write_ns=16486592286598 write_id=1601 source_session_id=16478219458311 source_policy_cycle_id=399 source_mode=0 action_source=1 transition_reason=0 recovery_episode_id=0 q_rad=[0.108787,1.012012,-1.672694,-0.039878,1.032947,-1.537080,0.021020,0.996344,-1.657519,-0.035802,1.057385,-1.729804]
[ros2_control_node-3] [INFO] [1791434700.238516454] [StateRL]: [ABS-POLICY-CMD] event=command_write clock=steady_clock_ns write_ns=16486592817183 write_id=1602 source_session_id=16478219458311 source_policy_cycle_id=399 source_mode=0 action_source=1 transition_reason=0 recovery_episode_id=0 q_rad=[0.108787,1.012012,-1.672694,-0.039878,1.032947,-1.537080,0.021020,0.996344,-1.657519,-0.035802,1.057385,-1.729804]
[ros2_control_node-3] [INFO] [1791434700.239217233] [StateRL]: [ABS-POLICY-CMD] event=command_write clock=steady_clock_ns write_ns=16486593516237 write_id=1603 source_session_id=16478219458311 source_policy_cycle_id=399 source_mode=0 action_source=1 transition_reason=0 recovery_episode_id=0 q_rad=[0.108787,1.012012,-1.672694,-0.039878,1.032947,-1.537080,0.021020,0.996344,-1.657519,-0.035802,1.057385,-1.729804]
[ros2_control_node-3] [INFO] [1791434700.253793848] [StateRL]: [ABS-POLICY-CMD] event=command_write clock=steady_clock_ns write_ns=16486608070179 write_id=1604 source_session_id=16478219458311 source_policy_cycle_id=400 source_mode=0 action_source=1 transition_reason=0 recovery_episode_id=0 q_rad=[0.108433,1.012734,-1.672575,-0.040264,1.033217,-1.537243,0.021117,0.996320,-1.657024,-0.035411,1.056882,-1.730543]
[ros2_control_node-3] [INFO] [1791434700.255686664] [StateRL]: [ABS-POLICY-CMD] event=command_write clock=steady_clock_ns write_ns=16486609975331 write_id=1605 source_session_id=16478219458311 source_policy_cycle_id=400 source_mode=0 action_source=1 transition_reason=0 recovery_episode_id=0 q_rad=[0.108433,1.012734,-1.672575,-0.040264,1.033217,-1.537243,0.021117,0.996320,-1.657024,-0.035411,1.056882,-1.730543]
[ros2_control_node-3] [INFO] [1791434700.257386853] [StateRL]: [ABS-POLICY-CMD] event=command_write clock=steady_clock_ns write_ns=16486611677227 write_id=1606 source_session_id=16478219458311 source_policy_cycle_id=400 source_mode=0 action_source=1 transition_reason=0 recovery_episode_id=0 q_rad=[0.108433,1.012734,-1.672575,-0.040264,1.033217,-1.537243,0.021117,0.996320,-1.657024,-0.035411,1.056882,-1.730543]
[ros2_control_node-3] [INFO] [1791434700.259536823] [StateRL]: [ABS-POLICY-CMD] event=command_write clock=steady_clock_ns write_ns=16486613825319 write_id=1607 source_session_id=16478219458311 source_policy_cycle_id=400 source_mode=0 action_source=1 transition_reason=0 recovery_episode_id=0 q_rad=[0.108433,1.012734,-1.672575,-0.040264,1.033217,-1.537243,0.021117,0.996320,-1.657024,-0.035411,1.056882,-1.730543]
[ros2_control_node-3] [INFO] [1791434700.271892119] [StateRL]: [ABS-POLICY-CMD] event=command_write clock=steady_clock_ns write_ns=16486626172411 write_id=1608 source_session_id=16478219458311 source_policy_cycle_id=401 source_mode=0 action_source=1 transition_reason=0 recovery_episode_id=0 q_rad=[0.108555,1.013055,-1.671638,-0.040522,1.033213,-1.536707,0.021072,0.996175,-1.657027,-0.035364,1.056377,-1.731154]
[ros2_control_node-3] [INFO] [1791434700.273814790] [StateRL]: [ABS-POLICY-CMD] event=command_write clock=steady_clock_ns write_ns=16486628073037 write_id=1609 source_session_id=16478219458311 source_policy_cycle_id=401 source_mode=0 action_source=1 transition_reason=0 recovery_episode_id=0 q_rad=[0.108555,1.013055,-1.671638,-0.040522,1.033213,-1.536707,0.021072,0.996175,-1.657027,-0.035364,1.056377,-1.731154]
[ros2_control_node-3] [INFO] [1791434700.275662518] [StateRL]: [ABS-POLICY-CMD] event=command_write clock=steady_clock_ns write_ns=16486629950641 write_id=1610 source_session_id=16478219458311 source_policy_cycle_id=401 source_mode=0 action_source=1 transition_reason=0 recovery_episode_id=0 q_rad=[0.108555,1.013055,-1.671638,-0.040522,1.033213,-1.536707,0.021072,0.996175,-1.657027,-0.035364,1.056377,-1.731154]
[ros2_control_node-3] [INFO] [1791434700.277049622] [StateRL]: [ABS-POLICY-CMD] event=command_write clock=steady_clock_ns write_ns=16486631346234 write_id=1611 source_session_id=16478219458311 source_policy_cycle_id=401 source_mode=0 action_source=1 transition_reason=0 recovery_episode_id=0 q_rad=[0.108555,1.013055,-1.671638,-0.040522,1.033213,-1.536707,0.021072,0.996175,-1.657027,-0.035364,1.056377,-1.731154]
[ros2_control_node-3] [INFO] [1791434700.287215840] [StateRL]: [ABS-POLICY-CMD] event=command_write clock=steady_clock_ns write_ns=16486641501973 write_id=1612 source_session_id=16478219458311 source_policy_cycle_id=402 source_mode=0 action_source=1 transition_reason=0 recovery_episode_id=0 q_rad=[0.108792,1.013493,-1.670980,-0.040676,1.033327,-1.536010,0.020875,0.995932,-1.657493,-0.035201,1.055985,-1.731707]
[ros2_control_node-3] [INFO] [1791434700.289090836] [StateRL]: [ABS-POLICY-CMD] event=command_write clock=steady_clock_ns write_ns=16486643382790 write_id=1613 source_session_id=16478219458311 source_policy_cycle_id=402 source_mode=0 action_source=1 transition_reason=0 recovery_episode_id=0 q_rad=[0.108792,1.013493,-1.670980,-0.040676,1.033327,-1.536010,0.020875,0.995932,-1.657493,-0.035201,1.055985,-1.731707]
[ros2_control_node-3] [INFO] [1791434700.290262982] [StateRL]: [ABS-POLICY-CMD] event=command_write clock=steady_clock_ns write_ns=16486644553121 write_id=1614 source_session_id=16478219458311 source_policy_cycle_id=402 source_mode=0 action_source=1 transition_reason=0 recovery_episode_id=0 q_rad=[0.108792,1.013493,-1.670980,-0.040676,1.033327,-1.536010,0.020875,0.995932,-1.657493,-0.035201,1.055985,-1.731707]
[ros2_control_node-3] [INFO] [1791434700.291170739] [StateRL]: [ABS-POLICY-CMD] event=command_write clock=steady_clock_ns write_ns=16486645464820 write_id=1615 source_session_id=16478219458311 source_policy_cycle_id=402 source_mode=0 action_source=1 transition_reason=0 recovery_episode_id=0 q_rad=[0.108792,1.013493,-1.670980,-0.040676,1.033327,-1.536010,0.020875,0.995932,-1.657493,-0.035201,1.055985,-1.731707]
[ros2_control_node-3] [INFO] [1791434700.293266002] [StateRL]: [ABS-POLICY-CMD] event=command_write clock=steady_clock_ns write_ns=16486647545765 write_id=1616 source_session_id=16478219458311 source_policy_cycle_id=403 source_mode=0 action_source=1 transition_reason=0 recovery_episode_id=0 q_rad=[0.108948,1.013999,-1.670682,-0.040638,1.033421,-1.534924,0.020679,0.995628,-1.658022,-0.035021,1.055597,-1.732212]
[ros2_control_node-3] [INFO] [1791434700.293819302] [StateRL]: [ABS-POLICY-CMD] event=command_write clock=steady_clock_ns write_ns=16486648114493 write_id=1617 source_session_id=16478219458311 source_policy_cycle_id=403 source_mode=0 action_source=1 transition_reason=0 recovery_episode_id=0 q_rad=[0.108948,1.013999,-1.670682,-0.040638,1.033421,-1.534924,0.020679,0.995628,-1.658022,-0.035021,1.055597,-1.732212]
[ros2_control_node-3] [INFO] [1791434700.294322788] [StateRL]: [ABS-POLICY-CMD] event=command_write clock=steady_clock_ns write_ns=16486648614655 write_id=1618 source_session_id=16478219458311 source_policy_cycle_id=403 source_mode=0 action_source=1 transition_reason=0 recovery_episode_id=0 q_rad=[0.108948,1.013999,-1.670682,-0.040638,1.033421,-1.534924,0.020679,0.995628,-1.658022,-0.035021,1.055597,-1.732212]
[ros2_control_node-3] [INFO] [1791434700.294799881] [StateRL]: [ABS-POLICY-CMD] event=command_write clock=steady_clock_ns write_ns=16486649098743 write_id=1619 source_session_id=16478219458311 source_policy_cycle_id=403 source_mode=0 action_source=1 transition_reason=0 recovery_episode_id=0 q_rad=[0.108948,1.013999,-1.670682,-0.040638,1.033421,-1.534924,0.020679,0.995628,-1.658022,-0.035021,1.055597,-1.732212]
[ros2_control_node-3] [INFO] [1791434700.296129909] [StateRL]: [ABS-POLICY-CMD] event=command_write clock=steady_clock_ns write_ns=16486650419577 write_id=1620 source_session_id=16478219458311 source_policy_cycle_id=404 source_mode=0 action_source=1 transition_reason=0 recovery_episode_id=0 q_rad=[0.108789,1.014662,-1.670806,-0.040636,1.033690,-1.534065,0.020572,0.995350,-1.658319,-0.034674,1.055219,-1.732736]
[ros2_control_node-3] [INFO] [1791434700.296643416] [StateRL]: [ABS-POLICY-CMD] event=command_write clock=steady_clock_ns write_ns=16486650942080 write_id=1621 source_session_id=16478219458311 source_policy_cycle_id=404 source_mode=0 action_source=1 transition_reason=0 recovery_episode_id=0 q_rad=[0.108789,1.014662,-1.670806,-0.040636,1.033690,-1.534065,0.020572,0.995350,-1.658319,-0.034674,1.055219,-1.732736]
[ros2_control_node-3] [INFO] [1791434700.296986873] [StateRL]: [ABS-POLICY-CMD] event=command_write clock=steady_clock_ns write_ns=16486651287574 write_id=1622 source_session_id=16478219458311 source_policy_cycle_id=404 source_mode=0 action_source=1 transition_reason=0 recovery_episode_id=0 q_rad=[0.108789,1.014662,-1.670806,-0.040636,1.033690,-1.534065,0.020572,0.995350,-1.658319,-0.034674,1.055219,-1.732736]
[ros2_control_node-3] [INFO] [1791434700.297006641] [StateRL]: [ABS-LIVE-CMD] event=rl_command_write clock=steady_clock_ns timestamp_ns=16486651313537 sequence=1900 controller_state=RL rl_active=1 finite=1 kp_zero=0 kd_zero=0 tau_zero=1 veto_reason= q=[0.1088,1.0147,-1.6708,-0.0406,1.0337,-1.5341,0.0206,0.9953,-1.6583,-0.0347,1.0552,-1.7327] kp=[30.0000,30.0000,30.0000,30.0000,30.0000,30.0000,30.0000,30.0000,30.0000,30.0000,30.0000,30.0000] kd=[0.6500,0.6500,0.6500,0.6500,0.6500,0.6500,0.6500,0.6500,0.6500,0.6500,0.6500,0.6500] tau=[0.0000,0.0000,0.0000,0.0000,0.0000,0.0000,0.0000,0.0000,0.0000,0.0000,0.0000,0.0000]
[ros2_control_node-3] [INFO] [1791434700.297313605] [StateRL]: [ABS-POLICY-CMD] event=command_write clock=steady_clock_ns write_ns=16486651616773 write_id=1623 source_session_id=16478219458311 source_policy_cycle_id=404 source_mode=0 action_source=1 transition_reason=0 recovery_episode_id=0 q_rad=[0.108789,1.014662,-1.670806,-0.040636,1.033690,-1.534065,0.020572,0.995350,-1.658319,-0.034674,1.055219,-1.732736]
[ros2_control_node-3] [INFO] [1791434700.298781263] [StateRL]: [ABS-POLICY-CMD] event=command_write clock=steady_clock_ns write_ns=16486653072218 write_id=1624 source_session_id=16478219458311 source_policy_cycle_id=405 source_mode=0 action_source=1 transition_reason=0 recovery_episode_id=0 q_rad=[0.108569,1.015177,-1.670840,-0.040577,1.033939,-1.532907,0.020491,0.995018,-1.658599,-0.034432,1.054840,-1.733202]
[ros2_control_node-3] [INFO] [1791434700.299243149] [StateRL]: [ABS-POLICY-CMD] event=command_write clock=steady_clock_ns write_ns=16486653543674 write_id=1625 source_session_id=16478219458311 source_policy_cycle_id=405 source_mode=0 action_source=1 transition_reason=0 recovery_episode_id=0 q_rad=[0.108569,1.015177,-1.670840,-0.040577,1.033939,-1.532907,0.020491,0.995018,-1.658599,-0.034432,1.054840,-1.733202]
[ros2_control_node-3] [INFO] [1791434700.299623392] [StateRL]: [ABS-POLICY-CMD] event=command_write clock=steady_clock_ns write_ns=16486653925447 write_id=1626 source_session_id=16478219458311 source_policy_cycle_id=405 source_mode=0 action_source=1 transition_reason=0 recovery_episode_id=0 q_rad=[0.108569,1.015177,-1.670840,-0.040577,1.033939,-1.532907,0.020491,0.995018,-1.658599,-0.034432,1.054840,-1.733202]
[ros2_control_node-3] [INFO] [1791434700.299985738] [StateRL]: [ABS-POLICY-CMD] event=command_write clock=steady_clock_ns write_ns=16486654281222 write_id=1627 source_session_id=16478219458311 source_policy_cycle_id=405 source_mode=0 action_source=1 transition_reason=0 recovery_episode_id=0 q_rad=[0.108569,1.015177,-1.670840,-0.040577,1.033939,-1.532907,0.020491,0.995018,-1.658599,-0.034432,1.054840,-1.733202]
[ros2_control_node-3] [INFO] [1791434700.301602936] [StateRL]: [ABS-POLICY-CMD] event=command_write clock=steady_clock_ns write_ns=16486655892689 write_id=1628 source_session_id=16478219458311 source_policy_cycle_id=406 source_mode=0 action_source=1 transition_reason=0 recovery_episode_id=0 q_rad=[0.108350,1.015685,-1.670936,-0.040484,1.034244,-1.531660,0.020358,0.994619,-1.658943,-0.034173,1.054509,-1.733657]
[ros2_control_node-3] [INFO] [1791434700.302075770] [StateRL]: [ABS-POLICY-CMD] event=command_write clock=steady_clock_ns write_ns=16486656372135 write_id=1629 source_session_id=16478219458311 source_policy_cycle_id=406 source_mode=0 action_source=1 transition_reason=0 recovery_episode_id=0 q_rad=[0.108350,1.015685,-1.670936,-0.040484,1.034244,-1.531660,0.020358,0.994619,-1.658943,-0.034173,1.054509,-1.733657]
[ros2_control_node-3] [INFO] [1791434700.302517886] [StateRL]: [ABS-POLICY-CMD] event=command_write clock=steady_clock_ns write_ns=16486656813122 write_id=1630 source_session_id=16478219458311 source_policy_cycle_id=406 source_mode=0 action_source=1 transition_reason=0 recovery_episode_id=0 q_rad=[0.108350,1.015685,-1.670936,-0.040484,1.034244,-1.531660,0.020358,0.994619,-1.658943,-0.034173,1.054509,-1.733657]
[ros2_control_node-3] [INFO] [1791434700.302906810] [StateRL]: [ABS-POLICY-CMD] event=command_write clock=steady_clock_ns write_ns=16486657206462 write_id=1631 source_session_id=16478219458311 source_policy_cycle_id=406 source_mode=0 action_source=1 transition_reason=0 recovery_episode_id=0 q_rad=[0.108350,1.015685,-1.670936,-0.040484,1.034244,-1.531660,0.020358,0.994619,-1.658943,-0.034173,1.054509,-1.733657]
[ros2_control_node-3] [INFO] [1791434700.304203602] [StateRL]: [ABS-POLICY-CMD] event=command_write clock=steady_clock_ns write_ns=16486658497341 write_id=1632 source_session_id=16478219458311 source_policy_cycle_id=407 source_mode=0 action_source=1 transition_reason=0 recovery_episode_id=0 q_rad=[0.108091,1.016203,-1.671109,-0.040367,1.034568,-1.530365,0.020225,0.994209,-1.659272,-0.033898,1.054190,-1.734117]
[ros2_control_node-3] [INFO] [1791434700.304608456] [StateRL]: [ABS-POLICY-CMD] event=command_write clock=steady_clock_ns write_ns=16486658909596 write_id=1633 source_session_id=16478219458311 source_policy_cycle_id=407 source_mode=0 action_source=1 transition_reason=0 recovery_episode_id=0 q_rad=[0.108091,1.016203,-1.671109,-0.040367,1.034568,-1.530365,0.020225,0.994209,-1.659272,-0.033898,1.054190,-1.734117]
[ros2_control_node-3] [INFO] [1791434700.304991667] [StateRL]: [ABS-POLICY-CMD] event=command_write clock=steady_clock_ns write_ns=16486659292450 write_id=1634 source_session_id=16478219458311 source_policy_cycle_id=407 source_mode=0 action_source=1 transition_reason=0 recovery_episode_id=0 q_rad=[0.108091,1.016203,-1.671109,-0.040367,1.034568,-1.530365,0.020225,0.994209,-1.659272,-0.033898,1.054190,-1.734117]
[ros2_control_node-3] [INFO] [1791434700.305341175] [StateRL]: [ABS-POLICY-CMD] event=command_write clock=steady_clock_ns write_ns=16486659643261 write_id=1635 source_session_id=16478219458311 source_policy_cycle_id=407 source_mode=0 action_source=1 transition_reason=0 recovery_episode_id=0 q_rad=[0.108091,1.016203,-1.671109,-0.040367,1.034568,-1.530365,0.020225,0.994209,-1.659272,-0.033898,1.054190,-1.734117]
[ros2_control_node-3] [INFO] [1791434700.306404936] [StateRL]: [ABS-POLICY-CMD] event=command_write clock=steady_clock_ns write_ns=16486660695454 write_id=1636 source_session_id=16478219458311 source_policy_cycle_id=408 source_mode=0 action_source=1 transition_reason=0 recovery_episode_id=0 q_rad=[0.107803,1.016720,-1.671328,-0.040233,1.034898,-1.529036,0.020089,0.993791,-1.659577,-0.033619,1.053883,-1.734576]
[ros2_control_node-3] [INFO] [1791434700.307026592] [StateRL]: [ABS-POLICY-CMD] event=command_write clock=steady_clock_ns write_ns=16486661318795 write_id=1637 source_session_id=16478219458311 source_policy_cycle_id=408 source_mode=0 action_source=1 transition_reason=0 recovery_episode_id=0 q_rad=[0.107803,1.016720,-1.671328,-0.040233,1.034898,-1.529036,0.020089,0.993791,-1.659577,-0.033619,1.053883,-1.734576]
[ros2_control_node-3] [INFO] [1791434700.307486527] [StateRL]: [ABS-POLICY-CMD] event=command_write clock=steady_clock_ns write_ns=16486661787966 write_id=1638 source_session_id=16478219458311 source_policy_cycle_id=408 source_mode=0 action_source=1 transition_reason=0 recovery_episode_id=0 q_rad=[0.107803,1.016720,-1.671328,-0.040233,1.034898,-1.529036,0.020089,0.993791,-1.659577,-0.033619,1.053883,-1.734576]
[ros2_control_node-3] [INFO] [1791434700.307827082] [StateRL]: [ABS-POLICY-CMD] event=command_write clock=steady_clock_ns write_ns=16486662126190 write_id=1639 source_session_id=16478219458311 source_policy_cycle_id=408 source_mode=0 action_source=1 transition_reason=0 recovery_episode_id=0 q_rad=[0.107803,1.016720,-1.671328,-0.040233,1.034898,-1.529036,0.020089,0.993791,-1.659577,-0.033619,1.053883,-1.734576]
[ros2_control_node-3] [INFO] [1791434700.309125036] [StateRL]: [ABS-POLICY-CMD] event=command_write clock=steady_clock_ns write_ns=16486663402871 write_id=1640 source_session_id=16478219458311 source_policy_cycle_id=409 source_mode=0 action_source=1 transition_reason=0 recovery_episode_id=0 q_rad=[0.107484,1.017236,-1.671563,-0.040093,1.035247,-1.527700,0.019957,0.993366,-1.659873,-0.033334,1.053580,-1.735031]
[ros2_control_node-3] [INFO] [1791434700.309644392] [StateRL]: [ABS-POLICY-CMD] event=command_write clock=steady_clock_ns write_ns=16486663940916 write_id=1641 source_session_id=16478219458311 source_policy_cycle_id=409 source_mode=0 action_source=1 transition_reason=0 recovery_episode_id=0 q_rad=[0.107484,1.017236,-1.671563,-0.040093,1.035247,-1.527700,0.019957,0.993366,-1.659873,-0.033334,1.053580,-1.735031]
[ros2_control_node-3] [INFO] [1791434700.309969147] [StateRL]: [ABS-POLICY-CMD] event=command_write clock=steady_clock_ns write_ns=16486664271480 write_id=1642 source_session_id=16478219458311 source_policy_cycle_id=409 source_mode=0 action_source=1 transition_reason=0 recovery_episode_id=0 q_rad=[0.107484,1.017236,-1.671563,-0.040093,1.035247,-1.527700,0.019957,0.993366,-1.659873,-0.033334,1.053580,-1.735031]
[ros2_control_node-3] [INFO] [1791434700.310285751] [StateRL]: [ABS-POLICY-CMD] event=command_write clock=steady_clock_ns write_ns=16486664587495 write_id=1643 source_session_id=16478219458311 source_policy_cycle_id=409 source_mode=0 action_source=1 transition_reason=0 recovery_episode_id=0 q_rad=[0.107484,1.017236,-1.671563,-0.040093,1.035247,-1.527700,0.019957,0.993366,-1.659873,-0.033334,1.053580,-1.735031]
[ros2_control_node-3] [INFO] [1791434700.311218785] [StateRL]: [ABS-POLICY-CMD] event=command_write clock=steady_clock_ns write_ns=16486665517303 write_id=1644 source_session_id=16478219458311 source_policy_cycle_id=410 source_mode=0 action_source=1 transition_reason=0 recovery_episode_id=0 q_rad=[0.107152,1.017753,-1.671802,-0.039955,1.035604,-1.526371,0.019826,0.992942,-1.660156,-0.033048,1.053279,-1.735486]
[ros2_control_node-3] [INFO] [1791434700.311552900] [StateRL]: [ABS-POLICY-CMD] event=command_write clock=steady_clock_ns write_ns=16486665855313 write_id=1645 source_session_id=16478219458311 source_policy_cycle_id=410 source_mode=0 action_source=1 transition_reason=0 recovery_episode_id=0 q_rad=[0.107152,1.017753,-1.671802,-0.039955,1.035604,-1.526371,0.019826,0.992942,-1.660156,-0.033048,1.053279,-1.735486]
[ros2_control_node-3] [INFO] [1791434700.311898000] [StateRL]: [ABS-POLICY-CMD] event=command_write clock=steady_clock_ns write_ns=16486666196305 write_id=1646 source_session_id=16478219458311 source_policy_cycle_id=410 source_mode=0 action_source=1 transition_reason=0 recovery_episode_id=0 q_rad=[0.107152,1.017753,-1.671802,-0.039955,1.035604,-1.526371,0.019826,0.992942,-1.660156,-0.033048,1.053279,-1.735486]
[ros2_control_node-3] [INFO] [1791434700.312279922] [StateRL]: [ABS-POLICY-CMD] event=command_write clock=steady_clock_ns write_ns=16486666580631 write_id=1647 source_session_id=16478219458311 source_policy_cycle_id=410 source_mode=0 action_source=1 transition_reason=0 recovery_episode_id=0 q_rad=[0.107152,1.017753,-1.671802,-0.039955,1.035604,-1.526371,0.019826,0.992942,-1.660156,-0.033048,1.053279,-1.735486]
[ros2_control_node-3] [INFO] [1791434700.312305180] [StateRL]: [ABS-LIVE-CMD] event=rl_command_write clock=steady_clock_ns timestamp_ns=16486666612246 sequence=1925 controller_state=RL rl_active=1 finite=1 kp_zero=0 kd_zero=0 tau_zero=1 veto_reason= q=[0.1072,1.0178,-1.6718,-0.0400,1.0356,-1.5264,0.0198,0.9929,-1.6602,-0.0330,1.0533,-1.7355] kp=[30.0000,30.0000,30.0000,30.0000,30.0000,30.0000,30.0000,30.0000,30.0000,30.0000,30.0000,30.0000] kd=[0.6500,0.6500,0.6500,0.6500,0.6500,0.6500,0.6500,0.6500,0.6500,0.6500,0.6500,0.6500] tau=[0.0000,0.0000,0.0000,0.0000,0.0000,0.0000,0.0000,0.0000,0.0000,0.0000,0.0000,0.0000]
[ros2_control_node-3] [INFO] [1791434700.313338807] [StateRL]: [ABS-POLICY-CMD] event=command_write clock=steady_clock_ns write_ns=16486667634979 write_id=1648 source_session_id=16478219458311 source_policy_cycle_id=411 source_mode=0 action_source=1 transition_reason=0 recovery_episode_id=0 q_rad=[0.106811,1.018273,-1.672034,-0.039821,1.035966,-1.525056,0.019696,0.992522,-1.660430,-0.032762,1.052978,-1.735940]
[ros2_control_node-3] [INFO] [1791434700.313717234] [StateRL]: [ABS-POLICY-CMD] event=command_write clock=steady_clock_ns write_ns=16486668018085 write_id=1649 source_session_id=16478219458311 source_policy_cycle_id=411 source_mode=0 action_source=1 transition_reason=0 recovery_episode_id=0 q_rad=[0.106811,1.018273,-1.672034,-0.039821,1.035966,-1.525056,0.019696,0.992522,-1.660430,-0.032762,1.052978,-1.735940]
[ros2_control_node-3] [INFO] [1791434700.313994619] [StateRL]: [ABS-POLICY-CMD] event=command_write clock=steady_clock_ns write_ns=16486668297807 write_id=1650 source_session_id=16478219458311 source_policy_cycle_id=411 source_mode=0 action_source=1 transition_reason=0 recovery_episode_id=0 q_rad=[0.106811,1.018273,-1.672034,-0.039821,1.035966,-1.525056,0.019696,0.992522,-1.660430,-0.032762,1.052978,-1.735940]
[ros2_control_node-3] [INFO] [1791434700.314264040] [StateRL]: [ABS-POLICY-CMD] event=command_write clock=steady_clock_ns write_ns=16486668567396 write_id=1651 source_session_id=16478219458311 source_policy_cycle_id=411 source_mode=0 action_source=1 transition_reason=0 recovery_episode_id=0 q_rad=[0.106811,1.018273,-1.672034,-0.039821,1.035966,-1.525056,0.019696,0.992522,-1.660430,-0.032762,1.052978,-1.735940]
[ros2_control_node-3] [INFO] [1791434700.315745106] [StateRL]: [ABS-POLICY-CMD] event=command_write clock=steady_clock_ns write_ns=16486670033271 write_id=1652 source_session_id=16478219458311 source_policy_cycle_id=412 source_mode=0 action_source=1 transition_reason=0 recovery_episode_id=0 q_rad=[0.106469,1.018796,-1.672251,-0.039692,1.036330,-1.523763,0.019568,0.992109,-1.660696,-0.032477,1.052673,-1.736395]
[ros2_control_node-3] [INFO] [1791434700.316227564] [StateRL]: [ABS-POLICY-CMD] event=command_write clock=steady_clock_ns write_ns=16486670523456 write_id=1653 source_session_id=16478219458311 source_policy_cycle_id=412 source_mode=0 action_source=1 transition_reason=0 recovery_episode_id=0 q_rad=[0.106469,1.018796,-1.672251,-0.039692,1.036330,-1.523763,0.019568,0.992109,-1.660696,-0.032477,1.052673,-1.736395]
[ros2_control_node-3] [INFO] [1791434700.316625292] [StateRL]: [ABS-POLICY-CMD] event=command_write clock=steady_clock_ns write_ns=16486670924788 write_id=1654 source_session_id=16478219458311 source_policy_cycle_id=412 source_mode=0 action_source=1 transition_reason=0 recovery_episode_id=0 q_rad=[0.106469,1.018796,-1.672251,-0.039692,1.036330,-1.523763,0.019568,0.992109,-1.660696,-0.032477,1.052673,-1.736395]
[ros2_control_node-3] [INFO] [1791434700.316954782] [StateRL]: [ABS-POLICY-CMD] event=command_write clock=steady_clock_ns write_ns=16486671256987 write_id=1655 source_session_id=16478219458311 source_policy_cycle_id=412 source_mode=0 action_source=1 transition_reason=0 recovery_episode_id=0 q_rad=[0.106469,1.018796,-1.672251,-0.039692,1.036330,-1.523763,0.019568,0.992109,-1.660696,-0.032477,1.052673,-1.736395]
[ros2_control_node-3] [INFO] [1791434700.317988703] [StateRL]: [ABS-POLICY-CMD] event=command_write clock=steady_clock_ns write_ns=16486672287112 write_id=1656 source_session_id=16478219458311 source_policy_cycle_id=413 source_mode=0 action_source=1 transition_reason=0 recovery_episode_id=0 q_rad=[0.106124,1.019335,-1.672459,-0.039579,1.036690,-1.522530,0.019443,0.991715,-1.660930,-0.032184,1.052362,-1.736860]
[ros2_control_node-3] [INFO] [1791434700.318343359] [StateRL]: [ABS-POLICY-CMD] event=command_write clock=steady_clock_ns write_ns=16486672644753 write_id=1657 source_session_id=16478219458311 source_policy_cycle_id=413 source_mode=0 action_source=1 transition_reason=0 recovery_episode_id=0 q_rad=[0.106124,1.019335,-1.672459,-0.039579,1.036690,-1.522530,0.019443,0.991715,-1.660930,-0.032184,1.052362,-1.736860]
[ros2_control_node-3] [INFO] [1791434700.318656645] [StateRL]: [ABS-POLICY-CMD] event=command_write clock=steady_clock_ns write_ns=16486672958466 write_id=1658 source_session_id=16478219458311 source_policy_cycle_id=413 source_mode=0 action_source=1 transition_reason=0 recovery_episode_id=0 q_rad=[0.106124,1.019335,-1.672459,-0.039579,1.036690,-1.522530,0.019443,0.991715,-1.660930,-0.032184,1.052362,-1.736860]
[ros2_control_node-3] [INFO] [1791434700.318989113] [StateRL]: [ABS-POLICY-CMD] event=command_write clock=steady_clock_ns write_ns=16486673287651 write_id=1659 source_session_id=16478219458311 source_policy_cycle_id=413 source_mode=0 action_source=1 transition_reason=0 recovery_episode_id=0 q_rad=[0.106124,1.019335,-1.672459,-0.039579,1.036690,-1.522530,0.019443,0.991715,-1.660930,-0.032184,1.052362,-1.736860]
[ros2_control_node-3] [INFO] [1791434700.319948709] [StateRL]: [ABS-POLICY-CMD] event=command_write clock=steady_clock_ns write_ns=16486674247480 write_id=1660 source_session_id=16478219458311 source_policy_cycle_id=414 source_mode=0 action_source=1 transition_reason=0 recovery_episode_id=0 q_rad=[0.105787,1.019856,-1.672613,-0.039464,1.037050,-1.521272,0.019322,0.991315,-1.661202,-0.031909,1.052043,-1.737308]
[ros2_control_node-3] [INFO] [1791434700.320275832] [StateRL]: [ABS-POLICY-CMD] event=command_write clock=steady_clock_ns write_ns=16486674577968 write_id=1661 source_session_id=16478219458311 source_policy_cycle_id=414 source_mode=0 action_source=1 transition_reason=0 recovery_episode_id=0 q_rad=[0.105787,1.019856,-1.672613,-0.039464,1.037050,-1.521272,0.019322,0.991315,-1.661202,-0.031909,1.052043,-1.737308]
[ros2_control_node-3] [INFO] [1791434700.320582004] [StateRL]: [ABS-POLICY-CMD] event=command_write clock=steady_clock_ns write_ns=16486674884012 write_id=1662 source_session_id=16478219458311 source_policy_cycle_id=414 source_mode=0 action_source=1 transition_reason=0 recovery_episode_id=0 q_rad=[0.105787,1.019856,-1.672613,-0.039464,1.037050,-1.521272,0.019322,0.991315,-1.661202,-0.031909,1.052043,-1.737308]
[ros2_control_node-3] [INFO] [1791434700.320886611] [StateRL]: [ABS-POLICY-CMD] event=command_write clock=steady_clock_ns write_ns=16486675189368 write_id=1663 source_session_id=16478219458311 source_policy_cycle_id=414 source_mode=0 action_source=1 transition_reason=0 recovery_episode_id=0 q_rad=[0.105787,1.019856,-1.672613,-0.039464,1.037050,-1.521272,0.019322,0.991315,-1.661202,-0.031909,1.052043,-1.737308]
[ros2_control_node-3] [INFO] [1791434700.321758193] [StateRL]: [ABS-POLICY-CMD] event=command_write clock=steady_clock_ns write_ns=16486676055721 write_id=1664 source_session_id=16478219458311 source_policy_cycle_id=415 source_mode=0 action_source=1 transition_reason=0 recovery_episode_id=0 q_rad=[0.105461,1.020397,-1.672766,-0.039354,1.037410,-1.520047,0.019193,0.990923,-1.661471,-0.031625,1.051721,-1.737762]
[ros2_control_node-3] [INFO] [1791434700.322118431] [StateRL]: [ABS-POLICY-CMD] event=command_write clock=steady_clock_ns write_ns=16486676419494 write_id=1665 source_session_id=16478219458311 source_policy_cycle_id=415 source_mode=0 action_source=1 transition_reason=0 recovery_episode_id=0 q_rad=[0.105461,1.020397,-1.672766,-0.039354,1.037410,-1.520047,0.019193,0.990923,-1.661471,-0.031625,1.051721,-1.737762]
[ros2_control_node-3] [INFO] [1791434700.322436909] [StateRL]: [ABS-POLICY-CMD] event=command_write clock=steady_clock_ns write_ns=16486676739070 write_id=1666 source_session_id=16478219458311 source_policy_cycle_id=415 source_mode=0 action_source=1 transition_reason=0 recovery_episode_id=0 q_rad=[0.105461,1.020397,-1.672766,-0.039354,1.037410,-1.520047,0.019193,0.990923,-1.661471,-0.031625,1.051721,-1.737762]
[ros2_control_node-3] [INFO] [1791434700.322750145] [StateRL]: [ABS-POLICY-CMD] event=command_write clock=steady_clock_ns write_ns=16486677052032 write_id=1667 source_session_id=16478219458311 source_policy_cycle_id=415 source_mode=0 action_source=1 transition_reason=0 recovery_episode_id=0 q_rad=[0.105461,1.020397,-1.672766,-0.039354,1.037410,-1.520047,0.019193,0.990923,-1.661471,-0.031625,1.051721,-1.737762]
[ros2_control_node-3] [INFO] [1791434700.323995827] [StateRL]: [ABS-POLICY-CMD] event=command_write clock=steady_clock_ns write_ns=16486678268235 write_id=1668 source_session_id=16478219458311 source_policy_cycle_id=416 source_mode=0 action_source=1 transition_reason=0 recovery_episode_id=0 q_rad=[0.105135,1.020945,-1.672902,-0.039248,1.037763,-1.518843,0.019070,0.990543,-1.661733,-0.031341,1.051391,-1.738217]
[ros2_control_node-3] [INFO] [1791434700.324523196] [StateRL]: [ABS-POLICY-CMD] event=command_write clock=steady_clock_ns write_ns=16486678821128 write_id=1669 source_session_id=16478219458311 source_policy_cycle_id=416 source_mode=0 action_source=1 transition_reason=0 recovery_episode_id=0 q_rad=[0.105135,1.020945,-1.672902,-0.039248,1.037763,-1.518843,0.019070,0.990543,-1.661733,-0.031341,1.051391,-1.738217]
[ros2_control_node-3] [INFO] [1791434700.324891064] [StateRL]: [ABS-POLICY-CMD] event=command_write clock=steady_clock_ns write_ns=16486679191022 write_id=1670 source_session_id=16478219458311 source_policy_cycle_id=416 source_mode=0 action_source=1 transition_reason=0 recovery_episode_id=0 q_rad=[0.105135,1.020945,-1.672902,-0.039248,1.037763,-1.518843,0.019070,0.990543,-1.661733,-0.031341,1.051391,-1.738217]
[ros2_control_node-3] [INFO] [1791434700.325218195] [StateRL]: [ABS-POLICY-CMD] event=command_write clock=steady_clock_ns write_ns=16486679520346 write_id=1671 source_session_id=16478219458311 source_policy_cycle_id=416 source_mode=0 action_source=1 transition_reason=0 recovery_episode_id=0 q_rad=[0.105135,1.020945,-1.672902,-0.039248,1.037763,-1.518843,0.019070,0.990543,-1.661733,-0.031341,1.051391,-1.738217]
[ros2_control_node-3] [INFO] [1791434700.326335894] [StateRL]: [ABS-POLICY-CMD] event=command_write clock=steady_clock_ns write_ns=16486680618053 write_id=1672 source_session_id=16478219458311 source_policy_cycle_id=417 source_mode=0 action_source=1 transition_reason=0 recovery_episode_id=0 q_rad=[0.104810,1.021501,-1.673021,-0.039151,1.038116,-1.517672,0.018949,0.990174,-1.661989,-0.031053,1.051055,-1.738673]
[ros2_control_node-3] [INFO] [1791434700.326378446] [StateRL]: [ABS-LIVE-CMD] event=rl_command_write clock=steady_clock_ns timestamp_ns=16486680685561 sequence=1950 controller_state=RL rl_active=1 finite=1 kp_zero=0 kd_zero=0 tau_zero=1 veto_reason= q=[0.1048,1.0215,-1.6730,-0.0392,1.0381,-1.5177,0.0189,0.9902,-1.6620,-0.0311,1.0511,-1.7387] kp=[30.0000,30.0000,30.0000,30.0000,30.0000,30.0000,30.0000,30.0000,30.0000,30.0000,30.0000,30.0000] kd=[0.6500,0.6500,0.6500,0.6500,0.6500,0.6500,0.6500,0.6500,0.6500,0.6500,0.6500,0.6500] tau=[0.0000,0.0000,0.0000,0.0000,0.0000,0.0000,0.0000,0.0000,0.0000,0.0000,0.0000,0.0000]
[ros2_control_node-3] [INFO] [1791434700.326754052] [StateRL]: [ABS-POLICY-CMD] event=command_write clock=steady_clock_ns write_ns=16486681055628 write_id=1673 source_session_id=16478219458311 source_policy_cycle_id=417 source_mode=0 action_source=1 transition_reason=0 recovery_episode_id=0 q_rad=[0.104810,1.021501,-1.673021,-0.039151,1.038116,-1.517672,0.018949,0.990174,-1.661989,-0.031053,1.051055,-1.738673]
[ros2_control_node-3] [INFO] [1791434700.327064230] [StateRL]: [ABS-POLICY-CMD] event=command_write clock=steady_clock_ns write_ns=16486681367205 write_id=1674 source_session_id=16478219458311 source_policy_cycle_id=417 source_mode=0 action_source=1 transition_reason=0 recovery_episode_id=0 q_rad=[0.104810,1.021501,-1.673021,-0.039151,1.038116,-1.517672,0.018949,0.990174,-1.661989,-0.031053,1.051055,-1.738673]
[ros2_control_node-3] [INFO] [1791434700.327362009] [StateRL]: [ABS-POLICY-CMD] event=command_write clock=steady_clock_ns write_ns=16486681664222 write_id=1675 source_session_id=16478219458311 source_policy_cycle_id=417 source_mode=0 action_source=1 transition_reason=0 recovery_episode_id=0 q_rad=[0.104810,1.021501,-1.673021,-0.039151,1.038116,-1.517672,0.018949,0.990174,-1.661989,-0.031053,1.051055,-1.738673]
[ros2_control_node-3] [INFO] [1791434700.328401565] [StateRL]: [ABS-POLICY-CMD] event=command_write clock=steady_clock_ns write_ns=16486682694350 write_id=1676 source_session_id=16478219458311 source_policy_cycle_id=418 source_mode=0 action_source=1 transition_reason=0 recovery_episode_id=0 q_rad=[0.104486,1.022065,-1.673119,-0.039063,1.038465,-1.516535,0.018833,0.989816,-1.662237,-0.030765,1.050710,-1.739130]
[ros2_control_node-3] [INFO] [1791434700.328800906] [StateRL]: [ABS-POLICY-CMD] event=command_write clock=steady_clock_ns write_ns=16486683102193 write_id=1677 source_session_id=16478219458311 source_policy_cycle_id=418 source_mode=0 action_source=1 transition_reason=0 recovery_episode_id=0 q_rad=[0.104486,1.022065,-1.673119,-0.039063,1.038465,-1.516535,0.018833,0.989816,-1.662237,-0.030765,1.050710,-1.739130]
[ros2_control_node-3] [INFO] [1791434700.329083636] [StateRL]: [ABS-POLICY-CMD] event=command_write clock=steady_clock_ns write_ns=16486683386764 write_id=1678 source_session_id=16478219458311 source_policy_cycle_id=418 source_mode=0 action_source=1 transition_reason=0 recovery_episode_id=0 q_rad=[0.104486,1.022065,-1.673119,-0.039063,1.038465,-1.516535,0.018833,0.989816,-1.662237,-0.030765,1.050710,-1.739130]
[ros2_control_node-3] [INFO] [1791434700.329356401] [StateRL]: [ABS-POLICY-CMD] event=command_write clock=steady_clock_ns write_ns=16486683658670 write_id=1679 source_session_id=16478219458311 source_policy_cycle_id=418 source_mode=0 action_source=1 transition_reason=0 recovery_episode_id=0 q_rad=[0.104486,1.022065,-1.673119,-0.039063,1.038465,-1.516535,0.018833,0.989816,-1.662237,-0.030765,1.050710,-1.739130]
[ros2_control_node-3] [INFO] [1791434700.330417674] [StateRL]: [ABS-POLICY-CMD] event=command_write clock=steady_clock_ns write_ns=16486684715566 write_id=1680 source_session_id=16478219458311 source_policy_cycle_id=419 source_mode=0 action_source=1 transition_reason=0 recovery_episode_id=0 q_rad=[0.104153,1.022660,-1.673210,-0.039009,1.038814,-1.515516,0.018728,0.989492,-1.662427,-0.030459,1.050352,-1.739609]
[ros2_control_node-3] [INFO] [1791434700.330793084] [StateRL]: [ABS-POLICY-CMD] event=command_write clock=steady_clock_ns write_ns=16486685093636 write_id=1681 source_session_id=16478219458311 source_policy_cycle_id=419 source_mode=0 action_source=1 transition_reason=0 recovery_episode_id=0 q_rad=[0.104153,1.022660,-1.673210,-0.039009,1.038814,-1.515516,0.018728,0.989492,-1.662427,-0.030459,1.050352,-1.739609]
[ros2_control_node-3] [INFO] [1791434700.331114935] [StateRL]: [ABS-POLICY-CMD] event=command_write clock=steady_clock_ns write_ns=16486685417456 write_id=1682 source_session_id=16478219458311 source_policy_cycle_id=419 source_mode=0 action_source=1 transition_reason=0 recovery_episode_id=0 q_rad=[0.104153,1.022660,-1.673210,-0.039009,1.038814,-1.515516,0.018728,0.989492,-1.662427,-0.030459,1.050352,-1.739609]
[ros2_control_node-3] [INFO] [1791434700.331417262] [StateRL]: [ABS-POLICY-CMD] event=command_write clock=steady_clock_ns write_ns=16486685719461 write_id=1683 source_session_id=16478219458311 source_policy_cycle_id=419 source_mode=0 action_source=1 transition_reason=0 recovery_episode_id=0 q_rad=[0.104153,1.022660,-1.673210,-0.039009,1.038814,-1.515516,0.018728,0.989492,-1.662427,-0.030459,1.050352,-1.739609]
[ros2_control_node-3] [INFO] [1791434700.332758821] [StateRL]: [ABS-POLICY-CMD] event=command_write clock=steady_clock_ns write_ns=16486687038201 write_id=1684 source_session_id=16478219458311 source_policy_cycle_id=420 source_mode=0 action_source=1 transition_reason=0 recovery_episode_id=0 q_rad=[0.103849,1.023205,-1.673211,-0.038941,1.039150,-1.514404,0.018621,0.989152,-1.662692,-0.030196,1.049989,-1.740054]
[ros2_control_node-3] [INFO] [1791434700.333207260] [StateRL]: [ABS-POLICY-CMD] event=command_write clock=steady_clock_ns write_ns=16486687508977 write_id=1685 source_session_id=16478219458311 source_policy_cycle_id=420 source_mode=0 action_source=1 transition_reason=0 recovery_episode_id=0 q_rad=[0.103849,1.023205,-1.673211,-0.038941,1.039150,-1.514404,0.018621,0.989152,-1.662692,-0.030196,1.049989,-1.740054]
[ros2_control_node-3] [INFO] [1791434700.333524180] [StateRL]: [ABS-POLICY-CMD] event=command_write clock=steady_clock_ns write_ns=16486687824890 write_id=1686 source_session_id=16478219458311 source_policy_cycle_id=420 source_mode=0 action_source=1 transition_reason=0 recovery_episode_id=0 q_rad=[0.103849,1.023205,-1.673211,-0.038941,1.039150,-1.514404,0.018621,0.989152,-1.662692,-0.030196,1.049989,-1.740054]
[ros2_control_node-3] [INFO] [1791434700.333856133] [StateRL]: [ABS-POLICY-CMD] event=command_write clock=steady_clock_ns write_ns=16486688156776 write_id=1687 source_session_id=16478219458311 source_policy_cycle_id=420 source_mode=0 action_source=1 transition_reason=0 recovery_episode_id=0 q_rad=[0.103849,1.023205,-1.673211,-0.038941,1.039150,-1.514404,0.018621,0.989152,-1.662692,-0.030196,1.049989,-1.740054]
[ros2_control_node-3] [INFO] [1791434700.335068521] [StateRL]: [ABS-POLICY-CMD] event=command_write clock=steady_clock_ns write_ns=16486689358676 write_id=1688 source_session_id=16478219458311 source_policy_cycle_id=421 source_mode=0 action_source=1 transition_reason=0 recovery_episode_id=0 q_rad=[0.103543,1.023816,-1.673249,-0.038903,1.039494,-1.513439,0.018512,0.988839,-1.662897,-0.029887,1.049618,-1.740533]
[ros2_control_node-3] [INFO] [1791434700.335451747] [StateRL]: [ABS-POLICY-CMD] event=command_write clock=steady_clock_ns write_ns=16486689753028 write_id=1689 source_session_id=16478219458311 source_policy_cycle_id=421 source_mode=0 action_source=1 transition_reason=0 recovery_episode_id=0 q_rad=[0.103543,1.023816,-1.673249,-0.038903,1.039494,-1.513439,0.018512,0.988839,-1.662897,-0.029887,1.049618,-1.740533]
[ros2_control_node-3] [INFO] [1791434700.335795866] [StateRL]: [ABS-POLICY-CMD] event=command_write clock=steady_clock_ns write_ns=16486690096215 write_id=1690 source_session_id=16478219458311 source_policy_cycle_id=421 source_mode=0 action_source=1 transition_reason=0 recovery_episode_id=0 q_rad=[0.103543,1.023816,-1.673249,-0.038903,1.039494,-1.513439,0.018512,0.988839,-1.662897,-0.029887,1.049618,-1.740533]
[ros2_control_node-3] [INFO] [1791434700.336098229] [StateRL]: [ABS-POLICY-CMD] event=command_write clock=steady_clock_ns write_ns=16486690401044 write_id=1691 source_session_id=16478219458311 source_policy_cycle_id=421 source_mode=0 action_source=1 transition_reason=0 recovery_episode_id=0 q_rad=[0.103543,1.023816,-1.673249,-0.038903,1.039494,-1.513439,0.018512,0.988839,-1.662897,-0.029887,1.049618,-1.740533]
[ros2_control_node-3] [INFO] [1791434700.337046301] [StateRL]: [ABS-POLICY-CMD] event=command_write clock=steady_clock_ns write_ns=16486691344011 write_id=1692 source_session_id=16478219458311 source_policy_cycle_id=422 source_mode=0 action_source=1 transition_reason=0 recovery_episode_id=0 q_rad=[0.103242,1.024403,-1.673223,-0.038869,1.039818,-1.512459,0.018417,0.988541,-1.663110,-0.029604,1.049232,-1.741002]
[ros2_control_node-3] [INFO] [1791434700.337462612] [StateRL]: [ABS-POLICY-CMD] event=command_write clock=steady_clock_ns write_ns=16486691762095 write_id=1693 source_session_id=16478219458311 source_policy_cycle_id=422 source_mode=0 action_source=1 transition_reason=0 recovery_episode_id=0 q_rad=[0.103242,1.024403,-1.673223,-0.038869,1.039818,-1.512459,0.018417,0.988541,-1.663110,-0.029604,1.049232,-1.741002]
[ros2_control_node-3] [INFO] [1791434700.337781499] [StateRL]: [ABS-POLICY-CMD] event=command_write clock=steady_clock_ns write_ns=16486692082903 write_id=1694 source_session_id=16478219458311 source_policy_cycle_id=422 source_mode=0 action_source=1 transition_reason=0 recovery_episode_id=0 q_rad=[0.103242,1.024403,-1.673223,-0.038869,1.039818,-1.512459,0.018417,0.988541,-1.663110,-0.029604,1.049232,-1.741002]
[ros2_control_node-3] [INFO] [1791434700.339916298] [StateRL]: [ABS-POLICY-CMD] event=command_write clock=steady_clock_ns write_ns=16486694185956 write_id=1695 source_session_id=16478219458311 source_policy_cycle_id=422 source_mode=0 action_source=1 transition_reason=0 recovery_episode_id=0 q_rad=[0.103242,1.024403,-1.673223,-0.038869,1.039818,-1.512459,0.018417,0.988541,-1.663110,-0.029604,1.049232,-1.741002]
[ros2_control_node-3] [INFO] [1791434700.346022366] [StateRL]: [ABS-POLICY-CMD] event=command_write clock=steady_clock_ns write_ns=16486700292126 write_id=1696 source_session_id=16478219458311 source_policy_cycle_id=423 source_mode=0 action_source=1 transition_reason=0 recovery_episode_id=0 q_rad=[0.102906,1.025098,-1.673221,-0.038937,1.040148,-1.511866,0.018354,0.988325,-1.663124,-0.029241,1.048812,-1.741555]
[ros2_control_node-3] [INFO] [1791434700.349815428] [StateRL]: [ABS-POLICY-CMD] event=command_write clock=steady_clock_ns write_ns=16486704101534 write_id=1697 source_session_id=16478219458311 source_policy_cycle_id=423 source_mode=0 action_source=1 transition_reason=0 recovery_episode_id=0 q_rad=[0.102906,1.025098,-1.673221,-0.038937,1.040148,-1.511866,0.018354,0.988325,-1.663124,-0.029241,1.048812,-1.741555]
[ros2_control_node-3] [INFO] [1791434700.349905200] [StateRL]: [ABS-LIVE-CMD] event=rl_command_write clock=steady_clock_ns timestamp_ns=16486704212264 sequence=1975 controller_state=RL rl_active=1 finite=1 kp_zero=0 kd_zero=0 tau_zero=1 veto_reason= q=[0.1029,1.0251,-1.6732,-0.0389,1.0401,-1.5119,0.0184,0.9883,-1.6631,-0.0292,1.0488,-1.7416] kp=[30.0000,30.0000,30.0000,30.0000,30.0000,30.0000,30.0000,30.0000,30.0000,30.0000,30.0000,30.0000] kd=[0.6500,0.6500,0.6500,0.6500,0.6500,0.6500,0.6500,0.6500,0.6500,0.6500,0.6500,0.6500] tau=[0.0000,0.0000,0.0000,0.0000,0.0000,0.0000,0.0000,0.0000,0.0000,0.0000,0.0000,0.0000]
[ros2_control_node-3] [INFO] [1791434700.354784610] [StateRL]: [ABS-POLICY-CMD] event=command_write clock=steady_clock_ns write_ns=16486709076066 write_id=1698 source_session_id=16478219458311 source_policy_cycle_id=423 source_mode=0 action_source=1 transition_reason=0 recovery_episode_id=0 q_rad=[0.102906,1.025098,-1.673221,-0.038937,1.040148,-1.511866,0.018354,0.988325,-1.663124,-0.029241,1.048812,-1.741555]
[ros2_control_node-3] [INFO] [1791434700.359791133] [StateRL]: [ABS-POLICY-CMD] event=command_write clock=steady_clock_ns write_ns=16486714084481 write_id=1699 source_session_id=16478219458311 source_policy_cycle_id=423 source_mode=0 action_source=1 transition_reason=0 recovery_episode_id=0 q_rad=[0.102906,1.025098,-1.673221,-0.038937,1.040148,-1.511866,0.018354,0.988325,-1.663124,-0.029241,1.048812,-1.741555]
[ros2_control_node-3] [INFO] [1791434700.366210450] [StateRL]: [ABS-POLICY-CMD] event=command_write clock=steady_clock_ns write_ns=16486720499059 write_id=1700 source_session_id=16478219458311 source_policy_cycle_id=424 source_mode=0 action_source=1 transition_reason=0 recovery_episode_id=0 q_rad=[0.102591,1.025901,-1.672964,-0.039260,1.040359,-1.512045,0.018391,0.988313,-1.662691,-0.028797,1.048272,-1.742318]
[ros2_control_node-3] [INFO] [1791434700.370108010] [StateRL]: [ABS-POLICY-CMD] event=command_write clock=steady_clock_ns write_ns=16486724375267 write_id=1701 source_session_id=16478219458311 source_policy_cycle_id=424 source_mode=0 action_source=1 transition_reason=0 recovery_episode_id=0 q_rad=[0.102591,1.025901,-1.672964,-0.039260,1.040359,-1.512045,0.018391,0.988313,-1.662691,-0.028797,1.048272,-1.742318]
[ros2_control_node-3] [INFO] [1791434700.375115174] [StateRL]: [ABS-POLICY-CMD] event=command_write clock=steady_clock_ns write_ns=16486729385101 write_id=1702 source_session_id=16478219458311 source_policy_cycle_id=424 source_mode=0 action_source=1 transition_reason=0 recovery_episode_id=0 q_rad=[0.102591,1.025901,-1.672964,-0.039260,1.040359,-1.512045,0.018391,0.988313,-1.662691,-0.028797,1.048272,-1.742318]
[ros2_control_node-3] [INFO] [1791434700.379935548] [StateRL]: [ABS-POLICY-CMD] event=command_write clock=steady_clock_ns write_ns=16486734216220 write_id=1703 source_session_id=16478219458311 source_policy_cycle_id=424 source_mode=0 action_source=1 transition_reason=0 recovery_episode_id=0 q_rad=[0.102591,1.025901,-1.672964,-0.039260,1.040359,-1.512045,0.018391,0.988313,-1.662691,-0.028797,1.048272,-1.742318]
[ros2_control_node-3] [INFO] [1791434700.385952643] [StateRL]: [ABS-POLICY-CMD] event=command_write clock=steady_clock_ns write_ns=16486740239492 write_id=1704 source_session_id=16478219458311 source_policy_cycle_id=425 source_mode=0 action_source=1 transition_reason=0 recovery_episode_id=0 q_rad=[0.102521,1.026544,-1.672106,-0.039772,1.040404,-1.512473,0.018465,0.988423,-1.662272,-0.028475,1.047663,-1.743132]
[ros2_control_node-3] [INFO] [1791434700.389822942] [StateRL]: [ABS-POLICY-CMD] event=command_write clock=steady_clock_ns write_ns=16486744114663 write_id=1705 source_session_id=16478219458311 source_policy_cycle_id=425 source_mode=0 action_source=1 transition_reason=0 recovery_episode_id=0 q_rad=[0.102521,1.026544,-1.672106,-0.039772,1.040404,-1.512473,0.018465,0.988423,-1.662272,-0.028475,1.047663,-1.743132]
[ros2_control_node-3] [INFO] [1791434700.394919347] [StateRL]: [ABS-POLICY-CMD] event=command_write clock=steady_clock_ns write_ns=16486749206509 write_id=1706 source_session_id=16478219458311 source_policy_cycle_id=425 source_mode=0 action_source=1 transition_reason=0 recovery_episode_id=0 q_rad=[0.102521,1.026544,-1.672106,-0.039772,1.040404,-1.512473,0.018465,0.988423,-1.662272,-0.028475,1.047663,-1.743132]
[ros2_control_node-3] [INFO] [1791434700.400025322] [StateRL]: [ABS-POLICY-CMD] event=command_write clock=steady_clock_ns write_ns=16486754306388 write_id=1707 source_session_id=16478219458311 source_policy_cycle_id=425 source_mode=0 action_source=1 transition_reason=0 recovery_episode_id=0 q_rad=[0.102521,1.026544,-1.672106,-0.039772,1.040404,-1.512473,0.018465,0.988423,-1.662272,-0.028475,1.047663,-1.743132]
[ros2_control_node-3] [INFO] [1791434700.407024474] [StateRL]: [ABS-POLICY-CMD] event=command_write clock=steady_clock_ns write_ns=16486761302316 write_id=1708 source_session_id=16478219458311 source_policy_cycle_id=426 source_mode=0 action_source=1 transition_reason=0 recovery_episode_id=0 q_rad=[0.102733,1.027142,-1.670949,-0.040341,1.040365,-1.512950,0.018485,0.988564,-1.662072,-0.028221,1.047044,-1.743930]
[ros2_control_node-3] [INFO] [1791434700.409803043] [StateRL]: [ABS-POLICY-CMD] event=command_write clock=steady_clock_ns write_ns=16486764092198 write_id=1709 source_session_id=16478219458311 source_policy_cycle_id=426 source_mode=0 action_source=1 transition_reason=0 recovery_episode_id=0 q_rad=[0.102733,1.027142,-1.670949,-0.040341,1.040365,-1.512950,0.018485,0.988564,-1.662072,-0.028221,1.047044,-1.743930]
[ros2_control_node-3] [INFO] [1791434700.414820821] [StateRL]: [ABS-POLICY-CMD] event=command_write clock=steady_clock_ns write_ns=16486769107878 write_id=1710 source_session_id=16478219458311 source_policy_cycle_id=426 source_mode=0 action_source=1 transition_reason=0 recovery_episode_id=0 q_rad=[0.102733,1.027142,-1.670949,-0.040341,1.040365,-1.512950,0.018485,0.988564,-1.662072,-0.028221,1.047044,-1.743930]
[ros2_control_node-3] [INFO] [1791434700.419814034] [StateRL]: [ABS-POLICY-CMD] event=command_write clock=steady_clock_ns write_ns=16486774100622 write_id=1711 source_session_id=16478219458311 source_policy_cycle_id=426 source_mode=0 action_source=1 transition_reason=0 recovery_episode_id=0 q_rad=[0.102733,1.027142,-1.670949,-0.040341,1.040365,-1.512950,0.018485,0.988564,-1.662072,-0.028221,1.047044,-1.743930]
[ros2_control_node-3] [INFO] [1791434700.427427099] [StateRL]: [ABS-POLICY-CMD] event=command_write clock=steady_clock_ns write_ns=16486781701351 write_id=1712 source_session_id=16478219458311 source_policy_cycle_id=427 source_mode=0 action_source=1 transition_reason=0 recovery_episode_id=0 q_rad=[0.103092,1.027767,-1.669765,-0.040847,1.040264,-1.513289,0.018461,0.988703,-1.662061,-0.027992,1.046420,-1.744680]
[ros2_control_node-3] [INFO] [1791434700.430340255] [StateRL]: [ABS-POLICY-CMD] event=command_write clock=steady_clock_ns write_ns=16486784589777 write_id=1713 source_session_id=16478219458311 source_policy_cycle_id=427 source_mode=0 action_source=1 transition_reason=0 recovery_episode_id=0 q_rad=[0.103092,1.027767,-1.669765,-0.040847,1.040264,-1.513289,0.018461,0.988703,-1.662061,-0.027992,1.046420,-1.744680]
[ros2_control_node-3] [INFO] [1791434700.435413151] [StateRL]: [ABS-POLICY-CMD] event=command_write clock=steady_clock_ns write_ns=16486789651433 write_id=1714 source_session_id=16478219458311 source_policy_cycle_id=427 source_mode=0 action_source=1 transition_reason=0 recovery_episode_id=0 q_rad=[0.103092,1.027767,-1.669765,-0.040847,1.040264,-1.513289,0.018461,0.988703,-1.662061,-0.027992,1.046420,-1.744680]
[ros2_control_node-3] [INFO] [1791434700.440395908] [StateRL]: [ABS-POLICY-CMD] event=command_write clock=steady_clock_ns write_ns=16486794646141 write_id=1715 source_session_id=16478219458311 source_policy_cycle_id=427 source_mode=0 action_source=1 transition_reason=0 recovery_episode_id=0 q_rad=[0.103092,1.027767,-1.669765,-0.040847,1.040264,-1.513289,0.018461,0.988703,-1.662061,-0.027992,1.046420,-1.744680]
[ros2_control_node-3] [INFO] [1791434700.447500961] [StateRL]: [ABS-POLICY-CMD] event=command_write clock=steady_clock_ns write_ns=16486801786784 write_id=1716 source_session_id=16478219458311 source_policy_cycle_id=428 source_mode=0 action_source=1 transition_reason=0 recovery_episode_id=0 q_rad=[0.103459,1.028413,-1.668731,-0.041225,1.040168,-1.513368,0.018405,0.988788,-1.662221,-0.027767,1.045814,-1.745347]
[ros2_control_node-3] [INFO] [1791434700.449816255] [StateRL]: [ABS-POLICY-CMD] event=command_write clock=steady_clock_ns write_ns=16486804088022 write_id=1717 source_session_id=16478219458311 source_policy_cycle_id=428 source_mode=0 action_source=1 transition_reason=0 recovery_episode_id=0 q_rad=[0.103459,1.028413,-1.668731,-0.041225,1.040168,-1.513368,0.018405,0.988788,-1.662221,-0.027767,1.045814,-1.745347]
[ros2_control_node-3] [INFO] [1791434700.454840157] [StateRL]: [ABS-POLICY-CMD] event=command_write clock=steady_clock_ns write_ns=16486809123741 write_id=1718 source_session_id=16478219458311 source_policy_cycle_id=428 source_mode=0 action_source=1 transition_reason=0 recovery_episode_id=0 q_rad=[0.103459,1.028413,-1.668731,-0.041225,1.040168,-1.513368,0.018405,0.988788,-1.662221,-0.027767,1.045814,-1.745347]
[ros2_control_node-3] [INFO] [1791434700.459783702] [StateRL]: [ABS-POLICY-CMD] event=command_write clock=steady_clock_ns write_ns=16486814071183 write_id=1719 source_session_id=16478219458311 source_policy_cycle_id=428 source_mode=0 action_source=1 transition_reason=0 recovery_episode_id=0 q_rad=[0.103459,1.028413,-1.668731,-0.041225,1.040168,-1.513368,0.018405,0.988788,-1.662221,-0.027767,1.045814,-1.745347]
[ros2_control_node-3] [INFO] [1791434700.466551004] [StateRL]: [ABS-POLICY-CMD] event=command_write clock=steady_clock_ns write_ns=16486820826703 write_id=1720 source_session_id=16478219458311 source_policy_cycle_id=429 source_mode=0 action_source=1 transition_reason=0 recovery_episode_id=0 q_rad=[0.103793,1.029078,-1.667896,-0.041478,1.040063,-1.513206,0.018313,0.988818,-1.662446,-0.027515,1.045234,-1.745983]
[ros2_control_node-3] [INFO] [1791434700.469762700] [StateRL]: [ABS-POLICY-CMD] event=command_write clock=steady_clock_ns write_ns=16486824051854 write_id=1721 source_session_id=16478219458311 source_policy_cycle_id=429 source_mode=0 action_source=1 transition_reason=0 recovery_episode_id=0 q_rad=[0.103793,1.029078,-1.667896,-0.041478,1.040063,-1.513206,0.018313,0.988818,-1.662446,-0.027515,1.045234,-1.745983]
[ros2_control_node-3] [INFO] [1791434700.474805061] [StateRL]: [ABS-POLICY-CMD] event=command_write clock=steady_clock_ns write_ns=16486829095134 write_id=1722 source_session_id=16478219458311 source_policy_cycle_id=429 source_mode=0 action_source=1 transition_reason=0 recovery_episode_id=0 q_rad=[0.103793,1.029078,-1.667896,-0.041478,1.040063,-1.513206,0.018313,0.988818,-1.662446,-0.027515,1.045234,-1.745983]
[ros2_control_node-3] [INFO] [1791434700.474854982] [StateRL]: [ABS-LIVE-CMD] event=rl_command_write clock=steady_clock_ns timestamp_ns=16486829162047 sequence=2000 controller_state=RL rl_active=1 finite=1 kp_zero=0 kd_zero=0 tau_zero=1 veto_reason= q=[0.1038,1.0291,-1.6679,-0.0415,1.0401,-1.5132,0.0183,0.9888,-1.6624,-0.0275,1.0452,-1.7460] kp=[30.0000,30.0000,30.0000,30.0000,30.0000,30.0000,30.0000,30.0000,30.0000,30.0000,30.0000,30.0000] kd=[0.6500,0.6500,0.6500,0.6500,0.6500,0.6500,0.6500,0.6500,0.6500,0.6500,0.6500,0.6500] tau=[0.0000,0.0000,0.0000,0.0000,0.0000,0.0000,0.0000,0.0000,0.0000,0.0000,0.0000,0.0000]
[ros2_control_node-3] [INFO] [1791434700.479716348] [StateRL]: [ABS-POLICY-CMD] event=command_write clock=steady_clock_ns write_ns=16486834011638 write_id=1723 source_session_id=16478219458311 source_policy_cycle_id=429 source_mode=0 action_source=1 transition_reason=0 recovery_episode_id=0 q_rad=[0.103793,1.029078,-1.667896,-0.041478,1.040063,-1.513206,0.018313,0.988818,-1.662446,-0.027515,1.045234,-1.745983]
[ros2_control_node-3] [INFO] [1791434700.485614376] [StateRL]: [ABS-POLICY-CMD] event=command_write clock=steady_clock_ns write_ns=16486839901191 write_id=1724 source_session_id=16478219458311 source_policy_cycle_id=430 source_mode=0 action_source=1 transition_reason=0 recovery_episode_id=0 q_rad=[0.104025,1.029738,-1.667245,-0.041633,1.040003,-1.512832,0.018213,0.988781,-1.662734,-0.027240,1.044682,-1.746572]
[ros2_control_node-3] [INFO] [1791434700.489839585] [StateRL]: [ABS-POLICY-CMD] event=command_write clock=steady_clock_ns write_ns=16486844121773 write_id=1725 source_session_id=16478219458311 source_policy_cycle_id=430 source_mode=0 action_source=1 transition_reason=0 recovery_episode_id=0 q_rad=[0.104025,1.029738,-1.667245,-0.041633,1.040003,-1.512832,0.018213,0.988781,-1.662734,-0.027240,1.044682,-1.746572]
[ros2_control_node-3] [INFO] [1791434700.494799216] [StateRL]: [ABS-POLICY-CMD] event=command_write clock=steady_clock_ns write_ns=16486849087103 write_id=1726 source_session_id=16478219458311 source_policy_cycle_id=430 source_mode=0 action_source=1 transition_reason=0 recovery_episode_id=0 q_rad=[0.104025,1.029738,-1.667245,-0.041633,1.040003,-1.512832,0.018213,0.988781,-1.662734,-0.027240,1.044682,-1.746572]
[ros2_control_node-3] [INFO] [1791434700.499853347] [StateRL]: [ABS-POLICY-CMD] event=command_write clock=steady_clock_ns write_ns=16486854139660 write_id=1727 source_session_id=16478219458311 source_policy_cycle_id=430 source_mode=0 action_source=1 transition_reason=0 recovery_episode_id=0 q_rad=[0.104025,1.029738,-1.667245,-0.041633,1.040003,-1.512832,0.018213,0.988781,-1.662734,-0.027240,1.044682,-1.746572]
[ros2_control_node-3] [INFO] [1791434700.505885286] [StateRL]: [ABS-POLICY-CMD] event=command_write clock=steady_clock_ns write_ns=16486860172378 write_id=1728 source_session_id=16478219458311 source_policy_cycle_id=431 source_mode=0 action_source=1 transition_reason=0 recovery_episode_id=0 q_rad=[0.104164,1.030396,-1.666747,-0.041724,1.039985,-1.512317,0.018106,0.988694,-1.663024,-0.026942,1.044156,-1.747142]
[ros2_control_node-3] [INFO] [1791434700.509813084] [StateRL]: [ABS-POLICY-CMD] event=command_write clock=steady_clock_ns write_ns=16486864101887 write_id=1729 source_session_id=16478219458311 source_policy_cycle_id=431 source_mode=0 action_source=1 transition_reason=0 recovery_episode_id=0 q_rad=[0.104164,1.030396,-1.666747,-0.041724,1.039985,-1.512317,0.018106,0.988694,-1.663024,-0.026942,1.044156,-1.747142]
[ros2_control_node-3] [INFO] [1791434700.514862179] [StateRL]: [ABS-POLICY-CMD] event=command_write clock=steady_clock_ns write_ns=16486869137246 write_id=1730 source_session_id=16478219458311 source_policy_cycle_id=431 source_mode=0 action_source=1 transition_reason=0 recovery_episode_id=0 q_rad=[0.104164,1.030396,-1.666747,-0.041724,1.039985,-1.512317,0.018106,0.988694,-1.663024,-0.026942,1.044156,-1.747142]
[ros2_control_node-3] [INFO] [1791434700.519796453] [StateRL]: [ABS-POLICY-CMD] event=command_write clock=steady_clock_ns write_ns=16486874088912 write_id=1731 source_session_id=16478219458311 source_policy_cycle_id=431 source_mode=0 action_source=1 transition_reason=0 recovery_episode_id=0 q_rad=[0.104164,1.030396,-1.666747,-0.041724,1.039985,-1.512317,0.018106,0.988694,-1.663024,-0.026942,1.044156,-1.747142]
[ros2_control_node-3] [INFO] [1791434700.526113691] [StateRL]: [ABS-POLICY-CMD] event=command_write clock=steady_clock_ns write_ns=16486880403501 write_id=1732 source_session_id=16478219458311 source_policy_cycle_id=432 source_mode=0 action_source=1 transition_reason=0 recovery_episode_id=0 q_rad=[0.104223,1.031052,-1.666344,-0.041780,1.040004,-1.511720,0.018001,0.988576,-1.663294,-0.026628,1.043648,-1.747702]
[ros2_control_node-3] [INFO] [1791434700.529818121] [StateRL]: [ABS-POLICY-CMD] event=command_write clock=steady_clock_ns write_ns=16486884108004 write_id=1733 source_session_id=16478219458311 source_policy_cycle_id=432 source_mode=0 action_source=1 transition_reason=0 recovery_episode_id=0 q_rad=[0.104223,1.031052,-1.666344,-0.041780,1.040004,-1.511720,0.018001,0.988576,-1.663294,-0.026628,1.043648,-1.747702]
[ros2_control_node-3] [INFO] [1791434700.534835886] [StateRL]: [ABS-POLICY-CMD] event=command_write clock=steady_clock_ns write_ns=16486889109788 write_id=1734 source_session_id=16478219458311 source_policy_cycle_id=432 source_mode=0 action_source=1 transition_reason=0 recovery_episode_id=0 q_rad=[0.104223,1.031052,-1.666344,-0.041780,1.040004,-1.511720,0.018001,0.988576,-1.663294,-0.026628,1.043648,-1.747702]
[ros2_control_node-3] [INFO] [1791434700.539850228] [StateRL]: [ABS-POLICY-CMD] event=command_write clock=steady_clock_ns write_ns=16486894131143 write_id=1735 source_session_id=16478219458311 source_policy_cycle_id=432 source_mode=0 action_source=1 transition_reason=0 recovery_episode_id=0 q_rad=[0.104223,1.031052,-1.666344,-0.041780,1.040004,-1.511720,0.018001,0.988576,-1.663294,-0.026628,1.043648,-1.747702]
[ros2_control_node-3] [INFO] [1791434700.546125865] [StateRL]: [ABS-POLICY-CMD] event=command_write clock=steady_clock_ns write_ns=16486900402496 write_id=1736 source_session_id=16478219458311 source_policy_cycle_id=433 source_mode=0 action_source=1 transition_reason=0 recovery_episode_id=0 q_rad=[0.104212,1.031705,-1.666001,-0.041820,1.040069,-1.511081,0.017904,0.988436,-1.663546,-0.026306,1.043154,-1.748248]
[ros2_control_node-3] [INFO] [1791434700.549967884] [StateRL]: [ABS-POLICY-CMD] event=command_write clock=steady_clock_ns write_ns=16486904237657 write_id=1737 source_session_id=16478219458311 source_policy_cycle_id=433 source_mode=0 action_source=1 transition_reason=0 recovery_episode_id=0 q_rad=[0.104212,1.031705,-1.666001,-0.041820,1.040069,-1.511081,0.017904,0.988436,-1.663546,-0.026306,1.043154,-1.748248]
[ros2_control_node-3] [INFO] [1791434700.554825611] [StateRL]: [ABS-POLICY-CMD] event=command_write clock=steady_clock_ns write_ns=16486909111992 write_id=1738 source_session_id=16478219458311 source_policy_cycle_id=433 source_mode=0 action_source=1 transition_reason=0 recovery_episode_id=0 q_rad=[0.104212,1.031705,-1.666001,-0.041820,1.040069,-1.511081,0.017904,0.988436,-1.663546,-0.026306,1.043154,-1.748248]
[ros2_control_node-3] [INFO] [1791434700.559880527] [StateRL]: [ABS-POLICY-CMD] event=command_write clock=steady_clock_ns write_ns=16486914148051 write_id=1739 source_session_id=16478219458311 source_policy_cycle_id=433 source_mode=0 action_source=1 transition_reason=0 recovery_episode_id=0 q_rad=[0.104212,1.031705,-1.666001,-0.041820,1.040069,-1.511081,0.017904,0.988436,-1.663546,-0.026306,1.043154,-1.748248]
[ros2_control_node-3] [INFO] [1791434700.566341619] [StateRL]: [ABS-POLICY-CMD] event=command_write clock=steady_clock_ns write_ns=16486920623015 write_id=1740 source_session_id=16478219458311 source_policy_cycle_id=434 source_mode=0 action_source=1 transition_reason=0 recovery_episode_id=0 q_rad=[0.104174,1.032369,-1.665683,-0.041868,1.040135,-1.510485,0.017811,0.988304,-1.663722,-0.025969,1.042666,-1.748816]
[ros2_control_node-3] [INFO] [1791434700.569798677] [StateRL]: [ABS-POLICY-CMD] event=command_write clock=steady_clock_ns write_ns=16486924089034 write_id=1741 source_session_id=16478219458311 source_policy_cycle_id=434 source_mode=0 action_source=1 transition_reason=0 recovery_episode_id=0 q_rad=[0.104174,1.032369,-1.665683,-0.041868,1.040135,-1.510485,0.017811,0.988304,-1.663722,-0.025969,1.042666,-1.748816]
[ros2_control_node-3] [INFO] [1791434700.574953788] [StateRL]: [ABS-POLICY-CMD] event=command_write clock=steady_clock_ns write_ns=16486929225344 write_id=1742 source_session_id=16478219458311 source_policy_cycle_id=434 source_mode=0 action_source=1 transition_reason=0 recovery_episode_id=0 q_rad=[0.104174,1.032369,-1.665683,-0.041868,1.040135,-1.510485,0.017811,0.988304,-1.663722,-0.025969,1.042666,-1.748816]
[ros2_control_node-3] [INFO] [1791434700.579796440] [StateRL]: [ABS-POLICY-CMD] event=command_write clock=steady_clock_ns write_ns=16486934085353 write_id=1743 source_session_id=16478219458311 source_policy_cycle_id=434 source_mode=0 action_source=1 transition_reason=0 recovery_episode_id=0 q_rad=[0.104174,1.032369,-1.665683,-0.041868,1.040135,-1.510485,0.017811,0.988304,-1.663722,-0.025969,1.042666,-1.748816]
[ros2_control_node-3] [INFO] [1791434700.586604568] [StateRL]: [ABS-POLICY-CMD] event=command_write clock=steady_clock_ns write_ns=16486940883454 write_id=1744 source_session_id=16478219458311 source_policy_cycle_id=435 source_mode=0 action_source=1 transition_reason=0 recovery_episode_id=0 q_rad=[0.104113,1.033018,-1.665338,-0.041931,1.040216,-1.509913,0.017731,0.988173,-1.663883,-0.025638,1.042179,-1.749377]
[ros2_control_node-3] [INFO] [1791434700.589798140] [StateRL]: [ABS-POLICY-CMD] event=command_write clock=steady_clock_ns write_ns=16486944083974 write_id=1745 source_session_id=16478219458311 source_policy_cycle_id=435 source_mode=0 action_source=1 transition_reason=0 recovery_episode_id=0 q_rad=[0.104113,1.033018,-1.665338,-0.041931,1.040216,-1.509913,0.017731,0.988173,-1.663883,-0.025638,1.042179,-1.749377]
[ros2_control_node-3] [INFO] [1791434700.595277499] [StateRL]: [ABS-POLICY-CMD] event=command_write clock=steady_clock_ns write_ns=16486949520641 write_id=1746 source_session_id=16478219458311 source_policy_cycle_id=435 source_mode=0 action_source=1 transition_reason=0 recovery_episode_id=0 q_rad=[0.104113,1.033018,-1.665338,-0.041931,1.040216,-1.509913,0.017731,0.988173,-1.663883,-0.025638,1.042179,-1.749377]
[ros2_control_node-3] [INFO] [1791434700.600186278] [StateRL]: [ABS-POLICY-CMD] event=command_write clock=steady_clock_ns write_ns=16486954447804 write_id=1747 source_session_id=16478219458311 source_policy_cycle_id=435 source_mode=0 action_source=1 transition_reason=0 recovery_episode_id=0 q_rad=[0.104113,1.033018,-1.665338,-0.041931,1.040216,-1.509913,0.017731,0.988173,-1.663883,-0.025638,1.042179,-1.749377]
[ros2_control_node-3] [INFO] [1791434700.600308401] [StateRL]: [ABS-LIVE-CMD] event=rl_command_write clock=steady_clock_ns timestamp_ns=16486954615077 sequence=2025 controller_state=RL rl_active=1 finite=1 kp_zero=0 kd_zero=0 tau_zero=1 veto_reason= q=[0.1041,1.0330,-1.6653,-0.0419,1.0402,-1.5099,0.0177,0.9882,-1.6639,-0.0256,1.0422,-1.7494] kp=[30.0000,30.0000,30.0000,30.0000,30.0000,30.0000,30.0000,30.0000,30.0000,30.0000,30.0000,30.0000] kd=[0.6500,0.6500,0.6500,0.6500,0.6500,0.6500,0.6500,0.6500,0.6500,0.6500,0.6500,0.6500] tau=[0.0000,0.0000,0.0000,0.0000,0.0000,0.0000,0.0000,0.0000,0.0000,0.0000,0.0000,0.0000]
[ros2_control_node-3] [INFO] [1791434700.608346497] [StateRL]: [ABS-POLICY-CMD] event=command_write clock=steady_clock_ns write_ns=16486962595623 write_id=1748 source_session_id=16478219458311 source_policy_cycle_id=436 source_mode=0 action_source=1 transition_reason=0 recovery_episode_id=0 q_rad=[0.104045,1.033663,-1.664975,-0.042004,1.040317,-1.509350,0.017655,0.988040,-1.664049,-0.025314,1.041692,-1.749929]
[ros2_control_node-3] [INFO] [1791434700.610772362] [StateRL]: [ABS-POLICY-CMD] event=command_write clock=steady_clock_ns write_ns=16486965040276 write_id=1749 source_session_id=16478219458311 source_policy_cycle_id=436 source_mode=0 action_source=1 transition_reason=0 recovery_episode_id=0 q_rad=[0.104045,1.033663,-1.664975,-0.042004,1.040317,-1.509350,0.017655,0.988040,-1.664049,-0.025314,1.041692,-1.749929]
[ros2_control_node-3] [INFO] [1791434700.615233673] [StateRL]: [ABS-POLICY-CMD] event=command_write clock=steady_clock_ns write_ns=16486969487389 write_id=1750 source_session_id=16478219458311 source_policy_cycle_id=436 source_mode=0 action_source=1 transition_reason=0 recovery_episode_id=0 q_rad=[0.104045,1.033663,-1.664975,-0.042004,1.040317,-1.509350,0.017655,0.988040,-1.664049,-0.025314,1.041692,-1.749929]
[ros2_control_node-3] [INFO] [1791434700.619804863] [StateRL]: [ABS-POLICY-CMD] event=command_write clock=steady_clock_ns write_ns=16486974095536 write_id=1751 source_session_id=16478219458311 source_policy_cycle_id=436 source_mode=0 action_source=1 transition_reason=0 recovery_episode_id=0 q_rad=[0.104045,1.033663,-1.664975,-0.042004,1.040317,-1.509350,0.017655,0.988040,-1.664049,-0.025314,1.041692,-1.749929]
[ros2_control_node-3] [INFO] [1791434700.626784222] [StateRL]: [ABS-POLICY-CMD] event=command_write clock=steady_clock_ns write_ns=16486981068650 write_id=1752 source_session_id=16478219458311 source_policy_cycle_id=437 source_mode=0 action_source=1 transition_reason=0 recovery_episode_id=0 q_rad=[0.103920,1.034272,-1.664619,-0.042045,1.040515,-1.508595,0.017584,0.987849,-1.664382,-0.025025,1.041210,-1.750390]
[ros2_control_node-3] [INFO] [1791434700.629807203] [StateRL]: [ABS-POLICY-CMD] event=command_write clock=steady_clock_ns write_ns=16486984097981 write_id=1753 source_session_id=16478219458311 source_policy_cycle_id=437 source_mode=0 action_source=1 transition_reason=0 recovery_episode_id=0 q_rad=[0.103920,1.034272,-1.664619,-0.042045,1.040515,-1.508595,0.017584,0.987849,-1.664382,-0.025025,1.041210,-1.750390]
[ros2_control_node-3] [INFO] [1791434700.634831010] [StateRL]: [ABS-POLICY-CMD] event=command_write clock=steady_clock_ns write_ns=16486989121705 write_id=1754 source_session_id=16478219458311 source_policy_cycle_id=437 source_mode=0 action_source=1 transition_reason=0 recovery_episode_id=0 q_rad=[0.103920,1.034272,-1.664619,-0.042045,1.040515,-1.508595,0.017584,0.987849,-1.664382,-0.025025,1.041210,-1.750390]
[ros2_control_node-3] [INFO] [1791434700.639897260] [StateRL]: [ABS-POLICY-CMD] event=command_write clock=steady_clock_ns write_ns=16486994187826 write_id=1755 source_session_id=16478219458311 source_policy_cycle_id=437 source_mode=0 action_source=1 transition_reason=0 recovery_episode_id=0 q_rad=[0.103920,1.034272,-1.664619,-0.042045,1.040515,-1.508595,0.017584,0.987849,-1.664382,-0.025025,1.041210,-1.750390]
[ros2_control_node-3] [INFO] [1791434700.646041642] [StateRL]: [ABS-POLICY-CMD] event=command_write clock=steady_clock_ns write_ns=16487000335044 write_id=1756 source_session_id=16478219458311 source_policy_cycle_id=438 source_mode=0 action_source=1 transition_reason=0 recovery_episode_id=0 q_rad=[0.103762,1.034907,-1.664365,-0.042033,1.040763,-1.507688,0.017488,0.987617,-1.664773,-0.024725,1.040742,-1.750819]
[ros2_control_node-3] [INFO] [1791434700.650074155] [StateRL]: [ABS-POLICY-CMD] event=command_write clock=steady_clock_ns write_ns=16487004341250 write_id=1757 source_session_id=16478219458311 source_policy_cycle_id=438 source_mode=0 action_source=1 transition_reason=0 recovery_episode_id=0 q_rad=[0.103762,1.034907,-1.664365,-0.042033,1.040763,-1.507688,0.017488,0.987617,-1.664773,-0.024725,1.040742,-1.750819]
[ros2_control_node-3] [INFO] [1791434700.654825933] [StateRL]: [ABS-POLICY-CMD] event=command_write clock=steady_clock_ns write_ns=16487009122765 write_id=1758 source_session_id=16478219458311 source_policy_cycle_id=438 source_mode=0 action_source=1 transition_reason=0 recovery_episode_id=0 q_rad=[0.103762,1.034907,-1.664365,-0.042033,1.040763,-1.507688,0.017488,0.987617,-1.664773,-0.024725,1.040742,-1.750819]
[ros2_control_node-3] [INFO] [1791434700.659870437] [StateRL]: [ABS-POLICY-CMD] event=command_write clock=steady_clock_ns write_ns=16487014155577 write_id=1759 source_session_id=16478219458311 source_policy_cycle_id=438 source_mode=0 action_source=1 transition_reason=0 recovery_episode_id=0 q_rad=[0.103762,1.034907,-1.664365,-0.042033,1.040763,-1.507688,0.017488,0.987617,-1.664773,-0.024725,1.040742,-1.750819]
[ros2_control_node-3] [INFO] [1791434700.666718939] [StateRL]: [ABS-POLICY-CMD] event=command_write clock=steady_clock_ns write_ns=16487021008934 write_id=1760 source_session_id=16478219458311 source_policy_cycle_id=439 source_mode=0 action_source=1 transition_reason=0 recovery_episode_id=0 q_rad=[0.103555,1.035560,-1.664204,-0.041967,1.041036,-1.506664,0.017380,0.987359,-1.665176,-0.024410,1.040287,-1.751233]
[ros2_control_node-3] [INFO] [1791434700.669779984] [StateRL]: [ABS-POLICY-CMD] event=command_write clock=steady_clock_ns write_ns=16487024073601 write_id=1761 source_session_id=16478219458311 source_policy_cycle_id=439 source_mode=0 action_source=1 transition_reason=0 recovery_episode_id=0 q_rad=[0.103555,1.035560,-1.664204,-0.041967,1.041036,-1.506664,0.017380,0.987359,-1.665176,-0.024410,1.040287,-1.751233]
[ros2_control_node-3] [INFO] [1791434700.674931229] [StateRL]: [ABS-POLICY-CMD] event=command_write clock=steady_clock_ns write_ns=16487029218913 write_id=1762 source_session_id=16478219458311 source_policy_cycle_id=439 source_mode=0 action_source=1 transition_reason=0 recovery_episode_id=0 q_rad=[0.103555,1.035560,-1.664204,-0.041967,1.041036,-1.506664,0.017380,0.987359,-1.665176,-0.024410,1.040287,-1.751233]
[ros2_control_node-3] [INFO] [1791434700.679796353] [StateRL]: [ABS-POLICY-CMD] event=command_write clock=steady_clock_ns write_ns=16487034089272 write_id=1763 source_session_id=16478219458311 source_policy_cycle_id=439 source_mode=0 action_source=1 transition_reason=0 recovery_episode_id=0 q_rad=[0.103555,1.035560,-1.664204,-0.041967,1.041036,-1.506664,0.017380,0.987359,-1.665176,-0.024410,1.040287,-1.751233]
[ros2_control_node-3] [INFO] [1791434700.686584631] [StateRL]: [ABS-POLICY-CMD] event=command_write clock=steady_clock_ns write_ns=16487040874717 write_id=1764 source_session_id=16478219458311 source_policy_cycle_id=440 source_mode=0 action_source=1 transition_reason=0 recovery_episode_id=0 q_rad=[0.103303,1.036221,-1.664107,-0.041862,1.041332,-1.505562,0.017266,0.987080,-1.665582,-0.024084,1.039844,-1.751635]
[ros2_control_node-3] [INFO] [1791434700.689857268] [StateRL]: [ABS-POLICY-CMD] event=command_write clock=steady_clock_ns write_ns=16487044140292 write_id=1765 source_session_id=16478219458311 source_policy_cycle_id=440 source_mode=0 action_source=1 transition_reason=0 recovery_episode_id=0 q_rad=[0.103303,1.036221,-1.664107,-0.041862,1.041332,-1.505562,0.017266,0.987080,-1.665582,-0.024084,1.039844,-1.751635]
[ros2_control_node-3] [INFO] [1791434700.695411930] [StateRL]: [ABS-POLICY-CMD] event=command_write clock=steady_clock_ns write_ns=16487049652277 write_id=1766 source_session_id=16478219458311 source_policy_cycle_id=440 source_mode=0 action_source=1 transition_reason=0 recovery_episode_id=0 q_rad=[0.103303,1.036221,-1.664107,-0.041862,1.041332,-1.505562,0.017266,0.987080,-1.665582,-0.024084,1.039844,-1.751635]
[ros2_control_node-3] [INFO] [1791434700.699808539] [StateRL]: [ABS-POLICY-CMD] event=command_write clock=steady_clock_ns write_ns=16487054101628 write_id=1767 source_session_id=16478219458311 source_policy_cycle_id=440 source_mode=0 action_source=1 transition_reason=0 recovery_episode_id=0 q_rad=[0.103303,1.036221,-1.664107,-0.041862,1.041332,-1.505562,0.017266,0.987080,-1.665582,-0.024084,1.039844,-1.751635]
[ros2_control_node-3] [INFO] [1791434700.706559643] [StateRL]: [ABS-POLICY-CMD] event=command_write clock=steady_clock_ns write_ns=16487060852649 write_id=1768 source_session_id=16478219458311 source_policy_cycle_id=441 source_mode=0 action_source=1 transition_reason=0 recovery_episode_id=0 q_rad=[0.103018,1.036883,-1.664052,-0.041730,1.041643,-1.504409,0.017146,0.986785,-1.665987,-0.023751,1.039410,-1.752030]
[ros2_control_node-3] [INFO] [1791434700.709758904] [StateRL]: [ABS-POLICY-CMD] event=command_write clock=steady_clock_ns write_ns=16487064053150 write_id=1769 source_session_id=16478219458311 source_policy_cycle_id=441 source_mode=0 action_source=1 transition_reason=0 recovery_episode_id=0 q_rad=[0.103018,1.036883,-1.664052,-0.041730,1.041643,-1.504409,0.017146,0.986785,-1.665987,-0.023751,1.039410,-1.752030]
[ros2_control_node-3] [INFO] [1791434700.714808505] [StateRL]: [ABS-POLICY-CMD] event=command_write clock=steady_clock_ns write_ns=16487069102484 write_id=1770 source_session_id=16478219458311 source_policy_cycle_id=441 source_mode=0 action_source=1 transition_reason=0 recovery_episode_id=0 q_rad=[0.103018,1.036883,-1.664052,-0.041730,1.041643,-1.504409,0.017146,0.986785,-1.665987,-0.023751,1.039410,-1.752030]
[ros2_control_node-3] [INFO] [1791434700.719786580] [StateRL]: [ABS-POLICY-CMD] event=command_write clock=steady_clock_ns write_ns=16487074078628 write_id=1771 source_session_id=16478219458311 source_policy_cycle_id=441 source_mode=0 action_source=1 transition_reason=0 recovery_episode_id=0 q_rad=[0.103018,1.036883,-1.664052,-0.041730,1.041643,-1.504409,0.017146,0.986785,-1.665987,-0.023751,1.039410,-1.752030]
[ros2_control_node-3] [INFO] [1791434700.728746847] [StateRL]: [ABS-POLICY-CMD] event=command_write clock=steady_clock_ns write_ns=16487082944367 write_id=1772 source_session_id=16478219458311 source_policy_cycle_id=442 source_mode=0 action_source=1 transition_reason=0 recovery_episode_id=0 q_rad=[0.102710,1.037546,-1.664022,-0.041581,1.041964,-1.503224,0.017023,0.986480,-1.666391,-0.023413,1.038982,-1.752421]
[ros2_control_node-3] [INFO] [1791434700.728969654] [StateRL]: [ABS-LIVE-CMD] event=rl_command_write clock=steady_clock_ns timestamp_ns=16487083275309 sequence=2050 controller_state=RL rl_active=1 finite=1 kp_zero=0 kd_zero=0 tau_zero=1 veto_reason= q=[0.1027,1.0375,-1.6640,-0.0416,1.0420,-1.5032,0.0170,0.9865,-1.6664,-0.0234,1.0390,-1.7524] kp=[30.0000,30.0000,30.0000,30.0000,30.0000,30.0000,30.0000,30.0000,30.0000,30.0000,30.0000,30.0000] kd=[0.6500,0.6500,0.6500,0.6500,0.6500,0.6500,0.6500,0.6500,0.6500,0.6500,0.6500,0.6500] tau=[0.0000,0.0000,0.0000,0.0000,0.0000,0.0000,0.0000,0.0000,0.0000,0.0000,0.0000,0.0000]
[ros2_control_node-3] [INFO] [1791434700.732349130] [StateRL]: [ABS-POLICY-CMD] event=command_write clock=steady_clock_ns write_ns=16487086593888 write_id=1773 source_session_id=16478219458311 source_policy_cycle_id=442 source_mode=0 action_source=1 transition_reason=0 recovery_episode_id=0 q_rad=[0.102710,1.037546,-1.664022,-0.041581,1.041964,-1.503224,0.017023,0.986480,-1.666391,-0.023413,1.038982,-1.752421]
[ros2_control_node-3] [INFO] [1791434700.735893158] [StateRL]: [ABS-POLICY-CMD] event=command_write clock=steady_clock_ns write_ns=16487090140383 write_id=1774 source_session_id=16478219458311 source_policy_cycle_id=442 source_mode=0 action_source=1 transition_reason=0 recovery_episode_id=0 q_rad=[0.102710,1.037546,-1.664022,-0.041581,1.041964,-1.503224,0.017023,0.986480,-1.666391,-0.023413,1.038982,-1.752421]
[ros2_control_node-3] [INFO] [1791434700.740264276] [StateRL]: [ABS-POLICY-CMD] event=command_write clock=steady_clock_ns write_ns=16487094522660 write_id=1775 source_session_id=16478219458311 source_policy_cycle_id=442 source_mode=0 action_source=1 transition_reason=0 recovery_episode_id=0 q_rad=[0.102710,1.037546,-1.664022,-0.041581,1.041964,-1.503224,0.017023,0.986480,-1.666391,-0.023413,1.038982,-1.752421]
[ros2_control_node-3] [INFO] [1791434700.754497060] [StateRL]: [ABS-POLICY-CMD] event=command_write clock=steady_clock_ns write_ns=16487108704873 write_id=1776 source_session_id=16478219458311 source_policy_cycle_id=443 source_mode=0 action_source=1 transition_reason=0 recovery_episode_id=0 q_rad=[0.102387,1.038210,-1.664005,-0.041421,1.042292,-1.502021,0.016896,0.986169,-1.666795,-0.023072,1.038557,-1.752808]
[ros2_control_node-3] [INFO] [1791434700.757382524] [StateRL]: [ABS-POLICY-CMD] event=command_write clock=steady_clock_ns write_ns=16487111633007 write_id=1777 source_session_id=16478219458311 source_policy_cycle_id=443 source_mode=0 action_source=1 transition_reason=0 recovery_episode_id=0 q_rad=[0.102387,1.038210,-1.664005,-0.041421,1.042292,-1.502021,0.016896,0.986169,-1.666795,-0.023072,1.038557,-1.752808]
[ros2_control_node-3] [INFO] [1791434700.759843744] [StateRL]: [ABS-POLICY-CMD] event=command_write clock=steady_clock_ns write_ns=16487114112496 write_id=1778 source_session_id=16478219458311 source_policy_cycle_id=443 source_mode=0 action_source=1 transition_reason=0 recovery_episode_id=0 q_rad=[0.102387,1.038210,-1.664005,-0.041421,1.042292,-1.502021,0.016896,0.986169,-1.666795,-0.023072,1.038557,-1.752808]
[ros2_control_node-3] [INFO] [1791434700.762215175] [StateRL]: [ABS-POLICY-CMD] event=command_write clock=steady_clock_ns write_ns=16487116480711 write_id=1779 source_session_id=16478219458311 source_policy_cycle_id=443 source_mode=0 action_source=1 transition_reason=0 recovery_episode_id=0 q_rad=[0.102387,1.038210,-1.664005,-0.041421,1.042292,-1.502021,0.016896,0.986169,-1.666795,-0.023072,1.038557,-1.752808]
[ros2_control_node-3] [INFO] [1791434700.771096504] [StateRL]: [ABS-POLICY-CMD] event=command_write clock=steady_clock_ns write_ns=16487125381592 write_id=1780 source_session_id=16478219458311 source_policy_cycle_id=444 source_mode=0 action_source=1 transition_reason=0 recovery_episode_id=0 q_rad=[0.102055,1.038876,-1.663993,-0.041253,1.042624,-1.500808,0.016767,0.985855,-1.667200,-0.022730,1.038132,-1.753193]
[ros2_control_node-3] [INFO] [1791434700.771886060] [StateRL]: [ABS-POLICY-CMD] event=command_write clock=steady_clock_ns write_ns=16487126166438 write_id=1781 source_session_id=16478219458311 source_policy_cycle_id=444 source_mode=0 action_source=1 transition_reason=0 recovery_episode_id=0 q_rad=[0.102055,1.038876,-1.663993,-0.041253,1.042624,-1.500808,0.016767,0.985855,-1.667200,-0.022730,1.038132,-1.753193]
[ros2_control_node-3] [INFO] [1791434700.774754210] [StateRL]: [ABS-POLICY-CMD] event=command_write clock=steady_clock_ns write_ns=16487129055001 write_id=1782 source_session_id=16478219458311 source_policy_cycle_id=444 source_mode=0 action_source=1 transition_reason=0 recovery_episode_id=0 q_rad=[0.102055,1.038876,-1.663993,-0.041253,1.042624,-1.500808,0.016767,0.985855,-1.667200,-0.022730,1.038132,-1.753193]
[ros2_control_node-3] [INFO] [1791434700.779763725] [StateRL]: [ABS-POLICY-CMD] event=command_write clock=steady_clock_ns write_ns=16487134057055 write_id=1783 source_session_id=16478219458311 source_policy_cycle_id=444 source_mode=0 action_source=1 transition_reason=0 recovery_episode_id=0 q_rad=[0.102055,1.038876,-1.663993,-0.041253,1.042624,-1.500808,0.016767,0.985855,-1.667200,-0.022730,1.038132,-1.753193]
[ros2_control_node-3] [INFO] [1791434700.786153674] [StateRL]: [ABS-POLICY-CMD] event=command_write clock=steady_clock_ns write_ns=16487140451351 write_id=1784 source_session_id=16478219458311 source_policy_cycle_id=445 source_mode=0 action_source=1 transition_reason=0 recovery_episode_id=0 q_rad=[0.101719,1.039544,-1.663980,-0.041081,1.042959,-1.499590,0.016637,0.985541,-1.667606,-0.022386,1.037706,-1.753575]
[ros2_control_node-3] [INFO] [1791434700.789822952] [StateRL]: [ABS-POLICY-CMD] event=command_write clock=steady_clock_ns write_ns=16487144115973 write_id=1785 source_session_id=16478219458311 source_policy_cycle_id=445 source_mode=0 action_source=1 transition_reason=0 recovery_episode_id=0 q_rad=[0.101719,1.039544,-1.663980,-0.041081,1.042959,-1.499590,0.016637,0.985541,-1.667606,-0.022386,1.037706,-1.753575]
[ros2_control_node-3] [INFO] [1791434700.794903255] [StateRL]: [ABS-POLICY-CMD] event=command_write clock=steady_clock_ns write_ns=16487149192556 write_id=1786 source_session_id=16478219458311 source_policy_cycle_id=445 source_mode=0 action_source=1 transition_reason=0 recovery_episode_id=0 q_rad=[0.101719,1.039544,-1.663980,-0.041081,1.042959,-1.499590,0.016637,0.985541,-1.667606,-0.022386,1.037706,-1.753575]
[ros2_control_node-3] [INFO] [1791434700.799864879] [StateRL]: [ABS-POLICY-CMD] event=command_write clock=steady_clock_ns write_ns=16487154159046 write_id=1787 source_session_id=16478219458311 source_policy_cycle_id=445 source_mode=0 action_source=1 transition_reason=0 recovery_episode_id=0 q_rad=[0.101719,1.039544,-1.663980,-0.041081,1.042959,-1.499590,0.016637,0.985541,-1.667606,-0.022386,1.037706,-1.753575]
[ros2_control_node-3] [INFO] [1791434700.807437500] [StateRL]: [ABS-POLICY-CMD] event=command_write clock=steady_clock_ns write_ns=16487161714800 write_id=1788 source_session_id=16478219458311 source_policy_cycle_id=446 source_mode=0 action_source=1 transition_reason=0 recovery_episode_id=0 q_rad=[0.101381,1.040214,-1.663964,-0.040909,1.043297,-1.498371,0.016504,0.985226,-1.668013,-0.022042,1.037279,-1.753957]
[ros2_control_node-3] [INFO] [1791434700.810283116] [StateRL]: [ABS-POLICY-CMD] event=command_write clock=steady_clock_ns write_ns=16487164545011 write_id=1789 source_session_id=16478219458311 source_policy_cycle_id=446 source_mode=0 action_source=1 transition_reason=0 recovery_episode_id=0 q_rad=[0.101381,1.040214,-1.663964,-0.040909,1.043297,-1.498371,0.016504,0.985226,-1.668013,-0.022042,1.037279,-1.753957]
[ros2_control_node-3] [INFO] [1791434700.815309528] [StateRL]: [ABS-POLICY-CMD] event=command_write clock=steady_clock_ns write_ns=16487169563831 write_id=1790 source_session_id=16478219458311 source_policy_cycle_id=446 source_mode=0 action_source=1 transition_reason=0 recovery_episode_id=0 q_rad=[0.101381,1.040214,-1.663964,-0.040909,1.043297,-1.498371,0.016504,0.985226,-1.668013,-0.022042,1.037279,-1.753957]
[ros2_control_node-3] [INFO] [1791434700.820618539] [StateRL]: [ABS-POLICY-CMD] event=command_write clock=steady_clock_ns write_ns=16487174852873 write_id=1791 source_session_id=16478219458311 source_policy_cycle_id=446 source_mode=0 action_source=1 transition_reason=0 recovery_episode_id=0 q_rad=[0.101381,1.040214,-1.663964,-0.040909,1.043297,-1.498371,0.016504,0.985226,-1.668013,-0.022042,1.037279,-1.753957]
[ros2_control_node-3] [ERROR] [1791434700.826679221] [StateRL]: [ABS-CONTRACT] event=detected clock=steady_clock_ns detection_ns=16487180976618 last_ray_ns=16486961997371 ray_age_ns=218945858 ray_reason=stale stage=ray frame (missing/stale/non-finite) transition_request=PASSIVE
[ros2_control_node-3] [INFO] [1791434700.827141957] [StateRL]: [ABS-LIVE-CMD] event=safety_veto clock=steady_clock_ns timestamp_ns=16487181447898 sequence=2070 controller_state=RL rl_active=0 finite=1 kp_zero=1 kd_zero=1 tau_zero=1 veto_reason=ray frame (missing/stale/non-finite) q=[0.0000,0.8000,-1.5000,-0.0000,0.8000,-1.5000,0.0000,0.8000,-1.5000,-0.0000,0.8000,-1.5000] kp=[0.0000,0.0000,0.0000,0.0000,0.0000,0.0000,0.0000,0.0000,0.0000,0.0000,0.0000,0.0000] kd=[0.0000,0.0000,0.0000,0.0000,0.0000,0.0000,0.0000,0.0000,0.0000,0.0000,0.0000,0.0000] tau=[0.0000,0.0000,0.0000,0.0000,0.0000,0.0000,0.0000,0.0000,0.0000,0.0000,0.0000,0.0000]
[ros2_control_node-3] [INFO] [1791434700.828153769] [StateRL]: [ABS-POLICY-CMD] event=command_write clock=steady_clock_ns write_ns=16487182425703 write_id=1792 source_session_id=16478219458311 source_policy_cycle_id=446 source_mode=0 action_source=3 transition_reason=0 recovery_episode_id=0 q_rad=[0.000000,0.800000,-1.500000,-0.000000,0.800000,-1.500000,0.000000,0.800000,-1.500000,-0.000000,0.800000,-1.500000]
[ros2_control_node-3] [INFO] [1791434700.828250576] [StateRL]: [ABS-LIVE-CMD] event=passive_command_write clock=steady_clock_ns timestamp_ns=16487182557007 sequence=2071 controller_state=RL rl_active=0 finite=1 kp_zero=1 kd_zero=1 tau_zero=1 veto_reason= q=[0.0000,0.8000,-1.5000,-0.0000,0.8000,-1.5000,0.0000,0.8000,-1.5000,-0.0000,0.8000,-1.5000] kp=[0.0000,0.0000,0.0000,0.0000,0.0000,0.0000,0.0000,0.0000,0.0000,0.0000,0.0000,0.0000] kd=[0.0000,0.0000,0.0000,0.0000,0.0000,0.0000,0.0000,0.0000,0.0000,0.0000,0.0000,0.0000] tau=[0.0000,0.0000,0.0000,0.0000,0.0000,0.0000,0.0000,0.0000,0.0000,0.0000,0.0000,0.0000]
[ros2_control_node-3] [INFO] [1791434700.828284390] [rl_quadruped_controller]: Switched from rl to passive
[ros2_control_node-3] [INFO] [1791434700.830307326] [StateRL]: [VERIFY-EXIT] RL steps executed: 447
[robot_state_publisher-2] [INFO] [1791436240.448283519] [rclcpp]: signal_handler(SIGINT/SIGTERM)
[ros2_control_node-3] [INFO] [1791436240.448283497] [rclcpp]: signal_handler(SIGINT/SIGTERM)
[ros2_control_node-3] [INFO] [1791436240.448367320] [controller_manager]: Shutdown request received....
[ros2_control_node-3] [INFO] [1791436240.448416497] [controller_manager]: Shutting down all controllers in the controller manager.
[ros2_control_node-3] [INFO] [1791436240.448446552] [controller_manager]: Deactivating controller 'joint_state_broadcaster'
[ros2_control_node-3] [INFO] [1791436240.448486822] [controller_manager]: Shutting down controller 'joint_state_broadcaster'
[ros2_control_node-3] [INFO] [1791436240.448518430] [controller_manager]: Deactivating controller 'imu_sensor_broadcaster'
[ros2_control_node-3] [INFO] [1791436240.448550817] [controller_manager]: Shutting down controller 'imu_sensor_broadcaster'
[ros2_control_node-3] [INFO] [1791436240.448578718] [controller_manager]: Deactivating controller 'rl_quadruped_controller'
[ros2_control_node-3] [INFO] [1791436240.448625902] [controller_manager]: Shutting down controller 'rl_quadruped_controller'
[ros2_control_node-3] [INFO] [1791436240.448665857] [resource_manager]: 'deactivate' hardware 'UnitreeSystem' 
[ros2_control_node-3] [INFO] [1791436240.448680228] [resource_manager]: Successful 'deactivate' of hardware 'UnitreeSystem'
[ros2_control_node-3] [INFO] [1791436240.448685504] [resource_manager]: 'shutdown' hardware 'UnitreeSystem' 
[ros2_control_node-3] [INFO] [1791436240.448692097] [resource_manager]: Successful 'shutdown' of hardware 'UnitreeSystem'
[ros2_control_node-3] [INFO] [1791436240.448706445] [controller_manager]: Shutting down the controller manager.
[INFO] [robot_state_publisher-2]: process has finished cleanly [pid 138827]
[INFO] [ros2_control_node-3]: process has finished cleanly [pid 138829]
