1791382086.0382781 [INFO] [launch]: All log files can be found below /home/lidio/.ros/log/2026-10-07-22-08-06-037444-Estara-84989
1791382086.0383759 [INFO] [launch]: Default logging verbosity is set to INFO
1791382086.1613765 [INFO] [rviz2-1]: process started with pid [85029]
1791382086.1615438 [INFO] [robot_state_publisher-2]: process started with pid [85031]
1791382086.1616025 [INFO] [ros2_control_node-3]: process started with pid [85033]
1791382086.1616440 [INFO] [spawner-4]: process started with pid [85035]
1791382086.1830027 [robot_state_publisher-2] [INFO] [1791382086.182674350] [robot_state_publisher]: got segment FL_calf
1791382086.1831114 [robot_state_publisher-2] [INFO] [1791382086.182774548] [robot_state_publisher]: got segment FL_foot
1791382086.1831458 [robot_state_publisher-2] [INFO] [1791382086.182780094] [robot_state_publisher]: got segment FL_hip
1791382086.1831706 [robot_state_publisher-2] [INFO] [1791382086.182783252] [robot_state_publisher]: got segment FL_thigh
1791382086.1831932 [robot_state_publisher-2] [INFO] [1791382086.182785836] [robot_state_publisher]: got segment FR_calf
1791382086.1832137 [robot_state_publisher-2] [INFO] [1791382086.182788376] [robot_state_publisher]: got segment FR_foot
1791382086.1832335 [robot_state_publisher-2] [INFO] [1791382086.182790870] [robot_state_publisher]: got segment FR_hip
1791382086.1832530 [robot_state_publisher-2] [INFO] [1791382086.182793587] [robot_state_publisher]: got segment FR_thigh
1791382086.1832721 [robot_state_publisher-2] [INFO] [1791382086.182800706] [robot_state_publisher]: got segment RL_calf
1791382086.1834803 [robot_state_publisher-2] [INFO] [1791382086.182804822] [robot_state_publisher]: got segment RL_foot
1791382086.1835322 [robot_state_publisher-2] [INFO] [1791382086.182810160] [robot_state_publisher]: got segment RL_hip
1791382086.1835566 [robot_state_publisher-2] [INFO] [1791382086.182814246] [robot_state_publisher]: got segment RL_thigh
1791382086.1835806 [robot_state_publisher-2] [INFO] [1791382086.182816718] [robot_state_publisher]: got segment RR_calf
1791382086.1836019 [robot_state_publisher-2] [INFO] [1791382086.182819292] [robot_state_publisher]: got segment RR_foot
1791382086.1836247 [robot_state_publisher-2] [INFO] [1791382086.182821780] [robot_state_publisher]: got segment RR_hip
1791382086.1836448 [robot_state_publisher-2] [INFO] [1791382086.182824200] [robot_state_publisher]: got segment RR_thigh
1791382086.1836648 [robot_state_publisher-2] [INFO] [1791382086.182826690] [robot_state_publisher]: got segment base
1791382086.1836863 [robot_state_publisher-2] [INFO] [1791382086.182829155] [robot_state_publisher]: got segment front_camera
1791382086.1837051 [robot_state_publisher-2] [INFO] [1791382086.182831814] [robot_state_publisher]: got segment imu_link
1791382086.1837256 [robot_state_publisher-2] [INFO] [1791382086.182834270] [robot_state_publisher]: got segment lidar
1791382086.1837523 [robot_state_publisher-2] [INFO] [1791382086.182836920] [robot_state_publisher]: got segment trunk
1791382086.1931260 [ros2_control_node-3] [INFO] [1791382086.192668425] [controller_manager]: Subscribing to '~/robot_description' topic for robot description file.
1791382086.1941261 [ros2_control_node-3] [INFO] [1791382086.193979477] [controller_manager]: update rate is 1000 Hz
1791382086.1942313 [ros2_control_node-3] [INFO] [1791382086.194011265] [controller_manager]: Spawning controller_manager RT thread with scheduler priority: 50
1791382086.1943858 [ros2_control_node-3] [WARN] [1791382086.194115733] [controller_manager]: Could not enable FIFO RT scheduling policy: with error number <1>(Operation not permitted). See [https://control.ros.org/master/doc/ros2_control/controller_manager/doc/userdoc.html] for details on how to enable realtime scheduling.
1791382086.2050266 [ros2_control_node-3] [INFO] [1791382086.204705448] [controller_manager]: Received robot description file.
1791382086.2057593 [ros2_control_node-3] [INFO] [1791382086.205514591] [resource_manager]: Loading hardware 'UnitreeSystem' 
1791382086.2127342 [ros2_control_node-3] [INFO] [1791382086.212225594] [resource_manager]: Initialize hardware 'UnitreeSystem' 
1791382086.2135265 [ros2_control_node-3] [INFO] [1791382086.212324884] [unitree_hardware]:  network_interface: lo, domain: 1
1791382086.2165647 [ros2_control_node-3] 1791382086.216306 [1] ros2_contr: selected interface "lo" is not multicast-capable: disabling multicast
1791382086.3198245 [ros2_control_node-3] [INFO] [1791382086.319621656] [unitree_hardware]: [MOTOR-MAP] controller[0] FR_hip_joint -> Unitree motor[0]
1791382086.3199406 [ros2_control_node-3] [INFO] [1791382086.319646047] [unitree_hardware]: [MOTOR-MAP] controller[1] FR_thigh_joint -> Unitree motor[1]
1791382086.3199735 [ros2_control_node-3] [INFO] [1791382086.319648647] [unitree_hardware]: [MOTOR-MAP] controller[2] FR_calf_joint -> Unitree motor[2]
1791382086.3199990 [ros2_control_node-3] [INFO] [1791382086.319650488] [unitree_hardware]: [MOTOR-MAP] controller[3] FL_hip_joint -> Unitree motor[3]
1791382086.3200209 [ros2_control_node-3] [INFO] [1791382086.319652308] [unitree_hardware]: [MOTOR-MAP] controller[4] FL_thigh_joint -> Unitree motor[4]
1791382086.3200426 [ros2_control_node-3] [INFO] [1791382086.319654081] [unitree_hardware]: [MOTOR-MAP] controller[5] FL_calf_joint -> Unitree motor[5]
1791382086.3200655 [ros2_control_node-3] [INFO] [1791382086.319655805] [unitree_hardware]: [MOTOR-MAP] controller[6] RR_hip_joint -> Unitree motor[6]
1791382086.3200891 [ros2_control_node-3] [INFO] [1791382086.319657550] [unitree_hardware]: [MOTOR-MAP] controller[7] RR_thigh_joint -> Unitree motor[7]
1791382086.3201108 [ros2_control_node-3] [INFO] [1791382086.319659261] [unitree_hardware]: [MOTOR-MAP] controller[8] RR_calf_joint -> Unitree motor[8]
1791382086.3201323 [ros2_control_node-3] [INFO] [1791382086.319660982] [unitree_hardware]: [MOTOR-MAP] controller[9] RL_hip_joint -> Unitree motor[9]
1791382086.3201537 [ros2_control_node-3] [INFO] [1791382086.319662719] [unitree_hardware]: [MOTOR-MAP] controller[10] RL_thigh_joint -> Unitree motor[10]
1791382086.3201749 [ros2_control_node-3] [INFO] [1791382086.319664594] [unitree_hardware]: [MOTOR-MAP] controller[11] RL_calf_joint -> Unitree motor[11]
1791382086.3203726 [ros2_control_node-3] [INFO] [1791382086.320148482] [resource_manager]: Successful initialization of hardware 'UnitreeSystem'
1791382086.3204980 [ros2_control_node-3] [INFO] [1791382086.320279534] [resource_manager]: 'configure' hardware 'UnitreeSystem' 
1791382086.3205330 [ros2_control_node-3] [INFO] [1791382086.320286463] [resource_manager]: Successful 'configure' of hardware 'UnitreeSystem'
1791382086.3205593 [ros2_control_node-3] [INFO] [1791382086.320301125] [resource_manager]: 'activate' hardware 'UnitreeSystem' 
1791382086.3205831 [ros2_control_node-3] [INFO] [1791382086.320304321] [resource_manager]: Successful 'activate' of hardware 'UnitreeSystem'
1791382086.4280427 [ros2_control_node-3] [INFO] [1791382086.427801211] [controller_manager]: Loading controller 'joint_state_broadcaster'
1791382086.4415817 [spawner-4] [INFO] [1791382086.441401378] [spawner_joint_state_broadcaster]: [94mLoaded [1mjoint_state_broadcaster[0m
1791382086.4420979 [ros2_control_node-3] [INFO] [1791382086.441999577] [controller_manager]: Configuring controller 'joint_state_broadcaster'
1791382086.4422650 [ros2_control_node-3] [INFO] [1791382086.442068542] [joint_state_broadcaster]: 'joints' or 'interfaces' parameter is empty. All available state interfaces will be published
1791382086.4470530 [spawner-4] [INFO] [1791382086.446921766] [spawner_joint_state_broadcaster]: [92mConfigured and activated [1mjoint_state_broadcaster[0m
1791382086.5743353 [INFO] [spawner-4]: process has finished cleanly [pid 85035]
1791382086.5784881 [INFO] [spawner-5]: process started with pid [85149]
1791382086.8560848 [spawner-5] [INFO] [1791382086.855837499] [spawner_imu_sensor_broadcaster]: waiting for service /controller_manager/list_controllers to become available...
1791382089.8628740 [ros2_control_node-3] [INFO] [1791382089.862519360] [controller_manager]: Loading controller 'imu_sensor_broadcaster'
1791382089.8772507 [spawner-5] [INFO] [1791382089.876739169] [spawner_imu_sensor_broadcaster]: [94mLoaded [1mimu_sensor_broadcaster[0m
1791382089.8795152 [ros2_control_node-3] [INFO] [1791382089.878922227] [controller_manager]: Configuring controller 'imu_sensor_broadcaster'
1791382089.8897212 [spawner-5] [INFO] [1791382089.889319874] [spawner_imu_sensor_broadcaster]: [92mConfigured and activated [1mimu_sensor_broadcaster[0m
1791382090.0446823 [INFO] [spawner-5]: process has finished cleanly [pid 85149]
1791382090.0519421 [INFO] [spawner-6]: process started with pid [85291]
1791382090.3860285 [ros2_control_node-3] [INFO] [1791382090.385311337] [controller_manager]: Loading controller 'rl_quadruped_controller'
1791382090.6289980 [ros2_control_node-3] [INFO] [1791382090.628777626] [rl_quadruped_controller]: Controller Update Rate: 200 Hz
1791382090.6291099 [ros2_control_node-3] [INFO] [1791382090.628813226] [rl_quadruped_controller]: Enable Estimator
1791382090.6293018 [ros2_control_node-3] dt: 0.005
1791382090.6389732 [spawner-6] [INFO] [1791382090.638673984] [spawner_rl_quadruped_controller]: [94mLoaded [1mrl_quadruped_controller[0m
1791382090.6398969 [ros2_control_node-3] [INFO] [1791382090.639544610] [controller_manager]: Configuring controller 'rl_quadruped_controller'
1791382090.6448443 [ros2_control_node-3] [INFO] [1791382090.644494473] [rl_quadruped_controller]: [VERIFY] joint interface order: FR_hip_joint FR_thigh_joint FR_calf_joint ... RL_calf_joint
1791382090.6452706 [ros2_control_node-3] [INFO] [1791382090.644595316] [rl_quadruped_controller]: Using robot model from go2_description
1791382090.6471920 [ros2_control_node-3] [INFO] [1791382090.647029019] [rl_quadruped_controller]: Model loading: policy.pt
1791382090.6538184 [ros2_control_node-3] robot_legs_.size(): 4
1791382090.6640131 [ros2_control_node-3] [INFO] [1791382090.663583223] [rl_quadruped_controller]: [VERIFY] num_observations=61, num_of_dofs=12
1791382090.6641471 [ros2_control_node-3] [INFO] [1791382090.663628438] [rl_quadruped_controller]: [VERIFY] observations order: contact ang_vel gravity_vec commands timer dof_pos dof_vel actions ray2d 
1791382090.6641819 [ros2_control_node-3] [INFO] [1791382090.663707651] [rl_quadruped_controller]: [VERIFY] rl_kp[0]=30.00, rl_kd[0]=0.65
1791382090.6642082 [ros2_control_node-3] [INFO] [1791382090.663718623] [rl_quadruped_controller]: [VERIFY] scales: action=0.25 lin_vel=1.00 ang_vel=1.00 dof_pos=1.00 dof_vel=0.20
1791382090.6642318 [ros2_control_node-3] [INFO] [1791382090.663728158] [rl_quadruped_controller]: [VERIFY] default_dof_pos: 0.0000 0.8000 -1.5000 (first 3 joints = FR hip/thigh/calf)
1791382090.6642544 [ros2_control_node-3] [INFO] [1791382090.663733451] [rl_quadruped_controller]: [VERIFY] ABS: max_ep_len=9.0s contact_thr=1.0N ray2d_count=11 ray2d_max_range=6.0m
1791382090.6642754 [ros2_control_node-3] [INFO] [1791382090.663737637] [rl_quadruped_controller]: [VERIFY] decimation=4 frequency=200Hz dt=0.0200s
1791382090.6642978 [ros2_control_node-3] [INFO] [1791382090.663741608] [rl_quadruped_controller]: [VERIFY] use_rl_thread=false policy_joint_order=ros1_fl_fr_rl_rr
1791382090.6663740 [ros2_control_node-3] [INFO] [1791382090.666037421] [rl_quadruped_controller]: [RA] Value network loaded: ra_value.pt
1791382090.6701753 [ros2_control_node-3] [INFO] [1791382090.669790832] [rl_quadruped_controller]: [REC] Recovery policy loaded: /tmp/s1_02_overlay/share/go2_description/config/rec/policy.pt
1791382090.6704521 [ros2_control_node-3] [INFO] [1791382090.670320940] [rl_quadruped_controller]: StateRLRec: Loading recovery model: policy.pt
1791382090.6738746 [ros2_control_node-3] [INFO] [1791382090.673582163] [rl_quadruped_controller]: [REC-VERIFY] num_observations=49, num_of_dofs=12
1791382090.6739805 [ros2_control_node-3] [INFO] [1791382090.673611368] [rl_quadruped_controller]: [REC-VERIFY] observations: contact ang_vel gravity_vec commands dof_pos dof_vel actions 
1791382090.6740136 [ros2_control_node-3] [INFO] [1791382090.673634030] [rl_quadruped_controller]: [REC-VERIFY] rl_kp[0]=30.00, rl_kd[0]=0.65
1791382090.6740413 [ros2_control_node-3] [INFO] [1791382090.673641789] [rl_quadruped_controller]: [REC-VERIFY] action_scale=0.25 dof_vel_scale=0.20 contact_thr=1.0N
1791382090.6753609 [spawner-6] [INFO] [1791382090.674981982] [spawner_rl_quadruped_controller]: [92mConfigured and activated [1mrl_quadruped_controller[0m
1791382090.8240304 [INFO] [spawner-6]: process has finished cleanly [pid 85291]
1791382095.6446023 [ros2_control_node-3] [INFO] [1791382095.643945331] [rl_quadruped_controller]: Switched from passive to fixed down
1791382097.4541235 [ros2_control_node-3] [INFO] [1791382097.453619982] [rl_quadruped_controller]: Switched from fixed down to fixed stand
1791382097.4640043 [ros2_control_node-3] [INFO] [1791382097.463569270] [BaseFixedStand]: [STAND-SYMM] phase=0.004 q_thigh FR=1.255 FL=1.255 RR=1.353 RL=1.353 diff_FLFR=0.000 diff_RLRR=-0.000 q_calf FR=-2.732 FL=-2.732 RR=-2.743 RL=-2.743 diff_FLFR=0.000 diff_RLRR=-0.000
1791382097.9644070 [ros2_control_node-3] [INFO] [1791382097.963705184] [BaseFixedStand]: [STAND-SYMM] phase=0.398 q_thigh FR=1.074 FL=1.074 RR=1.140 RL=1.140 diff_FLFR=0.000 diff_RLRR=-0.000 q_calf FR=-2.368 FL=-2.368 RR=-2.395 RL=-2.395 diff_FLFR=-0.000 diff_RLRR=0.000
1791382098.4642763 [ros2_control_node-3] [INFO] [1791382098.463601108] [BaseFixedStand]: [STAND-SYMM] phase=0.684 q_thigh FR=0.938 FL=0.938 RR=0.980 RL=0.980 diff_FLFR=0.000 diff_RLRR=-0.000 q_calf FR=-1.995 FL=-1.995 RR=-2.008 RL=-2.008 diff_FLFR=-0.000 diff_RLRR=-0.000
1791382098.9642386 [ros2_control_node-3] [INFO] [1791382098.963629680] [BaseFixedStand]: [STAND-SYMM] phase=0.849 q_thigh FR=0.860 FL=0.860 RR=0.889 RL=0.889 diff_FLFR=0.000 diff_RLRR=-0.000 q_calf FR=-1.778 FL=-1.778 RR=-1.779 RL=-1.779 diff_FLFR=-0.000 diff_RLRR=-0.000
1791382099.4643538 [ros2_control_node-3] [INFO] [1791382099.463620869] [BaseFixedStand]: [STAND-SYMM] phase=0.932 q_thigh FR=0.822 FL=0.822 RR=0.844 RL=0.844 diff_FLFR=0.000 diff_RLRR=-0.000 q_calf FR=-1.668 FL=-1.668 RR=-1.663 RL=-1.663 diff_FLFR=-0.000 diff_RLRR=-0.000
1791382099.9636555 [ros2_control_node-3] [INFO] [1791382099.963374930] [BaseFixedStand]: [STAND-SYMM] phase=0.970 q_thigh FR=0.804 FL=0.804 RR=0.823 RL=0.823 diff_FLFR=0.000 diff_RLRR=-0.000 q_calf FR=-1.617 FL=-1.617 RR=-1.608 RL=-1.608 diff_FLFR=0.000 diff_RLRR=-0.000
1791382100.4642327 [ros2_control_node-3] [INFO] [1791382100.463666255] [BaseFixedStand]: [STAND-SYMM] phase=0.987 q_thigh FR=0.796 FL=0.796 RR=0.814 RL=0.814 diff_FLFR=0.000 diff_RLRR=-0.000 q_calf FR=-1.594 FL=-1.594 RR=-1.584 RL=-1.584 diff_FLFR=0.000 diff_RLRR=-0.000
1791382100.9637868 [ros2_control_node-3] [INFO] [1791382100.963457955] [BaseFixedStand]: [STAND-SYMM] phase=0.994 q_thigh FR=0.792 FL=0.792 RR=0.810 RL=0.810 diff_FLFR=0.000 diff_RLRR=-0.000 q_calf FR=-1.584 FL=-1.584 RR=-1.573 RL=-1.573 diff_FLFR=0.000 diff_RLRR=-0.000
1791382101.4639328 [ros2_control_node-3] [INFO] [1791382101.463413977] [BaseFixedStand]: [STAND-SYMM] phase=0.997 q_thigh FR=0.790 FL=0.790 RR=0.807 RL=0.807 diff_FLFR=0.000 diff_RLRR=-0.000 q_calf FR=-1.578 FL=-1.578 RR=-1.567 RL=-1.567 diff_FLFR=0.000 diff_RLRR=-0.000
1791382101.9642317 [ros2_control_node-3] [INFO] [1791382101.963669574] [BaseFixedStand]: [STAND-SYMM] phase=0.999 q_thigh FR=0.789 FL=0.789 RR=0.806 RL=0.806 diff_FLFR=0.000 diff_RLRR=-0.000 q_calf FR=-1.575 FL=-1.575 RR=-1.564 RL=-1.564 diff_FLFR=0.000 diff_RLRR=-0.000
1791382102.3989432 [ros2_control_node-3] [INFO] [1791382102.398618334] [rl_quadruped_controller]: Switched from fixed stand to rl
1791382102.4042618 [ros2_control_node-3] [INFO] [1791382102.403875015] [StateRL]: [Ray2D] Shared memory connected: /mujoco_ray2d
1791382102.4053156 [ros2_control_node-3] [INFO] [1791382102.403953907] [StateRL]: [RtFrame] Shared memory initialized: /mujoco_rt_frame session_id=29564131129926
1791382102.4062569 [ros2_control_node-3] [INFO] [1791382102.404468211] [StateRL]: [RL] enable_estimator_=1 rec_loaded=1 ra_loaded=1 ra_threshold=-0.0500
1791382102.4065704 [ros2_control_node-3] [INFO] [1791382102.404489282] [StateRL]: [RL] Ray2d: shm connected, policy active
1791382102.4295845 [ros2_control_node-3] [INFO] [1791382102.429220217] [StateRL]: [PATH] start=(-0.04,0.00) goal=(9.00,0.00) tracking=1 lateral_gain=2.50 heading_gain=2.50
1791382102.4298143 [ros2_control_node-3] [INFO] [1791382102.429266315] [StateRL]: [GOAL] 位置=(-0.04,0.00) 偏航=-0.00 目标=(9.00,0.00) 距离=9.04 机体系=(4.99,0.00) 航向=0.00 path_err=0.00 path_on=1
1791382102.5281339 [ros2_control_node-3] [INFO] [1791382102.527756611] [StateRL]: [RA] ra=-0.3823 ray2d=[1.13 0.95 2.05 2.58 2.58 2.58 2.14 0.77 0.87 2.58 2.58]
1791382102.5306091 [ros2_control_node-3] [INFO] [1791382102.530221914] [StateRL]: [EVAL] step=0 t=0.000 robot=(-0.036,0.000) yaw=-0.000 goal=(9.000,0.000) dist=9.036 body=(4.994,0.000) heading=0.000 arrived=0 ra=-0.38226 entry=-0.05000 recovery=0 hold=0 twist=(0.000,0.000,0.000) min_ray_log=0.773 max_ray_log=2.585 min_ray_m=1.709 lin_vel=(0.001,0.000,-0.089) ang_vel=(-0.000,0.063,-0.000) action_range=(-0.539,2.408) contact=(1,1,1,1)
1791382102.5450644 [ros2_control_node-3] [INFO] [1791382102.544847393] [StateRL]: [ABS-LIVE-CMD] event=rl_command_write clock=steady_clock_ns timestamp_ns=29564272052333 sequence=25 controller_state=RL rl_active=1 finite=1 kp_zero=0 kd_zero=0 tau_zero=1 veto_reason= q=[-0.0331,1.0678,-1.5648,-0.0339,1.0879,-1.5407,-0.0567,1.3976,-1.5405,-0.0457,1.2777,-1.5109] kp=[3.0000,3.0000,3.0000,3.0000,3.0000,3.0000,3.0000,3.0000,3.0000,3.0000,3.0000,3.0000] kd=[0.0650,0.0650,0.0650,0.0650,0.0650,0.0650,0.0650,0.0650,0.0650,0.0650,0.0650,0.0650] tau=[0.0000,0.0000,0.0000,0.0000,0.0000,0.0000,0.0000,0.0000,0.0000,0.0000,0.0000,0.0000]
1791382102.6554201 [ros2_control_node-3] [INFO] [1791382102.654466716] [StateRL]: [ABS-LIVE-CMD] event=rl_command_write clock=steady_clock_ns timestamp_ns=29564381668179 sequence=50 controller_state=RL rl_active=1 finite=1 kp_zero=0 kd_zero=0 tau_zero=1 veto_reason= q=[-0.0367,1.2587,-1.8030,-0.0793,1.1098,-1.8312,0.0228,1.5276,-1.5983,0.0013,1.3097,-1.6349] kp=[6.0000,6.0000,6.0000,6.0000,6.0000,6.0000,6.0000,6.0000,6.0000,6.0000,6.0000,6.0000] kd=[0.1300,0.1300,0.1300,0.1300,0.1300,0.1300,0.1300,0.1300,0.1300,0.1300,0.1300,0.1300] tau=[0.0000,0.0000,0.0000,0.0000,0.0000,0.0000,0.0000,0.0000,0.0000,0.0000,0.0000,0.0000]
1791382102.7787540 [ros2_control_node-3] [INFO] [1791382102.778447859] [StateRL]: [ABS-LIVE-CMD] event=rl_command_write clock=steady_clock_ns timestamp_ns=29564505652686 sequence=75 controller_state=RL rl_active=1 finite=1 kp_zero=0 kd_zero=0 tau_zero=1 veto_reason= q=[0.0105,1.3062,-2.1082,-0.1041,1.2024,-2.0856,0.0167,1.6098,-1.6213,0.0217,1.3809,-1.5621] kp=[9.0000,9.0000,9.0000,9.0000,9.0000,9.0000,9.0000,9.0000,9.0000,9.0000,9.0000,9.0000] kd=[0.1950,0.1950,0.1950,0.1950,0.1950,0.1950,0.1950,0.1950,0.1950,0.1950,0.1950,0.1950] tau=[0.0000,0.0000,0.0000,0.0000,0.0000,0.0000,0.0000,0.0000,0.0000,0.0000,0.0000,0.0000]
1791382102.9052551 [ros2_control_node-3] [INFO] [1791382102.904945015] [StateRL]: [ABS-LIVE-CMD] event=rl_command_write clock=steady_clock_ns timestamp_ns=29564632149582 sequence=100 controller_state=RL rl_active=1 finite=1 kp_zero=0 kd_zero=0 tau_zero=1 veto_reason= q=[-0.0266,1.2881,-1.9220,-0.0612,1.1361,-1.9433,0.0231,1.5823,-1.5989,0.0053,1.3602,-1.6084] kp=[12.0000,12.0000,12.0000,12.0000,12.0000,12.0000,12.0000,12.0000,12.0000,12.0000,12.0000,12.0000] kd=[0.2600,0.2600,0.2600,0.2600,0.2600,0.2600,0.2600,0.2600,0.2600,0.2600,0.2600,0.2600] tau=[0.0000,0.0000,0.0000,0.0000,0.0000,0.0000,0.0000,0.0000,0.0000,0.0000,0.0000,0.0000]
1791382102.9247928 [ros2_control_node-3] [INFO] [1791382102.924326789] [StateRL]: [EVAL] step=25 t=0.500 robot=(-0.080,-0.002) yaw=0.030 goal=(9.000,0.000) dist=9.080 body=(4.992,-0.144) heading=-0.072 arrived=0 ra=-0.41549 entry=-0.05000 recovery=0 hold=0 twist=(0.000,0.000,0.000) min_ray_log=0.825 max_ray_log=2.585 min_ray_m=1.772 lin_vel=(0.065,-0.025,0.314) ang_vel=(0.180,0.673,0.244) action_range=(-1.712,3.095) contact=(1,1,1,1)
1791382103.0286367 [ros2_control_node-3] [INFO] [1791382103.028425899] [StateRL]: [ABS-LIVE-CMD] event=rl_command_write clock=steady_clock_ns timestamp_ns=29564755630518 sequence=125 controller_state=RL rl_active=1 finite=1 kp_zero=0 kd_zero=0 tau_zero=1 veto_reason= q=[-0.0474,1.2146,-1.8207,-0.0334,1.1217,-1.9140,0.0294,1.5491,-1.5730,-0.0149,1.3405,-1.6064] kp=[15.0000,15.0000,15.0000,15.0000,15.0000,15.0000,15.0000,15.0000,15.0000,15.0000,15.0000,15.0000] kd=[0.3250,0.3250,0.3250,0.3250,0.3250,0.3250,0.3250,0.3250,0.3250,0.3250,0.3250,0.3250] tau=[0.0000,0.0000,0.0000,0.0000,0.0000,0.0000,0.0000,0.0000,0.0000,0.0000,0.0000,0.0000]
1791382103.1536930 [ros2_control_node-3] [INFO] [1791382103.153405513] [StateRL]: [ABS-LIVE-CMD] event=rl_command_write clock=steady_clock_ns timestamp_ns=29564880610344 sequence=150 controller_state=RL rl_active=1 finite=1 kp_zero=0 kd_zero=0 tau_zero=1 veto_reason= q=[-0.0586,1.0776,-1.6441,0.0294,1.0976,-1.8327,0.0090,1.4478,-1.5223,-0.0661,1.3372,-1.5684] kp=[18.0000,18.0000,18.0000,18.0000,18.0000,18.0000,18.0000,18.0000,18.0000,18.0000,18.0000,18.0000] kd=[0.3900,0.3900,0.3900,0.3900,0.3900,0.3900,0.3900,0.3900,0.3900,0.3900,0.3900,0.3900] tau=[0.0000,0.0000,0.0000,0.0000,0.0000,0.0000,0.0000,0.0000,0.0000,0.0000,0.0000,0.0000]
1791382103.2786796 [ros2_control_node-3] [INFO] [1791382103.278404784] [StateRL]: [ABS-LIVE-CMD] event=rl_command_write clock=steady_clock_ns timestamp_ns=29565005609489 sequence=175 controller_state=RL rl_active=1 finite=1 kp_zero=0 kd_zero=0 tau_zero=1 veto_reason= q=[-0.1041,0.9328,-1.5567,0.0794,1.0858,-1.3683,-0.2715,1.2945,-1.6454,-0.0119,1.2050,-1.2627] kp=[21.0000,21.0000,21.0000,21.0000,21.0000,21.0000,21.0000,21.0000,21.0000,21.0000,21.0000,21.0000] kd=[0.4550,0.4550,0.4550,0.4550,0.4550,0.4550,0.4550,0.4550,0.4550,0.4550,0.4550,0.4550] tau=[0.0000,0.0000,0.0000,0.0000,0.0000,0.0000,0.0000,0.0000,0.0000,0.0000,0.0000,0.0000]
1791382103.4403801 [ros2_control_node-3] [INFO] [1791382103.438986886] [StateRL]: [ABS-LIVE-RAY-CHECK] clock=steady_clock_ns now_ns=29565166179292 checks=50 average_period_ms=0.000000
1791382103.4601882 [ros2_control_node-3] [INFO] [1791382103.459737612] [StateRL]: [ABS-LIVE-CMD] event=rl_command_write clock=steady_clock_ns timestamp_ns=29565186941881 sequence=200 controller_state=RL rl_active=1 finite=1 kp_zero=0 kd_zero=0 tau_zero=1 veto_reason= q=[0.0107,0.9791,-1.4361,0.7371,0.6511,-1.6359,0.1064,1.3249,-1.2652,0.0549,0.7533,-1.7361] kp=[24.0000,24.0000,24.0000,24.0000,24.0000,24.0000,24.0000,24.0000,24.0000,24.0000,24.0000,24.0000] kd=[0.5200,0.5200,0.5200,0.5200,0.5200,0.5200,0.5200,0.5200,0.5200,0.5200,0.5200,0.5200] tau=[0.0000,0.0000,0.0000,0.0000,0.0000,0.0000,0.0000,0.0000,0.0000,0.0000,0.0000,0.0000]
1791382103.4645329 [ros2_control_node-3] [INFO] [1791382103.464299549] [StateRL]: [EVAL] step=50 t=1.000 robot=(0.095,-0.012) yaw=-0.051 goal=(9.000,0.000) dist=8.905 body=(4.987,0.294) heading=0.146 arrived=0 ra=-0.31193 entry=-0.05000 recovery=0 hold=0 twist=(0.000,0.000,0.000) min_ray_log=0.627 max_ray_log=2.585 min_ray_m=1.545 lin_vel=(0.637,-0.094,-0.289) ang_vel=(-1.385,1.147,-0.186) action_range=(-1.224,2.451) contact=(1,-1,1,-1)
1791382103.5334806 [ros2_control_node-3] [INFO] [1791382103.532679360] [StateRL]: [ABS-LIVE-CMD] event=rl_command_write clock=steady_clock_ns timestamp_ns=29565259882543 sequence=225 controller_state=RL rl_active=1 finite=1 kp_zero=0 kd_zero=0 tau_zero=1 veto_reason= q=[-0.0218,1.2605,-1.5127,0.2707,0.6113,-1.7185,0.0586,1.3514,-1.2221,-0.1210,1.1843,-1.4833] kp=[27.0000,27.0000,27.0000,27.0000,27.0000,27.0000,27.0000,27.0000,27.0000,27.0000,27.0000,27.0000] kd=[0.5850,0.5850,0.5850,0.5850,0.5850,0.5850,0.5850,0.5850,0.5850,0.5850,0.5850,0.5850] tau=[0.0000,0.0000,0.0000,0.0000,0.0000,0.0000,0.0000,0.0000,0.0000,0.0000,0.0000,0.0000]
1791382103.6554997 [ros2_control_node-3] [INFO] [1791382103.654546187] [StateRL]: [ABS-LIVE-CMD] event=rl_command_write clock=steady_clock_ns timestamp_ns=29565381748337 sequence=250 controller_state=RL rl_active=1 finite=1 kp_zero=0 kd_zero=0 tau_zero=1 veto_reason= q=[-0.3649,1.0730,-1.9994,-0.0047,1.0071,-1.2040,-0.3239,1.0200,-1.8299,0.0517,1.1558,-1.0185] kp=[30.0000,30.0000,30.0000,30.0000,30.0000,30.0000,30.0000,30.0000,30.0000,30.0000,30.0000,30.0000] kd=[0.6500,0.6500,0.6500,0.6500,0.6500,0.6500,0.6500,0.6500,0.6500,0.6500,0.6500,0.6500] tau=[0.0000,0.0000,0.0000,0.0000,0.0000,0.0000,0.0000,0.0000,0.0000,0.0000,0.0000,0.0000]
1791382103.7788413 [ros2_control_node-3] [INFO] [1791382103.778511253] [StateRL]: [ABS-LIVE-CMD] event=rl_command_write clock=steady_clock_ns timestamp_ns=29565505716044 sequence=275 controller_state=RL rl_active=1 finite=1 kp_zero=0 kd_zero=0 tau_zero=1 veto_reason= q=[-0.0073,0.6135,-1.4012,0.7935,0.9041,-1.4068,0.0051,1.0012,-1.1840,0.1992,0.5162,-1.7123] kp=[30.0000,30.0000,30.0000,30.0000,30.0000,30.0000,30.0000,30.0000,30.0000,30.0000,30.0000,30.0000] kd=[0.6500,0.6500,0.6500,0.6500,0.6500,0.6500,0.6500,0.6500,0.6500,0.6500,0.6500,0.6500] tau=[0.0000,0.0000,0.0000,0.0000,0.0000,0.0000,0.0000,0.0000,0.0000,0.0000,0.0000,0.0000]
1791382103.9048653 [ros2_control_node-3] [INFO] [1791382103.904565802] [StateRL]: [ABS-LIVE-CMD] event=rl_command_write clock=steady_clock_ns timestamp_ns=29565631770739 sequence=300 controller_state=RL rl_active=1 finite=1 kp_zero=0 kd_zero=0 tau_zero=1 veto_reason= q=[0.1403,1.0370,-1.0791,0.2314,0.5812,-1.2906,-0.2932,1.4421,-1.1202,-0.0329,0.9261,-1.0272] kp=[30.0000,30.0000,30.0000,30.0000,30.0000,30.0000,30.0000,30.0000,30.0000,30.0000,30.0000,30.0000] kd=[0.6500,0.6500,0.6500,0.6500,0.6500,0.6500,0.6500,0.6500,0.6500,0.6500,0.6500,0.6500] tau=[0.0000,0.0000,0.0000,0.0000,0.0000,0.0000,0.0000,0.0000,0.0000,0.0000,0.0000,0.0000]
1791382103.9257851 [ros2_control_node-3] [INFO] [1791382103.925301526] [StateRL]: [EVAL] step=75 t=1.500 robot=(0.605,-0.036) yaw=-0.044 goal=(9.000,0.000) dist=8.395 body=(4.988,0.331) heading=0.164 arrived=0 ra=-0.60538 entry=-0.05000 recovery=0 hold=0 twist=(0.000,0.000,0.000) min_ray_log=0.112 max_ray_log=2.585 min_ray_m=1.081 lin_vel=(1.580,0.119,0.219) ang_vel=(-1.287,-0.341,0.407) action_range=(-2.157,2.230) contact=(1,-1,-1,1)
1791382104.0287063 [ros2_control_node-3] [INFO] [1791382104.028425834] [StateRL]: [ABS-LIVE-CMD] event=rl_command_write clock=steady_clock_ns timestamp_ns=29565755630540 sequence=325 controller_state=RL rl_active=1 finite=1 kp_zero=0 kd_zero=0 tau_zero=1 veto_reason= q=[-0.5704,0.3665,-1.8396,-0.1411,0.8591,-0.8902,-0.2943,0.7217,-1.6874,0.3073,1.0042,-1.2408] kp=[30.0000,30.0000,30.0000,30.0000,30.0000,30.0000,30.0000,30.0000,30.0000,30.0000,30.0000,30.0000] kd=[0.6500,0.6500,0.6500,0.6500,0.6500,0.6500,0.6500,0.6500,0.6500,0.6500,0.6500,0.6500] tau=[0.0000,0.0000,0.0000,0.0000,0.0000,0.0000,0.0000,0.0000,0.0000,0.0000,0.0000,0.0000]
1791382104.1537426 [ros2_control_node-3] [INFO] [1791382104.153413412] [StateRL]: [ABS-LIVE-CMD] event=rl_command_write clock=steady_clock_ns timestamp_ns=29565880618349 sequence=350 controller_state=RL rl_active=1 finite=1 kp_zero=0 kd_zero=0 tau_zero=1 veto_reason= q=[0.0731,0.7927,-1.2522,0.5422,0.6209,-1.6433,0.0733,1.0967,-1.1310,-0.0337,0.7047,-1.6630] kp=[30.0000,30.0000,30.0000,30.0000,30.0000,30.0000,30.0000,30.0000,30.0000,30.0000,30.0000,30.0000] kd=[0.6500,0.6500,0.6500,0.6500,0.6500,0.6500,0.6500,0.6500,0.6500,0.6500,0.6500,0.6500] tau=[0.0000,0.0000,0.0000,0.0000,0.0000,0.0000,0.0000,0.0000,0.0000,0.0000,0.0000,0.0000]
1791382104.2788086 [ros2_control_node-3] [INFO] [1791382104.278506973] [StateRL]: [ABS-LIVE-CMD] event=rl_command_write clock=steady_clock_ns timestamp_ns=29566005711751 sequence=375 controller_state=RL rl_active=1 finite=1 kp_zero=0 kd_zero=0 tau_zero=1 veto_reason= q=[0.1424,0.8586,-1.0199,0.2786,0.6673,-0.9384,-0.5394,1.3652,-1.3190,-0.0140,1.1531,-0.9597] kp=[30.0000,30.0000,30.0000,30.0000,30.0000,30.0000,30.0000,30.0000,30.0000,30.0000,30.0000,30.0000] kd=[0.6500,0.6500,0.6500,0.6500,0.6500,0.6500,0.6500,0.6500,0.6500,0.6500,0.6500,0.6500] tau=[0.0000,0.0000,0.0000,0.0000,0.0000,0.0000,0.0000,0.0000,0.0000,0.0000,0.0000,0.0000]
1791382104.4042096 [ros2_control_node-3] [INFO] [1791382104.403827076] [StateRL]: [ABS-LIVE-RAY-CHECK] clock=steady_clock_ns now_ns=29566131012867 checks=50 average_period_ms=19.296671
1791382104.4053617 [ros2_control_node-3] [INFO] [1791382104.405195552] [StateRL]: [ABS-LIVE-CMD] event=rl_command_write clock=steady_clock_ns timestamp_ns=29566132400023 sequence=400 controller_state=RL rl_active=1 finite=1 kp_zero=0 kd_zero=0 tau_zero=1 veto_reason= q=[0.0126,0.1563,-1.6138,0.2083,1.0631,-0.9838,-0.0039,0.9890,-1.1074,0.3568,0.5925,-1.7059] kp=[30.0000,30.0000,30.0000,30.0000,30.0000,30.0000,30.0000,30.0000,30.0000,30.0000,30.0000,30.0000] kd=[0.6500,0.6500,0.6500,0.6500,0.6500,0.6500,0.6500,0.6500,0.6500,0.6500,0.6500,0.6500] tau=[0.0000,0.0000,0.0000,0.0000,0.0000,0.0000,0.0000,0.0000,0.0000,0.0000,0.0000,0.0000]
1791382104.4238050 [ros2_control_node-3] [INFO] [1791382104.423587108] [StateRL]: [GOAL] 位置=(1.43,-0.09) 偏航=-0.06 目标=(9.00,0.00) 距离=7.57 机体系=(4.98,0.56) 航向=0.27 path_err=-0.09 path_on=1
1791382104.4251761 [ros2_control_node-3] [INFO] [1791382104.424912534] [StateRL]: [EVAL] step=100 t=2.000 robot=(1.427,-0.086) yaw=-0.058 goal=(9.000,0.000) dist=7.573 body=(4.981,0.560) heading=0.274 arrived=0 ra=-0.18022 entry=-0.05000 recovery=0 hold=0 twist=(0.000,0.000,0.000) min_ray_log=-0.501 max_ray_log=2.585 min_ray_m=0.707 lin_vel=(1.572,-0.134,-0.269) ang_vel=(-0.285,-1.643,-0.368) action_range=(-1.855,2.320) contact=(-1,1,1,-1)
1791382104.5287313 [ros2_control_node-3] [INFO] [1791382104.528445506] [StateRL]: [ABS-LIVE-CMD] event=rl_command_write clock=steady_clock_ns timestamp_ns=29566255650161 sequence=425 controller_state=RL rl_active=1 finite=1 kp_zero=0 kd_zero=0 tau_zero=1 veto_reason= q=[-0.2358,1.1517,-1.1620,0.3456,0.4174,-1.5932,0.1130,1.1273,-0.9238,-0.1209,1.0433,-1.2707] kp=[30.0000,30.0000,30.0000,30.0000,30.0000,30.0000,30.0000,30.0000,30.0000,30.0000,30.0000,30.0000] kd=[0.6500,0.6500,0.6500,0.6500,0.6500,0.6500,0.6500,0.6500,0.6500,0.6500,0.6500,0.6500] tau=[0.0000,0.0000,0.0000,0.0000,0.0000,0.0000,0.0000,0.0000,0.0000,0.0000,0.0000,0.0000]
1791382104.6537166 [ros2_control_node-3] [INFO] [1791382104.653408033] [StateRL]: [ABS-LIVE-CMD] event=rl_command_write clock=steady_clock_ns timestamp_ns=29566380612970 sequence=450 controller_state=RL rl_active=1 finite=1 kp_zero=0 kd_zero=0 tau_zero=1 veto_reason= q=[-0.4921,1.0316,-1.7405,-0.1209,0.8595,-1.1140,-0.4208,0.7876,-1.5922,-0.1368,0.9623,-0.9016] kp=[30.0000,30.0000,30.0000,30.0000,30.0000,30.0000,30.0000,30.0000,30.0000,30.0000,30.0000,30.0000] kd=[0.6500,0.6500,0.6500,0.6500,0.6500,0.6500,0.6500,0.6500,0.6500,0.6500,0.6500,0.6500] tau=[0.0000,0.0000,0.0000,0.0000,0.0000,0.0000,0.0000,0.0000,0.0000,0.0000,0.0000,0.0000]
1791382104.7786851 [ros2_control_node-3] [INFO] [1791382104.778401389] [StateRL]: [ABS-LIVE-CMD] event=rl_command_write clock=steady_clock_ns timestamp_ns=29566505606295 sequence=475 controller_state=RL rl_active=1 finite=1 kp_zero=0 kd_zero=0 tau_zero=1 veto_reason= q=[-0.1040,0.3693,-1.5018,0.6581,1.2009,-1.3953,-0.1013,1.1207,-1.1537,0.2738,0.5031,-1.8343] kp=[30.0000,30.0000,30.0000,30.0000,30.0000,30.0000,30.0000,30.0000,30.0000,30.0000,30.0000,30.0000] kd=[0.6500,0.6500,0.6500,0.6500,0.6500,0.6500,0.6500,0.6500,0.6500,0.6500,0.6500,0.6500] tau=[0.0000,0.0000,0.0000,0.0000,0.0000,0.0000,0.0000,0.0000,0.0000,0.0000,0.0000,0.0000]
1791382104.9056828 [ros2_control_node-3] [INFO] [1791382104.905395034] [StateRL]: [ABS-LIVE-CMD] event=rl_command_write clock=steady_clock_ns timestamp_ns=29566632599824 sequence=500 controller_state=RL rl_active=1 finite=1 kp_zero=0 kd_zero=0 tau_zero=1 veto_reason= q=[0.1707,1.0111,-1.2181,0.1606,0.3940,-1.4606,-0.0134,1.0051,-0.8378,-0.1346,1.1017,-1.2900] kp=[30.0000,30.0000,30.0000,30.0000,30.0000,30.0000,30.0000,30.0000,30.0000,30.0000,30.0000,30.0000] kd=[0.6500,0.6500,0.6500,0.6500,0.6500,0.6500,0.6500,0.6500,0.6500,0.6500,0.6500,0.6500] tau=[0.0000,0.0000,0.0000,0.0000,0.0000,0.0000,0.0000,0.0000,0.0000,0.0000,0.0000,0.0000]
1791382104.9307868 [ros2_control_node-3] [INFO] [1791382104.930020895] [StateRL]: [EVAL] step=125 t=2.500 robot=(2.377,-0.120) yaw=0.012 goal=(9.000,0.000) dist=6.624 body=(4.992,0.329) heading=0.163 arrived=0 ra=-0.23176 entry=-0.05000 recovery=0 hold=0 twist=(0.000,0.000,0.000) min_ray_log=0.970 max_ray_log=2.585 min_ray_m=1.958 lin_vel=(2.103,0.132,0.307) ang_vel=(-0.661,0.201,0.129) action_range=(-1.379,1.964) contact=(1,-1,-1,1)
1791382105.0286696 [ros2_control_node-3] [INFO] [1791382105.028417702] [StateRL]: [ABS-LIVE-CMD] event=rl_command_write clock=steady_clock_ns timestamp_ns=29566755622547 sequence=525 controller_state=RL rl_active=1 finite=1 kp_zero=0 kd_zero=0 tau_zero=1 veto_reason= q=[-0.5349,0.6775,-1.8215,-0.2585,0.7597,-0.9475,-0.3782,0.7799,-1.7605,0.0448,0.8452,-0.9691] kp=[30.0000,30.0000,30.0000,30.0000,30.0000,30.0000,30.0000,30.0000,30.0000,30.0000,30.0000,30.0000] kd=[0.6500,0.6500,0.6500,0.6500,0.6500,0.6500,0.6500,0.6500,0.6500,0.6500,0.6500,0.6500] tau=[0.0000,0.0000,0.0000,0.0000,0.0000,0.0000,0.0000,0.0000,0.0000,0.0000,0.0000,0.0000]
1791382105.0860934 [ros2_control_node-3] [INFO] [1791382105.085794115] [StateRL]: [TWIST-GD] 梯度下降恢复速度优化 | 初始=[1.79,0.04,0.07] 最终=[1.30,-0.30,0.23] 目标=(4.99,0.52) RA迭代=[-0.0098,-0.1668,-0.1656] 中心射线=2.58
1791382105.0862815 [ros2_control_node-3] [WARN] [1791382105.085844684] [StateRL]: [RA-REC] 进入恢复 | mode=paper_faithful_switch 风险值 ra=-0.0098 进入阈值=-0.0500 恢复速度=[1.30,-0.30,0.23] 保持步数=30
1791382105.0880167 [ros2_control_node-3] [INFO] [1791382105.087843495] [StateRL]: [REC-DIAG] lin_vel=[1.79,0.04,0.05] twist=[1.30,-0.30,0.23] hold=0 rec_action_range=[-1.549,0.294]
1791382105.1442270 [ros2_control_node-3] [INFO] [1791382105.143888123] [StateRL]: [RA-REC] 退出恢复 | mode=paper_faithful_switch 风险值 ra=-0.0961 < 退出阈值=-0.0500, 回到敏捷策略
1791382105.1535587 [ros2_control_node-3] [INFO] [1791382105.153401682] [StateRL]: [ABS-LIVE-CMD] event=rl_command_write clock=steady_clock_ns timestamp_ns=29566880606573 sequence=550 controller_state=RL rl_active=1 finite=1 kp_zero=0 kd_zero=0 tau_zero=1 veto_reason= q=[-0.0158,0.6971,-1.5208,0.2945,0.8752,-1.4616,0.0280,1.3002,-1.3257,0.1163,0.8434,-1.7697] kp=[30.0000,30.0000,30.0000,30.0000,30.0000,30.0000,30.0000,30.0000,30.0000,30.0000,30.0000,30.0000] kd=[0.6500,0.6500,0.6500,0.6500,0.6500,0.6500,0.6500,0.6500,0.6500,0.6500,0.6500,0.6500] tau=[0.0000,0.0000,0.0000,0.0000,0.0000,0.0000,0.0000,0.0000,0.0000,0.0000,0.0000,0.0000]
1791382105.1657872 [ros2_control_node-3] [INFO] [1791382105.165219258] [StateRL]: [TWIST-GD] 梯度下降恢复速度优化 | 初始=[1.92,-0.11,-0.13] 最终=[1.43,-0.30,0.00] 目标=(4.99,0.49) RA迭代=[-0.0005,-0.1353,-0.1342] 中心射线=2.58
1791382105.1661665 [ros2_control_node-3] [WARN] [1791382105.165258820] [StateRL]: [RA-REC] 进入恢复 | mode=paper_faithful_switch 风险值 ra=-0.0005 进入阈值=-0.0500 恢复速度=[1.43,-0.30,0.00] 保持步数=30
1791382105.2788193 [ros2_control_node-3] [INFO] [1791382105.278514970] [StateRL]: [ABS-LIVE-CMD] event=rl_command_write clock=steady_clock_ns timestamp_ns=29567005719863 sequence=575 controller_state=RL rl_active=1 finite=1 kp_zero=0 kd_zero=0 tau_zero=1 veto_reason= q=[0.0285,0.7881,-1.9071,-0.1959,0.5171,-1.7968,0.4746,0.6997,-1.6348,0.1124,1.2080,-1.8572] kp=[30.0000,30.0000,30.0000,30.0000,30.0000,30.0000,30.0000,30.0000,30.0000,30.0000,30.0000,30.0000] kd=[0.6500,0.6500,0.6500,0.6500,0.6500,0.6500,0.6500,0.6500,0.6500,0.6500,0.6500,0.6500] tau=[0.0000,0.0000,0.0000,0.0000,0.0000,0.0000,0.0000,0.0000,0.0000,0.0000,0.0000,0.0000]
1791382105.3052523 [ros2_control_node-3] [INFO] [1791382105.304948381] [StateRL]: [REC-DIAG] lin_vel=[1.60,0.12,-0.74] twist=[1.43,-0.30,0.00] hold=0 rec_action_range=[-2.516,1.716]
1791382105.3445816 [ros2_control_node-3] [INFO] [1791382105.344205307] [StateRL]: [RA-REC] 退出恢复 | mode=paper_faithful_switch 风险值 ra=-0.2867 < 退出阈值=-0.0500, 回到敏捷策略
1791382105.4044099 [ros2_control_node-3] [INFO] [1791382105.403949199] [StateRL]: [ABS-LIVE-RAY-CHECK] clock=steady_clock_ns now_ns=29567131137975 checks=50 average_period_ms=20.002502
1791382105.4058297 [ros2_control_node-3] [INFO] [1791382105.405604520] [StateRL]: [ABS-LIVE-CMD] event=rl_command_write clock=steady_clock_ns timestamp_ns=29567132809347 sequence=600 controller_state=RL rl_active=1 finite=1 kp_zero=0 kd_zero=0 tau_zero=1 veto_reason= q=[0.0254,1.1360,-1.3673,-0.0699,0.9297,-1.8205,0.1175,1.3184,-1.4343,-0.0954,1.1940,-1.6261] kp=[30.0000,30.0000,30.0000,30.0000,30.0000,30.0000,30.0000,30.0000,30.0000,30.0000,30.0000,30.0000] kd=[0.6500,0.6500,0.6500,0.6500,0.6500,0.6500,0.6500,0.6500,0.6500,0.6500,0.6500,0.6500] tau=[0.0000,0.0000,0.0000,0.0000,0.0000,0.0000,0.0000,0.0000,0.0000,0.0000,0.0000,0.0000]
1791382105.4260485 [ros2_control_node-3] [INFO] [1791382105.425661844] [StateRL]: [EVAL] step=150 t=3.000 robot=(3.273,-0.135) yaw=-0.051 goal=(9.000,0.000) dist=5.729 body=(4.977,0.711) heading=0.343 arrived=0 ra=-0.41031 entry=-0.05000 recovery=0 hold=0 twist=(1.432,-0.299,0.003) min_ray_log=0.109 max_ray_log=2.585 min_ray_m=1.078 lin_vel=(1.396,0.195,0.659) ang_vel=(-0.547,1.604,0.099) action_range=(-0.595,2.335) contact=(1,1,1,1)
1791382105.5288577 [ros2_control_node-3] [INFO] [1791382105.528399156] [StateRL]: [ABS-LIVE-CMD] event=rl_command_write clock=steady_clock_ns timestamp_ns=29567255604057 sequence=625 controller_state=RL rl_active=1 finite=1 kp_zero=0 kd_zero=0 tau_zero=1 veto_reason= q=[-0.0859,0.3682,-2.0761,-0.0877,0.8598,-0.8629,0.1139,1.0858,-1.7003,0.3693,0.8987,-1.5313] kp=[30.0000,30.0000,30.0000,30.0000,30.0000,30.0000,30.0000,30.0000,30.0000,30.0000,30.0000,30.0000] kd=[0.6500,0.6500,0.6500,0.6500,0.6500,0.6500,0.6500,0.6500,0.6500,0.6500,0.6500,0.6500] tau=[0.0000,0.0000,0.0000,0.0000,0.0000,0.0000,0.0000,0.0000,0.0000,0.0000,0.0000,0.0000]
1791382105.6557817 [ros2_control_node-3] [INFO] [1791382105.654562155] [StateRL]: [ABS-LIVE-CMD] event=rl_command_write clock=steady_clock_ns timestamp_ns=29567381764405 sequence=650 controller_state=RL rl_active=1 finite=1 kp_zero=0 kd_zero=0 tau_zero=1 veto_reason= q=[-0.0175,0.7941,-1.1622,0.1868,0.5042,-1.7339,0.1516,0.9864,-0.9806,-0.1777,0.9339,-1.5534] kp=[30.0000,30.0000,30.0000,30.0000,30.0000,30.0000,30.0000,30.0000,30.0000,30.0000,30.0000,30.0000] kd=[0.6500,0.6500,0.6500,0.6500,0.6500,0.6500,0.6500,0.6500,0.6500,0.6500,0.6500,0.6500] tau=[0.0000,0.0000,0.0000,0.0000,0.0000,0.0000,0.0000,0.0000,0.0000,0.0000,0.0000,0.0000]
1791382105.6871667 [ros2_control_node-3] [INFO] [1791382105.685852789] [StateRL]: [TWIST-GD] 梯度下降恢复速度优化 | 初始=[1.42,-0.00,-0.19] 最终=[0.93,-0.30,0.13] 目标=(4.96,0.87) RA迭代=[-0.0262,-0.2074,-0.2064] 中心射线=2.58
1791382105.6879773 [ros2_control_node-3] [WARN] [1791382105.686069774] [StateRL]: [RA-REC] 进入恢复 | mode=paper_faithful_switch 风险值 ra=-0.0262 进入阈值=-0.0500 恢复速度=[0.93,-0.30,0.13] 保持步数=30
1791382105.7803292 [ros2_control_node-3] [INFO] [1791382105.779267445] [StateRL]: [ABS-LIVE-CMD] event=rl_command_write clock=steady_clock_ns timestamp_ns=29567506470776 sequence=675 controller_state=RL rl_active=1 finite=1 kp_zero=0 kd_zero=0 tau_zero=1 veto_reason= q=[-0.1618,0.6434,-1.7318,-0.0178,0.2557,-1.5520,-0.3749,1.3746,-1.8298,-0.1279,0.6804,-1.8423] kp=[30.0000,30.0000,30.0000,30.0000,30.0000,30.0000,30.0000,30.0000,30.0000,30.0000,30.0000,30.0000] kd=[0.6500,0.6500,0.6500,0.6500,0.6500,0.6500,0.6500,0.6500,0.6500,0.6500,0.6500,0.6500] tau=[0.0000,0.0000,0.0000,0.0000,0.0000,0.0000,0.0000,0.0000,0.0000,0.0000,0.0000,0.0000]
1791382105.8292158 [ros2_control_node-3] [INFO] [1791382105.828401577] [StateRL]: [REC-DIAG] lin_vel=[1.23,0.09,-0.96] twist=[0.93,-0.30,0.13] hold=0 rec_action_range=[-3.100,2.427]
1791382105.8645012 [ros2_control_node-3] [INFO] [1791382105.864156735] [StateRL]: [RA-REC] 退出恢复 | mode=paper_faithful_switch 风险值 ra=-0.1021 < 退出阈值=-0.0500, 回到敏捷策略
1791382105.9056070 [ros2_control_node-3] [INFO] [1791382105.905315504] [StateRL]: [ABS-LIVE-CMD] event=rl_command_write clock=steady_clock_ns timestamp_ns=29567632520148 sequence=700 controller_state=RL rl_active=1 finite=1 kp_zero=0 kd_zero=0 tau_zero=1 veto_reason= q=[-0.2754,1.3466,-1.6396,0.2119,0.9072,-2.1359,0.3726,1.3241,-1.1197,-0.1040,1.0701,-1.6449] kp=[30.0000,30.0000,30.0000,30.0000,30.0000,30.0000,30.0000,30.0000,30.0000,30.0000,30.0000,30.0000] kd=[0.6500,0.6500,0.6500,0.6500,0.6500,0.6500,0.6500,0.6500,0.6500,0.6500,0.6500,0.6500] tau=[0.0000,0.0000,0.0000,0.0000,0.0000,0.0000,0.0000,0.0000,0.0000,0.0000,0.0000,0.0000]
1791382105.9318368 [ros2_control_node-3] [INFO] [1791382105.931506090] [StateRL]: [EVAL] step=175 t=3.500 robot=(3.877,-0.175) yaw=-0.091 goal=(9.000,0.000) dist=5.126 body=(4.951,1.059) heading=0.491 arrived=0 ra=-0.20442 entry=-0.05000 recovery=0 hold=0 twist=(0.935,-0.298,0.126) min_ray_log=-0.989 max_ray_log=2.585 min_ray_m=0.504 lin_vel=(0.986,-0.130,0.167) ang_vel=(-1.173,0.807,-0.641) action_range=(-2.408,1.822) contact=(1,1,1,1)
1791382106.0286918 [ros2_control_node-3] [INFO] [1791382106.028425059] [StateRL]: [ABS-LIVE-CMD] event=rl_command_write clock=steady_clock_ns timestamp_ns=29567755630048 sequence=725 controller_state=RL rl_active=1 finite=1 kp_zero=0 kd_zero=0 tau_zero=1 veto_reason= q=[-0.1889,1.0126,-2.1222,-0.1564,0.9899,-1.2904,-0.1598,1.1328,-1.9717,0.3645,1.0956,-1.1795] kp=[30.0000,30.0000,30.0000,30.0000,30.0000,30.0000,30.0000,30.0000,30.0000,30.0000,30.0000,30.0000] kd=[0.6500,0.6500,0.6500,0.6500,0.6500,0.6500,0.6500,0.6500,0.6500,0.6500,0.6500,0.6500] tau=[0.0000,0.0000,0.0000,0.0000,0.0000,0.0000,0.0000,0.0000,0.0000,0.0000,0.0000,0.0000]
1791382106.0454228 [ros2_control_node-3] [INFO] [1791382106.045067911] [StateRL]: [TWIST-GD] 梯度下降恢复速度优化 | 初始=[0.93,-0.10,0.36] 最终=[0.44,-0.30,0.86] 目标=(4.95,1.10) RA迭代=[-0.0479,-0.2985,-0.2974] 中心射线=2.58
1791382106.0455954 [ros2_control_node-3] [WARN] [1791382106.045113614] [StateRL]: [RA-REC] 进入恢复 | mode=paper_faithful_switch 风险值 ra=-0.0479 进入阈值=-0.0500 恢复速度=[0.44,-0.30,0.86] 保持步数=30
1791382106.0641983 [ros2_control_node-3] [INFO] [1791382106.063917295] [StateRL]: [RA-REC] 退出恢复 | mode=paper_faithful_switch 风险值 ra=-0.2318 < 退出阈值=-0.0500, 回到敏捷策略
1791382106.1073985 [ros2_control_node-3] [INFO] [1791382106.106890710] [StateRL]: [TWIST-GD] 梯度下降恢复速度优化 | 初始=[0.97,-0.09,0.79] 最终=[0.92,-0.30,1.29] 目标=(4.92,0.95) RA迭代=[-0.0263,-0.2346,-0.2339] 中心射线=2.58
1791382106.1076279 [ros2_control_node-3] [WARN] [1791382106.106973870] [StateRL]: [RA-REC] 进入恢复 | mode=paper_faithful_switch 风险值 ra=-0.0263 进入阈值=-0.0500 恢复速度=[0.92,-0.30,1.29] 保持步数=30
1791382106.1247718 [ros2_control_node-3] [INFO] [1791382106.124150894] [StateRL]: [RA-REC] 退出恢复 | mode=paper_faithful_switch 风险值 ra=-0.0792 < 退出阈值=-0.0500, 回到敏捷策略
1791382106.1466932 [ros2_control_node-3] [INFO] [1791382106.146192587] [StateRL]: [TWIST-GD] 梯度下降恢复速度优化 | 初始=[0.94,-0.15,0.65] 最终=[0.76,-0.30,1.65] 目标=(4.90,0.82) RA迭代=[0.1156,-0.0485,-0.1432] 中心射线=2.58
1791382106.1470172 [ros2_control_node-3] [WARN] [1791382106.146246104] [StateRL]: [RA-REC] 进入恢复 | mode=paper_faithful_switch 风险值 ra=0.1156 进入阈值=-0.0500 恢复速度=[0.76,-0.30,1.65] 保持步数=30
1791382106.1554573 [ros2_control_node-3] [INFO] [1791382106.154203300] [StateRL]: [ABS-LIVE-CMD] event=rl_command_write clock=steady_clock_ns timestamp_ns=29567881406920 sequence=750 controller_state=RL rl_active=1 finite=1 kp_zero=0 kd_zero=0 tau_zero=1 veto_reason= q=[0.1671,0.5762,-1.5743,-0.2271,0.6747,-1.4518,0.3118,0.8578,-1.6568,0.0887,0.9736,-1.7063] kp=[30.0000,30.0000,30.0000,30.0000,30.0000,30.0000,30.0000,30.0000,30.0000,30.0000,30.0000,30.0000] kd=[0.6500,0.6500,0.6500,0.6500,0.6500,0.6500,0.6500,0.6500,0.6500,0.6500,0.6500,0.6500] tau=[0.0000,0.0000,0.0000,0.0000,0.0000,0.0000,0.0000,0.0000,0.0000,0.0000,0.0000,0.0000]
1791382106.2675059 [ros2_control_node-3] [INFO] [1791382106.267202900] [StateRL]: [REC-DIAG] lin_vel=[0.76,-0.20,-0.80] twist=[0.76,-0.30,1.65] hold=0 rec_action_range=[-2.581,1.543]
1791382106.2788353 [ros2_control_node-3] [INFO] [1791382106.278537220] [StateRL]: [ABS-LIVE-CMD] event=rl_command_write clock=steady_clock_ns timestamp_ns=29568005742074 sequence=775 controller_state=RL rl_active=1 finite=1 kp_zero=0 kd_zero=0 tau_zero=1 veto_reason= q=[-0.0052,0.6200,-1.6554,0.3574,0.9820,-1.8764,-0.3230,0.7764,-2.1451,0.3859,1.0476,-1.7277] kp=[30.0000,30.0000,30.0000,30.0000,30.0000,30.0000,30.0000,30.0000,30.0000,30.0000,30.0000,30.0000] kd=[0.6500,0.6500,0.6500,0.6500,0.6500,0.6500,0.6500,0.6500,0.6500,0.6500,0.6500,0.6500] tau=[0.0000,0.0000,0.0000,0.0000,0.0000,0.0000,0.0000,0.0000,0.0000,0.0000,0.0000,0.0000]
1791382106.3043046 [ros2_control_node-3] [INFO] [1791382106.303997004] [StateRL]: [RA-REC] 退出恢复 | mode=paper_faithful_switch 风险值 ra=-0.3546 < 退出阈值=-0.0500, 回到敏捷策略
1791382106.4040976 [ros2_control_node-3] [INFO] [1791382106.403722633] [StateRL]: [ABS-LIVE-RAY-CHECK] clock=steady_clock_ns now_ns=29568130918609 checks=50 average_period_ms=19.995613
1791382106.4048541 [ros2_control_node-3] [INFO] [1791382106.404651407] [StateRL]: [ABS-LIVE-CMD] event=rl_command_write clock=steady_clock_ns timestamp_ns=29568131856429 sequence=800 controller_state=RL rl_active=1 finite=1 kp_zero=0 kd_zero=0 tau_zero=1 veto_reason= q=[0.0129,1.3219,-1.7862,-0.1328,1.1200,-2.0010,0.0421,1.4244,-1.4034,-0.1110,1.3479,-1.6732] kp=[30.0000,30.0000,30.0000,30.0000,30.0000,30.0000,30.0000,30.0000,30.0000,30.0000,30.0000,30.0000] kd=[0.6500,0.6500,0.6500,0.6500,0.6500,0.6500,0.6500,0.6500,0.6500,0.6500,0.6500,0.6500] tau=[0.0000,0.0000,0.0000,0.0000,0.0000,0.0000,0.0000,0.0000,0.0000,0.0000,0.0000,0.0000]
1791382106.4241743 [ros2_control_node-3] [INFO] [1791382106.423830957] [StateRL]: [GOAL] 位置=(4.30,-0.22) 偏航=0.16 目标=(9.00,0.00) 距离=4.70 机体系=(4.67,0.02) 航向=0.01 path_err=-0.22 path_on=1
1791382106.4297526 [ros2_control_node-3] [INFO] [1791382106.428896947] [StateRL]: [EVAL] step=200 t=4.000 robot=(4.304,-0.222) yaw=0.160 goal=(9.000,0.000) dist=4.701 body=(4.671,0.018) heading=0.010 arrived=0 ra=-0.22662 entry=-0.05000 recovery=0 hold=0 twist=(0.762,-0.299,1.651) min_ray_log=-1.730 max_ray_log=2.585 min_ray_m=0.302 lin_vel=(0.824,0.283,0.031) ang_vel=(-0.694,1.109,0.795) action_range=(-1.222,2.182) contact=(1,1,1,1)
1791382106.4880462 [ros2_control_node-3] [INFO] [1791382106.487744744] [StateRL]: [TWIST-GD] 梯度下降恢复速度优化 | 初始=[0.93,0.31,0.24] 最终=[1.24,-0.19,0.74] 目标=(4.59,-0.25) RA迭代=[0.0312,-0.4058,-0.4062] 中心射线=2.58
1791382106.4882178 [ros2_control_node-3] [WARN] [1791382106.487784803] [StateRL]: [RA-REC] 进入恢复 | mode=paper_faithful_switch 风险值 ra=0.0312 进入阈值=-0.0500 恢复速度=[1.24,-0.19,0.74] 保持步数=30
1791382106.5288613 [ros2_control_node-3] [INFO] [1791382106.528537074] [StateRL]: [ABS-LIVE-CMD] event=rl_command_write clock=steady_clock_ns timestamp_ns=29568255741907 sequence=825 controller_state=RL rl_active=1 finite=1 kp_zero=0 kd_zero=0 tau_zero=1 veto_reason= q=[0.3357,0.8286,-1.8759,-0.2174,0.8716,-1.8984,-0.0596,0.9562,-1.8303,0.0188,1.2948,-2.1161] kp=[30.0000,30.0000,30.0000,30.0000,30.0000,30.0000,30.0000,30.0000,30.0000,30.0000,30.0000,30.0000] kd=[0.6500,0.6500,0.6500,0.6500,0.6500,0.6500,0.6500,0.6500,0.6500,0.6500,0.6500,0.6500] tau=[0.0000,0.0000,0.0000,0.0000,0.0000,0.0000,0.0000,0.0000,0.0000,0.0000,0.0000,0.0000]
1791382106.5445647 [ros2_control_node-3] [INFO] [1791382106.544219955] [StateRL]: [RA-REC] 退出恢复 | mode=paper_faithful_switch 风险值 ra=-0.8464 < 退出阈值=-0.0500, 回到敏捷策略
1791382106.6537600 [ros2_control_node-3] [INFO] [1791382106.653478198] [StateRL]: [ABS-LIVE-CMD] event=rl_command_write clock=steady_clock_ns timestamp_ns=29568380683062 sequence=850 controller_state=RL rl_active=1 finite=1 kp_zero=0 kd_zero=0 tau_zero=1 veto_reason= q=[0.2505,0.9511,-1.1787,0.3135,0.7439,-2.3576,-0.0298,0.9394,-0.8426,-0.3108,1.1490,-1.5735] kp=[30.0000,30.0000,30.0000,30.0000,30.0000,30.0000,30.0000,30.0000,30.0000,30.0000,30.0000,30.0000] kd=[0.6500,0.6500,0.6500,0.6500,0.6500,0.6500,0.6500,0.6500,0.6500,0.6500,0.6500,0.6500] tau=[0.0000,0.0000,0.0000,0.0000,0.0000,0.0000,0.0000,0.0000,0.0000,0.0000,0.0000,0.0000]
1791382106.7787521 [ros2_control_node-3] [INFO] [1791382106.778418762] [StateRL]: [ABS-LIVE-CMD] event=rl_command_write clock=steady_clock_ns timestamp_ns=29568505623605 sequence=875 controller_state=RL rl_active=1 finite=1 kp_zero=0 kd_zero=0 tau_zero=1 veto_reason= q=[-0.4838,0.9533,-1.7799,-0.1780,1.0908,-1.3916,-0.4170,0.8721,-1.7209,-0.0672,0.8126,-0.8378] kp=[30.0000,30.0000,30.0000,30.0000,30.0000,30.0000,30.0000,30.0000,30.0000,30.0000,30.0000,30.0000] kd=[0.6500,0.6500,0.6500,0.6500,0.6500,0.6500,0.6500,0.6500,0.6500,0.6500,0.6500,0.6500] tau=[0.0000,0.0000,0.0000,0.0000,0.0000,0.0000,0.0000,0.0000,0.0000,0.0000,0.0000,0.0000]
1791382106.9049733 [ros2_control_node-3] [INFO] [1791382106.904660243] [StateRL]: [ABS-LIVE-CMD] event=rl_command_write clock=steady_clock_ns timestamp_ns=29568631865182 sequence=900 controller_state=RL rl_active=1 finite=1 kp_zero=0 kd_zero=0 tau_zero=1 veto_reason= q=[-0.0825,0.8562,-1.3079,0.7272,0.8125,-1.5474,0.0454,1.2382,-1.2048,0.1839,0.5726,-1.9670] kp=[30.0000,30.0000,30.0000,30.0000,30.0000,30.0000,30.0000,30.0000,30.0000,30.0000,30.0000,30.0000] kd=[0.6500,0.6500,0.6500,0.6500,0.6500,0.6500,0.6500,0.6500,0.6500,0.6500,0.6500,0.6500] tau=[0.0000,0.0000,0.0000,0.0000,0.0000,0.0000,0.0000,0.0000,0.0000,0.0000,0.0000,0.0000]
1791382106.9252670 [ros2_control_node-3] [INFO] [1791382106.924768963] [StateRL]: [EVAL] step=225 t=4.500 robot=(4.593,-0.190) yaw=0.154 goal=(9.000,0.000) dist=4.411 body=(4.384,-0.020) heading=-0.011 arrived=0 ra=-0.85674 entry=-0.05000 recovery=0 hold=0 twist=(1.240,-0.187,0.740) min_ray_log=2.585 max_ray_log=2.585 min_ray_m=6.000 lin_vel=(0.412,-0.036,-0.128) ang_vel=(-0.096,0.884,0.091) action_range=(-1.650,3.150) contact=(-1,-1,1,1)
1791382107.0303507 [ros2_control_node-3] [INFO] [1791382107.029170288] [StateRL]: [ABS-LIVE-CMD] event=rl_command_write clock=steady_clock_ns timestamp_ns=29568756374069 sequence=925 controller_state=RL rl_active=1 finite=1 kp_zero=0 kd_zero=0 tau_zero=1 veto_reason= q=[-0.0160,1.1711,-1.4330,0.3882,0.4746,-1.6641,0.0528,1.3442,-1.1293,-0.1383,1.0811,-1.6697] kp=[30.0000,30.0000,30.0000,30.0000,30.0000,30.0000,30.0000,30.0000,30.0000,30.0000,30.0000,30.0000] kd=[0.6500,0.6500,0.6500,0.6500,0.6500,0.6500,0.6500,0.6500,0.6500,0.6500,0.6500,0.6500] tau=[0.0000,0.0000,0.0000,0.0000,0.0000,0.0000,0.0000,0.0000,0.0000,0.0000,0.0000,0.0000]
1791382107.1537607 [ros2_control_node-3] [INFO] [1791382107.153459044] [StateRL]: [ABS-LIVE-CMD] event=rl_command_write clock=steady_clock_ns timestamp_ns=29568880663755 sequence=950 controller_state=RL rl_active=1 finite=1 kp_zero=0 kd_zero=0 tau_zero=1 veto_reason= q=[-0.5238,1.1002,-1.8335,0.1710,1.1023,-1.0388,-0.6356,0.7332,-1.7871,-0.1987,1.2527,-0.9296] kp=[30.0000,30.0000,30.0000,30.0000,30.0000,30.0000,30.0000,30.0000,30.0000,30.0000,30.0000,30.0000] kd=[0.6500,0.6500,0.6500,0.6500,0.6500,0.6500,0.6500,0.6500,0.6500,0.6500,0.6500,0.6500] tau=[0.0000,0.0000,0.0000,0.0000,0.0000,0.0000,0.0000,0.0000,0.0000,0.0000,0.0000,0.0000]
1791382107.2892764 [ros2_control_node-3] [INFO] [1791382107.288040885] [StateRL]: [ABS-LIVE-CMD] event=rl_command_write clock=steady_clock_ns timestamp_ns=29569015243397 sequence=975 controller_state=RL rl_active=1 finite=1 kp_zero=0 kd_zero=0 tau_zero=1 veto_reason= q=[0.1180,0.4387,-1.1036,0.6798,1.0324,-1.4001,-0.1970,1.1663,-1.4818,0.3050,0.5932,-1.9450] kp=[30.0000,30.0000,30.0000,30.0000,30.0000,30.0000,30.0000,30.0000,30.0000,30.0000,30.0000,30.0000] kd=[0.6500,0.6500,0.6500,0.6500,0.6500,0.6500,0.6500,0.6500,0.6500,0.6500,0.6500,0.6500] tau=[0.0000,0.0000,0.0000,0.0000,0.0000,0.0000,0.0000,0.0000,0.0000,0.0000,0.0000,0.0000]
1791382107.4055452 [ros2_control_node-3] [INFO] [1791382107.404622244] [StateRL]: [ABS-LIVE-RAY-CHECK] clock=steady_clock_ns now_ns=29569131802591 checks=50 average_period_ms=20.017680
1791382107.4080045 [ros2_control_node-3] [INFO] [1791382107.407476584] [StateRL]: [ABS-LIVE-CMD] event=rl_command_write clock=steady_clock_ns timestamp_ns=29569134680662 sequence=1000 controller_state=RL rl_active=1 finite=1 kp_zero=0 kd_zero=0 tau_zero=1 veto_reason= q=[0.1655,1.2840,-1.8448,-0.0506,1.0643,-1.9319,-0.0767,1.1931,-1.3619,-0.1556,1.3599,-1.5458] kp=[30.0000,30.0000,30.0000,30.0000,30.0000,30.0000,30.0000,30.0000,30.0000,30.0000,30.0000,30.0000] kd=[0.6500,0.6500,0.6500,0.6500,0.6500,0.6500,0.6500,0.6500,0.6500,0.6500,0.6500,0.6500] tau=[0.0000,0.0000,0.0000,0.0000,0.0000,0.0000,0.0000,0.0000,0.0000,0.0000,0.0000,0.0000]
1791382107.4245362 [ros2_control_node-3] [INFO] [1791382107.424237127] [StateRL]: [EVAL] step=250 t=5.000 robot=(4.603,-0.088) yaw=0.499 goal=(9.000,0.000) dist=4.398 body=(3.902,-1.835) heading=-0.866 arrived=0 ra=-0.82194 entry=-0.05000 recovery=0 hold=0 twist=(1.240,-0.187,0.740) min_ray_log=2.585 max_ray_log=2.585 min_ray_m=6.000 lin_vel=(0.031,0.508,0.125) ang_vel=(-0.077,1.307,0.343) action_range=(-1.450,2.266) contact=(1,-1,1,1)
1791382107.5299623 [ros2_control_node-3] [INFO] [1791382107.529079561] [StateRL]: [ABS-LIVE-CMD] event=rl_command_write clock=steady_clock_ns timestamp_ns=29569256283168 sequence=1025 controller_state=RL rl_active=1 finite=1 kp_zero=0 kd_zero=0 tau_zero=1 veto_reason= q=[0.0193,0.8234,-2.1771,0.0138,0.8904,-0.8378,0.0209,0.9419,-1.7902,0.1962,1.4770,-1.8092] kp=[30.0000,30.0000,30.0000,30.0000,30.0000,30.0000,30.0000,30.0000,30.0000,30.0000,30.0000,30.0000] kd=[0.6500,0.6500,0.6500,0.6500,0.6500,0.6500,0.6500,0.6500,0.6500,0.6500,0.6500,0.6500] tau=[0.0000,0.0000,0.0000,0.0000,0.0000,0.0000,0.0000,0.0000,0.0000,0.0000,0.0000,0.0000]
1791382107.6550891 [ros2_control_node-3] [INFO] [1791382107.654138500] [StateRL]: [ABS-LIVE-CMD] event=rl_command_write clock=steady_clock_ns timestamp_ns=29569381341966 sequence=1050 controller_state=RL rl_active=1 finite=1 kp_zero=0 kd_zero=0 tau_zero=1 veto_reason= q=[0.1808,1.2013,-1.6116,0.0093,0.9523,-1.9441,-0.1989,0.9729,-1.1052,-0.2375,1.1626,-1.2823] kp=[30.0000,30.0000,30.0000,30.0000,30.0000,30.0000,30.0000,30.0000,30.0000,30.0000,30.0000,30.0000] kd=[0.6500,0.6500,0.6500,0.6500,0.6500,0.6500,0.6500,0.6500,0.6500,0.6500,0.6500,0.6500] tau=[0.0000,0.0000,0.0000,0.0000,0.0000,0.0000,0.0000,0.0000,0.0000,0.0000,0.0000,0.0000]
1791382107.7829285 [ros2_control_node-3] [INFO] [1791382107.782601770] [StateRL]: [ABS-LIVE-CMD] event=rl_command_write clock=steady_clock_ns timestamp_ns=29569509806590 sequence=1075 controller_state=RL rl_active=1 finite=1 kp_zero=0 kd_zero=0 tau_zero=1 veto_reason= q=[0.0427,0.5104,-1.9141,0.1414,0.9756,-0.8378,0.1852,1.0469,-1.5650,0.3807,0.9013,-1.8412] kp=[30.0000,30.0000,30.0000,30.0000,30.0000,30.0000,30.0000,30.0000,30.0000,30.0000,30.0000,30.0000] kd=[0.6500,0.6500,0.6500,0.6500,0.6500,0.6500,0.6500,0.6500,0.6500,0.6500,0.6500,0.6500] tau=[0.0000,0.0000,0.0000,0.0000,0.0000,0.0000,0.0000,0.0000,0.0000,0.0000,0.0000,0.0000]
1791382107.9124119 [ros2_control_node-3] [INFO] [1791382107.910948410] [StateRL]: [ABS-LIVE-CMD] event=rl_command_write clock=steady_clock_ns timestamp_ns=29569638151596 sequence=1100 controller_state=RL rl_active=1 finite=1 kp_zero=0 kd_zero=0 tau_zero=1 veto_reason= q=[0.1109,1.3462,-1.7470,0.0655,1.0055,-1.7680,-0.0653,1.1108,-1.1500,-0.1877,1.3882,-1.5105] kp=[30.0000,30.0000,30.0000,30.0000,30.0000,30.0000,30.0000,30.0000,30.0000,30.0000,30.0000,30.0000] kd=[0.6500,0.6500,0.6500,0.6500,0.6500,0.6500,0.6500,0.6500,0.6500,0.6500,0.6500,0.6500] tau=[0.0000,0.0000,0.0000,0.0000,0.0000,0.0000,0.0000,0.0000,0.0000,0.0000,0.0000,0.0000]
1791382107.9307079 [ros2_control_node-3] [INFO] [1791382107.930406461] [StateRL]: [EVAL] step=275 t=5.500 robot=(4.667,-0.053) yaw=0.507 goal=(9.000,0.000) dist=4.333 body=(3.815,-1.939) heading=-0.904 arrived=0 ra=-0.78259 entry=-0.05000 recovery=0 hold=0 twist=(1.240,-0.187,0.740) min_ray_log=2.585 max_ray_log=2.585 min_ray_m=6.000 lin_vel=(0.430,0.002,-0.130) ang_vel=(0.461,1.134,-1.288) action_range=(-0.981,2.069) contact=(1,-1,1,1)
1791382108.0309417 [ros2_control_node-3] [INFO] [1791382108.030077131] [StateRL]: [ABS-LIVE-CMD] event=rl_command_write clock=steady_clock_ns timestamp_ns=29569757280205 sequence=1125 controller_state=RL rl_active=1 finite=1 kp_zero=0 kd_zero=0 tau_zero=1 veto_reason= q=[-0.3497,1.0156,-2.3112,0.1787,0.9500,-0.8983,-0.1201,0.6894,-1.8779,0.1067,1.1927,-1.3254] kp=[30.0000,30.0000,30.0000,30.0000,30.0000,30.0000,30.0000,30.0000,30.0000,30.0000,30.0000,30.0000] kd=[0.6500,0.6500,0.6500,0.6500,0.6500,0.6500,0.6500,0.6500,0.6500,0.6500,0.6500,0.6500] tau=[0.0000,0.0000,0.0000,0.0000,0.0000,0.0000,0.0000,0.0000,0.0000,0.0000,0.0000,0.0000]
1791382108.1564858 [ros2_control_node-3] [INFO] [1791382108.156198030] [StateRL]: [ABS-LIVE-CMD] event=rl_command_write clock=steady_clock_ns timestamp_ns=29569883402812 sequence=1150 controller_state=RL rl_active=1 finite=1 kp_zero=0 kd_zero=0 tau_zero=1 veto_reason= q=[0.3289,0.8411,-1.3412,0.1105,1.0444,-2.0014,-0.1770,1.2020,-1.5069,0.1242,1.1754,-1.7546] kp=[30.0000,30.0000,30.0000,30.0000,30.0000,30.0000,30.0000,30.0000,30.0000,30.0000,30.0000,30.0000] kd=[0.6500,0.6500,0.6500,0.6500,0.6500,0.6500,0.6500,0.6500,0.6500,0.6500,0.6500,0.6500] tau=[0.0000,0.0000,0.0000,0.0000,0.0000,0.0000,0.0000,0.0000,0.0000,0.0000,0.0000,0.0000]
1791382108.2801509 [ros2_control_node-3] [INFO] [1791382108.279173397] [StateRL]: [ABS-LIVE-CMD] event=rl_command_write clock=steady_clock_ns timestamp_ns=29570006377330 sequence=1175 controller_state=RL rl_active=1 finite=1 kp_zero=0 kd_zero=0 tau_zero=1 veto_reason= q=[0.0133,1.1379,-1.7315,0.3202,1.3580,-1.2662,-0.2015,1.0600,-1.2674,-0.3458,1.3933,-1.3839] kp=[30.0000,30.0000,30.0000,30.0000,30.0000,30.0000,30.0000,30.0000,30.0000,30.0000,30.0000,30.0000] kd=[0.6500,0.6500,0.6500,0.6500,0.6500,0.6500,0.6500,0.6500,0.6500,0.6500,0.6500,0.6500] tau=[0.0000,0.0000,0.0000,0.0000,0.0000,0.0000,0.0000,0.0000,0.0000,0.0000,0.0000,0.0000]
1791382108.4061236 [ros2_control_node-3] [INFO] [1791382108.405232216] [StateRL]: [ABS-LIVE-RAY-CHECK] clock=steady_clock_ns now_ns=29570132390372 checks=50 average_period_ms=20.011756
1791382108.4116337 [ros2_control_node-3] [INFO] [1791382108.410844217] [StateRL]: [ABS-LIVE-CMD] event=rl_command_write clock=steady_clock_ns timestamp_ns=29570138047730 sequence=1200 controller_state=RL rl_active=1 finite=1 kp_zero=0 kd_zero=0 tau_zero=1 veto_reason= q=[0.2065,0.7632,-1.3952,0.5809,1.0130,-1.4906,-0.2970,1.3960,-1.6215,0.3002,0.8097,-2.0789] kp=[30.0000,30.0000,30.0000,30.0000,30.0000,30.0000,30.0000,30.0000,30.0000,30.0000,30.0000,30.0000] kd=[0.6500,0.6500,0.6500,0.6500,0.6500,0.6500,0.6500,0.6500,0.6500,0.6500,0.6500,0.6500] tau=[0.0000,0.0000,0.0000,0.0000,0.0000,0.0000,0.0000,0.0000,0.0000,0.0000,0.0000,0.0000]
1791382108.4260590 [ros2_control_node-3] [INFO] [1791382108.424691919] [StateRL]: [GOAL] 位置=(4.78,-0.08) 偏航=0.37 目标=(9.00,0.00) 距离=4.22 机体系=(3.96,-1.27) 航向=-0.68 path_err=-0.08 path_on=1
1791382108.4305012 [ros2_control_node-3] [INFO] [1791382108.429725738] [StateRL]: [EVAL] step=300 t=6.000 robot=(4.778,-0.083) yaw=0.375 goal=(9.000,0.000) dist=4.223 body=(3.959,-1.274) heading=-0.678 arrived=0 ra=-0.85980 entry=-0.05000 recovery=0 hold=0 twist=(1.240,-0.187,0.740) min_ray_log=2.585 max_ray_log=2.585 min_ray_m=6.000 lin_vel=(0.332,-0.215,0.085) ang_vel=(-0.486,0.697,0.576) action_range=(-1.769,2.226) contact=(-1,-1,1,1)
1791382108.5288815 [ros2_control_node-3] [INFO] [1791382108.528490763] [StateRL]: [ABS-LIVE-CMD] event=rl_command_write clock=steady_clock_ns timestamp_ns=29570255695584 sequence=1225 controller_state=RL rl_active=1 finite=1 kp_zero=0 kd_zero=0 tau_zero=1 veto_reason= q=[0.2995,1.0475,-1.3804,0.0587,0.8194,-1.6594,-0.2045,0.7895,-0.8378,-0.2757,1.2063,-1.3365] kp=[30.0000,30.0000,30.0000,30.0000,30.0000,30.0000,30.0000,30.0000,30.0000,30.0000,30.0000,30.0000] kd=[0.6500,0.6500,0.6500,0.6500,0.6500,0.6500,0.6500,0.6500,0.6500,0.6500,0.6500,0.6500] tau=[0.0000,0.0000,0.0000,0.0000,0.0000,0.0000,0.0000,0.0000,0.0000,0.0000,0.0000,0.0000]
1791382108.6536460 [ros2_control_node-3] [INFO] [1791382108.653377970] [StateRL]: [ABS-LIVE-CMD] event=rl_command_write clock=steady_clock_ns timestamp_ns=29570380582903 sequence=1250 controller_state=RL rl_active=1 finite=1 kp_zero=0 kd_zero=0 tau_zero=1 veto_reason= q=[-0.0389,0.3906,-2.3142,0.0657,0.4748,-0.8378,0.1505,0.6957,-1.7398,0.5469,1.0660,-1.8183] kp=[30.0000,30.0000,30.0000,30.0000,30.0000,30.0000,30.0000,30.0000,30.0000,30.0000,30.0000,30.0000] kd=[0.6500,0.6500,0.6500,0.6500,0.6500,0.6500,0.6500,0.6500,0.6500,0.6500,0.6500,0.6500] tau=[0.0000,0.0000,0.0000,0.0000,0.0000,0.0000,0.0000,0.0000,0.0000,0.0000,0.0000,0.0000]
1791382108.7787542 [ros2_control_node-3] [INFO] [1791382108.778466392] [StateRL]: [ABS-LIVE-CMD] event=rl_command_write clock=steady_clock_ns timestamp_ns=29570505671240 sequence=1275 controller_state=RL rl_active=1 finite=1 kp_zero=0 kd_zero=0 tau_zero=1 veto_reason= q=[0.0939,1.3956,-1.6960,0.4214,0.9022,-1.9224,0.0684,1.3139,-1.3342,0.0967,0.9876,-1.7484] kp=[30.0000,30.0000,30.0000,30.0000,30.0000,30.0000,30.0000,30.0000,30.0000,30.0000,30.0000,30.0000] kd=[0.6500,0.6500,0.6500,0.6500,0.6500,0.6500,0.6500,0.6500,0.6500,0.6500,0.6500,0.6500] tau=[0.0000,0.0000,0.0000,0.0000,0.0000,0.0000,0.0000,0.0000,0.0000,0.0000,0.0000,0.0000]
1791382108.9062488 [ros2_control_node-3] [INFO] [1791382108.905732315] [StateRL]: [ABS-LIVE-CMD] event=rl_command_write clock=steady_clock_ns timestamp_ns=29570632936703 sequence=1300 controller_state=RL rl_active=1 finite=1 kp_zero=0 kd_zero=0 tau_zero=1 veto_reason= q=[-0.2971,1.2826,-1.7036,0.1485,1.0166,-1.2567,-0.4453,1.0219,-1.6620,0.0083,1.2330,-1.0069] kp=[30.0000,30.0000,30.0000,30.0000,30.0000,30.0000,30.0000,30.0000,30.0000,30.0000,30.0000,30.0000] kd=[0.6500,0.6500,0.6500,0.6500,0.6500,0.6500,0.6500,0.6500,0.6500,0.6500,0.6500,0.6500] tau=[0.0000,0.0000,0.0000,0.0000,0.0000,0.0000,0.0000,0.0000,0.0000,0.0000,0.0000,0.0000]
1791382108.9332964 [ros2_control_node-3] [INFO] [1791382108.932446266] [StateRL]: [EVAL] step=325 t=6.500 robot=(5.063,-0.043) yaw=0.117 goal=(9.000,0.000) dist=3.938 body=(3.915,-0.310) heading=-0.195 arrived=0 ra=-0.91047 entry=-0.05000 recovery=0 hold=0 twist=(1.240,-0.187,0.740) min_ray_log=2.585 max_ray_log=2.585 min_ray_m=6.000 lin_vel=(1.030,0.207,0.430) ang_vel=(2.552,0.570,-1.382) action_range=(-2.053,2.351) contact=(1,1,-1,-1)
1791382109.0300179 [ros2_control_node-3] [INFO] [1791382109.028944983] [StateRL]: [ABS-LIVE-CMD] event=rl_command_write clock=steady_clock_ns timestamp_ns=29570756148821 sequence=1325 controller_state=RL rl_active=1 finite=1 kp_zero=0 kd_zero=0 tau_zero=1 veto_reason= q=[-0.0047,0.2464,-1.6300,0.2339,1.0238,-0.8890,0.0345,1.0641,-1.3198,0.4692,0.5191,-1.8298] kp=[30.0000,30.0000,30.0000,30.0000,30.0000,30.0000,30.0000,30.0000,30.0000,30.0000,30.0000,30.0000] kd=[0.6500,0.6500,0.6500,0.6500,0.6500,0.6500,0.6500,0.6500,0.6500,0.6500,0.6500,0.6500] tau=[0.0000,0.0000,0.0000,0.0000,0.0000,0.0000,0.0000,0.0000,0.0000,0.0000,0.0000,0.0000]
1791382109.1637182 [ros2_control_node-3] [INFO] [1791382109.162514456] [StateRL]: [ABS-LIVE-CMD] event=rl_command_write clock=steady_clock_ns timestamp_ns=29570889717695 sequence=1350 controller_state=RL rl_active=1 finite=1 kp_zero=0 kd_zero=0 tau_zero=1 veto_reason= q=[-0.3378,1.2503,-1.3865,0.6954,0.3824,-1.6673,0.2384,1.1874,-0.9356,-0.0705,0.9309,-1.4914] kp=[30.0000,30.0000,30.0000,30.0000,30.0000,30.0000,30.0000,30.0000,30.0000,30.0000,30.0000,30.0000] kd=[0.6500,0.6500,0.6500,0.6500,0.6500,0.6500,0.6500,0.6500,0.6500,0.6500,0.6500,0.6500] tau=[0.0000,0.0000,0.0000,0.0000,0.0000,0.0000,0.0000,0.0000,0.0000,0.0000,0.0000,0.0000]
1791382109.2807262 [ros2_control_node-3] [INFO] [1791382109.279417976] [StateRL]: [ABS-LIVE-CMD] event=rl_command_write clock=steady_clock_ns timestamp_ns=29571006619996 sequence=1375 controller_state=RL rl_active=1 finite=1 kp_zero=0 kd_zero=0 tau_zero=1 veto_reason= q=[-0.5459,1.4050,-1.6372,-0.1440,0.8681,-1.1213,-0.5543,0.8414,-1.5683,0.0859,1.1791,-0.9022] kp=[30.0000,30.0000,30.0000,30.0000,30.0000,30.0000,30.0000,30.0000,30.0000,30.0000,30.0000,30.0000] kd=[0.6500,0.6500,0.6500,0.6500,0.6500,0.6500,0.6500,0.6500,0.6500,0.6500,0.6500,0.6500] tau=[0.0000,0.0000,0.0000,0.0000,0.0000,0.0000,0.0000,0.0000,0.0000,0.0000,0.0000,0.0000]
1791382109.4043205 [ros2_control_node-3] [INFO] [1791382109.403878306] [StateRL]: [ABS-LIVE-RAY-CHECK] clock=steady_clock_ns now_ns=29571131069646 checks=50 average_period_ms=19.973585
1791382109.4056787 [ros2_control_node-3] [INFO] [1791382109.405453103] [StateRL]: [ABS-LIVE-CMD] event=rl_command_write clock=steady_clock_ns timestamp_ns=29571132657944 sequence=1400 controller_state=RL rl_active=1 finite=1 kp_zero=0 kd_zero=0 tau_zero=1 veto_reason= q=[-0.3742,0.4774,-1.4946,0.7739,1.1943,-1.4863,0.0670,1.1002,-1.0013,0.3566,0.5086,-1.9258] kp=[30.0000,30.0000,30.0000,30.0000,30.0000,30.0000,30.0000,30.0000,30.0000,30.0000,30.0000,30.0000] kd=[0.6500,0.6500,0.6500,0.6500,0.6500,0.6500,0.6500,0.6500,0.6500,0.6500,0.6500,0.6500] tau=[0.0000,0.0000,0.0000,0.0000,0.0000,0.0000,0.0000,0.0000,0.0000,0.0000,0.0000,0.0000]
1791382109.4256721 [ros2_control_node-3] [INFO] [1791382109.425214748] [StateRL]: [EVAL] step=350 t=7.000 robot=(5.641,0.039) yaw=-0.201 goal=(9.000,0.000) dist=3.359 body=(3.299,0.539) heading=0.388 arrived=0 ra=-0.94555 entry=-0.05000 recovery=0 hold=0 twist=(1.240,-0.187,0.740) min_ray_log=2.585 max_ray_log=2.585 min_ray_m=6.000 lin_vel=(1.175,0.201,-0.210) ang_vel=(-2.905,-0.908,-0.110) action_range=(-0.783,2.927) contact=(-1,-1,1,-1)
1791382109.5287712 [ros2_control_node-3] [INFO] [1791382109.528460593] [StateRL]: [ABS-LIVE-CMD] event=rl_command_write clock=steady_clock_ns timestamp_ns=29571255665496 sequence=1425 controller_state=RL rl_active=1 finite=1 kp_zero=0 kd_zero=0 tau_zero=1 veto_reason= q=[-0.1930,1.1496,-1.0470,0.2860,0.4409,-1.4183,0.0625,1.0261,-0.8378,-0.1264,0.9596,-1.0006] kp=[30.0000,30.0000,30.0000,30.0000,30.0000,30.0000,30.0000,30.0000,30.0000,30.0000,30.0000,30.0000] kd=[0.6500,0.6500,0.6500,0.6500,0.6500,0.6500,0.6500,0.6500,0.6500,0.6500,0.6500,0.6500] tau=[0.0000,0.0000,0.0000,0.0000,0.0000,0.0000,0.0000,0.0000,0.0000,0.0000,0.0000,0.0000]
1791382109.6538332 [ros2_control_node-3] [INFO] [1791382109.653535801] [StateRL]: [ABS-LIVE-CMD] event=rl_command_write clock=steady_clock_ns timestamp_ns=29571380740585 sequence=1450 controller_state=RL rl_active=1 finite=1 kp_zero=0 kd_zero=0 tau_zero=1 veto_reason= q=[-0.7503,0.7646,-1.8778,-0.2960,0.9252,-1.1810,-0.4846,0.6762,-1.6667,0.2340,0.9956,-1.1230] kp=[30.0000,30.0000,30.0000,30.0000,30.0000,30.0000,30.0000,30.0000,30.0000,30.0000,30.0000,30.0000] kd=[0.6500,0.6500,0.6500,0.6500,0.6500,0.6500,0.6500,0.6500,0.6500,0.6500,0.6500,0.6500] tau=[0.0000,0.0000,0.0000,0.0000,0.0000,0.0000,0.0000,0.0000,0.0000,0.0000,0.0000,0.0000]
1791382109.7799816 [ros2_control_node-3] [INFO] [1791382109.779174042] [StateRL]: [ABS-LIVE-CMD] event=rl_command_write clock=steady_clock_ns timestamp_ns=29571506377179 sequence=1475 controller_state=RL rl_active=1 finite=1 kp_zero=0 kd_zero=0 tau_zero=1 veto_reason= q=[-0.1125,0.5894,-1.3139,0.7581,0.8302,-1.4665,0.0990,1.0333,-1.0326,0.2408,0.5777,-1.7360] kp=[30.0000,30.0000,30.0000,30.0000,30.0000,30.0000,30.0000,30.0000,30.0000,30.0000,30.0000,30.0000] kd=[0.6500,0.6500,0.6500,0.6500,0.6500,0.6500,0.6500,0.6500,0.6500,0.6500,0.6500,0.6500] tau=[0.0000,0.0000,0.0000,0.0000,0.0000,0.0000,0.0000,0.0000,0.0000,0.0000,0.0000,0.0000]
1791382109.9057922 [ros2_control_node-3] [INFO] [1791382109.905443292] [StateRL]: [ABS-LIVE-CMD] event=rl_command_write clock=steady_clock_ns timestamp_ns=29571632647582 sequence=1500 controller_state=RL rl_active=1 finite=1 kp_zero=0 kd_zero=0 tau_zero=1 veto_reason= q=[0.0977,0.6170,-0.8378,0.0430,0.4869,-1.2933,-0.5177,1.3064,-1.2630,-0.0103,1.1447,-1.1267] kp=[30.0000,30.0000,30.0000,30.0000,30.0000,30.0000,30.0000,30.0000,30.0000,30.0000,30.0000,30.0000] kd=[0.6500,0.6500,0.6500,0.6500,0.6500,0.6500,0.6500,0.6500,0.6500,0.6500,0.6500,0.6500] tau=[0.0000,0.0000,0.0000,0.0000,0.0000,0.0000,0.0000,0.0000,0.0000,0.0000,0.0000,0.0000]
1791382109.9252384 [ros2_control_node-3] [INFO] [1791382109.924894596] [StateRL]: [EVAL] step=375 t=7.500 robot=(6.427,0.043) yaw=-0.123 goal=(9.000,0.000) dist=2.574 body=(2.559,0.164) heading=0.159 arrived=0 ra=-0.98213 entry=-0.05000 recovery=0 hold=0 twist=(1.240,-0.187,0.740) min_ray_log=2.585 max_ray_log=2.585 min_ray_m=6.000 lin_vel=(1.912,0.356,0.367) ang_vel=(-0.498,0.959,0.323) action_range=(-1.418,1.867) contact=(-1,1,-1,1)
1791382110.0324578 [ros2_control_node-3] [INFO] [1791382110.031879222] [StateRL]: [ABS-LIVE-CMD] event=rl_command_write clock=steady_clock_ns timestamp_ns=29571759083179 sequence=1525 controller_state=RL rl_active=1 finite=1 kp_zero=0 kd_zero=0 tau_zero=1 veto_reason= q=[-0.4330,0.0142,-1.9558,-0.3891,0.9064,-0.9077,-0.1178,0.7016,-1.6550,0.5598,0.9159,-1.4337] kp=[30.0000,30.0000,30.0000,30.0000,30.0000,30.0000,30.0000,30.0000,30.0000,30.0000,30.0000,30.0000] kd=[0.6500,0.6500,0.6500,0.6500,0.6500,0.6500,0.6500,0.6500,0.6500,0.6500,0.6500,0.6500] tau=[0.0000,0.0000,0.0000,0.0000,0.0000,0.0000,0.0000,0.0000,0.0000,0.0000,0.0000,0.0000]
1791382110.1793196 [ros2_control_node-3] [INFO] [1791382110.178681963] [StateRL]: [ABS-LIVE-CMD] event=rl_command_write clock=steady_clock_ns timestamp_ns=29571905886250 sequence=1550 controller_state=RL rl_active=1 finite=1 kp_zero=0 kd_zero=0 tau_zero=1 veto_reason= q=[0.0313,0.8012,-1.1522,0.7988,0.5986,-1.7792,0.0629,1.1891,-1.1390,-0.0227,0.6854,-1.5829] kp=[30.0000,30.0000,30.0000,30.0000,30.0000,30.0000,30.0000,30.0000,30.0000,30.0000,30.0000,30.0000] kd=[0.6500,0.6500,0.6500,0.6500,0.6500,0.6500,0.6500,0.6500,0.6500,0.6500,0.6500,0.6500] tau=[0.0000,0.0000,0.0000,0.0000,0.0000,0.0000,0.0000,0.0000,0.0000,0.0000,0.0000,0.0000]
1791382110.2786839 [ros2_control_node-3] [INFO] [1791382110.278402155] [StateRL]: [ABS-LIVE-CMD] event=rl_command_write clock=steady_clock_ns timestamp_ns=29572005606990 sequence=1575 controller_state=RL rl_active=1 finite=1 kp_zero=0 kd_zero=0 tau_zero=1 veto_reason= q=[0.0476,0.8924,-0.8378,0.1431,0.7879,-1.1594,-0.5896,1.1228,-1.1643,-0.0383,1.0822,-0.9825] kp=[30.0000,30.0000,30.0000,30.0000,30.0000,30.0000,30.0000,30.0000,30.0000,30.0000,30.0000,30.0000] kd=[0.6500,0.6500,0.6500,0.6500,0.6500,0.6500,0.6500,0.6500,0.6500,0.6500,0.6500,0.6500] tau=[0.0000,0.0000,0.0000,0.0000,0.0000,0.0000,0.0000,0.0000,0.0000,0.0000,0.0000,0.0000]
1791382110.4039834 [ros2_control_node-3] [INFO] [1791382110.403629354] [StateRL]: [ABS-LIVE-RAY-CHECK] clock=steady_clock_ns now_ns=29572130825745 checks=50 average_period_ms=19.995122
1791382110.4046934 [ros2_control_node-3] [INFO] [1791382110.404411833] [StateRL]: [ABS-LIVE-CMD] event=rl_command_write clock=steady_clock_ns timestamp_ns=29572131616645 sequence=1600 controller_state=RL rl_active=1 finite=1 kp_zero=0 kd_zero=0 tau_zero=1 veto_reason= q=[-0.0181,0.0922,-1.5545,0.2835,1.0329,-0.9610,-0.0422,0.9556,-1.1652,0.4595,0.5007,-1.7344] kp=[30.0000,30.0000,30.0000,30.0000,30.0000,30.0000,30.0000,30.0000,30.0000,30.0000,30.0000,30.0000] kd=[0.6500,0.6500,0.6500,0.6500,0.6500,0.6500,0.6500,0.6500,0.6500,0.6500,0.6500,0.6500] tau=[0.0000,0.0000,0.0000,0.0000,0.0000,0.0000,0.0000,0.0000,0.0000,0.0000,0.0000,0.0000]
1791382110.4240832 [ros2_control_node-3] [INFO] [1791382110.423825674] [StateRL]: [GOAL] 位置=(7.32,0.04) 偏航=-0.21 目标=(9.00,0.00) 距离=1.68 机体系=(1.65,0.21) 航向=0.30 path_err=0.04 path_on=1
1791382110.4272425 [ros2_control_node-3] [INFO] [1791382110.426465960] [StateRL]: [EVAL] step=400 t=8.000 robot=(7.321,0.040) yaw=-0.206 goal=(9.000,0.000) dist=1.680 body=(1.652,0.207) heading=0.304 arrived=0 ra=-0.99435 entry=-0.05000 recovery=0 hold=0 twist=(1.240,-0.187,0.740) min_ray_log=2.585 max_ray_log=2.585 min_ray_m=6.000 lin_vel=(1.645,0.113,-0.071) ang_vel=(-0.800,-1.866,-0.039) action_range=(-1.861,3.206) contact=(-1,1,1,-1)
1791382110.5301893 [ros2_control_node-3] [INFO] [1791382110.529455061] [StateRL]: [ABS-LIVE-CMD] event=rl_command_write clock=steady_clock_ns timestamp_ns=29572256658543 sequence=1625 controller_state=RL rl_active=1 finite=1 kp_zero=0 kd_zero=0 tau_zero=1 veto_reason= q=[-0.2346,1.2465,-1.1584,0.5020,0.3026,-1.5629,0.1988,0.9810,-0.8378,-0.0930,0.9486,-1.1664] kp=[30.0000,30.0000,30.0000,30.0000,30.0000,30.0000,30.0000,30.0000,30.0000,30.0000,30.0000,30.0000] kd=[0.6500,0.6500,0.6500,0.6500,0.6500,0.6500,0.6500,0.6500,0.6500,0.6500,0.6500,0.6500] tau=[0.0000,0.0000,0.0000,0.0000,0.0000,0.0000,0.0000,0.0000,0.0000,0.0000,0.0000,0.0000]
1791382110.6638541 [ros2_control_node-3] [INFO] [1791382110.662918336] [StateRL]: [ABS-LIVE-CMD] event=rl_command_write clock=steady_clock_ns timestamp_ns=29572390120814 sequence=1650 controller_state=RL rl_active=1 finite=1 kp_zero=0 kd_zero=0 tau_zero=1 veto_reason= q=[-0.7638,0.9710,-1.5989,-0.1487,0.8336,-1.1464,-0.4847,0.5288,-1.5686,0.2181,1.2068,-1.2512] kp=[30.0000,30.0000,30.0000,30.0000,30.0000,30.0000,30.0000,30.0000,30.0000,30.0000,30.0000,30.0000] kd=[0.6500,0.6500,0.6500,0.6500,0.6500,0.6500,0.6500,0.6500,0.6500,0.6500,0.6500,0.6500] tau=[0.0000,0.0000,0.0000,0.0000,0.0000,0.0000,0.0000,0.0000,0.0000,0.0000,0.0000,0.0000]
1791382110.7787626 [ros2_control_node-3] [INFO] [1791382110.778491505] [StateRL]: [ABS-LIVE-CMD] event=rl_command_write clock=steady_clock_ns timestamp_ns=29572505696329 sequence=1675 controller_state=RL rl_active=1 finite=1 kp_zero=0 kd_zero=0 tau_zero=1 veto_reason= q=[-0.2745,0.2780,-1.2671,0.8788,1.1501,-1.4943,-0.0061,0.8794,-1.0069,0.3463,0.5591,-1.8257] kp=[30.0000,30.0000,30.0000,30.0000,30.0000,30.0000,30.0000,30.0000,30.0000,30.0000,30.0000,30.0000] kd=[0.6500,0.6500,0.6500,0.6500,0.6500,0.6500,0.6500,0.6500,0.6500,0.6500,0.6500,0.6500] tau=[0.0000,0.0000,0.0000,0.0000,0.0000,0.0000,0.0000,0.0000,0.0000,0.0000,0.0000,0.0000]
1791382110.9180684 [ros2_control_node-3] [INFO] [1791382110.917421932] [StateRL]: [ABS-LIVE-CMD] event=rl_command_write clock=steady_clock_ns timestamp_ns=29572644625160 sequence=1700 controller_state=RL rl_active=1 finite=1 kp_zero=0 kd_zero=0 tau_zero=1 veto_reason= q=[0.0508,1.0254,-1.1395,0.1654,0.4227,-1.1337,-0.1881,1.0875,-1.4630,0.0260,0.7913,-1.2213] kp=[30.0000,30.0000,30.0000,30.0000,30.0000,30.0000,30.0000,30.0000,30.0000,30.0000,30.0000,30.0000] kd=[0.6500,0.6500,0.6500,0.6500,0.6500,0.6500,0.6500,0.6500,0.6500,0.6500,0.6500,0.6500] tau=[0.0000,0.0000,0.0000,0.0000,0.0000,0.0000,0.0000,0.0000,0.0000,0.0000,0.0000,0.0000]
1791382110.9257801 [ros2_control_node-3] [INFO] [1791382110.925490902] [StateRL]: [EVAL] step=425 t=8.500 robot=(8.272,-0.007) yaw=-0.161 goal=(9.000,0.000) dist=0.728 body=(0.717,0.142) heading=0.460 arrived=0 ra=-0.99810 entry=-0.05000 recovery=0 hold=0 twist=(1.240,-0.187,0.740) min_ray_log=2.585 max_ray_log=2.585 min_ray_m=6.000 lin_vel=(1.883,0.409,0.357) ang_vel=(-1.981,0.069,1.276) action_range=(-1.834,2.664) contact=(1,-1,1,1)
1791382111.0287018 [ros2_control_node-3] [INFO] [1791382111.028441762] [StateRL]: [ABS-LIVE-CMD] event=rl_command_write clock=steady_clock_ns timestamp_ns=29572755646740 sequence=1725 controller_state=RL rl_active=1 finite=1 kp_zero=0 kd_zero=0 tau_zero=1 veto_reason= q=[-0.3506,-0.0058,-1.7380,-0.3297,0.8740,-1.0917,-0.1381,0.6216,-1.4184,0.4642,0.8827,-1.5614] kp=[30.0000,30.0000,30.0000,30.0000,30.0000,30.0000,30.0000,30.0000,30.0000,30.0000,30.0000,30.0000] kd=[0.6500,0.6500,0.6500,0.6500,0.6500,0.6500,0.6500,0.6500,0.6500,0.6500,0.6500,0.6500] tau=[0.0000,0.0000,0.0000,0.0000,0.0000,0.0000,0.0000,0.0000,0.0000,0.0000,0.0000,0.0000]
1791382111.1536391 [ros2_control_node-3] [INFO] [1791382111.153381913] [StateRL]: [ABS-LIVE-CMD] event=rl_command_write clock=steady_clock_ns timestamp_ns=29572880586695 sequence=1750 controller_state=RL rl_active=1 finite=1 kp_zero=0 kd_zero=0 tau_zero=1 veto_reason= q=[0.0857,0.1198,-1.1129,0.1484,0.5129,-1.8996,-0.0886,0.8451,-1.8374,0.1964,0.5095,-1.8685] kp=[30.0000,30.0000,30.0000,30.0000,30.0000,30.0000,30.0000,30.0000,30.0000,30.0000,30.0000,30.0000] kd=[0.6500,0.6500,0.6500,0.6500,0.6500,0.6500,0.6500,0.6500,0.6500,0.6500,0.6500,0.6500] tau=[0.0000,0.0000,0.0000,0.0000,0.0000,0.0000,0.0000,0.0000,0.0000,0.0000,0.0000,0.0000]
1791382111.2802832 [ros2_control_node-3] [INFO] [1791382111.279343087] [StateRL]: [ABS-LIVE-CMD] event=rl_command_write clock=steady_clock_ns timestamp_ns=29573006545562 sequence=1775 controller_state=RL rl_active=1 finite=1 kp_zero=0 kd_zero=0 tau_zero=1 veto_reason= q=[0.1876,0.8509,-1.6832,0.0381,0.7835,-1.1378,0.0474,1.0167,-1.9882,0.0190,0.8941,-1.5965] kp=[30.0000,30.0000,30.0000,30.0000,30.0000,30.0000,30.0000,30.0000,30.0000,30.0000,30.0000,30.0000] kd=[0.6500,0.6500,0.6500,0.6500,0.6500,0.6500,0.6500,0.6500,0.6500,0.6500,0.6500,0.6500] tau=[0.0000,0.0000,0.0000,0.0000,0.0000,0.0000,0.0000,0.0000,0.0000,0.0000,0.0000,0.0000]
1791382111.4038682 [ros2_control_node-3] [INFO] [1791382111.403593967] [StateRL]: [ABS-LIVE-RAY-CHECK] clock=steady_clock_ns now_ns=29573130790664 checks=50 average_period_ms=19.999298
1791382111.4051540 [ros2_control_node-3] [INFO] [1791382111.404703137] [StateRL]: [ABS-LIVE-CMD] event=rl_command_write clock=steady_clock_ns timestamp_ns=29573131907736 sequence=1800 controller_state=RL rl_active=1 finite=1 kp_zero=0 kd_zero=0 tau_zero=1 veto_reason= q=[0.1616,0.9561,-1.5485,-0.1030,0.9470,-1.5410,0.0076,0.9451,-1.7960,0.0214,0.9460,-1.7236] kp=[30.0000,30.0000,30.0000,30.0000,30.0000,30.0000,30.0000,30.0000,30.0000,30.0000,30.0000,30.0000] kd=[0.6500,0.6500,0.6500,0.6500,0.6500,0.6500,0.6500,0.6500,0.6500,0.6500,0.6500,0.6500] tau=[0.0000,0.0000,0.0000,0.0000,0.0000,0.0000,0.0000,0.0000,0.0000,0.0000,0.0000,0.0000]
1791382111.5316513 [ros2_control_node-3] [INFO] [1791382111.530969136] [StateRL]: [ABS-LIVE-CMD] event=rl_command_write clock=steady_clock_ns timestamp_ns=29573258172963 sequence=1825 controller_state=RL rl_active=1 finite=1 kp_zero=0 kd_zero=0 tau_zero=1 veto_reason= q=[0.0042,0.8211,-1.2452,0.1740,0.7827,-1.9696,0.0106,1.1410,-1.5659,-0.0622,1.0104,-1.8255] kp=[30.0000,30.0000,30.0000,30.0000,30.0000,30.0000,30.0000,30.0000,30.0000,30.0000,30.0000,30.0000] kd=[0.6500,0.6500,0.6500,0.6500,0.6500,0.6500,0.6500,0.6500,0.6500,0.6500,0.6500,0.6500] tau=[0.0000,0.0000,0.0000,0.0000,0.0000,0.0000,0.0000,0.0000,0.0000,0.0000,0.0000,0.0000]
1791382111.6536968 [ros2_control_node-3] [INFO] [1791382111.653428922] [StateRL]: [ABS-LIVE-CMD] event=rl_command_write clock=steady_clock_ns timestamp_ns=29573380633862 sequence=1850 controller_state=RL rl_active=1 finite=1 kp_zero=0 kd_zero=0 tau_zero=1 veto_reason= q=[0.0895,0.8768,-1.5832,-0.0361,0.8327,-1.4275,0.0531,1.0603,-1.7241,0.0487,1.0248,-1.6494] kp=[30.0000,30.0000,30.0000,30.0000,30.0000,30.0000,30.0000,30.0000,30.0000,30.0000,30.0000,30.0000] kd=[0.6500,0.6500,0.6500,0.6500,0.6500,0.6500,0.6500,0.6500,0.6500,0.6500,0.6500,0.6500] tau=[0.0000,0.0000,0.0000,0.0000,0.0000,0.0000,0.0000,0.0000,0.0000,0.0000,0.0000,0.0000]
1791382111.7787511 [ros2_control_node-3] [INFO] [1791382111.778478747] [StateRL]: [ABS-LIVE-CMD] event=rl_command_write clock=steady_clock_ns timestamp_ns=29573505683582 sequence=1875 controller_state=RL rl_active=1 finite=1 kp_zero=0 kd_zero=0 tau_zero=1 veto_reason= q=[0.0255,0.8443,-1.6234,-0.0627,0.9385,-1.5415,0.0226,1.0577,-1.6980,0.0257,1.0744,-1.5943] kp=[30.0000,30.0000,30.0000,30.0000,30.0000,30.0000,30.0000,30.0000,30.0000,30.0000,30.0000,30.0000] kd=[0.6500,0.6500,0.6500,0.6500,0.6500,0.6500,0.6500,0.6500,0.6500,0.6500,0.6500,0.6500] tau=[0.0000,0.0000,0.0000,0.0000,0.0000,0.0000,0.0000,0.0000,0.0000,0.0000,0.0000,0.0000]
1791382111.9048340 [ros2_control_node-3] [INFO] [1791382111.904426622] [StateRL]: [ABS-LIVE-CMD] event=rl_command_write clock=steady_clock_ns timestamp_ns=29573631631362 sequence=1900 controller_state=RL rl_active=1 finite=1 kp_zero=0 kd_zero=0 tau_zero=1 veto_reason= q=[-0.0156,0.8215,-1.6257,-0.0601,0.9462,-1.5202,-0.0312,1.0609,-1.7216,0.0513,1.0753,-1.5584] kp=[30.0000,30.0000,30.0000,30.0000,30.0000,30.0000,30.0000,30.0000,30.0000,30.0000,30.0000,30.0000] kd=[0.6500,0.6500,0.6500,0.6500,0.6500,0.6500,0.6500,0.6500,0.6500,0.6500,0.6500,0.6500] tau=[0.0000,0.0000,0.0000,0.0000,0.0000,0.0000,0.0000,0.0000,0.0000,0.0000,0.0000,0.0000]
1791382112.0365067 [ros2_control_node-3] [INFO] [1791382112.035390579] [StateRL]: [ABS-LIVE-CMD] event=rl_command_write clock=steady_clock_ns timestamp_ns=29573762594651 sequence=1925 controller_state=RL rl_active=1 finite=1 kp_zero=0 kd_zero=0 tau_zero=1 veto_reason= q=[-0.0128,0.8361,-1.5858,-0.0596,0.9496,-1.5653,-0.0219,1.0755,-1.6902,0.0463,1.0825,-1.5731] kp=[30.0000,30.0000,30.0000,30.0000,30.0000,30.0000,30.0000,30.0000,30.0000,30.0000,30.0000,30.0000] kd=[0.6500,0.6500,0.6500,0.6500,0.6500,0.6500,0.6500,0.6500,0.6500,0.6500,0.6500,0.6500] tau=[0.0000,0.0000,0.0000,0.0000,0.0000,0.0000,0.0000,0.0000,0.0000,0.0000,0.0000,0.0000]
1791382112.1552408 [ros2_control_node-3] [INFO] [1791382112.154268354] [StateRL]: [ABS-LIVE-CMD] event=rl_command_write clock=steady_clock_ns timestamp_ns=29573881471685 sequence=1950 controller_state=RL rl_active=1 finite=1 kp_zero=0 kd_zero=0 tau_zero=1 veto_reason= q=[0.0101,0.8721,-1.4846,-0.0506,0.9420,-1.6115,-0.0344,1.0844,-1.6450,-0.0165,1.0875,-1.5439] kp=[30.0000,30.0000,30.0000,30.0000,30.0000,30.0000,30.0000,30.0000,30.0000,30.0000,30.0000,30.0000] kd=[0.6500,0.6500,0.6500,0.6500,0.6500,0.6500,0.6500,0.6500,0.6500,0.6500,0.6500,0.6500] tau=[0.0000,0.0000,0.0000,0.0000,0.0000,0.0000,0.0000,0.0000,0.0000,0.0000,0.0000,0.0000]
1791382112.2799606 [ros2_control_node-3] [INFO] [1791382112.279123006] [StateRL]: [ABS-LIVE-CMD] event=rl_command_write clock=steady_clock_ns timestamp_ns=29574006326196 sequence=1975 controller_state=RL rl_active=1 finite=1 kp_zero=0 kd_zero=0 tau_zero=1 veto_reason= q=[-0.0149,0.8474,-1.6766,-0.0451,0.9830,-1.4876,-0.0349,1.0569,-1.7233,0.0152,1.0578,-1.4906] kp=[30.0000,30.0000,30.0000,30.0000,30.0000,30.0000,30.0000,30.0000,30.0000,30.0000,30.0000,30.0000] kd=[0.6500,0.6500,0.6500,0.6500,0.6500,0.6500,0.6500,0.6500,0.6500,0.6500,0.6500,0.6500] tau=[0.0000,0.0000,0.0000,0.0000,0.0000,0.0000,0.0000,0.0000,0.0000,0.0000,0.0000,0.0000]
1791382112.4048851 [ros2_control_node-3] [INFO] [1791382112.404323297] [StateRL]: [ABS-LIVE-RAY-CHECK] clock=steady_clock_ns now_ns=29574131510772 checks=50 average_period_ms=20.014402
1791382112.4054441 [ros2_control_node-3] [INFO] [1791382112.405245712] [StateRL]: [ABS-LIVE-CMD] event=rl_command_write clock=steady_clock_ns timestamp_ns=29574132450722 sequence=2000 controller_state=RL rl_active=1 finite=1 kp_zero=0 kd_zero=0 tau_zero=1 veto_reason= q=[0.0129,0.8786,-1.4608,-0.0609,0.9292,-1.6618,-0.0043,1.0913,-1.6112,-0.0171,1.0931,-1.5849] kp=[30.0000,30.0000,30.0000,30.0000,30.0000,30.0000,30.0000,30.0000,30.0000,30.0000,30.0000,30.0000] kd=[0.6500,0.6500,0.6500,0.6500,0.6500,0.6500,0.6500,0.6500,0.6500,0.6500,0.6500,0.6500] tau=[0.0000,0.0000,0.0000,0.0000,0.0000,0.0000,0.0000,0.0000,0.0000,0.0000,0.0000,0.0000]
1791382112.5364060 [ros2_control_node-3] [INFO] [1791382112.536003774] [StateRL]: [ABS-LIVE-CMD] event=rl_command_write clock=steady_clock_ns timestamp_ns=29574263207878 sequence=2025 controller_state=RL rl_active=1 finite=1 kp_zero=0 kd_zero=0 tau_zero=1 veto_reason= q=[0.0243,0.8781,-1.5483,-0.0457,0.9740,-1.5605,-0.0352,1.0679,-1.6735,-0.0316,1.0767,-1.5146] kp=[30.0000,30.0000,30.0000,30.0000,30.0000,30.0000,30.0000,30.0000,30.0000,30.0000,30.0000,30.0000] kd=[0.6500,0.6500,0.6500,0.6500,0.6500,0.6500,0.6500,0.6500,0.6500,0.6500,0.6500,0.6500] tau=[0.0000,0.0000,0.0000,0.0000,0.0000,0.0000,0.0000,0.0000,0.0000,0.0000,0.0000,0.0000]
1791382112.6559193 [ros2_control_node-3] [INFO] [1791382112.654111968] [StateRL]: [ABS-LIVE-CMD] event=rl_command_write clock=steady_clock_ns timestamp_ns=29574381315594 sequence=2050 controller_state=RL rl_active=1 finite=1 kp_zero=0 kd_zero=0 tau_zero=1 veto_reason= q=[0.0058,0.8596,-1.6330,-0.0517,0.9879,-1.5116,-0.0276,1.0514,-1.7119,0.0014,1.0639,-1.5132] kp=[30.0000,30.0000,30.0000,30.0000,30.0000,30.0000,30.0000,30.0000,30.0000,30.0000,30.0000,30.0000] kd=[0.6500,0.6500,0.6500,0.6500,0.6500,0.6500,0.6500,0.6500,0.6500,0.6500,0.6500,0.6500] tau=[0.0000,0.0000,0.0000,0.0000,0.0000,0.0000,0.0000,0.0000,0.0000,0.0000,0.0000,0.0000]
1791382112.7826765 [ros2_control_node-3] [INFO] [1791382112.781817934] [StateRL]: [ABS-LIVE-CMD] event=rl_command_write clock=steady_clock_ns timestamp_ns=29574509020256 sequence=2075 controller_state=RL rl_active=1 finite=1 kp_zero=0 kd_zero=0 tau_zero=1 veto_reason= q=[0.0273,0.8830,-1.4923,-0.0626,0.9573,-1.6128,-0.0205,1.0740,-1.6521,-0.0214,1.0856,-1.5589] kp=[30.0000,30.0000,30.0000,30.0000,30.0000,30.0000,30.0000,30.0000,30.0000,30.0000,30.0000,30.0000] kd=[0.6500,0.6500,0.6500,0.6500,0.6500,0.6500,0.6500,0.6500,0.6500,0.6500,0.6500,0.6500] tau=[0.0000,0.0000,0.0000,0.0000,0.0000,0.0000,0.0000,0.0000,0.0000,0.0000,0.0000,0.0000]
1791382112.9106779 [ros2_control_node-3] [INFO] [1791382112.910315926] [StateRL]: [ABS-LIVE-CMD] event=rl_command_write clock=steady_clock_ns timestamp_ns=29574637520680 sequence=2100 controller_state=RL rl_active=1 finite=1 kp_zero=0 kd_zero=0 tau_zero=1 veto_reason= q=[0.0301,0.8830,-1.5388,-0.0566,0.9821,-1.5677,-0.0305,1.0585,-1.6815,-0.0265,1.0775,-1.5322] kp=[30.0000,30.0000,30.0000,30.0000,30.0000,30.0000,30.0000,30.0000,30.0000,30.0000,30.0000,30.0000] kd=[0.6500,0.6500,0.6500,0.6500,0.6500,0.6500,0.6500,0.6500,0.6500,0.6500,0.6500,0.6500] tau=[0.0000,0.0000,0.0000,0.0000,0.0000,0.0000,0.0000,0.0000,0.0000,0.0000,0.0000,0.0000]
1791382113.0337267 [ros2_control_node-3] [INFO] [1791382113.032420657] [StateRL]: [ABS-LIVE-CMD] event=rl_command_write clock=steady_clock_ns timestamp_ns=29574759623988 sequence=2125 controller_state=RL rl_active=1 finite=1 kp_zero=0 kd_zero=0 tau_zero=1 veto_reason= q=[0.0311,0.8843,-1.5555,-0.0553,0.9909,-1.5618,-0.0274,1.0535,-1.6846,-0.0263,1.0780,-1.5336] kp=[30.0000,30.0000,30.0000,30.0000,30.0000,30.0000,30.0000,30.0000,30.0000,30.0000,30.0000,30.0000] kd=[0.6500,0.6500,0.6500,0.6500,0.6500,0.6500,0.6500,0.6500,0.6500,0.6500,0.6500,0.6500] tau=[0.0000,0.0000,0.0000,0.0000,0.0000,0.0000,0.0000,0.0000,0.0000,0.0000,0.0000,0.0000]
1791382113.1538665 [ros2_control_node-3] [INFO] [1791382113.153508726] [StateRL]: [ABS-LIVE-CMD] event=rl_command_write clock=steady_clock_ns timestamp_ns=29574880713402 sequence=2150 controller_state=RL rl_active=1 finite=1 kp_zero=0 kd_zero=0 tau_zero=1 veto_reason= q=[0.0348,0.8888,-1.5569,-0.0554,0.9949,-1.5625,-0.0257,1.0506,-1.6852,-0.0288,1.0787,-1.5360] kp=[30.0000,30.0000,30.0000,30.0000,30.0000,30.0000,30.0000,30.0000,30.0000,30.0000,30.0000,30.0000] kd=[0.6500,0.6500,0.6500,0.6500,0.6500,0.6500,0.6500,0.6500,0.6500,0.6500,0.6500,0.6500] tau=[0.0000,0.0000,0.0000,0.0000,0.0000,0.0000,0.0000,0.0000,0.0000,0.0000,0.0000,0.0000]
1791382113.2802064 [ros2_control_node-3] [INFO] [1791382113.279197792] [StateRL]: [ABS-LIVE-CMD] event=rl_command_write clock=steady_clock_ns timestamp_ns=29575006401021 sequence=2175 controller_state=RL rl_active=1 finite=1 kp_zero=0 kd_zero=0 tau_zero=1 veto_reason= q=[0.0383,0.8933,-1.5573,-0.0558,0.9988,-1.5632,-0.0241,1.0478,-1.6854,-0.0314,1.0794,-1.5386] kp=[30.0000,30.0000,30.0000,30.0000,30.0000,30.0000,30.0000,30.0000,30.0000,30.0000,30.0000,30.0000] kd=[0.6500,0.6500,0.6500,0.6500,0.6500,0.6500,0.6500,0.6500,0.6500,0.6500,0.6500,0.6500] tau=[0.0000,0.0000,0.0000,0.0000,0.0000,0.0000,0.0000,0.0000,0.0000,0.0000,0.0000,0.0000]
1791382113.4055786 [ros2_control_node-3] [INFO] [1791382113.404601380] [StateRL]: [ABS-LIVE-RAY-CHECK] clock=steady_clock_ns now_ns=29575131777935 checks=50 average_period_ms=20.005343
1791382113.4145749 [ros2_control_node-3] [INFO] [1791382113.414134045] [StateRL]: [ABS-LIVE-CMD] event=rl_command_write clock=steady_clock_ns timestamp_ns=29575141338556 sequence=2200 controller_state=RL rl_active=1 finite=1 kp_zero=0 kd_zero=0 tau_zero=1 veto_reason= q=[0.0422,0.8985,-1.5577,-0.0564,1.0036,-1.5637,-0.0223,1.0442,-1.6855,-0.0344,1.0801,-1.5416] kp=[30.0000,30.0000,30.0000,30.0000,30.0000,30.0000,30.0000,30.0000,30.0000,30.0000,30.0000,30.0000] kd=[0.6500,0.6500,0.6500,0.6500,0.6500,0.6500,0.6500,0.6500,0.6500,0.6500,0.6500,0.6500] tau=[0.0000,0.0000,0.0000,0.0000,0.0000,0.0000,0.0000,0.0000,0.0000,0.0000,0.0000,0.0000]
1791382113.5288486 [ros2_control_node-3] [INFO] [1791382113.528469519] [StateRL]: [ABS-LIVE-CMD] event=rl_command_write clock=steady_clock_ns timestamp_ns=29575255674324 sequence=2225 controller_state=RL rl_active=1 finite=1 kp_zero=0 kd_zero=0 tau_zero=1 veto_reason= q=[0.0454,0.9028,-1.5585,-0.0570,1.0078,-1.5638,-0.0208,1.0410,-1.6856,-0.0369,1.0806,-1.5441] kp=[30.0000,30.0000,30.0000,30.0000,30.0000,30.0000,30.0000,30.0000,30.0000,30.0000,30.0000,30.0000] kd=[0.6500,0.6500,0.6500,0.6500,0.6500,0.6500,0.6500,0.6500,0.6500,0.6500,0.6500,0.6500] tau=[0.0000,0.0000,0.0000,0.0000,0.0000,0.0000,0.0000,0.0000,0.0000,0.0000,0.0000,0.0000]
1791382113.6538634 [ros2_control_node-3] [INFO] [1791382113.653500989] [StateRL]: [ABS-LIVE-CMD] event=rl_command_write clock=steady_clock_ns timestamp_ns=29575380705871 sequence=2250 controller_state=RL rl_active=1 finite=1 kp_zero=0 kd_zero=0 tau_zero=1 veto_reason= q=[0.0483,0.9070,-1.5600,-0.0575,1.0123,-1.5632,-0.0192,1.0376,-1.6861,-0.0392,1.0810,-1.5466] kp=[30.0000,30.0000,30.0000,30.0000,30.0000,30.0000,30.0000,30.0000,30.0000,30.0000,30.0000,30.0000] kd=[0.6500,0.6500,0.6500,0.6500,0.6500,0.6500,0.6500,0.6500,0.6500,0.6500,0.6500,0.6500] tau=[0.0000,0.0000,0.0000,0.0000,0.0000,0.0000,0.0000,0.0000,0.0000,0.0000,0.0000,0.0000]
1791382113.7802753 [ros2_control_node-3] [INFO] [1791382113.779341446] [StateRL]: [ABS-LIVE-CMD] event=rl_command_write clock=steady_clock_ns timestamp_ns=29575506544784 sequence=2275 controller_state=RL rl_active=1 finite=1 kp_zero=0 kd_zero=0 tau_zero=1 veto_reason= q=[0.0510,0.9111,-1.5623,-0.0579,1.0170,-1.5620,-0.0177,1.0341,-1.6868,-0.0413,1.0812,-1.5490] kp=[30.0000,30.0000,30.0000,30.0000,30.0000,30.0000,30.0000,30.0000,30.0000,30.0000,30.0000,30.0000] kd=[0.6500,0.6500,0.6500,0.6500,0.6500,0.6500,0.6500,0.6500,0.6500,0.6500,0.6500,0.6500] tau=[0.0000,0.0000,0.0000,0.0000,0.0000,0.0000,0.0000,0.0000,0.0000,0.0000,0.0000,0.0000]
1791382113.9161782 [ros2_control_node-3] [INFO] [1791382113.915284652] [StateRL]: [ABS-LIVE-CMD] event=rl_command_write clock=steady_clock_ns timestamp_ns=29575642487185 sequence=2300 controller_state=RL rl_active=1 finite=1 kp_zero=0 kd_zero=0 tau_zero=1 veto_reason= q=[0.0538,0.9157,-1.5652,-0.0586,1.0223,-1.5605,-0.0159,1.0299,-1.6880,-0.0434,1.0813,-1.5520] kp=[30.0000,30.0000,30.0000,30.0000,30.0000,30.0000,30.0000,30.0000,30.0000,30.0000,30.0000,30.0000] kd=[0.6500,0.6500,0.6500,0.6500,0.6500,0.6500,0.6500,0.6500,0.6500,0.6500,0.6500,0.6500] tau=[0.0000,0.0000,0.0000,0.0000,0.0000,0.0000,0.0000,0.0000,0.0000,0.0000,0.0000,0.0000]
1791382114.0477657 [ros2_control_node-3] [INFO] [1791382114.047451216] [StateRL]: [ABS-LIVE-CMD] event=rl_command_write clock=steady_clock_ns timestamp_ns=29575774656137 sequence=2325 controller_state=RL rl_active=1 finite=1 kp_zero=0 kd_zero=0 tau_zero=1 veto_reason= q=[0.0560,0.9196,-1.5681,-0.0592,1.0268,-1.5593,-0.0144,1.0262,-1.6892,-0.0449,1.0813,-1.5548] kp=[30.0000,30.0000,30.0000,30.0000,30.0000,30.0000,30.0000,30.0000,30.0000,30.0000,30.0000,30.0000] kd=[0.6500,0.6500,0.6500,0.6500,0.6500,0.6500,0.6500,0.6500,0.6500,0.6500,0.6500,0.6500] tau=[0.0000,0.0000,0.0000,0.0000,0.0000,0.0000,0.0000,0.0000,0.0000,0.0000,0.0000,0.0000]
1791382114.1538532 [ros2_control_node-3] [INFO] [1791382114.153473963] [StateRL]: [ABS-LIVE-CMD] event=rl_command_write clock=steady_clock_ns timestamp_ns=29575880678782 sequence=2350 controller_state=RL rl_active=1 finite=1 kp_zero=0 kd_zero=0 tau_zero=1 veto_reason= q=[0.0581,0.9233,-1.5710,-0.0600,1.0310,-1.5580,-0.0128,1.0225,-1.6907,-0.0461,1.0811,-1.5577] kp=[30.0000,30.0000,30.0000,30.0000,30.0000,30.0000,30.0000,30.0000,30.0000,30.0000,30.0000,30.0000] kd=[0.6500,0.6500,0.6500,0.6500,0.6500,0.6500,0.6500,0.6500,0.6500,0.6500,0.6500,0.6500] tau=[0.0000,0.0000,0.0000,0.0000,0.0000,0.0000,0.0000,0.0000,0.0000,0.0000,0.0000,0.0000]
1791382114.2788322 [ros2_control_node-3] [INFO] [1791382114.278462801] [StateRL]: [ABS-LIVE-CMD] event=rl_command_write clock=steady_clock_ns timestamp_ns=29576005667662 sequence=2375 controller_state=RL rl_active=1 finite=1 kp_zero=0 kd_zero=0 tau_zero=1 veto_reason= q=[0.0600,0.9271,-1.5739,-0.0606,1.0352,-1.5566,-0.0112,1.0188,-1.6922,-0.0472,1.0811,-1.5611] kp=[30.0000,30.0000,30.0000,30.0000,30.0000,30.0000,30.0000,30.0000,30.0000,30.0000,30.0000,30.0000] kd=[0.6500,0.6500,0.6500,0.6500,0.6500,0.6500,0.6500,0.6500,0.6500,0.6500,0.6500,0.6500] tau=[0.0000,0.0000,0.0000,0.0000,0.0000,0.0000,0.0000,0.0000,0.0000,0.0000,0.0000,0.0000]
1791382114.4043102 [ros2_control_node-3] [INFO] [1791382114.403920745] [StateRL]: [ABS-LIVE-RAY-CHECK] clock=steady_clock_ns now_ns=29576131106437 checks=50 average_period_ms=19.986570
1791382114.4059637 [ros2_control_node-3] [INFO] [1791382114.405728883] [StateRL]: [ABS-LIVE-CMD] event=rl_command_write clock=steady_clock_ns timestamp_ns=29576132933607 sequence=2400 controller_state=RL rl_active=1 finite=1 kp_zero=0 kd_zero=0 tau_zero=1 veto_reason= q=[0.0621,0.9316,-1.5776,-0.0610,1.0403,-1.5549,-0.0093,1.0144,-1.6935,-0.0487,1.0811,-1.5651] kp=[30.0000,30.0000,30.0000,30.0000,30.0000,30.0000,30.0000,30.0000,30.0000,30.0000,30.0000,30.0000] kd=[0.6500,0.6500,0.6500,0.6500,0.6500,0.6500,0.6500,0.6500,0.6500,0.6500,0.6500,0.6500] tau=[0.0000,0.0000,0.0000,0.0000,0.0000,0.0000,0.0000,0.0000,0.0000,0.0000,0.0000,0.0000]
1791382114.5288219 [ros2_control_node-3] [INFO] [1791382114.528443772] [StateRL]: [ABS-LIVE-CMD] event=rl_command_write clock=steady_clock_ns timestamp_ns=29576255648581 sequence=2425 controller_state=RL rl_active=1 finite=1 kp_zero=0 kd_zero=0 tau_zero=1 veto_reason= q=[0.0638,0.9355,-1.5807,-0.0613,1.0446,-1.5535,-0.0077,1.0108,-1.6943,-0.0499,1.0812,-1.5687] kp=[30.0000,30.0000,30.0000,30.0000,30.0000,30.0000,30.0000,30.0000,30.0000,30.0000,30.0000,30.0000] kd=[0.6500,0.6500,0.6500,0.6500,0.6500,0.6500,0.6500,0.6500,0.6500,0.6500,0.6500,0.6500] tau=[0.0000,0.0000,0.0000,0.0000,0.0000,0.0000,0.0000,0.0000,0.0000,0.0000,0.0000,0.0000]
1791382114.6537354 [ros2_control_node-3] [INFO] [1791382114.653420873] [StateRL]: [ABS-LIVE-CMD] event=rl_command_write clock=steady_clock_ns timestamp_ns=29576380625479 sequence=2450 controller_state=RL rl_active=1 finite=1 kp_zero=0 kd_zero=0 tau_zero=1 veto_reason= q=[0.0655,0.9395,-1.5837,-0.0616,1.0489,-1.5519,-0.0059,1.0072,-1.6950,-0.0511,1.0812,-1.5724] kp=[30.0000,30.0000,30.0000,30.0000,30.0000,30.0000,30.0000,30.0000,30.0000,30.0000,30.0000,30.0000] kd=[0.6500,0.6500,0.6500,0.6500,0.6500,0.6500,0.6500,0.6500,0.6500,0.6500,0.6500,0.6500] tau=[0.0000,0.0000,0.0000,0.0000,0.0000,0.0000,0.0000,0.0000,0.0000,0.0000,0.0000,0.0000]
1791382114.7789092 [ros2_control_node-3] [INFO] [1791382114.778486752] [StateRL]: [ABS-LIVE-CMD] event=rl_command_write clock=steady_clock_ns timestamp_ns=29576505691548 sequence=2475 controller_state=RL rl_active=1 finite=1 kp_zero=0 kd_zero=0 tau_zero=1 veto_reason= q=[0.0671,0.9434,-1.5868,-0.0618,1.0532,-1.5503,-0.0041,1.0037,-1.6956,-0.0523,1.0812,-1.5762] kp=[30.0000,30.0000,30.0000,30.0000,30.0000,30.0000,30.0000,30.0000,30.0000,30.0000,30.0000,30.0000] kd=[0.6500,0.6500,0.6500,0.6500,0.6500,0.6500,0.6500,0.6500,0.6500,0.6500,0.6500,0.6500] tau=[0.0000,0.0000,0.0000,0.0000,0.0000,0.0000,0.0000,0.0000,0.0000,0.0000,0.0000,0.0000]
1791382114.9057691 [ros2_control_node-3] [INFO] [1791382114.905472882] [StateRL]: [ABS-LIVE-CMD] event=rl_command_write clock=steady_clock_ns timestamp_ns=29576632677512 sequence=2500 controller_state=RL rl_active=1 finite=1 kp_zero=0 kd_zero=0 tau_zero=1 veto_reason= q=[0.0688,0.9480,-1.5902,-0.0621,1.0581,-1.5482,-0.0020,0.9996,-1.6961,-0.0536,1.0811,-1.5807] kp=[30.0000,30.0000,30.0000,30.0000,30.0000,30.0000,30.0000,30.0000,30.0000,30.0000,30.0000,30.0000] kd=[0.6500,0.6500,0.6500,0.6500,0.6500,0.6500,0.6500,0.6500,0.6500,0.6500,0.6500,0.6500] tau=[0.0000,0.0000,0.0000,0.0000,0.0000,0.0000,0.0000,0.0000,0.0000,0.0000,0.0000,0.0000]
1791382115.0288360 [ros2_control_node-3] [INFO] [1791382115.028461814] [StateRL]: [ABS-LIVE-CMD] event=rl_command_write clock=steady_clock_ns timestamp_ns=29576755666499 sequence=2525 controller_state=RL rl_active=1 finite=1 kp_zero=0 kd_zero=0 tau_zero=1 veto_reason= q=[0.0701,0.9520,-1.5932,-0.0623,1.0623,-1.5463,-0.0001,0.9962,-1.6964,-0.0547,1.0809,-1.5846] kp=[30.0000,30.0000,30.0000,30.0000,30.0000,30.0000,30.0000,30.0000,30.0000,30.0000,30.0000,30.0000] kd=[0.6500,0.6500,0.6500,0.6500,0.6500,0.6500,0.6500,0.6500,0.6500,0.6500,0.6500,0.6500] tau=[0.0000,0.0000,0.0000,0.0000,0.0000,0.0000,0.0000,0.0000,0.0000,0.0000,0.0000,0.0000]
1791382115.1538064 [ros2_control_node-3] [INFO] [1791382115.153438555] [StateRL]: [ABS-LIVE-CMD] event=rl_command_write clock=steady_clock_ns timestamp_ns=29576880643456 sequence=2550 controller_state=RL rl_active=1 finite=1 kp_zero=0 kd_zero=0 tau_zero=1 veto_reason= q=[0.0712,0.9560,-1.5962,-0.0625,1.0663,-1.5442,0.0016,0.9928,-1.6966,-0.0556,1.0806,-1.5885] kp=[30.0000,30.0000,30.0000,30.0000,30.0000,30.0000,30.0000,30.0000,30.0000,30.0000,30.0000,30.0000] kd=[0.6500,0.6500,0.6500,0.6500,0.6500,0.6500,0.6500,0.6500,0.6500,0.6500,0.6500,0.6500] tau=[0.0000,0.0000,0.0000,0.0000,0.0000,0.0000,0.0000,0.0000,0.0000,0.0000,0.0000,0.0000]
1791382115.2788723 [ros2_control_node-3] [INFO] [1791382115.278434271] [StateRL]: [ABS-LIVE-CMD] event=rl_command_write clock=steady_clock_ns timestamp_ns=29577005638834 sequence=2575 controller_state=RL rl_active=1 finite=1 kp_zero=0 kd_zero=0 tau_zero=1 veto_reason= q=[0.0723,0.9599,-1.5993,-0.0626,1.0702,-1.5419,0.0033,0.9895,-1.6969,-0.0565,1.0802,-1.5925] kp=[30.0000,30.0000,30.0000,30.0000,30.0000,30.0000,30.0000,30.0000,30.0000,30.0000,30.0000,30.0000] kd=[0.6500,0.6500,0.6500,0.6500,0.6500,0.6500,0.6500,0.6500,0.6500,0.6500,0.6500,0.6500] tau=[0.0000,0.0000,0.0000,0.0000,0.0000,0.0000,0.0000,0.0000,0.0000,0.0000,0.0000,0.0000]
1791382115.4040194 [ros2_control_node-3] [INFO] [1791382115.403592417] [StateRL]: [ABS-LIVE-RAY-CHECK] clock=steady_clock_ns now_ns=29577130787245 checks=50 average_period_ms=19.993616
1791382115.4199860 [ros2_control_node-3] [INFO] [1791382115.419686045] [StateRL]: [ABS-LIVE-CMD] event=rl_command_write clock=steady_clock_ns timestamp_ns=29577146890728 sequence=2600 controller_state=RL rl_active=1 finite=1 kp_zero=0 kd_zero=0 tau_zero=1 veto_reason= q=[0.0734,0.9645,-1.6027,-0.0627,1.0747,-1.5392,0.0052,0.9857,-1.6971,-0.0572,1.0796,-1.5973] kp=[30.0000,30.0000,30.0000,30.0000,30.0000,30.0000,30.0000,30.0000,30.0000,30.0000,30.0000,30.0000] kd=[0.6500,0.6500,0.6500,0.6500,0.6500,0.6500,0.6500,0.6500,0.6500,0.6500,0.6500,0.6500] tau=[0.0000,0.0000,0.0000,0.0000,0.0000,0.0000,0.0000,0.0000,0.0000,0.0000,0.0000,0.0000]
1791382115.5304365 [ros2_control_node-3] [INFO] [1791382115.529578552] [StateRL]: [ABS-LIVE-CMD] event=rl_command_write clock=steady_clock_ns timestamp_ns=29577256781179 sequence=2625 controller_state=RL rl_active=1 finite=1 kp_zero=0 kd_zero=0 tau_zero=1 veto_reason= q=[0.0743,0.9685,-1.6053,-0.0630,1.0783,-1.5369,0.0068,0.9826,-1.6972,-0.0577,1.0790,-1.6016] kp=[30.0000,30.0000,30.0000,30.0000,30.0000,30.0000,30.0000,30.0000,30.0000,30.0000,30.0000,30.0000] kd=[0.6500,0.6500,0.6500,0.6500,0.6500,0.6500,0.6500,0.6500,0.6500,0.6500,0.6500,0.6500] tau=[0.0000,0.0000,0.0000,0.0000,0.0000,0.0000,0.0000,0.0000,0.0000,0.0000,0.0000,0.0000]
1791382115.6537666 [ros2_control_node-3] [INFO] [1791382115.653409329] [StateRL]: [ABS-LIVE-CMD] event=rl_command_write clock=steady_clock_ns timestamp_ns=29577380614171 sequence=2650 controller_state=RL rl_active=1 finite=1 kp_zero=0 kd_zero=0 tau_zero=1 veto_reason= q=[0.0750,0.9725,-1.6082,-0.0631,1.0820,-1.5343,0.0082,0.9795,-1.6974,-0.0581,1.0784,-1.6059] kp=[30.0000,30.0000,30.0000,30.0000,30.0000,30.0000,30.0000,30.0000,30.0000,30.0000,30.0000,30.0000] kd=[0.6500,0.6500,0.6500,0.6500,0.6500,0.6500,0.6500,0.6500,0.6500,0.6500,0.6500,0.6500] tau=[0.0000,0.0000,0.0000,0.0000,0.0000,0.0000,0.0000,0.0000,0.0000,0.0000,0.0000,0.0000]
1791382115.7788260 [ros2_control_node-3] [INFO] [1791382115.778445580] [StateRL]: [ABS-LIVE-CMD] event=rl_command_write clock=steady_clock_ns timestamp_ns=29577505650332 sequence=2675 controller_state=RL rl_active=1 finite=1 kp_zero=0 kd_zero=0 tau_zero=1 veto_reason= q=[0.0757,0.9765,-1.6110,-0.0632,1.0856,-1.5317,0.0096,0.9766,-1.6976,-0.0584,1.0777,-1.6103] kp=[30.0000,30.0000,30.0000,30.0000,30.0000,30.0000,30.0000,30.0000,30.0000,30.0000,30.0000,30.0000] kd=[0.6500,0.6500,0.6500,0.6500,0.6500,0.6500,0.6500,0.6500,0.6500,0.6500,0.6500,0.6500] tau=[0.0000,0.0000,0.0000,0.0000,0.0000,0.0000,0.0000,0.0000,0.0000,0.0000,0.0000,0.0000]
1791382115.9059527 [ros2_control_node-3] [INFO] [1791382115.905611240] [StateRL]: [ABS-LIVE-CMD] event=rl_command_write clock=steady_clock_ns timestamp_ns=29577632815743 sequence=2700 controller_state=RL rl_active=1 finite=1 kp_zero=0 kd_zero=0 tau_zero=1 veto_reason= q=[0.0763,0.9812,-1.6142,-0.0633,1.0898,-1.5283,0.0111,0.9732,-1.6979,-0.0585,1.0766,-1.6155] kp=[30.0000,30.0000,30.0000,30.0000,30.0000,30.0000,30.0000,30.0000,30.0000,30.0000,30.0000,30.0000] kd=[0.6500,0.6500,0.6500,0.6500,0.6500,0.6500,0.6500,0.6500,0.6500,0.6500,0.6500,0.6500] tau=[0.0000,0.0000,0.0000,0.0000,0.0000,0.0000,0.0000,0.0000,0.0000,0.0000,0.0000,0.0000]
1791382116.0288742 [ros2_control_node-3] [INFO] [1791382116.028542764] [StateRL]: [ABS-LIVE-CMD] event=rl_command_write clock=steady_clock_ns timestamp_ns=29577755747624 sequence=2725 controller_state=RL rl_active=1 finite=1 kp_zero=0 kd_zero=0 tau_zero=1 veto_reason= q=[0.0768,0.9853,-1.6166,-0.0635,1.0932,-1.5253,0.0123,0.9706,-1.6982,-0.0585,1.0756,-1.6200] kp=[30.0000,30.0000,30.0000,30.0000,30.0000,30.0000,30.0000,30.0000,30.0000,30.0000,30.0000,30.0000] kd=[0.6500,0.6500,0.6500,0.6500,0.6500,0.6500,0.6500,0.6500,0.6500,0.6500,0.6500,0.6500] tau=[0.0000,0.0000,0.0000,0.0000,0.0000,0.0000,0.0000,0.0000,0.0000,0.0000,0.0000,0.0000]
1791382116.1538334 [ros2_control_node-3] [INFO] [1791382116.153468371] [StateRL]: [ABS-LIVE-CMD] event=rl_command_write clock=steady_clock_ns timestamp_ns=29577880673040 sequence=2750 controller_state=RL rl_active=1 finite=1 kp_zero=0 kd_zero=0 tau_zero=1 veto_reason= q=[0.0772,0.9893,-1.6190,-0.0636,1.0966,-1.5221,0.0134,0.9680,-1.6986,-0.0583,1.0744,-1.6244] kp=[30.0000,30.0000,30.0000,30.0000,30.0000,30.0000,30.0000,30.0000,30.0000,30.0000,30.0000,30.0000] kd=[0.6500,0.6500,0.6500,0.6500,0.6500,0.6500,0.6500,0.6500,0.6500,0.6500,0.6500,0.6500] tau=[0.0000,0.0000,0.0000,0.0000,0.0000,0.0000,0.0000,0.0000,0.0000,0.0000,0.0000,0.0000]
1791382116.2787387 [ros2_control_node-3] [INFO] [1791382116.278426826] [StateRL]: [ABS-LIVE-CMD] event=rl_command_write clock=steady_clock_ns timestamp_ns=29578005631654 sequence=2775 controller_state=RL rl_active=1 finite=1 kp_zero=0 kd_zero=0 tau_zero=1 veto_reason= q=[0.0775,0.9933,-1.6212,-0.0637,1.0999,-1.5189,0.0143,0.9656,-1.6990,-0.0579,1.0732,-1.6288] kp=[30.0000,30.0000,30.0000,30.0000,30.0000,30.0000,30.0000,30.0000,30.0000,30.0000,30.0000,30.0000] kd=[0.6500,0.6500,0.6500,0.6500,0.6500,0.6500,0.6500,0.6500,0.6500,0.6500,0.6500,0.6500] tau=[0.0000,0.0000,0.0000,0.0000,0.0000,0.0000,0.0000,0.0000,0.0000,0.0000,0.0000,0.0000]
1791382116.4040558 [ros2_control_node-3] [INFO] [1791382116.403738591] [StateRL]: [ABS-LIVE-RAY-CHECK] clock=steady_clock_ns now_ns=29578130933217 checks=50 average_period_ms=20.002919
1791382116.4046972 [ros2_control_node-3] [INFO] [1791382116.404585336] [StateRL]: [ABS-LIVE-CMD] event=rl_command_write clock=steady_clock_ns timestamp_ns=29578131790295 sequence=2800 controller_state=RL rl_active=1 finite=1 kp_zero=0 kd_zero=0 tau_zero=1 veto_reason= q=[0.0779,0.9980,-1.6236,-0.0637,1.1035,-1.5150,0.0152,0.9629,-1.6995,-0.0574,1.0715,-1.6339] kp=[30.0000,30.0000,30.0000,30.0000,30.0000,30.0000,30.0000,30.0000,30.0000,30.0000,30.0000,30.0000] kd=[0.6500,0.6500,0.6500,0.6500,0.6500,0.6500,0.6500,0.6500,0.6500,0.6500,0.6500,0.6500] tau=[0.0000,0.0000,0.0000,0.0000,0.0000,0.0000,0.0000,0.0000,0.0000,0.0000,0.0000,0.0000]
1791382116.5287635 [ros2_control_node-3] [INFO] [1791382116.528424948] [StateRL]: [ABS-LIVE-CMD] event=rl_command_write clock=steady_clock_ns timestamp_ns=29578255629925 sequence=2825 controller_state=RL rl_active=1 finite=1 kp_zero=0 kd_zero=0 tau_zero=1 veto_reason= q=[0.0783,1.0019,-1.6252,-0.0639,1.1064,-1.5117,0.0158,0.9608,-1.7001,-0.0569,1.0700,-1.6384] kp=[30.0000,30.0000,30.0000,30.0000,30.0000,30.0000,30.0000,30.0000,30.0000,30.0000,30.0000,30.0000] kd=[0.6500,0.6500,0.6500,0.6500,0.6500,0.6500,0.6500,0.6500,0.6500,0.6500,0.6500,0.6500] tau=[0.0000,0.0000,0.0000,0.0000,0.0000,0.0000,0.0000,0.0000,0.0000,0.0000,0.0000,0.0000]
1791382116.6561999 [ros2_control_node-3] [INFO] [1791382116.655070254] [StateRL]: [ABS-LIVE-CMD] event=rl_command_write clock=steady_clock_ns timestamp_ns=29578382274103 sequence=2850 controller_state=RL rl_active=1 finite=1 kp_zero=0 kd_zero=0 tau_zero=1 veto_reason= q=[0.0787,1.0057,-1.6267,-0.0641,1.1092,-1.5083,0.0163,0.9587,-1.7006,-0.0563,1.0685,-1.6428] kp=[30.0000,30.0000,30.0000,30.0000,30.0000,30.0000,30.0000,30.0000,30.0000,30.0000,30.0000,30.0000] kd=[0.6500,0.6500,0.6500,0.6500,0.6500,0.6500,0.6500,0.6500,0.6500,0.6500,0.6500,0.6500] tau=[0.0000,0.0000,0.0000,0.0000,0.0000,0.0000,0.0000,0.0000,0.0000,0.0000,0.0000,0.0000]
1791382116.7788448 [ros2_control_node-3] [INFO] [1791382116.778486945] [StateRL]: [ABS-LIVE-CMD] event=rl_command_write clock=steady_clock_ns timestamp_ns=29578505691821 sequence=2875 controller_state=RL rl_active=1 finite=1 kp_zero=0 kd_zero=0 tau_zero=1 veto_reason= q=[0.0791,1.0096,-1.6279,-0.0642,1.1118,-1.5048,0.0166,0.9569,-1.7013,-0.0556,1.0668,-1.6474] kp=[30.0000,30.0000,30.0000,30.0000,30.0000,30.0000,30.0000,30.0000,30.0000,30.0000,30.0000,30.0000] kd=[0.6500,0.6500,0.6500,0.6500,0.6500,0.6500,0.6500,0.6500,0.6500,0.6500,0.6500,0.6500] tau=[0.0000,0.0000,0.0000,0.0000,0.0000,0.0000,0.0000,0.0000,0.0000,0.0000,0.0000,0.0000]
1791382116.9060113 [ros2_control_node-3] [INFO] [1791382116.905670174] [StateRL]: [ABS-LIVE-CMD] event=rl_command_write clock=steady_clock_ns timestamp_ns=29578632874894 sequence=2900 controller_state=RL rl_active=1 finite=1 kp_zero=0 kd_zero=0 tau_zero=1 veto_reason= q=[0.0796,1.0139,-1.6288,-0.0645,1.1144,-1.5009,0.0167,0.9549,-1.7021,-0.0546,1.0647,-1.6527] kp=[30.0000,30.0000,30.0000,30.0000,30.0000,30.0000,30.0000,30.0000,30.0000,30.0000,30.0000,30.0000] kd=[0.6500,0.6500,0.6500,0.6500,0.6500,0.6500,0.6500,0.6500,0.6500,0.6500,0.6500,0.6500] tau=[0.0000,0.0000,0.0000,0.0000,0.0000,0.0000,0.0000,0.0000,0.0000,0.0000,0.0000,0.0000]
1791382117.0380044 [ros2_control_node-3] [INFO] [1791382117.037018729] [StateRL]: [ABS-LIVE-CMD] event=rl_command_write clock=steady_clock_ns timestamp_ns=29578764221662 sequence=2925 controller_state=RL rl_active=1 finite=1 kp_zero=0 kd_zero=0 tau_zero=1 veto_reason= q=[0.0801,1.0175,-1.6293,-0.0647,1.1164,-1.4975,0.0167,0.9533,-1.7029,-0.0537,1.0628,-1.6572] kp=[30.0000,30.0000,30.0000,30.0000,30.0000,30.0000,30.0000,30.0000,30.0000,30.0000,30.0000,30.0000] kd=[0.6500,0.6500,0.6500,0.6500,0.6500,0.6500,0.6500,0.6500,0.6500,0.6500,0.6500,0.6500] tau=[0.0000,0.0000,0.0000,0.0000,0.0000,0.0000,0.0000,0.0000,0.0000,0.0000,0.0000,0.0000]
1791382117.1538749 [ros2_control_node-3] [INFO] [1791382117.153531574] [StateRL]: [ABS-LIVE-CMD] event=rl_command_write clock=steady_clock_ns timestamp_ns=29578880736348 sequence=2950 controller_state=RL rl_active=1 finite=1 kp_zero=0 kd_zero=0 tau_zero=1 veto_reason= q=[0.0807,1.0210,-1.6295,-0.0650,1.1181,-1.4943,0.0166,0.9520,-1.7038,-0.0527,1.0608,-1.6619] kp=[30.0000,30.0000,30.0000,30.0000,30.0000,30.0000,30.0000,30.0000,30.0000,30.0000,30.0000,30.0000] kd=[0.6500,0.6500,0.6500,0.6500,0.6500,0.6500,0.6500,0.6500,0.6500,0.6500,0.6500,0.6500] tau=[0.0000,0.0000,0.0000,0.0000,0.0000,0.0000,0.0000,0.0000,0.0000,0.0000,0.0000,0.0000]
1791382117.2788978 [ros2_control_node-3] [INFO] [1791382117.278486990] [StateRL]: [ABS-LIVE-CMD] event=rl_command_write clock=steady_clock_ns timestamp_ns=29579005691721 sequence=2975 controller_state=RL rl_active=1 finite=1 kp_zero=0 kd_zero=0 tau_zero=1 veto_reason= q=[0.0814,1.0243,-1.6294,-0.0652,1.1194,-1.4912,0.0164,0.9507,-1.7045,-0.0517,1.0588,-1.6667] kp=[30.0000,30.0000,30.0000,30.0000,30.0000,30.0000,30.0000,30.0000,30.0000,30.0000,30.0000,30.0000] kd=[0.6500,0.6500,0.6500,0.6500,0.6500,0.6500,0.6500,0.6500,0.6500,0.6500,0.6500,0.6500] tau=[0.0000,0.0000,0.0000,0.0000,0.0000,0.0000,0.0000,0.0000,0.0000,0.0000,0.0000,0.0000]
1791382117.4043760 [ros2_control_node-3] [INFO] [1791382117.403876298] [StateRL]: [ABS-LIVE-RAY-CHECK] clock=steady_clock_ns now_ns=29579131068201 checks=50 average_period_ms=20.002700
1791382117.4056959 [ros2_control_node-3] [INFO] [1791382117.405470051] [StateRL]: [ABS-LIVE-CMD] event=rl_command_write clock=steady_clock_ns timestamp_ns=29579132674607 sequence=3000 controller_state=RL rl_active=1 finite=1 kp_zero=0 kd_zero=0 tau_zero=1 veto_reason= q=[0.0822,1.0280,-1.6290,-0.0654,1.1207,-1.4877,0.0160,0.9494,-1.7053,-0.0505,1.0565,-1.6722] kp=[30.0000,30.0000,30.0000,30.0000,30.0000,30.0000,30.0000,30.0000,30.0000,30.0000,30.0000,30.0000] kd=[0.6500,0.6500,0.6500,0.6500,0.6500,0.6500,0.6500,0.6500,0.6500,0.6500,0.6500,0.6500] tau=[0.0000,0.0000,0.0000,0.0000,0.0000,0.0000,0.0000,0.0000,0.0000,0.0000,0.0000,0.0000]
1791382117.5287931 [ros2_control_node-3] [INFO] [1791382117.528454367] [StateRL]: [ABS-LIVE-CMD] event=rl_command_write clock=steady_clock_ns timestamp_ns=29579255659306 sequence=3025 controller_state=RL rl_active=1 finite=1 kp_zero=0 kd_zero=0 tau_zero=1 veto_reason= q=[0.0830,1.0310,-1.6285,-0.0656,1.1215,-1.4853,0.0157,0.9485,-1.7056,-0.0494,1.0546,-1.6769] kp=[30.0000,30.0000,30.0000,30.0000,30.0000,30.0000,30.0000,30.0000,30.0000,30.0000,30.0000,30.0000] kd=[0.6500,0.6500,0.6500,0.6500,0.6500,0.6500,0.6500,0.6500,0.6500,0.6500,0.6500,0.6500] tau=[0.0000,0.0000,0.0000,0.0000,0.0000,0.0000,0.0000,0.0000,0.0000,0.0000,0.0000,0.0000]
1791382117.6595352 [ros2_control_node-3] [INFO] [1791382117.658564429] [StateRL]: [ABS-LIVE-CMD] event=rl_command_write clock=steady_clock_ns timestamp_ns=29579385767551 sequence=3050 controller_state=RL rl_active=1 finite=1 kp_zero=0 kd_zero=0 tau_zero=1 veto_reason= q=[0.0838,1.0339,-1.6280,-0.0659,1.1220,-1.4836,0.0156,0.9477,-1.7053,-0.0484,1.0529,-1.6814] kp=[30.0000,30.0000,30.0000,30.0000,30.0000,30.0000,30.0000,30.0000,30.0000,30.0000,30.0000,30.0000] kd=[0.6500,0.6500,0.6500,0.6500,0.6500,0.6500,0.6500,0.6500,0.6500,0.6500,0.6500,0.6500] tau=[0.0000,0.0000,0.0000,0.0000,0.0000,0.0000,0.0000,0.0000,0.0000,0.0000,0.0000,0.0000]
1791382117.7788687 [ros2_control_node-3] [INFO] [1791382117.778471722] [StateRL]: [ABS-LIVE-CMD] event=rl_command_write clock=steady_clock_ns timestamp_ns=29579505676659 sequence=3075 controller_state=RL rl_active=1 finite=1 kp_zero=0 kd_zero=0 tau_zero=1 veto_reason= q=[0.0844,1.0360,-1.6286,-0.0658,1.1222,-1.4820,0.0158,0.9469,-1.7042,-0.0478,1.0516,-1.6850] kp=[30.0000,30.0000,30.0000,30.0000,30.0000,30.0000,30.0000,30.0000,30.0000,30.0000,30.0000,30.0000] kd=[0.6500,0.6500,0.6500,0.6500,0.6500,0.6500,0.6500,0.6500,0.6500,0.6500,0.6500,0.6500] tau=[0.0000,0.0000,0.0000,0.0000,0.0000,0.0000,0.0000,0.0000,0.0000,0.0000,0.0000,0.0000]
1791382117.9060192 [ros2_control_node-3] [INFO] [1791382117.905658664] [StateRL]: [ABS-LIVE-CMD] event=rl_command_write clock=steady_clock_ns timestamp_ns=29579632863240 sequence=3100 controller_state=RL rl_active=1 finite=1 kp_zero=0 kd_zero=0 tau_zero=1 veto_reason= q=[0.0853,1.0380,-1.6305,-0.0647,1.1224,-1.4788,0.0157,0.9456,-1.7029,-0.0473,1.0508,-1.6895] kp=[30.0000,30.0000,30.0000,30.0000,30.0000,30.0000,30.0000,30.0000,30.0000,30.0000,30.0000,30.0000] kd=[0.6500,0.6500,0.6500,0.6500,0.6500,0.6500,0.6500,0.6500,0.6500,0.6500,0.6500,0.6500] tau=[0.0000,0.0000,0.0000,0.0000,0.0000,0.0000,0.0000,0.0000,0.0000,0.0000,0.0000,0.0000]
1791382118.0287724 [ros2_control_node-3] [INFO] [1791382118.028463527] [StateRL]: [ABS-LIVE-CMD] event=rl_command_write clock=steady_clock_ns timestamp_ns=29579755668392 sequence=3125 controller_state=RL rl_active=1 finite=1 kp_zero=0 kd_zero=0 tau_zero=1 veto_reason= q=[0.0865,1.0392,-1.6310,-0.0642,1.1216,-1.4779,0.0158,0.9449,-1.7007,-0.0469,1.0503,-1.6936] kp=[30.0000,30.0000,30.0000,30.0000,30.0000,30.0000,30.0000,30.0000,30.0000,30.0000,30.0000,30.0000] kd=[0.6500,0.6500,0.6500,0.6500,0.6500,0.6500,0.6500,0.6500,0.6500,0.6500,0.6500,0.6500] tau=[0.0000,0.0000,0.0000,0.0000,0.0000,0.0000,0.0000,0.0000,0.0000,0.0000,0.0000,0.0000]
1791382118.1537523 [ros2_control_node-3] [INFO] [1791382118.153445741] [StateRL]: [ABS-LIVE-CMD] event=rl_command_write clock=steady_clock_ns timestamp_ns=29579880650729 sequence=3150 controller_state=RL rl_active=1 finite=1 kp_zero=0 kd_zero=0 tau_zero=1 veto_reason= q=[0.0877,1.0400,-1.6321,-0.0633,1.1206,-1.4761,0.0157,0.9440,-1.6992,-0.0465,1.0498,-1.6976] kp=[30.0000,30.0000,30.0000,30.0000,30.0000,30.0000,30.0000,30.0000,30.0000,30.0000,30.0000,30.0000] kd=[0.6500,0.6500,0.6500,0.6500,0.6500,0.6500,0.6500,0.6500,0.6500,0.6500,0.6500,0.6500] tau=[0.0000,0.0000,0.0000,0.0000,0.0000,0.0000,0.0000,0.0000,0.0000,0.0000,0.0000,0.0000]
1791382118.2787361 [ros2_control_node-3] [INFO] [1791382118.278439822] [StateRL]: [ABS-LIVE-CMD] event=rl_command_write clock=steady_clock_ns timestamp_ns=29580005644640 sequence=3175 controller_state=RL rl_active=1 finite=1 kp_zero=0 kd_zero=0 tau_zero=1 veto_reason= q=[0.0887,1.0409,-1.6332,-0.0625,1.1197,-1.4743,0.0156,0.9431,-1.6975,-0.0460,1.0493,-1.7015] kp=[30.0000,30.0000,30.0000,30.0000,30.0000,30.0000,30.0000,30.0000,30.0000,30.0000,30.0000,30.0000] kd=[0.6500,0.6500,0.6500,0.6500,0.6500,0.6500,0.6500,0.6500,0.6500,0.6500,0.6500,0.6500] tau=[0.0000,0.0000,0.0000,0.0000,0.0000,0.0000,0.0000,0.0000,0.0000,0.0000,0.0000,0.0000]
1791382118.4043190 [ros2_control_node-3] [INFO] [1791382118.403884265] [StateRL]: [ABS-LIVE-RAY-CHECK] clock=steady_clock_ns now_ns=29580131063915 checks=50 average_period_ms=19.999914
1791382118.4059474 [ros2_control_node-3] [INFO] [1791382118.405684779] [StateRL]: [ABS-LIVE-CMD] event=rl_command_write clock=steady_clock_ns timestamp_ns=29580132889262 sequence=3200 controller_state=RL rl_active=1 finite=1 kp_zero=0 kd_zero=0 tau_zero=1 veto_reason= q=[0.0898,1.0419,-1.6344,-0.0615,1.1186,-1.4722,0.0154,0.9420,-1.6955,-0.0455,1.0487,-1.7059] kp=[30.0000,30.0000,30.0000,30.0000,30.0000,30.0000,30.0000,30.0000,30.0000,30.0000,30.0000,30.0000] kd=[0.6500,0.6500,0.6500,0.6500,0.6500,0.6500,0.6500,0.6500,0.6500,0.6500,0.6500,0.6500] tau=[0.0000,0.0000,0.0000,0.0000,0.0000,0.0000,0.0000,0.0000,0.0000,0.0000,0.0000,0.0000]
1791382118.5288799 [ros2_control_node-3] [INFO] [1791382118.528503418] [StateRL]: [ABS-LIVE-CMD] event=rl_command_write clock=steady_clock_ns timestamp_ns=29580255708270 sequence=3225 controller_state=RL rl_active=1 finite=1 kp_zero=0 kd_zero=0 tau_zero=1 veto_reason= q=[0.0907,1.0429,-1.6353,-0.0606,1.1177,-1.4703,0.0151,0.9412,-1.6940,-0.0450,1.0481,-1.7096] kp=[30.0000,30.0000,30.0000,30.0000,30.0000,30.0000,30.0000,30.0000,30.0000,30.0000,30.0000,30.0000] kd=[0.6500,0.6500,0.6500,0.6500,0.6500,0.6500,0.6500,0.6500,0.6500,0.6500,0.6500,0.6500] tau=[0.0000,0.0000,0.0000,0.0000,0.0000,0.0000,0.0000,0.0000,0.0000,0.0000,0.0000,0.0000]
1791382118.6538789 [ros2_control_node-3] [INFO] [1791382118.653494368] [StateRL]: [ABS-LIVE-CMD] event=rl_command_write clock=steady_clock_ns timestamp_ns=29580380699222 sequence=3250 controller_state=RL rl_active=1 finite=1 kp_zero=0 kd_zero=0 tau_zero=1 veto_reason= q=[0.0915,1.0439,-1.6360,-0.0598,1.1168,-1.4684,0.0148,0.9403,-1.6926,-0.0444,1.0474,-1.7131] kp=[30.0000,30.0000,30.0000,30.0000,30.0000,30.0000,30.0000,30.0000,30.0000,30.0000,30.0000,30.0000] kd=[0.6500,0.6500,0.6500,0.6500,0.6500,0.6500,0.6500,0.6500,0.6500,0.6500,0.6500,0.6500] tau=[0.0000,0.0000,0.0000,0.0000,0.0000,0.0000,0.0000,0.0000,0.0000,0.0000,0.0000,0.0000]
1791382118.7787621 [ros2_control_node-3] [INFO] [1791382118.778476297] [StateRL]: [ABS-LIVE-CMD] event=rl_command_write clock=steady_clock_ns timestamp_ns=29580505681138 sequence=3275 controller_state=RL rl_active=1 finite=1 kp_zero=0 kd_zero=0 tau_zero=1 veto_reason= q=[0.0923,1.0452,-1.6367,-0.0589,1.1160,-1.4663,0.0144,0.9395,-1.6914,-0.0438,1.0466,-1.7166] kp=[30.0000,30.0000,30.0000,30.0000,30.0000,30.0000,30.0000,30.0000,30.0000,30.0000,30.0000,30.0000] kd=[0.6500,0.6500,0.6500,0.6500,0.6500,0.6500,0.6500,0.6500,0.6500,0.6500,0.6500,0.6500] tau=[0.0000,0.0000,0.0000,0.0000,0.0000,0.0000,0.0000,0.0000,0.0000,0.0000,0.0000,0.0000]
1791382118.9157150 [ros2_control_node-3] [INFO] [1791382118.914765643] [StateRL]: [ABS-LIVE-CMD] event=rl_command_write clock=steady_clock_ns timestamp_ns=29580641968075 sequence=3300 controller_state=RL rl_active=1 finite=1 kp_zero=0 kd_zero=0 tau_zero=1 veto_reason= q=[0.0929,1.0468,-1.6372,-0.0581,1.1152,-1.4644,0.0141,0.9386,-1.6897,-0.0430,1.0456,-1.7203] kp=[30.0000,30.0000,30.0000,30.0000,30.0000,30.0000,30.0000,30.0000,30.0000,30.0000,30.0000,30.0000] kd=[0.6500,0.6500,0.6500,0.6500,0.6500,0.6500,0.6500,0.6500,0.6500,0.6500,0.6500,0.6500] tau=[0.0000,0.0000,0.0000,0.0000,0.0000,0.0000,0.0000,0.0000,0.0000,0.0000,0.0000,0.0000]
1791382119.0299883 [ros2_control_node-3] [INFO] [1791382119.029037954] [StateRL]: [ABS-LIVE-CMD] event=rl_command_write clock=steady_clock_ns timestamp_ns=29580756241546 sequence=3325 controller_state=RL rl_active=1 finite=1 kp_zero=0 kd_zero=0 tau_zero=1 veto_reason= q=[0.0934,1.0481,-1.6377,-0.0574,1.1142,-1.4625,0.0137,0.9378,-1.6885,-0.0422,1.0447,-1.7236] kp=[30.0000,30.0000,30.0000,30.0000,30.0000,30.0000,30.0000,30.0000,30.0000,30.0000,30.0000,30.0000] kd=[0.6500,0.6500,0.6500,0.6500,0.6500,0.6500,0.6500,0.6500,0.6500,0.6500,0.6500,0.6500] tau=[0.0000,0.0000,0.0000,0.0000,0.0000,0.0000,0.0000,0.0000,0.0000,0.0000,0.0000,0.0000]
1791382119.1556749 [ros2_control_node-3] [INFO] [1791382119.154497644] [StateRL]: [ABS-LIVE-CMD] event=rl_command_write clock=steady_clock_ns timestamp_ns=29580881700905 sequence=3350 controller_state=RL rl_active=1 finite=1 kp_zero=0 kd_zero=0 tau_zero=1 veto_reason= q=[0.0939,1.0496,-1.6379,-0.0567,1.1135,-1.4604,0.0133,0.9370,-1.6875,-0.0414,1.0436,-1.7267] kp=[30.0000,30.0000,30.0000,30.0000,30.0000,30.0000,30.0000,30.0000,30.0000,30.0000,30.0000,30.0000] kd=[0.6500,0.6500,0.6500,0.6500,0.6500,0.6500,0.6500,0.6500,0.6500,0.6500,0.6500,0.6500] tau=[0.0000,0.0000,0.0000,0.0000,0.0000,0.0000,0.0000,0.0000,0.0000,0.0000,0.0000,0.0000]
1791382119.2787874 [ros2_control_node-3] [INFO] [1791382119.278456013] [StateRL]: [ABS-LIVE-CMD] event=rl_command_write clock=steady_clock_ns timestamp_ns=29581005661017 sequence=3375 controller_state=RL rl_active=1 finite=1 kp_zero=0 kd_zero=0 tau_zero=1 veto_reason= q=[0.0943,1.0510,-1.6382,-0.0559,1.1125,-1.4586,0.0130,0.9363,-1.6865,-0.0405,1.0426,-1.7298] kp=[30.0000,30.0000,30.0000,30.0000,30.0000,30.0000,30.0000,30.0000,30.0000,30.0000,30.0000,30.0000] kd=[0.6500,0.6500,0.6500,0.6500,0.6500,0.6500,0.6500,0.6500,0.6500,0.6500,0.6500,0.6500] tau=[0.0000,0.0000,0.0000,0.0000,0.0000,0.0000,0.0000,0.0000,0.0000,0.0000,0.0000,0.0000]
1791382119.4045477 [ros2_control_node-3] [INFO] [1791382119.404024458] [StateRL]: [ABS-LIVE-RAY-CHECK] clock=steady_clock_ns now_ns=29581131213382 checks=50 average_period_ms=20.002989
1791382119.4053085 [ros2_control_node-3] [INFO] [1791382119.405170583] [StateRL]: [ABS-LIVE-CMD] event=rl_command_write clock=steady_clock_ns timestamp_ns=29581132375518 sequence=3400 controller_state=RL rl_active=1 finite=1 kp_zero=0 kd_zero=0 tau_zero=1 veto_reason= q=[0.0947,1.0529,-1.6384,-0.0551,1.1115,-1.4562,0.0127,0.9355,-1.6855,-0.0393,1.0413,-1.7333] kp=[30.0000,30.0000,30.0000,30.0000,30.0000,30.0000,30.0000,30.0000,30.0000,30.0000,30.0000,30.0000] kd=[0.6500,0.6500,0.6500,0.6500,0.6500,0.6500,0.6500,0.6500,0.6500,0.6500,0.6500,0.6500] tau=[0.0000,0.0000,0.0000,0.0000,0.0000,0.0000,0.0000,0.0000,0.0000,0.0000,0.0000,0.0000]
1791382119.5287235 [ros2_control_node-3] [INFO] [1791382119.528439600] [StateRL]: [ABS-LIVE-CMD] event=rl_command_write clock=steady_clock_ns timestamp_ns=29581255644453 sequence=3425 controller_state=RL rl_active=1 finite=1 kp_zero=0 kd_zero=0 tau_zero=1 veto_reason= q=[0.0949,1.0546,-1.6384,-0.0545,1.1106,-1.4542,0.0124,0.9348,-1.6848,-0.0382,1.0400,-1.7362] kp=[30.0000,30.0000,30.0000,30.0000,30.0000,30.0000,30.0000,30.0000,30.0000,30.0000,30.0000,30.0000] kd=[0.6500,0.6500,0.6500,0.6500,0.6500,0.6500,0.6500,0.6500,0.6500,0.6500,0.6500,0.6500] tau=[0.0000,0.0000,0.0000,0.0000,0.0000,0.0000,0.0000,0.0000,0.0000,0.0000,0.0000,0.0000]
1791382119.6563087 [ros2_control_node-3] [INFO] [1791382119.655581473] [StateRL]: [ABS-LIVE-CMD] event=rl_command_write clock=steady_clock_ns timestamp_ns=29581382785360 sequence=3450 controller_state=RL rl_active=1 finite=1 kp_zero=0 kd_zero=0 tau_zero=1 veto_reason= q=[0.0951,1.0563,-1.6383,-0.0538,1.1097,-1.4522,0.0123,0.9341,-1.6841,-0.0370,1.0387,-1.7390] kp=[30.0000,30.0000,30.0000,30.0000,30.0000,30.0000,30.0000,30.0000,30.0000,30.0000,30.0000,30.0000] kd=[0.6500,0.6500,0.6500,0.6500,0.6500,0.6500,0.6500,0.6500,0.6500,0.6500,0.6500,0.6500] tau=[0.0000,0.0000,0.0000,0.0000,0.0000,0.0000,0.0000,0.0000,0.0000,0.0000,0.0000,0.0000]
1791382119.7788782 [ros2_control_node-3] [INFO] [1791382119.778511131] [StateRL]: [ABS-LIVE-CMD] event=rl_command_write clock=steady_clock_ns timestamp_ns=29581505715875 sequence=3475 controller_state=RL rl_active=1 finite=1 kp_zero=0 kd_zero=0 tau_zero=1 veto_reason= q=[0.0952,1.0581,-1.6380,-0.0533,1.1088,-1.4503,0.0122,0.9335,-1.6835,-0.0357,1.0372,-1.7417] kp=[30.0000,30.0000,30.0000,30.0000,30.0000,30.0000,30.0000,30.0000,30.0000,30.0000,30.0000,30.0000] kd=[0.6500,0.6500,0.6500,0.6500,0.6500,0.6500,0.6500,0.6500,0.6500,0.6500,0.6500,0.6500] tau=[0.0000,0.0000,0.0000,0.0000,0.0000,0.0000,0.0000,0.0000,0.0000,0.0000,0.0000,0.0000]
1791382119.9104519 [ros2_control_node-3] [INFO] [1791382119.909971427] [StateRL]: [ABS-LIVE-CMD] event=rl_command_write clock=steady_clock_ns timestamp_ns=29581637175438 sequence=3500 controller_state=RL rl_active=1 finite=1 kp_zero=0 kd_zero=0 tau_zero=1 veto_reason= q=[0.0953,1.0603,-1.6377,-0.0526,1.1078,-1.4480,0.0121,0.9328,-1.6831,-0.0341,1.0354,-1.7447] kp=[30.0000,30.0000,30.0000,30.0000,30.0000,30.0000,30.0000,30.0000,30.0000,30.0000,30.0000,30.0000] kd=[0.6500,0.6500,0.6500,0.6500,0.6500,0.6500,0.6500,0.6500,0.6500,0.6500,0.6500,0.6500] tau=[0.0000,0.0000,0.0000,0.0000,0.0000,0.0000,0.0000,0.0000,0.0000,0.0000,0.0000,0.0000]
1791382120.0356045 [ros2_control_node-3] [INFO] [1791382120.035057027] [StateRL]: [ABS-LIVE-CMD] event=rl_command_write clock=steady_clock_ns timestamp_ns=29581762260952 sequence=3525 controller_state=RL rl_active=1 finite=1 kp_zero=0 kd_zero=0 tau_zero=1 veto_reason= q=[0.0952,1.0623,-1.6371,-0.0521,1.1070,-1.4461,0.0121,0.9323,-1.6827,-0.0327,1.0338,-1.7472] kp=[30.0000,30.0000,30.0000,30.0000,30.0000,30.0000,30.0000,30.0000,30.0000,30.0000,30.0000,30.0000] kd=[0.6500,0.6500,0.6500,0.6500,0.6500,0.6500,0.6500,0.6500,0.6500,0.6500,0.6500,0.6500] tau=[0.0000,0.0000,0.0000,0.0000,0.0000,0.0000,0.0000,0.0000,0.0000,0.0000,0.0000,0.0000]
1791382120.1538169 [ros2_control_node-3] [INFO] [1791382120.153504413] [StateRL]: [ABS-LIVE-CMD] event=rl_command_write clock=steady_clock_ns timestamp_ns=29581880709278 sequence=3550 controller_state=RL rl_active=1 finite=1 kp_zero=0 kd_zero=0 tau_zero=1 veto_reason= q=[0.0952,1.0642,-1.6366,-0.0517,1.1061,-1.4441,0.0121,0.9318,-1.6823,-0.0312,1.0321,-1.7497] kp=[30.0000,30.0000,30.0000,30.0000,30.0000,30.0000,30.0000,30.0000,30.0000,30.0000,30.0000,30.0000] kd=[0.6500,0.6500,0.6500,0.6500,0.6500,0.6500,0.6500,0.6500,0.6500,0.6500,0.6500,0.6500] tau=[0.0000,0.0000,0.0000,0.0000,0.0000,0.0000,0.0000,0.0000,0.0000,0.0000,0.0000,0.0000]
1791382120.2788534 [ros2_control_node-3] [INFO] [1791382120.278516734] [StateRL]: [ABS-LIVE-CMD] event=rl_command_write clock=steady_clock_ns timestamp_ns=29582005721501 sequence=3575 controller_state=RL rl_active=1 finite=1 kp_zero=0 kd_zero=0 tau_zero=1 veto_reason= q=[0.0951,1.0661,-1.6360,-0.0513,1.1053,-1.4421,0.0121,0.9312,-1.6822,-0.0296,1.0303,-1.7522] kp=[30.0000,30.0000,30.0000,30.0000,30.0000,30.0000,30.0000,30.0000,30.0000,30.0000,30.0000,30.0000] kd=[0.6500,0.6500,0.6500,0.6500,0.6500,0.6500,0.6500,0.6500,0.6500,0.6500,0.6500,0.6500] tau=[0.0000,0.0000,0.0000,0.0000,0.0000,0.0000,0.0000,0.0000,0.0000,0.0000,0.0000,0.0000]
1791382120.4066062 [ros2_control_node-3] [INFO] [1791382120.405632579] [StateRL]: [ABS-LIVE-RAY-CHECK] clock=steady_clock_ns now_ns=29582132787788 checks=50 average_period_ms=20.031488
1791382120.4140477 [ros2_control_node-3] [INFO] [1791382120.413099114] [StateRL]: [ABS-LIVE-CMD] event=rl_command_write clock=steady_clock_ns timestamp_ns=29582140301485 sequence=3600 controller_state=RL rl_active=1 finite=1 kp_zero=0 kd_zero=0 tau_zero=1 veto_reason= q=[0.0949,1.0688,-1.6350,-0.0513,1.1048,-1.4399,0.0124,0.9307,-1.6817,-0.0277,1.0282,-1.7548] kp=[30.0000,30.0000,30.0000,30.0000,30.0000,30.0000,30.0000,30.0000,30.0000,30.0000,30.0000,30.0000] kd=[0.6500,0.6500,0.6500,0.6500,0.6500,0.6500,0.6500,0.6500,0.6500,0.6500,0.6500,0.6500] tau=[0.0000,0.0000,0.0000,0.0000,0.0000,0.0000,0.0000,0.0000,0.0000,0.0000,0.0000,0.0000]
1791382120.5286694 [ros2_control_node-3] [INFO] [1791382120.528418971] [StateRL]: [ABS-LIVE-CMD] event=rl_command_write clock=steady_clock_ns timestamp_ns=29582255623927 sequence=3625 controller_state=RL rl_active=1 finite=1 kp_zero=0 kd_zero=0 tau_zero=1 veto_reason= q=[-0.0000,0.8879,-1.5994,0.0517,0.7339,-1.5407,-0.0507,1.1367,-1.6076,-0.0027,1.0802,-1.5935] kp=[30.0000,30.0000,30.0000,30.0000,30.0000,30.0000,30.0000,30.0000,30.0000,30.0000,30.0000,30.0000] kd=[0.6500,0.6500,0.6500,0.6500,0.6500,0.6500,0.6500,0.6500,0.6500,0.6500,0.6500,0.6500] tau=[0.0000,0.0000,0.0000,0.0000,0.0000,0.0000,0.0000,0.0000,0.0000,0.0000,0.0000,0.0000]
1791382120.6609082 [ros2_control_node-3] [INFO] [1791382120.659740060] [StateRL]: [ABS-LIVE-CMD] event=rl_command_write clock=steady_clock_ns timestamp_ns=29582386943522 sequence=3650 controller_state=RL rl_active=1 finite=1 kp_zero=0 kd_zero=0 tau_zero=1 veto_reason= q=[0.0245,0.8681,-1.6303,-0.0744,0.9462,-1.5124,0.0304,1.0775,-1.6636,0.0093,1.0881,-1.5486] kp=[30.0000,30.0000,30.0000,30.0000,30.0000,30.0000,30.0000,30.0000,30.0000,30.0000,30.0000,30.0000] kd=[0.6500,0.6500,0.6500,0.6500,0.6500,0.6500,0.6500,0.6500,0.6500,0.6500,0.6500,0.6500] tau=[0.0000,0.0000,0.0000,0.0000,0.0000,0.0000,0.0000,0.0000,0.0000,0.0000,0.0000,0.0000]
1791382120.7789049 [ros2_control_node-3] [INFO] [1791382120.778454829] [StateRL]: [ABS-LIVE-CMD] event=rl_command_write clock=steady_clock_ns timestamp_ns=29582505659689 sequence=3675 controller_state=RL rl_active=1 finite=1 kp_zero=0 kd_zero=0 tau_zero=1 veto_reason= q=[0.0224,0.8869,-1.4527,-0.0550,0.8773,-1.6336,0.0146,1.0943,-1.5862,-0.0298,1.0866,-1.5621] kp=[30.0000,30.0000,30.0000,30.0000,30.0000,30.0000,30.0000,30.0000,30.0000,30.0000,30.0000,30.0000] kd=[0.6500,0.6500,0.6500,0.6500,0.6500,0.6500,0.6500,0.6500,0.6500,0.6500,0.6500,0.6500] tau=[0.0000,0.0000,0.0000,0.0000,0.0000,0.0000,0.0000,0.0000,0.0000,0.0000,0.0000,0.0000]
1791382120.9059682 [ros2_control_node-3] [INFO] [1791382120.905667965] [StateRL]: [ABS-LIVE-CMD] event=rl_command_write clock=steady_clock_ns timestamp_ns=29582632872458 sequence=3700 controller_state=RL rl_active=1 finite=1 kp_zero=0 kd_zero=0 tau_zero=1 veto_reason= q=[0.0316,0.8661,-1.4819,-0.0628,0.9194,-1.5587,-0.0358,1.0768,-1.6740,-0.0168,1.0590,-1.5175] kp=[30.0000,30.0000,30.0000,30.0000,30.0000,30.0000,30.0000,30.0000,30.0000,30.0000,30.0000,30.0000] kd=[0.6500,0.6500,0.6500,0.6500,0.6500,0.6500,0.6500,0.6500,0.6500,0.6500,0.6500,0.6500] tau=[0.0000,0.0000,0.0000,0.0000,0.0000,0.0000,0.0000,0.0000,0.0000,0.0000,0.0000,0.0000]
1791382121.0296953 [ros2_control_node-3] [INFO] [1791382121.029082862] [StateRL]: [ABS-LIVE-CMD] event=rl_command_write clock=steady_clock_ns timestamp_ns=29582756286489 sequence=3725 controller_state=RL rl_active=1 finite=1 kp_zero=0 kd_zero=0 tau_zero=1 veto_reason= q=[0.0255,0.8717,-1.4559,-0.0648,0.9185,-1.5776,-0.0353,1.0804,-1.6608,-0.0201,1.0614,-1.5184] kp=[30.0000,30.0000,30.0000,30.0000,30.0000,30.0000,30.0000,30.0000,30.0000,30.0000,30.0000,30.0000] kd=[0.6500,0.6500,0.6500,0.6500,0.6500,0.6500,0.6500,0.6500,0.6500,0.6500,0.6500,0.6500] tau=[0.0000,0.0000,0.0000,0.0000,0.0000,0.0000,0.0000,0.0000,0.0000,0.0000,0.0000,0.0000]
1791382121.1537321 [ros2_control_node-3] [INFO] [1791382121.153474161] [StateRL]: [ABS-LIVE-CMD] event=rl_command_write clock=steady_clock_ns timestamp_ns=29582880679049 sequence=3750 controller_state=RL rl_active=1 finite=1 kp_zero=0 kd_zero=0 tau_zero=1 veto_reason= q=[0.0271,0.8765,-1.4489,-0.0645,0.9191,-1.5844,-0.0337,1.0795,-1.6562,-0.0239,1.0630,-1.5192] kp=[30.0000,30.0000,30.0000,30.0000,30.0000,30.0000,30.0000,30.0000,30.0000,30.0000,30.0000,30.0000] kd=[0.6500,0.6500,0.6500,0.6500,0.6500,0.6500,0.6500,0.6500,0.6500,0.6500,0.6500,0.6500] tau=[0.0000,0.0000,0.0000,0.0000,0.0000,0.0000,0.0000,0.0000,0.0000,0.0000,0.0000,0.0000]
1791382121.2788928 [ros2_control_node-3] [INFO] [1791382121.278503258] [StateRL]: [ABS-LIVE-CMD] event=rl_command_write clock=steady_clock_ns timestamp_ns=29583005708038 sequence=3775 controller_state=RL rl_active=1 finite=1 kp_zero=0 kd_zero=0 tau_zero=1 veto_reason= q=[0.0311,0.8800,-1.4532,-0.0643,0.9238,-1.5845,-0.0330,1.0766,-1.6594,-0.0264,1.0639,-1.5203] kp=[30.0000,30.0000,30.0000,30.0000,30.0000,30.0000,30.0000,30.0000,30.0000,30.0000,30.0000,30.0000] kd=[0.6500,0.6500,0.6500,0.6500,0.6500,0.6500,0.6500,0.6500,0.6500,0.6500,0.6500,0.6500] tau=[0.0000,0.0000,0.0000,0.0000,0.0000,0.0000,0.0000,0.0000,0.0000,0.0000,0.0000,0.0000]
1791382121.4042184 [ros2_control_node-3] [INFO] [1791382121.403895614] [StateRL]: [ABS-LIVE-RAY-CHECK] clock=steady_clock_ns now_ns=29583131088102 checks=50 average_period_ms=19.966006
1791382121.4058950 [ros2_control_node-3] [INFO] [1791382121.405642070] [StateRL]: [ABS-LIVE-CMD] event=rl_command_write clock=steady_clock_ns timestamp_ns=29583132846740 sequence=3800 controller_state=RL rl_active=1 finite=1 kp_zero=0 kd_zero=0 tau_zero=1 veto_reason= q=[0.0366,0.8841,-1.4624,-0.0638,0.9313,-1.5818,-0.0324,1.0726,-1.6648,-0.0293,1.0645,-1.5211] kp=[30.0000,30.0000,30.0000,30.0000,30.0000,30.0000,30.0000,30.0000,30.0000,30.0000,30.0000,30.0000] kd=[0.6500,0.6500,0.6500,0.6500,0.6500,0.6500,0.6500,0.6500,0.6500,0.6500,0.6500,0.6500] tau=[0.0000,0.0000,0.0000,0.0000,0.0000,0.0000,0.0000,0.0000,0.0000,0.0000,0.0000,0.0000]
1791382121.5290048 [ros2_control_node-3] [INFO] [1791382121.528467839] [StateRL]: [ABS-LIVE-CMD] event=rl_command_write clock=steady_clock_ns timestamp_ns=29583255672719 sequence=3825 controller_state=RL rl_active=1 finite=1 kp_zero=0 kd_zero=0 tau_zero=1 veto_reason= q=[0.0413,0.8877,-1.4704,-0.0634,0.9376,-1.5794,-0.0316,1.0691,-1.6692,-0.0316,1.0650,-1.5220] kp=[30.0000,30.0000,30.0000,30.0000,30.0000,30.0000,30.0000,30.0000,30.0000,30.0000,30.0000,30.0000] kd=[0.6500,0.6500,0.6500,0.6500,0.6500,0.6500,0.6500,0.6500,0.6500,0.6500,0.6500,0.6500] tau=[0.0000,0.0000,0.0000,0.0000,0.0000,0.0000,0.0000,0.0000,0.0000,0.0000,0.0000,0.0000]
1791382121.6537459 [ros2_control_node-3] [INFO] [1791382121.653416764] [StateRL]: [ABS-LIVE-CMD] event=rl_command_write clock=steady_clock_ns timestamp_ns=29583380621619 sequence=3850 controller_state=RL rl_active=1 finite=1 kp_zero=0 kd_zero=0 tau_zero=1 veto_reason= q=[0.0457,0.8914,-1.4775,-0.0631,0.9435,-1.5773,-0.0306,1.0656,-1.6731,-0.0337,1.0657,-1.5235] kp=[30.0000,30.0000,30.0000,30.0000,30.0000,30.0000,30.0000,30.0000,30.0000,30.0000,30.0000,30.0000] kd=[0.6500,0.6500,0.6500,0.6500,0.6500,0.6500,0.6500,0.6500,0.6500,0.6500,0.6500,0.6500] tau=[0.0000,0.0000,0.0000,0.0000,0.0000,0.0000,0.0000,0.0000,0.0000,0.0000,0.0000,0.0000]
1791382121.7788236 [ros2_control_node-3] [INFO] [1791382121.778425187] [StateRL]: [ABS-LIVE-CMD] event=rl_command_write clock=steady_clock_ns timestamp_ns=29583505629997 sequence=3875 controller_state=RL rl_active=1 finite=1 kp_zero=0 kd_zero=0 tau_zero=1 veto_reason= q=[0.0498,0.8951,-1.4830,-0.0630,0.9488,-1.5753,-0.0295,1.0621,-1.6765,-0.0354,1.0666,-1.5257] kp=[30.0000,30.0000,30.0000,30.0000,30.0000,30.0000,30.0000,30.0000,30.0000,30.0000,30.0000,30.0000] kd=[0.6500,0.6500,0.6500,0.6500,0.6500,0.6500,0.6500,0.6500,0.6500,0.6500,0.6500,0.6500] tau=[0.0000,0.0000,0.0000,0.0000,0.0000,0.0000,0.0000,0.0000,0.0000,0.0000,0.0000,0.0000]
1791382121.9055014 [ros2_control_node-3] [INFO] [1791382121.905213657] [StateRL]: [ABS-LIVE-CMD] event=rl_command_write clock=steady_clock_ns timestamp_ns=29583632418304 sequence=3900 controller_state=RL rl_active=1 finite=1 kp_zero=0 kd_zero=0 tau_zero=1 veto_reason= q=[0.0543,0.8995,-1.4888,-0.0631,0.9549,-1.5732,-0.0280,1.0581,-1.6801,-0.0373,1.0679,-1.5289] kp=[30.0000,30.0000,30.0000,30.0000,30.0000,30.0000,30.0000,30.0000,30.0000,30.0000,30.0000,30.0000] kd=[0.6500,0.6500,0.6500,0.6500,0.6500,0.6500,0.6500,0.6500,0.6500,0.6500,0.6500,0.6500] tau=[0.0000,0.0000,0.0000,0.0000,0.0000,0.0000,0.0000,0.0000,0.0000,0.0000,0.0000,0.0000]
1791382122.0289807 [ros2_control_node-3] [INFO] [1791382122.028446920] [StateRL]: [ABS-LIVE-CMD] event=rl_command_write clock=steady_clock_ns timestamp_ns=29583755651836 sequence=3925 controller_state=RL rl_active=1 finite=1 kp_zero=0 kd_zero=0 tau_zero=1 veto_reason= q=[0.0580,0.9033,-1.4942,-0.0631,0.9603,-1.5720,-0.0263,1.0548,-1.6820,-0.0392,1.0690,-1.5315] kp=[30.0000,30.0000,30.0000,30.0000,30.0000,30.0000,30.0000,30.0000,30.0000,30.0000,30.0000,30.0000] kd=[0.6500,0.6500,0.6500,0.6500,0.6500,0.6500,0.6500,0.6500,0.6500,0.6500,0.6500,0.6500] tau=[0.0000,0.0000,0.0000,0.0000,0.0000,0.0000,0.0000,0.0000,0.0000,0.0000,0.0000,0.0000]
1791382122.1549435 [ros2_control_node-3] [INFO] [1791382122.154122539] [StateRL]: [ABS-LIVE-CMD] event=rl_command_write clock=steady_clock_ns timestamp_ns=29583881326609 sequence=3950 controller_state=RL rl_active=1 finite=1 kp_zero=0 kd_zero=0 tau_zero=1 veto_reason= q=[0.0614,0.9072,-1.4987,-0.0633,0.9655,-1.5713,-0.0245,1.0516,-1.6833,-0.0411,1.0701,-1.5344] kp=[30.0000,30.0000,30.0000,30.0000,30.0000,30.0000,30.0000,30.0000,30.0000,30.0000,30.0000,30.0000] kd=[0.6500,0.6500,0.6500,0.6500,0.6500,0.6500,0.6500,0.6500,0.6500,0.6500,0.6500,0.6500] tau=[0.0000,0.0000,0.0000,0.0000,0.0000,0.0000,0.0000,0.0000,0.0000,0.0000,0.0000,0.0000]
1791382122.2785933 [ros2_control_node-3] [INFO] [1791382122.278392577] [StateRL]: [ABS-LIVE-CMD] event=rl_command_write clock=steady_clock_ns timestamp_ns=29584005597352 sequence=3975 controller_state=RL rl_active=1 finite=1 kp_zero=0 kd_zero=0 tau_zero=1 veto_reason= q=[0.0646,0.9111,-1.5028,-0.0635,0.9705,-1.5711,-0.0224,1.0484,-1.6836,-0.0433,1.0712,-1.5373] kp=[30.0000,30.0000,30.0000,30.0000,30.0000,30.0000,30.0000,30.0000,30.0000,30.0000,30.0000,30.0000] kd=[0.6500,0.6500,0.6500,0.6500,0.6500,0.6500,0.6500,0.6500,0.6500,0.6500,0.6500,0.6500] tau=[0.0000,0.0000,0.0000,0.0000,0.0000,0.0000,0.0000,0.0000,0.0000,0.0000,0.0000,0.0000]
1791382122.4038632 [ros2_control_node-3] [INFO] [1791382122.403610307] [StateRL]: [ABS-LIVE-RAY-CHECK] clock=steady_clock_ns now_ns=29584130807113 checks=50 average_period_ms=19.994380
1791382122.4048076 [ros2_control_node-3] [INFO] [1791382122.404657037] [StateRL]: [ABS-LIVE-CMD] event=rl_command_write clock=steady_clock_ns timestamp_ns=29584131862030 sequence=4000 controller_state=RL rl_active=1 finite=1 kp_zero=0 kd_zero=0 tau_zero=1 veto_reason= q=[0.0681,0.9157,-1.5066,-0.0640,0.9763,-1.5708,-0.0202,1.0446,-1.6836,-0.0460,1.0723,-1.5407] kp=[30.0000,30.0000,30.0000,30.0000,30.0000,30.0000,30.0000,30.0000,30.0000,30.0000,30.0000,30.0000] kd=[0.6500,0.6500,0.6500,0.6500,0.6500,0.6500,0.6500,0.6500,0.6500,0.6500,0.6500,0.6500] tau=[0.0000,0.0000,0.0000,0.0000,0.0000,0.0000,0.0000,0.0000,0.0000,0.0000,0.0000,0.0000]
1791382122.5287716 [ros2_control_node-3] [INFO] [1791382122.528472991] [StateRL]: [ABS-LIVE-CMD] event=rl_command_write clock=steady_clock_ns timestamp_ns=29584255677805 sequence=4025 controller_state=RL rl_active=1 finite=1 kp_zero=0 kd_zero=0 tau_zero=1 veto_reason= q=[0.0711,0.9195,-1.5099,-0.0644,0.9813,-1.5704,-0.0184,1.0412,-1.6836,-0.0482,1.0731,-1.5435] kp=[30.0000,30.0000,30.0000,30.0000,30.0000,30.0000,30.0000,30.0000,30.0000,30.0000,30.0000,30.0000] kd=[0.6500,0.6500,0.6500,0.6500,0.6500,0.6500,0.6500,0.6500,0.6500,0.6500,0.6500,0.6500] tau=[0.0000,0.0000,0.0000,0.0000,0.0000,0.0000,0.0000,0.0000,0.0000,0.0000,0.0000,0.0000]
1791382122.6642265 [ros2_control_node-3] [INFO] [1791382122.662896085] [StateRL]: [ABS-LIVE-CMD] event=rl_command_write clock=steady_clock_ns timestamp_ns=29584390098794 sequence=4050 controller_state=RL rl_active=1 finite=1 kp_zero=0 kd_zero=0 tau_zero=1 veto_reason= q=[0.0739,0.9231,-1.5132,-0.0650,0.9862,-1.5699,-0.0166,1.0377,-1.6839,-0.0501,1.0737,-1.5463] kp=[30.0000,30.0000,30.0000,30.0000,30.0000,30.0000,30.0000,30.0000,30.0000,30.0000,30.0000,30.0000] kd=[0.6500,0.6500,0.6500,0.6500,0.6500,0.6500,0.6500,0.6500,0.6500,0.6500,0.6500,0.6500] tau=[0.0000,0.0000,0.0000,0.0000,0.0000,0.0000,0.0000,0.0000,0.0000,0.0000,0.0000,0.0000]
1791382122.7805302 [ros2_control_node-3] [INFO] [1791382122.779251344] [StateRL]: [ABS-LIVE-CMD] event=rl_command_write clock=steady_clock_ns timestamp_ns=29584506454288 sequence=4075 controller_state=RL rl_active=1 finite=1 kp_zero=0 kd_zero=0 tau_zero=1 veto_reason= q=[0.0764,0.9265,-1.5159,-0.0660,0.9905,-1.5700,-0.0149,1.0344,-1.6845,-0.0515,1.0741,-1.5496] kp=[30.0000,30.0000,30.0000,30.0000,30.0000,30.0000,30.0000,30.0000,30.0000,30.0000,30.0000,30.0000] kd=[0.6500,0.6500,0.6500,0.6500,0.6500,0.6500,0.6500,0.6500,0.6500,0.6500,0.6500,0.6500] tau=[0.0000,0.0000,0.0000,0.0000,0.0000,0.0000,0.0000,0.0000,0.0000,0.0000,0.0000,0.0000]
1791382122.9183786 [ros2_control_node-3] [INFO] [1791382122.917737391] [StateRL]: [ABS-LIVE-CMD] event=rl_command_write clock=steady_clock_ns timestamp_ns=29584644939386 sequence=4100 controller_state=RL rl_active=1 finite=1 kp_zero=0 kd_zero=0 tau_zero=1 veto_reason= q=[0.0793,0.9304,-1.5197,-0.0669,0.9957,-1.5696,-0.0132,1.0304,-1.6860,-0.0528,1.0747,-1.5538] kp=[30.0000,30.0000,30.0000,30.0000,30.0000,30.0000,30.0000,30.0000,30.0000,30.0000,30.0000,30.0000] kd=[0.6500,0.6500,0.6500,0.6500,0.6500,0.6500,0.6500,0.6500,0.6500,0.6500,0.6500,0.6500] tau=[0.0000,0.0000,0.0000,0.0000,0.0000,0.0000,0.0000,0.0000,0.0000,0.0000,0.0000,0.0000]
1791382123.0298388 [ros2_control_node-3] [INFO] [1791382123.029006848] [StateRL]: [ABS-LIVE-CMD] event=rl_command_write clock=steady_clock_ns timestamp_ns=29584756210906 sequence=4125 controller_state=RL rl_active=1 finite=1 kp_zero=0 kd_zero=0 tau_zero=1 veto_reason= q=[0.0817,0.9337,-1.5233,-0.0674,1.0002,-1.5690,-0.0118,1.0269,-1.6872,-0.0539,1.0753,-1.5573] kp=[30.0000,30.0000,30.0000,30.0000,30.0000,30.0000,30.0000,30.0000,30.0000,30.0000,30.0000,30.0000] kd=[0.6500,0.6500,0.6500,0.6500,0.6500,0.6500,0.6500,0.6500,0.6500,0.6500,0.6500,0.6500] tau=[0.0000,0.0000,0.0000,0.0000,0.0000,0.0000,0.0000,0.0000,0.0000,0.0000,0.0000,0.0000]
1791382123.1540191 [ros2_control_node-3] [INFO] [1791382123.153480113] [StateRL]: [ABS-LIVE-CMD] event=rl_command_write clock=steady_clock_ns timestamp_ns=29584880684817 sequence=4150 controller_state=RL rl_active=1 finite=1 kp_zero=0 kd_zero=0 tau_zero=1 veto_reason= q=[0.0840,0.9372,-1.5271,-0.0678,1.0049,-1.5683,-0.0104,1.0235,-1.6882,-0.0551,1.0759,-1.5609] kp=[30.0000,30.0000,30.0000,30.0000,30.0000,30.0000,30.0000,30.0000,30.0000,30.0000,30.0000,30.0000] kd=[0.6500,0.6500,0.6500,0.6500,0.6500,0.6500,0.6500,0.6500,0.6500,0.6500,0.6500,0.6500] tau=[0.0000,0.0000,0.0000,0.0000,0.0000,0.0000,0.0000,0.0000,0.0000,0.0000,0.0000,0.0000]
1791382123.2862177 [ros2_control_node-3] [INFO] [1791382123.283932758] [StateRL]: [ABS-LIVE-CMD] event=rl_command_write clock=steady_clock_ns timestamp_ns=29585011135337 sequence=4175 controller_state=RL rl_active=1 finite=1 kp_zero=0 kd_zero=0 tau_zero=1 veto_reason= q=[0.0862,0.9407,-1.5312,-0.0680,1.0097,-1.5672,-0.0090,1.0203,-1.6891,-0.0563,1.0766,-1.5643] kp=[30.0000,30.0000,30.0000,30.0000,30.0000,30.0000,30.0000,30.0000,30.0000,30.0000,30.0000,30.0000] kd=[0.6500,0.6500,0.6500,0.6500,0.6500,0.6500,0.6500,0.6500,0.6500,0.6500,0.6500,0.6500] tau=[0.0000,0.0000,0.0000,0.0000,0.0000,0.0000,0.0000,0.0000,0.0000,0.0000,0.0000,0.0000]
1791382123.4044840 [ros2_control_node-3] [INFO] [1791382123.404035612] [StateRL]: [ABS-LIVE-RAY-CHECK] clock=steady_clock_ns now_ns=29585131223832 checks=50 average_period_ms=20.008334
1791382123.4068546 [ros2_control_node-3] [INFO] [1791382123.406277337] [StateRL]: [ABS-LIVE-CMD] event=rl_command_write clock=steady_clock_ns timestamp_ns=29585133481435 sequence=4200 controller_state=RL rl_active=1 finite=1 kp_zero=0 kd_zero=0 tau_zero=1 veto_reason= q=[0.0885,0.9447,-1.5361,-0.0683,1.0154,-1.5656,-0.0073,1.0166,-1.6899,-0.0577,1.0772,-1.5679] kp=[30.0000,30.0000,30.0000,30.0000,30.0000,30.0000,30.0000,30.0000,30.0000,30.0000,30.0000,30.0000] kd=[0.6500,0.6500,0.6500,0.6500,0.6500,0.6500,0.6500,0.6500,0.6500,0.6500,0.6500,0.6500] tau=[0.0000,0.0000,0.0000,0.0000,0.0000,0.0000,0.0000,0.0000,0.0000,0.0000,0.0000,0.0000]
1791382123.5289557 [ros2_control_node-3] [INFO] [1791382123.528416592] [StateRL]: [ABS-LIVE-CMD] event=rl_command_write clock=steady_clock_ns timestamp_ns=29585255621571 sequence=4225 controller_state=RL rl_active=1 finite=1 kp_zero=0 kd_zero=0 tau_zero=1 veto_reason= q=[0.0904,0.9481,-1.5402,-0.0685,1.0200,-1.5644,-0.0058,1.0135,-1.6906,-0.0588,1.0778,-1.5715] kp=[30.0000,30.0000,30.0000,30.0000,30.0000,30.0000,30.0000,30.0000,30.0000,30.0000,30.0000,30.0000] kd=[0.6500,0.6500,0.6500,0.6500,0.6500,0.6500,0.6500,0.6500,0.6500,0.6500,0.6500,0.6500] tau=[0.0000,0.0000,0.0000,0.0000,0.0000,0.0000,0.0000,0.0000,0.0000,0.0000,0.0000,0.0000]
1791382123.6538963 [ros2_control_node-3] [INFO] [1791382123.653403142] [StateRL]: [ABS-LIVE-CMD] event=rl_command_write clock=steady_clock_ns timestamp_ns=29585380607233 sequence=4250 controller_state=RL rl_active=1 finite=1 kp_zero=0 kd_zero=0 tau_zero=1 veto_reason= q=[0.0923,0.9516,-1.5445,-0.0685,1.0248,-1.5631,-0.0043,1.0104,-1.6911,-0.0600,1.0784,-1.5751] kp=[30.0000,30.0000,30.0000,30.0000,30.0000,30.0000,30.0000,30.0000,30.0000,30.0000,30.0000,30.0000] kd=[0.6500,0.6500,0.6500,0.6500,0.6500,0.6500,0.6500,0.6500,0.6500,0.6500,0.6500,0.6500] tau=[0.0000,0.0000,0.0000,0.0000,0.0000,0.0000,0.0000,0.0000,0.0000,0.0000,0.0000,0.0000]
1791382123.7788074 [ros2_control_node-3] [INFO] [1791382123.778488302] [StateRL]: [ABS-LIVE-CMD] event=rl_command_write clock=steady_clock_ns timestamp_ns=29585505693170 sequence=4275 controller_state=RL rl_active=1 finite=1 kp_zero=0 kd_zero=0 tau_zero=1 veto_reason= q=[0.0941,0.9551,-1.5487,-0.0685,1.0295,-1.5617,-0.0028,1.0073,-1.6917,-0.0611,1.0789,-1.5788] kp=[30.0000,30.0000,30.0000,30.0000,30.0000,30.0000,30.0000,30.0000,30.0000,30.0000,30.0000,30.0000] kd=[0.6500,0.6500,0.6500,0.6500,0.6500,0.6500,0.6500,0.6500,0.6500,0.6500,0.6500,0.6500] tau=[0.0000,0.0000,0.0000,0.0000,0.0000,0.0000,0.0000,0.0000,0.0000,0.0000,0.0000,0.0000]
1791382123.9057345 [ros2_control_node-3] [INFO] [1791382123.905448518] [StateRL]: [ABS-LIVE-CMD] event=rl_command_write clock=steady_clock_ns timestamp_ns=29585632653206 sequence=4300 controller_state=RL rl_active=1 finite=1 kp_zero=0 kd_zero=0 tau_zero=1 veto_reason= q=[0.0961,0.9593,-1.5534,-0.0687,1.0348,-1.5599,-0.0009,1.0037,-1.6924,-0.0621,1.0793,-1.5834] kp=[30.0000,30.0000,30.0000,30.0000,30.0000,30.0000,30.0000,30.0000,30.0000,30.0000,30.0000,30.0000] kd=[0.6500,0.6500,0.6500,0.6500,0.6500,0.6500,0.6500,0.6500,0.6500,0.6500,0.6500,0.6500] tau=[0.0000,0.0000,0.0000,0.0000,0.0000,0.0000,0.0000,0.0000,0.0000,0.0000,0.0000,0.0000]
1791382124.0289028 [ros2_control_node-3] [INFO] [1791382124.028517308] [StateRL]: [ABS-LIVE-CMD] event=rl_command_write clock=steady_clock_ns timestamp_ns=29585755722174 sequence=4325 controller_state=RL rl_active=1 finite=1 kp_zero=0 kd_zero=0 tau_zero=1 veto_reason= q=[0.0978,0.9630,-1.5576,-0.0687,1.0392,-1.5582,0.0007,1.0007,-1.6930,-0.0629,1.0796,-1.5874] kp=[30.0000,30.0000,30.0000,30.0000,30.0000,30.0000,30.0000,30.0000,30.0000,30.0000,30.0000,30.0000] kd=[0.6500,0.6500,0.6500,0.6500,0.6500,0.6500,0.6500,0.6500,0.6500,0.6500,0.6500,0.6500] tau=[0.0000,0.0000,0.0000,0.0000,0.0000,0.0000,0.0000,0.0000,0.0000,0.0000,0.0000,0.0000]
1791382124.1538153 [ros2_control_node-3] [INFO] [1791382124.153464479] [StateRL]: [ABS-LIVE-CMD] event=rl_command_write clock=steady_clock_ns timestamp_ns=29585880669306 sequence=4350 controller_state=RL rl_active=1 finite=1 kp_zero=0 kd_zero=0 tau_zero=1 veto_reason= q=[0.0993,0.9666,-1.5618,-0.0687,1.0436,-1.5564,0.0023,0.9977,-1.6935,-0.0635,1.0798,-1.5916] kp=[30.0000,30.0000,30.0000,30.0000,30.0000,30.0000,30.0000,30.0000,30.0000,30.0000,30.0000,30.0000] kd=[0.6500,0.6500,0.6500,0.6500,0.6500,0.6500,0.6500,0.6500,0.6500,0.6500,0.6500,0.6500] tau=[0.0000,0.0000,0.0000,0.0000,0.0000,0.0000,0.0000,0.0000,0.0000,0.0000,0.0000,0.0000]
1791382124.2790060 [ros2_control_node-3] [INFO] [1791382124.278511288] [StateRL]: [ABS-LIVE-CMD] event=rl_command_write clock=steady_clock_ns timestamp_ns=29586005716109 sequence=4375 controller_state=RL rl_active=1 finite=1 kp_zero=0 kd_zero=0 tau_zero=1 veto_reason= q=[0.1007,0.9703,-1.5659,-0.0687,1.0478,-1.5543,0.0039,0.9948,-1.6939,-0.0641,1.0797,-1.5957] kp=[30.0000,30.0000,30.0000,30.0000,30.0000,30.0000,30.0000,30.0000,30.0000,30.0000,30.0000,30.0000] kd=[0.6500,0.6500,0.6500,0.6500,0.6500,0.6500,0.6500,0.6500,0.6500,0.6500,0.6500,0.6500] tau=[0.0000,0.0000,0.0000,0.0000,0.0000,0.0000,0.0000,0.0000,0.0000,0.0000,0.0000,0.0000]
1791382124.4072096 [ros2_control_node-3] [INFO] [1791382124.405767592] [StateRL]: [ABS-LIVE-RAY-CHECK] clock=steady_clock_ns now_ns=29586132941344 checks=50 average_period_ms=20.034350
1791382124.4200001 [ros2_control_node-3] [INFO] [1791382124.419609306] [StateRL]: [ABS-LIVE-CMD] event=rl_command_write clock=steady_clock_ns timestamp_ns=29586146813713 sequence=4400 controller_state=RL rl_active=1 finite=1 kp_zero=0 kd_zero=0 tau_zero=1 veto_reason= q=[0.1021,0.9746,-1.5705,-0.0686,1.0525,-1.5517,0.0057,0.9913,-1.6943,-0.0647,1.0795,-1.6006] kp=[30.0000,30.0000,30.0000,30.0000,30.0000,30.0000,30.0000,30.0000,30.0000,30.0000,30.0000,30.0000] kd=[0.6500,0.6500,0.6500,0.6500,0.6500,0.6500,0.6500,0.6500,0.6500,0.6500,0.6500,0.6500] tau=[0.0000,0.0000,0.0000,0.0000,0.0000,0.0000,0.0000,0.0000,0.0000,0.0000,0.0000,0.0000]
1791382124.5298715 [ros2_control_node-3] [INFO] [1791382124.529182468] [StateRL]: [ABS-LIVE-CMD] event=rl_command_write clock=steady_clock_ns timestamp_ns=29586256386458 sequence=4425 controller_state=RL rl_active=1 finite=1 kp_zero=0 kd_zero=0 tau_zero=1 veto_reason= q=[0.1032,0.9782,-1.5744,-0.0687,1.0565,-1.5493,0.0071,0.9884,-1.6945,-0.0650,1.0792,-1.6048] kp=[30.0000,30.0000,30.0000,30.0000,30.0000,30.0000,30.0000,30.0000,30.0000,30.0000,30.0000,30.0000] kd=[0.6500,0.6500,0.6500,0.6500,0.6500,0.6500,0.6500,0.6500,0.6500,0.6500,0.6500,0.6500] tau=[0.0000,0.0000,0.0000,0.0000,0.0000,0.0000,0.0000,0.0000,0.0000,0.0000,0.0000,0.0000]
1791382124.6536417 [ros2_control_node-3] [INFO] [1791382124.653393209] [StateRL]: [ABS-LIVE-CMD] event=rl_command_write clock=steady_clock_ns timestamp_ns=29586380598033 sequence=4450 controller_state=RL rl_active=1 finite=1 kp_zero=0 kd_zero=0 tau_zero=1 veto_reason= q=[0.1043,0.9819,-1.5779,-0.0688,1.0602,-1.5469,0.0085,0.9855,-1.6950,-0.0651,1.0786,-1.6094] kp=[30.0000,30.0000,30.0000,30.0000,30.0000,30.0000,30.0000,30.0000,30.0000,30.0000,30.0000,30.0000] kd=[0.6500,0.6500,0.6500,0.6500,0.6500,0.6500,0.6500,0.6500,0.6500,0.6500,0.6500,0.6500] tau=[0.0000,0.0000,0.0000,0.0000,0.0000,0.0000,0.0000,0.0000,0.0000,0.0000,0.0000,0.0000]
1791382124.7789471 [ros2_control_node-3] [INFO] [1791382124.778505341] [StateRL]: [ABS-LIVE-CMD] event=rl_command_write clock=steady_clock_ns timestamp_ns=29586505709663 sequence=4475 controller_state=RL rl_active=1 finite=1 kp_zero=0 kd_zero=0 tau_zero=1 veto_reason= q=[0.1052,0.9856,-1.5817,-0.0688,1.0641,-1.5441,0.0098,0.9826,-1.6954,-0.0652,1.0780,-1.6138] kp=[30.0000,30.0000,30.0000,30.0000,30.0000,30.0000,30.0000,30.0000,30.0000,30.0000,30.0000,30.0000] kd=[0.6500,0.6500,0.6500,0.6500,0.6500,0.6500,0.6500,0.6500,0.6500,0.6500,0.6500,0.6500] tau=[0.0000,0.0000,0.0000,0.0000,0.0000,0.0000,0.0000,0.0000,0.0000,0.0000,0.0000,0.0000]
1791382124.9130993 [ros2_control_node-3] [INFO] [1791382124.912086869] [StateRL]: [ABS-LIVE-CMD] event=rl_command_write clock=steady_clock_ns timestamp_ns=29586639290096 sequence=4500 controller_state=RL rl_active=1 finite=1 kp_zero=0 kd_zero=0 tau_zero=1 veto_reason= q=[0.1061,0.9899,-1.5858,-0.0690,1.0684,-1.5407,0.0112,0.9794,-1.6959,-0.0652,1.0770,-1.6190] kp=[30.0000,30.0000,30.0000,30.0000,30.0000,30.0000,30.0000,30.0000,30.0000,30.0000,30.0000,30.0000] kd=[0.6500,0.6500,0.6500,0.6500,0.6500,0.6500,0.6500,0.6500,0.6500,0.6500,0.6500,0.6500] tau=[0.0000,0.0000,0.0000,0.0000,0.0000,0.0000,0.0000,0.0000,0.0000,0.0000,0.0000,0.0000]
1791382125.0289392 [ros2_control_node-3] [INFO] [1791382125.028552284] [StateRL]: [ABS-LIVE-CMD] event=rl_command_write clock=steady_clock_ns timestamp_ns=29586755757101 sequence=4525 controller_state=RL rl_active=1 finite=1 kp_zero=0 kd_zero=0 tau_zero=1 veto_reason= q=[0.1067,0.9935,-1.5891,-0.0691,1.0719,-1.5377,0.0124,0.9767,-1.6964,-0.0650,1.0760,-1.6235] kp=[30.0000,30.0000,30.0000,30.0000,30.0000,30.0000,30.0000,30.0000,30.0000,30.0000,30.0000,30.0000] kd=[0.6500,0.6500,0.6500,0.6500,0.6500,0.6500,0.6500,0.6500,0.6500,0.6500,0.6500,0.6500] tau=[0.0000,0.0000,0.0000,0.0000,0.0000,0.0000,0.0000,0.0000,0.0000,0.0000,0.0000,0.0000]
1791382125.1599102 [ros2_control_node-3] [INFO] [1791382125.159580984] [StateRL]: [ABS-LIVE-CMD] event=rl_command_write clock=steady_clock_ns timestamp_ns=29586886785468 sequence=4550 controller_state=RL rl_active=1 finite=1 kp_zero=0 kd_zero=0 tau_zero=1 veto_reason= q=[0.1073,0.9972,-1.5923,-0.0692,1.0754,-1.5345,0.0134,0.9741,-1.6969,-0.0648,1.0748,-1.6280] kp=[30.0000,30.0000,30.0000,30.0000,30.0000,30.0000,30.0000,30.0000,30.0000,30.0000,30.0000,30.0000] kd=[0.6500,0.6500,0.6500,0.6500,0.6500,0.6500,0.6500,0.6500,0.6500,0.6500,0.6500,0.6500] tau=[0.0000,0.0000,0.0000,0.0000,0.0000,0.0000,0.0000,0.0000,0.0000,0.0000,0.0000,0.0000]
1791382125.2786493 [ros2_control_node-3] [INFO] [1791382125.278429590] [StateRL]: [ABS-LIVE-CMD] event=rl_command_write clock=steady_clock_ns timestamp_ns=29587005634451 sequence=4575 controller_state=RL rl_active=1 finite=1 kp_zero=0 kd_zero=0 tau_zero=1 veto_reason= q=[0.1078,1.0008,-1.5952,-0.0694,1.0788,-1.5313,0.0145,0.9717,-1.6973,-0.0643,1.0735,-1.6326] kp=[30.0000,30.0000,30.0000,30.0000,30.0000,30.0000,30.0000,30.0000,30.0000,30.0000,30.0000,30.0000] kd=[0.6500,0.6500,0.6500,0.6500,0.6500,0.6500,0.6500,0.6500,0.6500,0.6500,0.6500,0.6500] tau=[0.0000,0.0000,0.0000,0.0000,0.0000,0.0000,0.0000,0.0000,0.0000,0.0000,0.0000,0.0000]
1791382125.4066489 [ros2_control_node-3] [INFO] [1791382125.406342536] [StateRL]: [ABS-LIVE-RAY-CHECK] clock=steady_clock_ns now_ns=29587133534387 checks=50 average_period_ms=20.011861
1791382125.4081540 [ros2_control_node-3] [INFO] [1791382125.407889892] [StateRL]: [ABS-LIVE-CMD] event=rl_command_write clock=steady_clock_ns timestamp_ns=29587135094563 sequence=4600 controller_state=RL rl_active=1 finite=1 kp_zero=0 kd_zero=0 tau_zero=1 veto_reason= q=[0.1082,1.0051,-1.5985,-0.0695,1.0826,-1.5273,0.0155,0.9689,-1.6979,-0.0638,1.0718,-1.6379] kp=[30.0000,30.0000,30.0000,30.0000,30.0000,30.0000,30.0000,30.0000,30.0000,30.0000,30.0000,30.0000] kd=[0.6500,0.6500,0.6500,0.6500,0.6500,0.6500,0.6500,0.6500,0.6500,0.6500,0.6500,0.6500] tau=[0.0000,0.0000,0.0000,0.0000,0.0000,0.0000,0.0000,0.0000,0.0000,0.0000,0.0000,0.0000]
1791382125.5299246 [ros2_control_node-3] [INFO] [1791382125.529083915] [StateRL]: [ABS-LIVE-CMD] event=rl_command_write clock=steady_clock_ns timestamp_ns=29587256287591 sequence=4625 controller_state=RL rl_active=1 finite=1 kp_zero=0 kd_zero=0 tau_zero=1 veto_reason= q=[0.1085,1.0088,-1.6008,-0.0698,1.0858,-1.5239,0.0163,0.9668,-1.6984,-0.0632,1.0702,-1.6423] kp=[30.0000,30.0000,30.0000,30.0000,30.0000,30.0000,30.0000,30.0000,30.0000,30.0000,30.0000,30.0000] kd=[0.6500,0.6500,0.6500,0.6500,0.6500,0.6500,0.6500,0.6500,0.6500,0.6500,0.6500,0.6500] tau=[0.0000,0.0000,0.0000,0.0000,0.0000,0.0000,0.0000,0.0000,0.0000,0.0000,0.0000,0.0000]
1791382125.6539292 [ros2_control_node-3] [INFO] [1791382125.653491403] [StateRL]: [ABS-LIVE-CMD] event=rl_command_write clock=steady_clock_ns timestamp_ns=29587380696061 sequence=4650 controller_state=RL rl_active=1 finite=1 kp_zero=0 kd_zero=0 tau_zero=1 veto_reason= q=[0.1088,1.0125,-1.6028,-0.0700,1.0888,-1.5204,0.0169,0.9647,-1.6989,-0.0625,1.0686,-1.6468] kp=[30.0000,30.0000,30.0000,30.0000,30.0000,30.0000,30.0000,30.0000,30.0000,30.0000,30.0000,30.0000] kd=[0.6500,0.6500,0.6500,0.6500,0.6500,0.6500,0.6500,0.6500,0.6500,0.6500,0.6500,0.6500] tau=[0.0000,0.0000,0.0000,0.0000,0.0000,0.0000,0.0000,0.0000,0.0000,0.0000,0.0000,0.0000]
1791382125.7789471 [ros2_control_node-3] [INFO] [1791382125.778443566] [StateRL]: [ABS-LIVE-CMD] event=rl_command_write clock=steady_clock_ns timestamp_ns=29587505648424 sequence=4675 controller_state=RL rl_active=1 finite=1 kp_zero=0 kd_zero=0 tau_zero=1 veto_reason= q=[0.1091,1.0161,-1.6046,-0.0703,1.0917,-1.5169,0.0173,0.9628,-1.6995,-0.0618,1.0668,-1.6512] kp=[30.0000,30.0000,30.0000,30.0000,30.0000,30.0000,30.0000,30.0000,30.0000,30.0000,30.0000,30.0000] kd=[0.6500,0.6500,0.6500,0.6500,0.6500,0.6500,0.6500,0.6500,0.6500,0.6500,0.6500,0.6500] tau=[0.0000,0.0000,0.0000,0.0000,0.0000,0.0000,0.0000,0.0000,0.0000,0.0000,0.0000,0.0000]
1791382125.9058998 [ros2_control_node-3] [INFO] [1791382125.905548933] [StateRL]: [ABS-LIVE-CMD] event=rl_command_write clock=steady_clock_ns timestamp_ns=29587632753593 sequence=4700 controller_state=RL rl_active=1 finite=1 kp_zero=0 kd_zero=0 tau_zero=1 veto_reason= q=[0.1094,1.0203,-1.6063,-0.0706,1.0949,-1.5126,0.0176,0.9607,-1.7003,-0.0608,1.0646,-1.6563] kp=[30.0000,30.0000,30.0000,30.0000,30.0000,30.0000,30.0000,30.0000,30.0000,30.0000,30.0000,30.0000] kd=[0.6500,0.6500,0.6500,0.6500,0.6500,0.6500,0.6500,0.6500,0.6500,0.6500,0.6500,0.6500] tau=[0.0000,0.0000,0.0000,0.0000,0.0000,0.0000,0.0000,0.0000,0.0000,0.0000,0.0000,0.0000]
1791382126.0288656 [ros2_control_node-3] [INFO] [1791382126.028435938] [StateRL]: [ABS-LIVE-CMD] event=rl_command_write clock=steady_clock_ns timestamp_ns=29587755640876 sequence=4725 controller_state=RL rl_active=1 finite=1 kp_zero=0 kd_zero=0 tau_zero=1 veto_reason= q=[0.1098,1.0238,-1.6073,-0.0710,1.0974,-1.5090,0.0177,0.9590,-1.7010,-0.0599,1.0626,-1.6608] kp=[30.0000,30.0000,30.0000,30.0000,30.0000,30.0000,30.0000,30.0000,30.0000,30.0000,30.0000,30.0000] kd=[0.6500,0.6500,0.6500,0.6500,0.6500,0.6500,0.6500,0.6500,0.6500,0.6500,0.6500,0.6500] tau=[0.0000,0.0000,0.0000,0.0000,0.0000,0.0000,0.0000,0.0000,0.0000,0.0000,0.0000,0.0000]
1791382126.1544263 [ros2_control_node-3] [INFO] [1791382126.153815784] [StateRL]: [ABS-LIVE-CMD] event=rl_command_write clock=steady_clock_ns timestamp_ns=29587881019794 sequence=4750 controller_state=RL rl_active=1 finite=1 kp_zero=0 kd_zero=0 tau_zero=1 veto_reason= q=[0.1101,1.0273,-1.6080,-0.0714,1.0997,-1.5055,0.0177,0.9576,-1.7019,-0.0589,1.0606,-1.6653] kp=[30.0000,30.0000,30.0000,30.0000,30.0000,30.0000,30.0000,30.0000,30.0000,30.0000,30.0000,30.0000] kd=[0.6500,0.6500,0.6500,0.6500,0.6500,0.6500,0.6500,0.6500,0.6500,0.6500,0.6500,0.6500] tau=[0.0000,0.0000,0.0000,0.0000,0.0000,0.0000,0.0000,0.0000,0.0000,0.0000,0.0000,0.0000]
1791382126.2788985 [ros2_control_node-3] [INFO] [1791382126.278440185] [StateRL]: [ABS-LIVE-CMD] event=rl_command_write clock=steady_clock_ns timestamp_ns=29588005644803 sequence=4775 controller_state=RL rl_active=1 finite=1 kp_zero=0 kd_zero=0 tau_zero=1 veto_reason= q=[0.1104,1.0307,-1.6085,-0.0717,1.1018,-1.5019,0.0176,0.9562,-1.7027,-0.0579,1.0585,-1.6698] kp=[30.0000,30.0000,30.0000,30.0000,30.0000,30.0000,30.0000,30.0000,30.0000,30.0000,30.0000,30.0000] kd=[0.6500,0.6500,0.6500,0.6500,0.6500,0.6500,0.6500,0.6500,0.6500,0.6500,0.6500,0.6500] tau=[0.0000,0.0000,0.0000,0.0000,0.0000,0.0000,0.0000,0.0000,0.0000,0.0000,0.0000,0.0000]
1791382126.4042530 [ros2_control_node-3] [INFO] [1791382126.403917201] [StateRL]: [ABS-LIVE-RAY-CHECK] clock=steady_clock_ns now_ns=29588131104757 checks=50 average_period_ms=19.951407
1791382126.4058640 [ros2_control_node-3] [INFO] [1791382126.405597927] [StateRL]: [ABS-LIVE-CMD] event=rl_command_write clock=steady_clock_ns timestamp_ns=29588132802658 sequence=4800 controller_state=RL rl_active=1 finite=1 kp_zero=0 kd_zero=0 tau_zero=1 veto_reason= q=[0.1109,1.0346,-1.6088,-0.0721,1.1039,-1.4980,0.0173,0.9548,-1.7036,-0.0566,1.0560,-1.6750] kp=[30.0000,30.0000,30.0000,30.0000,30.0000,30.0000,30.0000,30.0000,30.0000,30.0000,30.0000,30.0000] kd=[0.6500,0.6500,0.6500,0.6500,0.6500,0.6500,0.6500,0.6500,0.6500,0.6500,0.6500,0.6500] tau=[0.0000,0.0000,0.0000,0.0000,0.0000,0.0000,0.0000,0.0000,0.0000,0.0000,0.0000,0.0000]
1791382126.5288725 [ros2_control_node-3] [INFO] [1791382126.528574778] [StateRL]: [ABS-LIVE-CMD] event=rl_command_write clock=steady_clock_ns timestamp_ns=29588255779706 sequence=4825 controller_state=RL rl_active=1 finite=1 kp_zero=0 kd_zero=0 tau_zero=1 veto_reason= q=[0.1112,1.0378,-1.6088,-0.0723,1.1055,-1.4946,0.0169,0.9537,-1.7045,-0.0554,1.0538,-1.6795] kp=[30.0000,30.0000,30.0000,30.0000,30.0000,30.0000,30.0000,30.0000,30.0000,30.0000,30.0000,30.0000] kd=[0.6500,0.6500,0.6500,0.6500,0.6500,0.6500,0.6500,0.6500,0.6500,0.6500,0.6500,0.6500] tau=[0.0000,0.0000,0.0000,0.0000,0.0000,0.0000,0.0000,0.0000,0.0000,0.0000,0.0000,0.0000]
1791382126.6539423 [ros2_control_node-3] [INFO] [1791382126.653514661] [StateRL]: [ABS-LIVE-CMD] event=rl_command_write clock=steady_clock_ns timestamp_ns=29588380719562 sequence=4850 controller_state=RL rl_active=1 finite=1 kp_zero=0 kd_zero=0 tau_zero=1 veto_reason= q=[0.1116,1.0410,-1.6087,-0.0725,1.1068,-1.4914,0.0165,0.9528,-1.7053,-0.0542,1.0516,-1.6839] kp=[30.0000,30.0000,30.0000,30.0000,30.0000,30.0000,30.0000,30.0000,30.0000,30.0000,30.0000,30.0000] kd=[0.6500,0.6500,0.6500,0.6500,0.6500,0.6500,0.6500,0.6500,0.6500,0.6500,0.6500,0.6500] tau=[0.0000,0.0000,0.0000,0.0000,0.0000,0.0000,0.0000,0.0000,0.0000,0.0000,0.0000,0.0000]
1791382126.7788489 [ros2_control_node-3] [INFO] [1791382126.778472151] [StateRL]: [ABS-LIVE-CMD] event=rl_command_write clock=steady_clock_ns timestamp_ns=29588505677049 sequence=4875 controller_state=RL rl_active=1 finite=1 kp_zero=0 kd_zero=0 tau_zero=1 veto_reason= q=[0.1120,1.0441,-1.6083,-0.0728,1.1081,-1.4883,0.0161,0.9519,-1.7060,-0.0529,1.0495,-1.6883] kp=[30.0000,30.0000,30.0000,30.0000,30.0000,30.0000,30.0000,30.0000,30.0000,30.0000,30.0000,30.0000] kd=[0.6500,0.6500,0.6500,0.6500,0.6500,0.6500,0.6500,0.6500,0.6500,0.6500,0.6500,0.6500] tau=[0.0000,0.0000,0.0000,0.0000,0.0000,0.0000,0.0000,0.0000,0.0000,0.0000,0.0000,0.0000]
1791382126.9058592 [ros2_control_node-3] [INFO] [1791382126.905538391] [StateRL]: [ABS-LIVE-CMD] event=rl_command_write clock=steady_clock_ns timestamp_ns=29588632743089 sequence=4900 controller_state=RL rl_active=1 finite=1 kp_zero=0 kd_zero=0 tau_zero=1 veto_reason= q=[0.1125,1.0477,-1.6078,-0.0733,1.1094,-1.4853,0.0157,0.9510,-1.7065,-0.0513,1.0470,-1.6934] kp=[30.0000,30.0000,30.0000,30.0000,30.0000,30.0000,30.0000,30.0000,30.0000,30.0000,30.0000,30.0000] kd=[0.6500,0.6500,0.6500,0.6500,0.6500,0.6500,0.6500,0.6500,0.6500,0.6500,0.6500,0.6500] tau=[0.0000,0.0000,0.0000,0.0000,0.0000,0.0000,0.0000,0.0000,0.0000,0.0000,0.0000,0.0000]
1791382127.0288618 [ros2_control_node-3] [INFO] [1791382127.028559755] [StateRL]: [ABS-LIVE-CMD] event=rl_command_write clock=steady_clock_ns timestamp_ns=29588755764607 sequence=4925 controller_state=RL rl_active=1 finite=1 kp_zero=0 kd_zero=0 tau_zero=1 veto_reason= q=[0.1131,1.0506,-1.6073,-0.0736,1.1102,-1.4833,0.0154,0.9503,-1.7064,-0.0500,1.0450,-1.6977] kp=[30.0000,30.0000,30.0000,30.0000,30.0000,30.0000,30.0000,30.0000,30.0000,30.0000,30.0000,30.0000] kd=[0.6500,0.6500,0.6500,0.6500,0.6500,0.6500,0.6500,0.6500,0.6500,0.6500,0.6500,0.6500] tau=[0.0000,0.0000,0.0000,0.0000,0.0000,0.0000,0.0000,0.0000,0.0000,0.0000,0.0000,0.0000]
1791382127.1538796 [ros2_control_node-3] [INFO] [1791382127.153467182] [StateRL]: [ABS-LIVE-CMD] event=rl_command_write clock=steady_clock_ns timestamp_ns=29588880672045 sequence=4950 controller_state=RL rl_active=1 finite=1 kp_zero=0 kd_zero=0 tau_zero=1 veto_reason= q=[0.1136,1.0532,-1.6071,-0.0739,1.1108,-1.4814,0.0153,0.9498,-1.7060,-0.0489,1.0432,-1.7015] kp=[30.0000,30.0000,30.0000,30.0000,30.0000,30.0000,30.0000,30.0000,30.0000,30.0000,30.0000,30.0000] kd=[0.6500,0.6500,0.6500,0.6500,0.6500,0.6500,0.6500,0.6500,0.6500,0.6500,0.6500,0.6500] tau=[0.0000,0.0000,0.0000,0.0000,0.0000,0.0000,0.0000,0.0000,0.0000,0.0000,0.0000,0.0000]
1791382127.2787538 [ros2_control_node-3] [INFO] [1791382127.278414960] [StateRL]: [ABS-LIVE-CMD] event=rl_command_write clock=steady_clock_ns timestamp_ns=29589005619775 sequence=4975 controller_state=RL rl_active=1 finite=1 kp_zero=0 kd_zero=0 tau_zero=1 veto_reason= q=[0.1137,1.0551,-1.6081,-0.0737,1.1111,-1.4790,0.0153,0.9489,-1.7054,-0.0479,1.0418,-1.7048] kp=[30.0000,30.0000,30.0000,30.0000,30.0000,30.0000,30.0000,30.0000,30.0000,30.0000,30.0000,30.0000] kd=[0.6500,0.6500,0.6500,0.6500,0.6500,0.6500,0.6500,0.6500,0.6500,0.6500,0.6500,0.6500] tau=[0.0000,0.0000,0.0000,0.0000,0.0000,0.0000,0.0000,0.0000,0.0000,0.0000,0.0000,0.0000]
1791382127.4040244 [ros2_control_node-3] [INFO] [1791382127.403716222] [StateRL]: [ABS-LIVE-RAY-CHECK] clock=steady_clock_ns now_ns=29589130914684 checks=50 average_period_ms=19.996199
1791382127.4045858 [ros2_control_node-3] [INFO] [1791382127.404451098] [StateRL]: [ABS-LIVE-CMD] event=rl_command_write clock=steady_clock_ns timestamp_ns=29589131655913 sequence=5000 controller_state=RL rl_active=1 finite=1 kp_zero=0 kd_zero=0 tau_zero=1 veto_reason= q=[0.1144,1.0569,-1.6094,-0.0730,1.1113,-1.4769,0.0153,0.9479,-1.7033,-0.0471,1.0410,-1.7089] kp=[30.0000,30.0000,30.0000,30.0000,30.0000,30.0000,30.0000,30.0000,30.0000,30.0000,30.0000,30.0000] kd=[0.6500,0.6500,0.6500,0.6500,0.6500,0.6500,0.6500,0.6500,0.6500,0.6500,0.6500,0.6500] tau=[0.0000,0.0000,0.0000,0.0000,0.0000,0.0000,0.0000,0.0000,0.0000,0.0000,0.0000,0.0000]
1791382127.5293183 [ros2_control_node-3] [INFO] [1791382127.528692044] [StateRL]: [ABS-LIVE-CMD] event=rl_command_write clock=steady_clock_ns timestamp_ns=29589255896582 sequence=5025 controller_state=RL rl_active=1 finite=1 kp_zero=0 kd_zero=0 tau_zero=1 veto_reason= q=[0.1154,1.0579,-1.6101,-0.0725,1.1105,-1.4756,0.0153,0.9473,-1.7017,-0.0464,1.0403,-1.7126] kp=[30.0000,30.0000,30.0000,30.0000,30.0000,30.0000,30.0000,30.0000,30.0000,30.0000,30.0000,30.0000] kd=[0.6500,0.6500,0.6500,0.6500,0.6500,0.6500,0.6500,0.6500,0.6500,0.6500,0.6500,0.6500] tau=[0.0000,0.0000,0.0000,0.0000,0.0000,0.0000,0.0000,0.0000,0.0000,0.0000,0.0000,0.0000]
1791382127.6563592 [ros2_control_node-3] [INFO] [1791382127.656056003] [StateRL]: [ABS-LIVE-CMD] event=rl_command_write clock=steady_clock_ns timestamp_ns=29589383260772 sequence=5050 controller_state=RL rl_active=1 finite=1 kp_zero=0 kd_zero=0 tau_zero=1 veto_reason= q=[0.1161,1.0589,-1.6112,-0.0718,1.1099,-1.4736,0.0152,0.9465,-1.7005,-0.0457,1.0394,-1.7160] kp=[30.0000,30.0000,30.0000,30.0000,30.0000,30.0000,30.0000,30.0000,30.0000,30.0000,30.0000,30.0000] kd=[0.6500,0.6500,0.6500,0.6500,0.6500,0.6500,0.6500,0.6500,0.6500,0.6500,0.6500,0.6500] tau=[0.0000,0.0000,0.0000,0.0000,0.0000,0.0000,0.0000,0.0000,0.0000,0.0000,0.0000,0.0000]
1791382127.7799606 [ros2_control_node-3] [INFO] [1791382127.779222746] [StateRL]: [ABS-LIVE-CMD] event=rl_command_write clock=steady_clock_ns timestamp_ns=29589506426026 sequence=5075 controller_state=RL rl_active=1 finite=1 kp_zero=0 kd_zero=0 tau_zero=1 veto_reason= q=[0.1167,1.0599,-1.6121,-0.0712,1.1093,-1.4719,0.0151,0.9457,-1.6991,-0.0448,1.0385,-1.7194] kp=[30.0000,30.0000,30.0000,30.0000,30.0000,30.0000,30.0000,30.0000,30.0000,30.0000,30.0000,30.0000] kd=[0.6500,0.6500,0.6500,0.6500,0.6500,0.6500,0.6500,0.6500,0.6500,0.6500,0.6500,0.6500] tau=[0.0000,0.0000,0.0000,0.0000,0.0000,0.0000,0.0000,0.0000,0.0000,0.0000,0.0000,0.0000]
1791382127.9201498 [ros2_control_node-3] [INFO] [1791382127.919039320] [StateRL]: [ABS-LIVE-CMD] event=rl_command_write clock=steady_clock_ns timestamp_ns=29589646242122 sequence=5100 controller_state=RL rl_active=1 finite=1 kp_zero=0 kd_zero=0 tau_zero=1 veto_reason= q=[0.1173,1.0613,-1.6131,-0.0705,1.1086,-1.4697,0.0149,0.9448,-1.6977,-0.0438,1.0374,-1.7232] kp=[30.0000,30.0000,30.0000,30.0000,30.0000,30.0000,30.0000,30.0000,30.0000,30.0000,30.0000,30.0000] kd=[0.6500,0.6500,0.6500,0.6500,0.6500,0.6500,0.6500,0.6500,0.6500,0.6500,0.6500,0.6500] tau=[0.0000,0.0000,0.0000,0.0000,0.0000,0.0000,0.0000,0.0000,0.0000,0.0000,0.0000,0.0000]
1791382128.0288277 [ros2_control_node-3] [INFO] [1791382128.028534885] [StateRL]: [ABS-LIVE-CMD] event=rl_command_write clock=steady_clock_ns timestamp_ns=29589755739686 sequence=5125 controller_state=RL rl_active=1 finite=1 kp_zero=0 kd_zero=0 tau_zero=1 veto_reason= q=[0.1177,1.0628,-1.6140,-0.0699,1.1082,-1.4678,0.0148,0.9441,-1.6964,-0.0429,1.0364,-1.7261] kp=[30.0000,30.0000,30.0000,30.0000,30.0000,30.0000,30.0000,30.0000,30.0000,30.0000,30.0000,30.0000] kd=[0.6500,0.6500,0.6500,0.6500,0.6500,0.6500,0.6500,0.6500,0.6500,0.6500,0.6500,0.6500] tau=[0.0000,0.0000,0.0000,0.0000,0.0000,0.0000,0.0000,0.0000,0.0000,0.0000,0.0000,0.0000]
1791382128.1537755 [ros2_control_node-3] [INFO] [1791382128.153433292] [StateRL]: [ABS-LIVE-CMD] event=rl_command_write clock=steady_clock_ns timestamp_ns=29589880638179 sequence=5150 controller_state=RL rl_active=1 finite=1 kp_zero=0 kd_zero=0 tau_zero=1 veto_reason= q=[0.1182,1.0638,-1.6145,-0.0694,1.1074,-1.4659,0.0147,0.9434,-1.6955,-0.0419,1.0353,-1.7294] kp=[30.0000,30.0000,30.0000,30.0000,30.0000,30.0000,30.0000,30.0000,30.0000,30.0000,30.0000,30.0000] kd=[0.6500,0.6500,0.6500,0.6500,0.6500,0.6500,0.6500,0.6500,0.6500,0.6500,0.6500,0.6500] tau=[0.0000,0.0000,0.0000,0.0000,0.0000,0.0000,0.0000,0.0000,0.0000,0.0000,0.0000,0.0000]
1791382128.2789304 [ros2_control_node-3] [INFO] [1791382128.278465977] [StateRL]: [ABS-LIVE-CMD] event=rl_command_write clock=steady_clock_ns timestamp_ns=29590005670893 sequence=5175 controller_state=RL rl_active=1 finite=1 kp_zero=0 kd_zero=0 tau_zero=1 veto_reason= q=[0.1185,1.0650,-1.6152,-0.0689,1.1066,-1.4639,0.0145,0.9426,-1.6945,-0.0408,1.0342,-1.7325] kp=[30.0000,30.0000,30.0000,30.0000,30.0000,30.0000,30.0000,30.0000,30.0000,30.0000,30.0000,30.0000] kd=[0.6500,0.6500,0.6500,0.6500,0.6500,0.6500,0.6500,0.6500,0.6500,0.6500,0.6500,0.6500] tau=[0.0000,0.0000,0.0000,0.0000,0.0000,0.0000,0.0000,0.0000,0.0000,0.0000,0.0000,0.0000]
1791382128.4041150 [ros2_control_node-3] [INFO] [1791382128.403818824] [StateRL]: [ABS-LIVE-RAY-CHECK] clock=steady_clock_ns now_ns=29590131013409 checks=50 average_period_ms=20.001974
1791382128.4049134 [ros2_control_node-3] [INFO] [1791382128.404738484] [StateRL]: [ABS-LIVE-CMD] event=rl_command_write clock=steady_clock_ns timestamp_ns=29590131943240 sequence=5200 controller_state=RL rl_active=1 finite=1 kp_zero=0 kd_zero=0 tau_zero=1 veto_reason= q=[0.1187,1.0665,-1.6158,-0.0683,1.1058,-1.4616,0.0144,0.9418,-1.6934,-0.0394,1.0329,-1.7359] kp=[30.0000,30.0000,30.0000,30.0000,30.0000,30.0000,30.0000,30.0000,30.0000,30.0000,30.0000,30.0000] kd=[0.6500,0.6500,0.6500,0.6500,0.6500,0.6500,0.6500,0.6500,0.6500,0.6500,0.6500,0.6500] tau=[0.0000,0.0000,0.0000,0.0000,0.0000,0.0000,0.0000,0.0000,0.0000,0.0000,0.0000,0.0000]
1791382128.5307176 [ros2_control_node-3] [INFO] [1791382128.530157040] [StateRL]: [ABS-LIVE-CMD] event=rl_command_write clock=steady_clock_ns timestamp_ns=29590257360712 sequence=5225 controller_state=RL rl_active=1 finite=1 kp_zero=0 kd_zero=0 tau_zero=1 veto_reason= q=[0.1189,1.0679,-1.6163,-0.0678,1.1050,-1.4596,0.0143,0.9411,-1.6926,-0.0382,1.0316,-1.7388] kp=[30.0000,30.0000,30.0000,30.0000,30.0000,30.0000,30.0000,30.0000,30.0000,30.0000,30.0000,30.0000] kd=[0.6500,0.6500,0.6500,0.6500,0.6500,0.6500,0.6500,0.6500,0.6500,0.6500,0.6500,0.6500] tau=[0.0000,0.0000,0.0000,0.0000,0.0000,0.0000,0.0000,0.0000,0.0000,0.0000,0.0000,0.0000]
1791382128.6539211 [ros2_control_node-3] [INFO] [1791382128.653507055] [StateRL]: [ABS-LIVE-CMD] event=rl_command_write clock=steady_clock_ns timestamp_ns=29590380711924 sequence=5250 controller_state=RL rl_active=1 finite=1 kp_zero=0 kd_zero=0 tau_zero=1 veto_reason= q=[0.1190,1.0694,-1.6166,-0.0673,1.1043,-1.4576,0.0142,0.9404,-1.6919,-0.0369,1.0302,-1.7417] kp=[30.0000,30.0000,30.0000,30.0000,30.0000,30.0000,30.0000,30.0000,30.0000,30.0000,30.0000,30.0000] kd=[0.6500,0.6500,0.6500,0.6500,0.6500,0.6500,0.6500,0.6500,0.6500,0.6500,0.6500,0.6500] tau=[0.0000,0.0000,0.0000,0.0000,0.0000,0.0000,0.0000,0.0000,0.0000,0.0000,0.0000,0.0000]
1791382128.7788725 [ros2_control_node-3] [INFO] [1791382128.778564455] [StateRL]: [ABS-LIVE-CMD] event=rl_command_write clock=steady_clock_ns timestamp_ns=29590505769332 sequence=5275 controller_state=RL rl_active=1 finite=1 kp_zero=0 kd_zero=0 tau_zero=1 veto_reason= q=[0.1191,1.0710,-1.6168,-0.0669,1.1035,-1.4556,0.0142,0.9398,-1.6912,-0.0356,1.0289,-1.7443] kp=[30.0000,30.0000,30.0000,30.0000,30.0000,30.0000,30.0000,30.0000,30.0000,30.0000,30.0000,30.0000] kd=[0.6500,0.6500,0.6500,0.6500,0.6500,0.6500,0.6500,0.6500,0.6500,0.6500,0.6500,0.6500] tau=[0.0000,0.0000,0.0000,0.0000,0.0000,0.0000,0.0000,0.0000,0.0000,0.0000,0.0000,0.0000]
1791382128.9059620 [ros2_control_node-3] [INFO] [1791382128.905431380] [StateRL]: [ABS-LIVE-CMD] event=rl_command_write clock=steady_clock_ns timestamp_ns=29590632636045 sequence=5300 controller_state=RL rl_active=1 finite=1 kp_zero=0 kd_zero=0 tau_zero=1 veto_reason= q=[0.1191,1.0728,-1.6169,-0.0664,1.1025,-1.4534,0.0143,0.9390,-1.6905,-0.0338,1.0271,-1.7474] kp=[30.0000,30.0000,30.0000,30.0000,30.0000,30.0000,30.0000,30.0000,30.0000,30.0000,30.0000,30.0000] kd=[0.6500,0.6500,0.6500,0.6500,0.6500,0.6500,0.6500,0.6500,0.6500,0.6500,0.6500,0.6500] tau=[0.0000,0.0000,0.0000,0.0000,0.0000,0.0000,0.0000,0.0000,0.0000,0.0000,0.0000,0.0000]
1791382129.0286989 [ros2_control_node-3] [INFO] [1791382129.028436371] [StateRL]: [ABS-LIVE-CMD] event=rl_command_write clock=steady_clock_ns timestamp_ns=29590755641293 sequence=5325 controller_state=RL rl_active=1 finite=1 kp_zero=0 kd_zero=0 tau_zero=1 veto_reason= q=[0.1190,1.0745,-1.6168,-0.0660,1.1017,-1.4513,0.0143,0.9384,-1.6902,-0.0323,1.0255,-1.7500] kp=[30.0000,30.0000,30.0000,30.0000,30.0000,30.0000,30.0000,30.0000,30.0000,30.0000,30.0000,30.0000] kd=[0.6500,0.6500,0.6500,0.6500,0.6500,0.6500,0.6500,0.6500,0.6500,0.6500,0.6500,0.6500] tau=[0.0000,0.0000,0.0000,0.0000,0.0000,0.0000,0.0000,0.0000,0.0000,0.0000,0.0000,0.0000]
1791382129.1538599 [ros2_control_node-3] [INFO] [1791382129.153461040] [StateRL]: [ABS-LIVE-CMD] event=rl_command_write clock=steady_clock_ns timestamp_ns=29590880665615 sequence=5350 controller_state=RL rl_active=1 finite=1 kp_zero=0 kd_zero=0 tau_zero=1 veto_reason= q=[0.1189,1.0763,-1.6166,-0.0657,1.1009,-1.4495,0.0145,0.9379,-1.6897,-0.0307,1.0238,-1.7524] kp=[30.0000,30.0000,30.0000,30.0000,30.0000,30.0000,30.0000,30.0000,30.0000,30.0000,30.0000,30.0000] kd=[0.6500,0.6500,0.6500,0.6500,0.6500,0.6500,0.6500,0.6500,0.6500,0.6500,0.6500,0.6500] tau=[0.0000,0.0000,0.0000,0.0000,0.0000,0.0000,0.0000,0.0000,0.0000,0.0000,0.0000,0.0000]
1791382129.2789626 [ros2_control_node-3] [INFO] [1791382129.278574596] [StateRL]: [ABS-LIVE-CMD] event=rl_command_write clock=steady_clock_ns timestamp_ns=29591005779462 sequence=5375 controller_state=RL rl_active=1 finite=1 kp_zero=0 kd_zero=0 tau_zero=1 veto_reason= q=[0.1188,1.0781,-1.6163,-0.0653,1.1001,-1.4472,0.0146,0.9374,-1.6897,-0.0290,1.0220,-1.7550] kp=[30.0000,30.0000,30.0000,30.0000,30.0000,30.0000,30.0000,30.0000,30.0000,30.0000,30.0000,30.0000] kd=[0.6500,0.6500,0.6500,0.6500,0.6500,0.6500,0.6500,0.6500,0.6500,0.6500,0.6500,0.6500] tau=[0.0000,0.0000,0.0000,0.0000,0.0000,0.0000,0.0000,0.0000,0.0000,0.0000,0.0000,0.0000]
1791382129.4039445 [ros2_control_node-3] [INFO] [1791382129.403711961] [StateRL]: [ABS-LIVE-RAY-CHECK] clock=steady_clock_ns now_ns=29591130910509 checks=50 average_period_ms=19.997942
1791382129.4045651 [ros2_control_node-3] [INFO] [1791382129.404442430] [StateRL]: [ABS-LIVE-CMD] event=rl_command_write clock=steady_clock_ns timestamp_ns=29591131647230 sequence=5400 controller_state=RL rl_active=1 finite=1 kp_zero=0 kd_zero=0 tau_zero=1 veto_reason= q=[0.1185,1.0803,-1.6158,-0.0653,1.0993,-1.4453,0.0151,0.9369,-1.6891,-0.0270,1.0199,-1.7576] kp=[30.0000,30.0000,30.0000,30.0000,30.0000,30.0000,30.0000,30.0000,30.0000,30.0000,30.0000,30.0000] kd=[0.6500,0.6500,0.6500,0.6500,0.6500,0.6500,0.6500,0.6500,0.6500,0.6500,0.6500,0.6500] tau=[0.0000,0.0000,0.0000,0.0000,0.0000,0.0000,0.0000,0.0000,0.0000,0.0000,0.0000,0.0000]
1791382129.5290008 [ros2_control_node-3] [INFO] [1791382129.528578557] [StateRL]: [ABS-LIVE-CMD] event=rl_command_write clock=steady_clock_ns timestamp_ns=29591255783111 sequence=5425 controller_state=RL rl_active=1 finite=1 kp_zero=0 kd_zero=0 tau_zero=1 veto_reason= q=[-0.0035,0.8717,-1.6557,0.0501,0.9788,-1.5112,-0.0352,1.0972,-1.6087,-0.0606,1.1389,-1.4760] kp=[30.0000,30.0000,30.0000,30.0000,30.0000,30.0000,30.0000,30.0000,30.0000,30.0000,30.0000,30.0000] kd=[0.6500,0.6500,0.6500,0.6500,0.6500,0.6500,0.6500,0.6500,0.6500,0.6500,0.6500,0.6500] tau=[0.0000,0.0000,0.0000,0.0000,0.0000,0.0000,0.0000,0.0000,0.0000,0.0000,0.0000,0.0000]
1791382129.6537685 [ros2_control_node-3] [INFO] [1791382129.653462550] [StateRL]: [ABS-LIVE-CMD] event=rl_command_write clock=steady_clock_ns timestamp_ns=29591380667469 sequence=5450 controller_state=RL rl_active=1 finite=1 kp_zero=0 kd_zero=0 tau_zero=1 veto_reason= q=[-0.0105,0.8312,-1.6308,-0.0376,0.9494,-1.5162,-0.0140,1.0826,-1.6692,0.0238,1.0809,-1.5133] kp=[30.0000,30.0000,30.0000,30.0000,30.0000,30.0000,30.0000,30.0000,30.0000,30.0000,30.0000,30.0000] kd=[0.6500,0.6500,0.6500,0.6500,0.6500,0.6500,0.6500,0.6500,0.6500,0.6500,0.6500,0.6500] tau=[0.0000,0.0000,0.0000,0.0000,0.0000,0.0000,0.0000,0.0000,0.0000,0.0000,0.0000,0.0000]
1791382129.7787023 [ros2_control_node-3] [INFO] [1791382129.778409513] [StateRL]: [ABS-LIVE-CMD] event=rl_command_write clock=steady_clock_ns timestamp_ns=29591505614448 sequence=5475 controller_state=RL rl_active=1 finite=1 kp_zero=0 kd_zero=0 tau_zero=1 veto_reason= q=[0.0032,0.8610,-1.4427,-0.0427,0.8881,-1.6538,-0.0147,1.0978,-1.6052,-0.0131,1.0966,-1.5552] kp=[30.0000,30.0000,30.0000,30.0000,30.0000,30.0000,30.0000,30.0000,30.0000,30.0000,30.0000,30.0000] kd=[0.6500,0.6500,0.6500,0.6500,0.6500,0.6500,0.6500,0.6500,0.6500,0.6500,0.6500,0.6500] tau=[0.0000,0.0000,0.0000,0.0000,0.0000,0.0000,0.0000,0.0000,0.0000,0.0000,0.0000,0.0000]
1791382129.9052668 [ros2_control_node-3] [INFO] [1791382129.904950722] [StateRL]: [ABS-LIVE-CMD] event=rl_command_write clock=steady_clock_ns timestamp_ns=29591632155458 sequence=5500 controller_state=RL rl_active=1 finite=1 kp_zero=0 kd_zero=0 tau_zero=1 veto_reason= q=[0.0029,0.8452,-1.5676,-0.0388,0.9472,-1.5392,-0.0374,1.0767,-1.6720,-0.0018,1.0757,-1.4999] kp=[30.0000,30.0000,30.0000,30.0000,30.0000,30.0000,30.0000,30.0000,30.0000,30.0000,30.0000,30.0000] kd=[0.6500,0.6500,0.6500,0.6500,0.6500,0.6500,0.6500,0.6500,0.6500,0.6500,0.6500,0.6500] tau=[0.0000,0.0000,0.0000,0.0000,0.0000,0.0000,0.0000,0.0000,0.0000,0.0000,0.0000,0.0000]
1791382130.0346243 [ros2_control_node-3] [INFO] [1791382130.034341137] [StateRL]: [ABS-LIVE-CMD] event=rl_command_write clock=steady_clock_ns timestamp_ns=29591761545912 sequence=5525 controller_state=RL rl_active=1 finite=1 kp_zero=0 kd_zero=0 tau_zero=1 veto_reason= q=[0.0045,0.8470,-1.5347,-0.0479,0.9402,-1.5696,-0.0270,1.0797,-1.6601,0.0029,1.0835,-1.5277] kp=[30.0000,30.0000,30.0000,30.0000,30.0000,30.0000,30.0000,30.0000,30.0000,30.0000,30.0000,30.0000] kd=[0.6500,0.6500,0.6500,0.6500,0.6500,0.6500,0.6500,0.6500,0.6500,0.6500,0.6500,0.6500] tau=[0.0000,0.0000,0.0000,0.0000,0.0000,0.0000,0.0000,0.0000,0.0000,0.0000,0.0000,0.0000]
1791382130.1539085 [ros2_control_node-3] [INFO] [1791382130.153484138] [StateRL]: [ABS-LIVE-CMD] event=rl_command_write clock=steady_clock_ns timestamp_ns=29591880688781 sequence=5550 controller_state=RL rl_active=1 finite=1 kp_zero=0 kd_zero=0 tau_zero=1 veto_reason= q=[0.0128,0.8637,-1.4724,-0.0486,0.9215,-1.6078,-0.0266,1.0857,-1.6385,-0.0137,1.0889,-1.5345] kp=[30.0000,30.0000,30.0000,30.0000,30.0000,30.0000,30.0000,30.0000,30.0000,30.0000,30.0000,30.0000] kd=[0.6500,0.6500,0.6500,0.6500,0.6500,0.6500,0.6500,0.6500,0.6500,0.6500,0.6500,0.6500] tau=[0.0000,0.0000,0.0000,0.0000,0.0000,0.0000,0.0000,0.0000,0.0000,0.0000,0.0000,0.0000]
1791382130.2789433 [ros2_control_node-3] [INFO] [1791382130.278568834] [StateRL]: [ABS-LIVE-CMD] event=rl_command_write clock=steady_clock_ns timestamp_ns=29592005773717 sequence=5575 controller_state=RL rl_active=1 finite=1 kp_zero=0 kd_zero=0 tau_zero=1 veto_reason= q=[0.0159,0.8612,-1.5056,-0.0483,0.9418,-1.5812,-0.0308,1.0765,-1.6571,-0.0142,1.0856,-1.5236] kp=[30.0000,30.0000,30.0000,30.0000,30.0000,30.0000,30.0000,30.0000,30.0000,30.0000,30.0000,30.0000] kd=[0.6500,0.6500,0.6500,0.6500,0.6500,0.6500,0.6500,0.6500,0.6500,0.6500,0.6500,0.6500] tau=[0.0000,0.0000,0.0000,0.0000,0.0000,0.0000,0.0000,0.0000,0.0000,0.0000,0.0000,0.0000]
1791382130.4042227 [ros2_control_node-3] [INFO] [1791382130.403915612] [StateRL]: [ABS-LIVE-RAY-CHECK] clock=steady_clock_ns now_ns=29592131108260 checks=50 average_period_ms=20.003955
1791382130.4060376 [ros2_control_node-3] [INFO] [1791382130.405552071] [StateRL]: [ABS-LIVE-CMD] event=rl_command_write clock=steady_clock_ns timestamp_ns=29592132756446 sequence=5600 controller_state=RL rl_active=1 finite=1 kp_zero=0 kd_zero=0 tau_zero=1 veto_reason= q=[0.0199,0.8641,-1.5208,-0.0473,0.9501,-1.5762,-0.0289,1.0715,-1.6633,-0.0161,1.0860,-1.5237] kp=[30.0000,30.0000,30.0000,30.0000,30.0000,30.0000,30.0000,30.0000,30.0000,30.0000,30.0000,30.0000] kd=[0.6500,0.6500,0.6500,0.6500,0.6500,0.6500,0.6500,0.6500,0.6500,0.6500,0.6500,0.6500] tau=[0.0000,0.0000,0.0000,0.0000,0.0000,0.0000,0.0000,0.0000,0.0000,0.0000,0.0000,0.0000]
1791382130.5305479 [ros2_control_node-3] [INFO] [1791382130.529342294] [StateRL]: [ABS-LIVE-CMD] event=rl_command_write clock=steady_clock_ns timestamp_ns=29592256545322 sequence=5625 controller_state=RL rl_active=1 finite=1 kp_zero=0 kd_zero=0 tau_zero=1 veto_reason= q=[0.0234,0.8672,-1.5323,-0.0464,0.9565,-1.5723,-0.0272,1.0674,-1.6682,-0.0176,1.0864,-1.5243] kp=[30.0000,30.0000,30.0000,30.0000,30.0000,30.0000,30.0000,30.0000,30.0000,30.0000,30.0000,30.0000] kd=[0.6500,0.6500,0.6500,0.6500,0.6500,0.6500,0.6500,0.6500,0.6500,0.6500,0.6500,0.6500] tau=[0.0000,0.0000,0.0000,0.0000,0.0000,0.0000,0.0000,0.0000,0.0000,0.0000,0.0000,0.0000]
1791382130.6538761 [ros2_control_node-3] [INFO] [1791382130.653496564] [StateRL]: [ABS-LIVE-CMD] event=rl_command_write clock=steady_clock_ns timestamp_ns=29592380701439 sequence=5650 controller_state=RL rl_active=1 finite=1 kp_zero=0 kd_zero=0 tau_zero=1 veto_reason= q=[0.0269,0.8706,-1.5398,-0.0461,0.9618,-1.5693,-0.0255,1.0635,-1.6722,-0.0189,1.0872,-1.5260] kp=[30.0000,30.0000,30.0000,30.0000,30.0000,30.0000,30.0000,30.0000,30.0000,30.0000,30.0000,30.0000] kd=[0.6500,0.6500,0.6500,0.6500,0.6500,0.6500,0.6500,0.6500,0.6500,0.6500,0.6500,0.6500] tau=[0.0000,0.0000,0.0000,0.0000,0.0000,0.0000,0.0000,0.0000,0.0000,0.0000,0.0000,0.0000]
1791382130.7788527 [ros2_control_node-3] [INFO] [1791382130.778477509] [StateRL]: [ABS-LIVE-CMD] event=rl_command_write clock=steady_clock_ns timestamp_ns=29592505681904 sequence=5675 controller_state=RL rl_active=1 finite=1 kp_zero=0 kd_zero=0 tau_zero=1 veto_reason= q=[0.0304,0.8747,-1.5432,-0.0462,0.9664,-1.5685,-0.0237,1.0600,-1.6745,-0.0208,1.0883,-1.5288] kp=[30.0000,30.0000,30.0000,30.0000,30.0000,30.0000,30.0000,30.0000,30.0000,30.0000,30.0000,30.0000] kd=[0.6500,0.6500,0.6500,0.6500,0.6500,0.6500,0.6500,0.6500,0.6500,0.6500,0.6500,0.6500] tau=[0.0000,0.0000,0.0000,0.0000,0.0000,0.0000,0.0000,0.0000,0.0000,0.0000,0.0000,0.0000]
1791382130.9048181 [ros2_control_node-3] [INFO] [1791382130.904486543] [StateRL]: [ABS-LIVE-CMD] event=rl_command_write clock=steady_clock_ns timestamp_ns=29592631691301 sequence=5700 controller_state=RL rl_active=1 finite=1 kp_zero=0 kd_zero=0 tau_zero=1 veto_reason= q=[0.0344,0.8796,-1.5459,-0.0464,0.9715,-1.5694,-0.0212,1.0563,-1.6754,-0.0238,1.0895,-1.5319] kp=[30.0000,30.0000,30.0000,30.0000,30.0000,30.0000,30.0000,30.0000,30.0000,30.0000,30.0000,30.0000] kd=[0.6500,0.6500,0.6500,0.6500,0.6500,0.6500,0.6500,0.6500,0.6500,0.6500,0.6500,0.6500] tau=[0.0000,0.0000,0.0000,0.0000,0.0000,0.0000,0.0000,0.0000,0.0000,0.0000,0.0000,0.0000]
1791382131.0297370 [ros2_control_node-3] [INFO] [1791382131.028858080] [StateRL]: [ABS-LIVE-CMD] event=rl_command_write clock=steady_clock_ns timestamp_ns=29592756062361 sequence=5725 controller_state=RL rl_active=1 finite=1 kp_zero=0 kd_zero=0 tau_zero=1 veto_reason= q=[0.0377,0.8837,-1.5474,-0.0469,0.9759,-1.5702,-0.0192,1.0530,-1.6755,-0.0266,1.0905,-1.5345] kp=[30.0000,30.0000,30.0000,30.0000,30.0000,30.0000,30.0000,30.0000,30.0000,30.0000,30.0000,30.0000] kd=[0.6500,0.6500,0.6500,0.6500,0.6500,0.6500,0.6500,0.6500,0.6500,0.6500,0.6500,0.6500] tau=[0.0000,0.0000,0.0000,0.0000,0.0000,0.0000,0.0000,0.0000,0.0000,0.0000,0.0000,0.0000]
1791382131.1548507 [ros2_control_node-3] [INFO] [1791382131.154215979] [StateRL]: [ABS-LIVE-CMD] event=rl_command_write clock=steady_clock_ns timestamp_ns=29592881419583 sequence=5750 controller_state=RL rl_active=1 finite=1 kp_zero=0 kd_zero=0 tau_zero=1 veto_reason= q=[0.0409,0.8877,-1.5490,-0.0474,0.9804,-1.5707,-0.0172,1.0495,-1.6755,-0.0296,1.0912,-1.5369] kp=[30.0000,30.0000,30.0000,30.0000,30.0000,30.0000,30.0000,30.0000,30.0000,30.0000,30.0000,30.0000] kd=[0.6500,0.6500,0.6500,0.6500,0.6500,0.6500,0.6500,0.6500,0.6500,0.6500,0.6500,0.6500] tau=[0.0000,0.0000,0.0000,0.0000,0.0000,0.0000,0.0000,0.0000,0.0000,0.0000,0.0000,0.0000]
1791382131.2788823 [ros2_control_node-3] [INFO] [1791382131.278500203] [StateRL]: [ABS-LIVE-CMD] event=rl_command_write clock=steady_clock_ns timestamp_ns=29593005705085 sequence=5775 controller_state=RL rl_active=1 finite=1 kp_zero=0 kd_zero=0 tau_zero=1 veto_reason= q=[0.0440,0.8916,-1.5504,-0.0481,0.9850,-1.5708,-0.0153,1.0459,-1.6755,-0.0325,1.0918,-1.5393] kp=[30.0000,30.0000,30.0000,30.0000,30.0000,30.0000,30.0000,30.0000,30.0000,30.0000,30.0000,30.0000] kd=[0.6500,0.6500,0.6500,0.6500,0.6500,0.6500,0.6500,0.6500,0.6500,0.6500,0.6500,0.6500] tau=[0.0000,0.0000,0.0000,0.0000,0.0000,0.0000,0.0000,0.0000,0.0000,0.0000,0.0000,0.0000]
1791382131.4041138 [ros2_control_node-3] [INFO] [1791382131.403875967] [StateRL]: [ABS-LIVE-RAY-CHECK] clock=steady_clock_ns now_ns=29593131064381 checks=50 average_period_ms=19.999122
1791382131.4049399 [ros2_control_node-3] [INFO] [1791382131.404803185] [StateRL]: [ABS-LIVE-CMD] event=rl_command_write clock=steady_clock_ns timestamp_ns=29593132008148 sequence=5800 controller_state=RL rl_active=1 finite=1 kp_zero=0 kd_zero=0 tau_zero=1 veto_reason= q=[0.0473,0.8961,-1.5527,-0.0488,0.9906,-1.5705,-0.0132,1.0416,-1.6755,-0.0358,1.0924,-1.5419] kp=[30.0000,30.0000,30.0000,30.0000,30.0000,30.0000,30.0000,30.0000,30.0000,30.0000,30.0000,30.0000] kd=[0.6500,0.6500,0.6500,0.6500,0.6500,0.6500,0.6500,0.6500,0.6500,0.6500,0.6500,0.6500] tau=[0.0000,0.0000,0.0000,0.0000,0.0000,0.0000,0.0000,0.0000,0.0000,0.0000,0.0000,0.0000]
1791382131.5288548 [ros2_control_node-3] [INFO] [1791382131.528550561] [StateRL]: [ABS-LIVE-CMD] event=rl_command_write clock=steady_clock_ns timestamp_ns=29593255755408 sequence=5825 controller_state=RL rl_active=1 finite=1 kp_zero=0 kd_zero=0 tau_zero=1 veto_reason= q=[0.0500,0.8998,-1.5551,-0.0494,0.9955,-1.5698,-0.0114,1.0377,-1.6758,-0.0385,1.0928,-1.5441] kp=[30.0000,30.0000,30.0000,30.0000,30.0000,30.0000,30.0000,30.0000,30.0000,30.0000,30.0000,30.0000] kd=[0.6500,0.6500,0.6500,0.6500,0.6500,0.6500,0.6500,0.6500,0.6500,0.6500,0.6500,0.6500] tau=[0.0000,0.0000,0.0000,0.0000,0.0000,0.0000,0.0000,0.0000,0.0000,0.0000,0.0000,0.0000]
1791382131.6539962 [ros2_control_node-3] [INFO] [1791382131.653583469] [StateRL]: [ABS-LIVE-CMD] event=rl_command_write clock=steady_clock_ns timestamp_ns=29593380788309 sequence=5850 controller_state=RL rl_active=1 finite=1 kp_zero=0 kd_zero=0 tau_zero=1 veto_reason= q=[0.0524,0.9033,-1.5576,-0.0503,1.0002,-1.5689,-0.0097,1.0339,-1.6765,-0.0407,1.0929,-1.5463] kp=[30.0000,30.0000,30.0000,30.0000,30.0000,30.0000,30.0000,30.0000,30.0000,30.0000,30.0000,30.0000] kd=[0.6500,0.6500,0.6500,0.6500,0.6500,0.6500,0.6500,0.6500,0.6500,0.6500,0.6500,0.6500] tau=[0.0000,0.0000,0.0000,0.0000,0.0000,0.0000,0.0000,0.0000,0.0000,0.0000,0.0000,0.0000]
1791382131.7788880 [ros2_control_node-3] [INFO] [1791382131.778586000] [StateRL]: [ABS-LIVE-CMD] event=rl_command_write clock=steady_clock_ns timestamp_ns=29593505790855 sequence=5875 controller_state=RL rl_active=1 finite=1 kp_zero=0 kd_zero=0 tau_zero=1 veto_reason= q=[0.0547,0.9066,-1.5602,-0.0513,1.0047,-1.5685,-0.0080,1.0300,-1.6776,-0.0425,1.0929,-1.5489] kp=[30.0000,30.0000,30.0000,30.0000,30.0000,30.0000,30.0000,30.0000,30.0000,30.0000,30.0000,30.0000] kd=[0.6500,0.6500,0.6500,0.6500,0.6500,0.6500,0.6500,0.6500,0.6500,0.6500,0.6500,0.6500] tau=[0.0000,0.0000,0.0000,0.0000,0.0000,0.0000,0.0000,0.0000,0.0000,0.0000,0.0000,0.0000]
1791382131.9060550 [ros2_control_node-3] [INFO] [1791382131.905395056] [StateRL]: [ABS-LIVE-CMD] event=rl_command_write clock=steady_clock_ns timestamp_ns=29593632599133 sequence=5900 controller_state=RL rl_active=1 finite=1 kp_zero=0 kd_zero=0 tau_zero=1 veto_reason= q=[0.0572,0.9104,-1.5636,-0.0521,1.0097,-1.5678,-0.0062,1.0255,-1.6788,-0.0445,1.0932,-1.5524] kp=[30.0000,30.0000,30.0000,30.0000,30.0000,30.0000,30.0000,30.0000,30.0000,30.0000,30.0000,30.0000] kd=[0.6500,0.6500,0.6500,0.6500,0.6500,0.6500,0.6500,0.6500,0.6500,0.6500,0.6500,0.6500] tau=[0.0000,0.0000,0.0000,0.0000,0.0000,0.0000,0.0000,0.0000,0.0000,0.0000,0.0000,0.0000]
1791382132.0287840 [ros2_control_node-3] [INFO] [1791382132.028433256] [StateRL]: [ABS-LIVE-CMD] event=rl_command_write clock=steady_clock_ns timestamp_ns=29593755638091 sequence=5925 controller_state=RL rl_active=1 finite=1 kp_zero=0 kd_zero=0 tau_zero=1 veto_reason= q=[0.0593,0.9136,-1.5666,-0.0526,1.0141,-1.5671,-0.0047,1.0217,-1.6797,-0.0462,1.0936,-1.5556] kp=[30.0000,30.0000,30.0000,30.0000,30.0000,30.0000,30.0000,30.0000,30.0000,30.0000,30.0000,30.0000] kd=[0.6500,0.6500,0.6500,0.6500,0.6500,0.6500,0.6500,0.6500,0.6500,0.6500,0.6500,0.6500] tau=[0.0000,0.0000,0.0000,0.0000,0.0000,0.0000,0.0000,0.0000,0.0000,0.0000,0.0000,0.0000]
1791382132.1537695 [ros2_control_node-3] [INFO] [1791382132.153387170] [StateRL]: [ABS-LIVE-CMD] event=rl_command_write clock=steady_clock_ns timestamp_ns=29593880592138 sequence=5950 controller_state=RL rl_active=1 finite=1 kp_zero=0 kd_zero=0 tau_zero=1 veto_reason= q=[0.0612,0.9169,-1.5699,-0.0530,1.0185,-1.5660,-0.0032,1.0182,-1.6804,-0.0477,1.0939,-1.5586] kp=[30.0000,30.0000,30.0000,30.0000,30.0000,30.0000,30.0000,30.0000,30.0000,30.0000,30.0000,30.0000] kd=[0.6500,0.6500,0.6500,0.6500,0.6500,0.6500,0.6500,0.6500,0.6500,0.6500,0.6500,0.6500] tau=[0.0000,0.0000,0.0000,0.0000,0.0000,0.0000,0.0000,0.0000,0.0000,0.0000,0.0000,0.0000]
1791382132.2787671 [ros2_control_node-3] [INFO] [1791382132.278471885] [StateRL]: [ABS-LIVE-CMD] event=rl_command_write clock=steady_clock_ns timestamp_ns=29594005676678 sequence=5975 controller_state=RL rl_active=1 finite=1 kp_zero=0 kd_zero=0 tau_zero=1 veto_reason= q=[0.0630,0.9201,-1.5739,-0.0532,1.0231,-1.5645,-0.0017,1.0147,-1.6809,-0.0492,1.0942,-1.5614] kp=[30.0000,30.0000,30.0000,30.0000,30.0000,30.0000,30.0000,30.0000,30.0000,30.0000,30.0000,30.0000] kd=[0.6500,0.6500,0.6500,0.6500,0.6500,0.6500,0.6500,0.6500,0.6500,0.6500,0.6500,0.6500] tau=[0.0000,0.0000,0.0000,0.0000,0.0000,0.0000,0.0000,0.0000,0.0000,0.0000,0.0000,0.0000]
1791382132.4043379 [ros2_control_node-3] [INFO] [1791382132.404001460] [StateRL]: [ABS-LIVE-RAY-CHECK] clock=steady_clock_ns now_ns=29594131192857 checks=50 average_period_ms=20.002570
1791382132.4153552 [ros2_control_node-3] [INFO] [1791382132.414924329] [StateRL]: [ABS-LIVE-CMD] event=rl_command_write clock=steady_clock_ns timestamp_ns=29594142128852 sequence=6000 controller_state=RL rl_active=1 finite=1 kp_zero=0 kd_zero=0 tau_zero=1 veto_reason= q=[0.0650,0.9239,-1.5785,-0.0533,1.0281,-1.5630,0.0001,1.0108,-1.6813,-0.0509,1.0947,-1.5652] kp=[30.0000,30.0000,30.0000,30.0000,30.0000,30.0000,30.0000,30.0000,30.0000,30.0000,30.0000,30.0000] kd=[0.6500,0.6500,0.6500,0.6500,0.6500,0.6500,0.6500,0.6500,0.6500,0.6500,0.6500,0.6500] tau=[0.0000,0.0000,0.0000,0.0000,0.0000,0.0000,0.0000,0.0000,0.0000,0.0000,0.0000,0.0000]
1791382132.5288613 [ros2_control_node-3] [INFO] [1791382132.528545619] [StateRL]: [ABS-LIVE-CMD] event=rl_command_write clock=steady_clock_ns timestamp_ns=29594255750517 sequence=6025 controller_state=RL rl_active=1 finite=1 kp_zero=0 kd_zero=0 tau_zero=1 veto_reason= q=[0.0667,0.9272,-1.5823,-0.0533,1.0324,-1.5617,0.0018,1.0075,-1.6815,-0.0523,1.0951,-1.5685] kp=[30.0000,30.0000,30.0000,30.0000,30.0000,30.0000,30.0000,30.0000,30.0000,30.0000,30.0000,30.0000] kd=[0.6500,0.6500,0.6500,0.6500,0.6500,0.6500,0.6500,0.6500,0.6500,0.6500,0.6500,0.6500] tau=[0.0000,0.0000,0.0000,0.0000,0.0000,0.0000,0.0000,0.0000,0.0000,0.0000,0.0000,0.0000]
1791382132.6538112 [ros2_control_node-3] [INFO] [1791382132.653477931] [StateRL]: [ABS-LIVE-CMD] event=rl_command_write clock=steady_clock_ns timestamp_ns=29594380682793 sequence=6050 controller_state=RL rl_active=1 finite=1 kp_zero=0 kd_zero=0 tau_zero=1 veto_reason= q=[0.0683,0.9306,-1.5864,-0.0533,1.0366,-1.5603,0.0034,1.0041,-1.6817,-0.0537,1.0954,-1.5721] kp=[30.0000,30.0000,30.0000,30.0000,30.0000,30.0000,30.0000,30.0000,30.0000,30.0000,30.0000,30.0000] kd=[0.6500,0.6500,0.6500,0.6500,0.6500,0.6500,0.6500,0.6500,0.6500,0.6500,0.6500,0.6500] tau=[0.0000,0.0000,0.0000,0.0000,0.0000,0.0000,0.0000,0.0000,0.0000,0.0000,0.0000,0.0000]
1791382132.7788746 [ros2_control_node-3] [INFO] [1791382132.778517899] [StateRL]: [ABS-LIVE-CMD] event=rl_command_write clock=steady_clock_ns timestamp_ns=29594505722667 sequence=6075 controller_state=RL rl_active=1 finite=1 kp_zero=0 kd_zero=0 tau_zero=1 veto_reason= q=[0.0698,0.9339,-1.5904,-0.0533,1.0407,-1.5588,0.0052,1.0009,-1.6819,-0.0549,1.0957,-1.5758] kp=[30.0000,30.0000,30.0000,30.0000,30.0000,30.0000,30.0000,30.0000,30.0000,30.0000,30.0000,30.0000] kd=[0.6500,0.6500,0.6500,0.6500,0.6500,0.6500,0.6500,0.6500,0.6500,0.6500,0.6500,0.6500] tau=[0.0000,0.0000,0.0000,0.0000,0.0000,0.0000,0.0000,0.0000,0.0000,0.0000,0.0000,0.0000]
1791382132.9052792 [ros2_control_node-3] [INFO] [1791382132.904904091] [StateRL]: [ABS-LIVE-CMD] event=rl_command_write clock=steady_clock_ns timestamp_ns=29594632108772 sequence=6100 controller_state=RL rl_active=1 finite=1 kp_zero=0 kd_zero=0 tau_zero=1 veto_reason= q=[0.0715,0.9379,-1.5955,-0.0530,1.0455,-1.5567,0.0073,0.9970,-1.6820,-0.0564,1.0959,-1.5802] kp=[30.0000,30.0000,30.0000,30.0000,30.0000,30.0000,30.0000,30.0000,30.0000,30.0000,30.0000,30.0000] kd=[0.6500,0.6500,0.6500,0.6500,0.6500,0.6500,0.6500,0.6500,0.6500,0.6500,0.6500,0.6500] tau=[0.0000,0.0000,0.0000,0.0000,0.0000,0.0000,0.0000,0.0000,0.0000,0.0000,0.0000,0.0000]
1791382133.0311503 [ros2_control_node-3] [INFO] [1791382133.030812750] [StateRL]: [ABS-LIVE-CMD] event=rl_command_write clock=steady_clock_ns timestamp_ns=29594758017596 sequence=6125 controller_state=RL rl_active=1 finite=1 kp_zero=0 kd_zero=0 tau_zero=1 veto_reason= q=[0.0729,0.9413,-1.5993,-0.0530,1.0493,-1.5549,0.0091,0.9937,-1.6821,-0.0574,1.0959,-1.5842] kp=[30.0000,30.0000,30.0000,30.0000,30.0000,30.0000,30.0000,30.0000,30.0000,30.0000,30.0000,30.0000] kd=[0.6500,0.6500,0.6500,0.6500,0.6500,0.6500,0.6500,0.6500,0.6500,0.6500,0.6500,0.6500] tau=[0.0000,0.0000,0.0000,0.0000,0.0000,0.0000,0.0000,0.0000,0.0000,0.0000,0.0000,0.0000]
1791382133.1600084 [ros2_control_node-3] [INFO] [1791382133.159708185] [StateRL]: [ABS-LIVE-CMD] event=rl_command_write clock=steady_clock_ns timestamp_ns=29594886912888 sequence=6150 controller_state=RL rl_active=1 finite=1 kp_zero=0 kd_zero=0 tau_zero=1 veto_reason= q=[0.0740,0.9447,-1.6036,-0.0527,1.0531,-1.5527,0.0108,0.9904,-1.6820,-0.0584,1.0959,-1.5883] kp=[30.0000,30.0000,30.0000,30.0000,30.0000,30.0000,30.0000,30.0000,30.0000,30.0000,30.0000,30.0000] kd=[0.6500,0.6500,0.6500,0.6500,0.6500,0.6500,0.6500,0.6500,0.6500,0.6500,0.6500,0.6500] tau=[0.0000,0.0000,0.0000,0.0000,0.0000,0.0000,0.0000,0.0000,0.0000,0.0000,0.0000,0.0000]
1791382133.2790072 [ros2_control_node-3] [INFO] [1791382133.278516201] [StateRL]: [ABS-LIVE-CMD] event=rl_command_write clock=steady_clock_ns timestamp_ns=29595005720654 sequence=6175 controller_state=RL rl_active=1 finite=1 kp_zero=0 kd_zero=0 tau_zero=1 veto_reason= q=[0.0751,0.9482,-1.6073,-0.0528,1.0567,-1.5507,0.0125,0.9872,-1.6820,-0.0591,1.0955,-1.5924] kp=[30.0000,30.0000,30.0000,30.0000,30.0000,30.0000,30.0000,30.0000,30.0000,30.0000,30.0000,30.0000] kd=[0.6500,0.6500,0.6500,0.6500,0.6500,0.6500,0.6500,0.6500,0.6500,0.6500,0.6500,0.6500] tau=[0.0000,0.0000,0.0000,0.0000,0.0000,0.0000,0.0000,0.0000,0.0000,0.0000,0.0000,0.0000]
1791382133.4040313 [ros2_control_node-3] [INFO] [1791382133.403683406] [StateRL]: [ABS-LIVE-RAY-CHECK] clock=steady_clock_ns now_ns=29595130881766 checks=50 average_period_ms=19.993778
1791382133.4046428 [ros2_control_node-3] [INFO] [1791382133.404377971] [StateRL]: [ABS-LIVE-CMD] event=rl_command_write clock=steady_clock_ns timestamp_ns=29595131582826 sequence=6200 controller_state=RL rl_active=1 finite=1 kp_zero=0 kd_zero=0 tau_zero=1 veto_reason= q=[0.0763,0.9521,-1.6120,-0.0527,1.0608,-1.5478,0.0143,0.9833,-1.6820,-0.0600,1.0951,-1.5975] kp=[30.0000,30.0000,30.0000,30.0000,30.0000,30.0000,30.0000,30.0000,30.0000,30.0000,30.0000,30.0000] kd=[0.6500,0.6500,0.6500,0.6500,0.6500,0.6500,0.6500,0.6500,0.6500,0.6500,0.6500,0.6500] tau=[0.0000,0.0000,0.0000,0.0000,0.0000,0.0000,0.0000,0.0000,0.0000,0.0000,0.0000,0.0000]
1791382133.5286472 [ros2_control_node-3] [INFO] [1791382133.528433985] [StateRL]: [ABS-LIVE-CMD] event=rl_command_write clock=steady_clock_ns timestamp_ns=29595255638815 sequence=6225 controller_state=RL rl_active=1 finite=1 kp_zero=0 kd_zero=0 tau_zero=1 veto_reason= q=[0.0772,0.9555,-1.6160,-0.0527,1.0644,-1.5451,0.0158,0.9801,-1.6821,-0.0606,1.0946,-1.6018] kp=[30.0000,30.0000,30.0000,30.0000,30.0000,30.0000,30.0000,30.0000,30.0000,30.0000,30.0000,30.0000] kd=[0.6500,0.6500,0.6500,0.6500,0.6500,0.6500,0.6500,0.6500,0.6500,0.6500,0.6500,0.6500] tau=[0.0000,0.0000,0.0000,0.0000,0.0000,0.0000,0.0000,0.0000,0.0000,0.0000,0.0000,0.0000]
1791382133.6538076 [ros2_control_node-3] [INFO] [1791382133.653487497] [StateRL]: [ABS-LIVE-CMD] event=rl_command_write clock=steady_clock_ns timestamp_ns=29595380692036 sequence=6250 controller_state=RL rl_active=1 finite=1 kp_zero=0 kd_zero=0 tau_zero=1 veto_reason= q=[0.0782,0.9589,-1.6198,-0.0527,1.0677,-1.5424,0.0173,0.9769,-1.6823,-0.0610,1.0939,-1.6064] kp=[30.0000,30.0000,30.0000,30.0000,30.0000,30.0000,30.0000,30.0000,30.0000,30.0000,30.0000,30.0000] kd=[0.6500,0.6500,0.6500,0.6500,0.6500,0.6500,0.6500,0.6500,0.6500,0.6500,0.6500,0.6500] tau=[0.0000,0.0000,0.0000,0.0000,0.0000,0.0000,0.0000,0.0000,0.0000,0.0000,0.0000,0.0000]
1791382133.7788520 [ros2_control_node-3] [INFO] [1791382133.778493286] [StateRL]: [ABS-LIVE-CMD] event=rl_command_write clock=steady_clock_ns timestamp_ns=29595505697910 sequence=6275 controller_state=RL rl_active=1 finite=1 kp_zero=0 kd_zero=0 tau_zero=1 veto_reason= q=[0.0790,0.9623,-1.6237,-0.0528,1.0711,-1.5394,0.0187,0.9737,-1.6825,-0.0613,1.0932,-1.6110] kp=[30.0000,30.0000,30.0000,30.0000,30.0000,30.0000,30.0000,30.0000,30.0000,30.0000,30.0000,30.0000] kd=[0.6500,0.6500,0.6500,0.6500,0.6500,0.6500,0.6500,0.6500,0.6500,0.6500,0.6500,0.6500] tau=[0.0000,0.0000,0.0000,0.0000,0.0000,0.0000,0.0000,0.0000,0.0000,0.0000,0.0000,0.0000]
1791382133.9048483 [ros2_control_node-3] [INFO] [1791382133.904540351] [StateRL]: [ABS-LIVE-CMD] event=rl_command_write clock=steady_clock_ns timestamp_ns=29595631745155 sequence=6300 controller_state=RL rl_active=1 finite=1 kp_zero=0 kd_zero=0 tau_zero=1 veto_reason= q=[0.0799,0.9663,-1.6276,-0.0530,1.0747,-1.5361,0.0201,0.9703,-1.6829,-0.0615,1.0921,-1.6165] kp=[30.0000,30.0000,30.0000,30.0000,30.0000,30.0000,30.0000,30.0000,30.0000,30.0000,30.0000,30.0000] kd=[0.6500,0.6500,0.6500,0.6500,0.6500,0.6500,0.6500,0.6500,0.6500,0.6500,0.6500,0.6500] tau=[0.0000,0.0000,0.0000,0.0000,0.0000,0.0000,0.0000,0.0000,0.0000,0.0000,0.0000,0.0000]
1791382134.0286877 [ros2_control_node-3] [INFO] [1791382134.028407830] [StateRL]: [ABS-LIVE-CMD] event=rl_command_write clock=steady_clock_ns timestamp_ns=29595755612753 sequence=6325 controller_state=RL rl_active=1 finite=1 kp_zero=0 kd_zero=0 tau_zero=1 veto_reason= q=[0.0806,0.9697,-1.6310,-0.0531,1.0779,-1.5329,0.0213,0.9673,-1.6832,-0.0615,1.0911,-1.6211] kp=[30.0000,30.0000,30.0000,30.0000,30.0000,30.0000,30.0000,30.0000,30.0000,30.0000,30.0000,30.0000] kd=[0.6500,0.6500,0.6500,0.6500,0.6500,0.6500,0.6500,0.6500,0.6500,0.6500,0.6500,0.6500] tau=[0.0000,0.0000,0.0000,0.0000,0.0000,0.0000,0.0000,0.0000,0.0000,0.0000,0.0000,0.0000]
1791382134.1584179 [ros2_control_node-3] [INFO] [1791382134.157637411] [StateRL]: [ABS-LIVE-CMD] event=rl_command_write clock=steady_clock_ns timestamp_ns=29595884841157 sequence=6350 controller_state=RL rl_active=1 finite=1 kp_zero=0 kd_zero=0 tau_zero=1 veto_reason= q=[0.0812,0.9731,-1.6342,-0.0531,1.0810,-1.5296,0.0223,0.9644,-1.6833,-0.0616,1.0900,-1.6256] kp=[30.0000,30.0000,30.0000,30.0000,30.0000,30.0000,30.0000,30.0000,30.0000,30.0000,30.0000,30.0000] kd=[0.6500,0.6500,0.6500,0.6500,0.6500,0.6500,0.6500,0.6500,0.6500,0.6500,0.6500,0.6500] tau=[0.0000,0.0000,0.0000,0.0000,0.0000,0.0000,0.0000,0.0000,0.0000,0.0000,0.0000,0.0000]
1791382134.2787497 [ros2_control_node-3] [INFO] [1791382134.278453096] [StateRL]: [ABS-LIVE-CMD] event=rl_command_write clock=steady_clock_ns timestamp_ns=29596005657735 sequence=6375 controller_state=RL rl_active=1 finite=1 kp_zero=0 kd_zero=0 tau_zero=1 veto_reason= q=[0.0818,0.9766,-1.6365,-0.0534,1.0840,-1.5265,0.0231,0.9618,-1.6835,-0.0614,1.0887,-1.6300] kp=[30.0000,30.0000,30.0000,30.0000,30.0000,30.0000,30.0000,30.0000,30.0000,30.0000,30.0000,30.0000] kd=[0.6500,0.6500,0.6500,0.6500,0.6500,0.6500,0.6500,0.6500,0.6500,0.6500,0.6500,0.6500] tau=[0.0000,0.0000,0.0000,0.0000,0.0000,0.0000,0.0000,0.0000,0.0000,0.0000,0.0000,0.0000]
1791382134.4074979 [ros2_control_node-3] [INFO] [1791382134.406272566] [StateRL]: [ABS-LIVE-RAY-CHECK] clock=steady_clock_ns now_ns=29596133418488 checks=50 average_period_ms=20.050734
1791382134.4114020 [ros2_control_node-3] [INFO] [1791382134.411050074] [StateRL]: [ABS-LIVE-CMD] event=rl_command_write clock=steady_clock_ns timestamp_ns=29596138254618 sequence=6400 controller_state=RL rl_active=1 finite=1 kp_zero=0 kd_zero=0 tau_zero=1 veto_reason= q=[0.0825,0.9806,-1.6392,-0.0535,1.0875,-1.5225,0.0238,0.9588,-1.6837,-0.0612,1.0872,-1.6351] kp=[30.0000,30.0000,30.0000,30.0000,30.0000,30.0000,30.0000,30.0000,30.0000,30.0000,30.0000,30.0000] kd=[0.6500,0.6500,0.6500,0.6500,0.6500,0.6500,0.6500,0.6500,0.6500,0.6500,0.6500,0.6500] tau=[0.0000,0.0000,0.0000,0.0000,0.0000,0.0000,0.0000,0.0000,0.0000,0.0000,0.0000,0.0000]
1791382134.5287578 [ros2_control_node-3] [INFO] [1791382134.528468563] [StateRL]: [ABS-LIVE-CMD] event=rl_command_write clock=steady_clock_ns timestamp_ns=29596255673386 sequence=6425 controller_state=RL rl_active=1 finite=1 kp_zero=0 kd_zero=0 tau_zero=1 veto_reason= q=[0.0830,0.9841,-1.6411,-0.0536,1.0903,-1.5191,0.0243,0.9564,-1.6839,-0.0609,1.0857,-1.6394] kp=[30.0000,30.0000,30.0000,30.0000,30.0000,30.0000,30.0000,30.0000,30.0000,30.0000,30.0000,30.0000] kd=[0.6500,0.6500,0.6500,0.6500,0.6500,0.6500,0.6500,0.6500,0.6500,0.6500,0.6500,0.6500] tau=[0.0000,0.0000,0.0000,0.0000,0.0000,0.0000,0.0000,0.0000,0.0000,0.0000,0.0000,0.0000]
1791382134.6537910 [ros2_control_node-3] [INFO] [1791382134.653479181] [StateRL]: [ABS-LIVE-CMD] event=rl_command_write clock=steady_clock_ns timestamp_ns=29596380683956 sequence=6450 controller_state=RL rl_active=1 finite=1 kp_zero=0 kd_zero=0 tau_zero=1 veto_reason= q=[0.0834,0.9876,-1.6429,-0.0538,1.0930,-1.5157,0.0246,0.9540,-1.6843,-0.0605,1.0842,-1.6437] kp=[30.0000,30.0000,30.0000,30.0000,30.0000,30.0000,30.0000,30.0000,30.0000,30.0000,30.0000,30.0000] kd=[0.6500,0.6500,0.6500,0.6500,0.6500,0.6500,0.6500,0.6500,0.6500,0.6500,0.6500,0.6500] tau=[0.0000,0.0000,0.0000,0.0000,0.0000,0.0000,0.0000,0.0000,0.0000,0.0000,0.0000,0.0000]
1791382134.7800484 [ros2_control_node-3] [INFO] [1791382134.779172763] [StateRL]: [ABS-LIVE-CMD] event=rl_command_write clock=steady_clock_ns timestamp_ns=29596506376400 sequence=6475 controller_state=RL rl_active=1 finite=1 kp_zero=0 kd_zero=0 tau_zero=1 veto_reason= q=[0.0839,0.9910,-1.6443,-0.0540,1.0956,-1.5122,0.0248,0.9518,-1.6847,-0.0601,1.0825,-1.6479] kp=[30.0000,30.0000,30.0000,30.0000,30.0000,30.0000,30.0000,30.0000,30.0000,30.0000,30.0000,30.0000] kd=[0.6500,0.6500,0.6500,0.6500,0.6500,0.6500,0.6500,0.6500,0.6500,0.6500,0.6500,0.6500] tau=[0.0000,0.0000,0.0000,0.0000,0.0000,0.0000,0.0000,0.0000,0.0000,0.0000,0.0000,0.0000]
1791382134.9060049 [ros2_control_node-3] [INFO] [1791382134.905393598] [StateRL]: [ABS-LIVE-CMD] event=rl_command_write clock=steady_clock_ns timestamp_ns=29596632597791 sequence=6500 controller_state=RL rl_active=1 finite=1 kp_zero=0 kd_zero=0 tau_zero=1 veto_reason= q=[0.0844,0.9949,-1.6456,-0.0543,1.0984,-1.5081,0.0248,0.9493,-1.6852,-0.0594,1.0805,-1.6529] kp=[30.0000,30.0000,30.0000,30.0000,30.0000,30.0000,30.0000,30.0000,30.0000,30.0000,30.0000,30.0000] kd=[0.6500,0.6500,0.6500,0.6500,0.6500,0.6500,0.6500,0.6500,0.6500,0.6500,0.6500,0.6500] tau=[0.0000,0.0000,0.0000,0.0000,0.0000,0.0000,0.0000,0.0000,0.0000,0.0000,0.0000,0.0000]
1791382135.0287397 [ros2_control_node-3] [INFO] [1791382135.028458234] [StateRL]: [ABS-LIVE-CMD] event=rl_command_write clock=steady_clock_ns timestamp_ns=29596755663149 sequence=6525 controller_state=RL rl_active=1 finite=1 kp_zero=0 kd_zero=0 tau_zero=1 veto_reason= q=[0.0849,0.9981,-1.6465,-0.0545,1.1005,-1.5046,0.0247,0.9474,-1.6858,-0.0587,1.0787,-1.6574] kp=[30.0000,30.0000,30.0000,30.0000,30.0000,30.0000,30.0000,30.0000,30.0000,30.0000,30.0000,30.0000] kd=[0.6500,0.6500,0.6500,0.6500,0.6500,0.6500,0.6500,0.6500,0.6500,0.6500,0.6500,0.6500] tau=[0.0000,0.0000,0.0000,0.0000,0.0000,0.0000,0.0000,0.0000,0.0000,0.0000,0.0000,0.0000]
1791382135.1537120 [ros2_control_node-3] [INFO] [1791382135.153440887] [StateRL]: [ABS-LIVE-CMD] event=rl_command_write clock=steady_clock_ns timestamp_ns=29596880645756 sequence=6550 controller_state=RL rl_active=1 finite=1 kp_zero=0 kd_zero=0 tau_zero=1 veto_reason= q=[0.0853,1.0014,-1.6470,-0.0548,1.1024,-1.5010,0.0244,0.9456,-1.6865,-0.0580,1.0769,-1.6619] kp=[30.0000,30.0000,30.0000,30.0000,30.0000,30.0000,30.0000,30.0000,30.0000,30.0000,30.0000,30.0000] kd=[0.6500,0.6500,0.6500,0.6500,0.6500,0.6500,0.6500,0.6500,0.6500,0.6500,0.6500,0.6500] tau=[0.0000,0.0000,0.0000,0.0000,0.0000,0.0000,0.0000,0.0000,0.0000,0.0000,0.0000,0.0000]
1791382135.2787783 [ros2_control_node-3] [INFO] [1791382135.278503012] [StateRL]: [ABS-LIVE-CMD] event=rl_command_write clock=steady_clock_ns timestamp_ns=29597005707876 sequence=6575 controller_state=RL rl_active=1 finite=1 kp_zero=0 kd_zero=0 tau_zero=1 veto_reason= q=[0.0858,1.0045,-1.6473,-0.0551,1.1041,-1.4974,0.0241,0.9439,-1.6872,-0.0571,1.0749,-1.6665] kp=[30.0000,30.0000,30.0000,30.0000,30.0000,30.0000,30.0000,30.0000,30.0000,30.0000,30.0000,30.0000] kd=[0.6500,0.6500,0.6500,0.6500,0.6500,0.6500,0.6500,0.6500,0.6500,0.6500,0.6500,0.6500] tau=[0.0000,0.0000,0.0000,0.0000,0.0000,0.0000,0.0000,0.0000,0.0000,0.0000,0.0000,0.0000]
1791382135.4070420 [ros2_control_node-3] [INFO] [1791382135.406695647] [StateRL]: [ABS-LIVE-RAY-CHECK] clock=steady_clock_ns now_ns=29597133887021 checks=50 average_period_ms=20.009371
1791382135.4085581 [ros2_control_node-3] [INFO] [1791382135.408234507] [StateRL]: [ABS-LIVE-CMD] event=rl_command_write clock=steady_clock_ns timestamp_ns=29597135439100 sequence=6600 controller_state=RL rl_active=1 finite=1 kp_zero=0 kd_zero=0 tau_zero=1 veto_reason= q=[0.0864,1.0082,-1.6473,-0.0553,1.1058,-1.4932,0.0235,0.9421,-1.6882,-0.0561,1.0724,-1.6718] kp=[30.0000,30.0000,30.0000,30.0000,30.0000,30.0000,30.0000,30.0000,30.0000,30.0000,30.0000,30.0000] kd=[0.6500,0.6500,0.6500,0.6500,0.6500,0.6500,0.6500,0.6500,0.6500,0.6500,0.6500,0.6500] tau=[0.0000,0.0000,0.0000,0.0000,0.0000,0.0000,0.0000,0.0000,0.0000,0.0000,0.0000,0.0000]
1791382135.5287511 [ros2_control_node-3] [INFO] [1791382135.528459281] [StateRL]: [ABS-LIVE-CMD] event=rl_command_write clock=steady_clock_ns timestamp_ns=29597255664134 sequence=6625 controller_state=RL rl_active=1 finite=1 kp_zero=0 kd_zero=0 tau_zero=1 veto_reason= q=[0.0868,1.0113,-1.6470,-0.0556,1.1071,-1.4898,0.0228,0.9408,-1.6892,-0.0551,1.0702,-1.6763] kp=[30.0000,30.0000,30.0000,30.0000,30.0000,30.0000,30.0000,30.0000,30.0000,30.0000,30.0000,30.0000] kd=[0.6500,0.6500,0.6500,0.6500,0.6500,0.6500,0.6500,0.6500,0.6500,0.6500,0.6500,0.6500] tau=[0.0000,0.0000,0.0000,0.0000,0.0000,0.0000,0.0000,0.0000,0.0000,0.0000,0.0000,0.0000]
1791382135.6536770 [ros2_control_node-3] [INFO] [1791382135.653415386] [StateRL]: [ABS-LIVE-CMD] event=rl_command_write clock=steady_clock_ns timestamp_ns=29597380620320 sequence=6650 controller_state=RL rl_active=1 finite=1 kp_zero=0 kd_zero=0 tau_zero=1 veto_reason= q=[0.0873,1.0144,-1.6466,-0.0558,1.1083,-1.4863,0.0222,0.9396,-1.6901,-0.0541,1.0680,-1.6808] kp=[30.0000,30.0000,30.0000,30.0000,30.0000,30.0000,30.0000,30.0000,30.0000,30.0000,30.0000,30.0000] kd=[0.6500,0.6500,0.6500,0.6500,0.6500,0.6500,0.6500,0.6500,0.6500,0.6500,0.6500,0.6500] tau=[0.0000,0.0000,0.0000,0.0000,0.0000,0.0000,0.0000,0.0000,0.0000,0.0000,0.0000,0.0000]
1791382135.7795863 [ros2_control_node-3] [INFO] [1791382135.778893819] [StateRL]: [ABS-LIVE-CMD] event=rl_command_write clock=steady_clock_ns timestamp_ns=29597506097422 sequence=6675 controller_state=RL rl_active=1 finite=1 kp_zero=0 kd_zero=0 tau_zero=1 veto_reason= q=[0.0877,1.0176,-1.6460,-0.0560,1.1095,-1.4828,0.0215,0.9384,-1.6911,-0.0530,1.0657,-1.6853] kp=[30.0000,30.0000,30.0000,30.0000,30.0000,30.0000,30.0000,30.0000,30.0000,30.0000,30.0000,30.0000] kd=[0.6500,0.6500,0.6500,0.6500,0.6500,0.6500,0.6500,0.6500,0.6500,0.6500,0.6500,0.6500] tau=[0.0000,0.0000,0.0000,0.0000,0.0000,0.0000,0.0000,0.0000,0.0000,0.0000,0.0000,0.0000]
1791382135.9075062 [ros2_control_node-3] [INFO] [1791382135.906218893] [StateRL]: [ABS-LIVE-CMD] event=rl_command_write clock=steady_clock_ns timestamp_ns=29597633421638 sequence=6700 controller_state=RL rl_active=1 finite=1 kp_zero=0 kd_zero=0 tau_zero=1 veto_reason= q=[0.0882,1.0214,-1.6452,-0.0563,1.1109,-1.4790,0.0206,0.9372,-1.6920,-0.0517,1.0630,-1.6904] kp=[30.0000,30.0000,30.0000,30.0000,30.0000,30.0000,30.0000,30.0000,30.0000,30.0000,30.0000,30.0000] kd=[0.6500,0.6500,0.6500,0.6500,0.6500,0.6500,0.6500,0.6500,0.6500,0.6500,0.6500,0.6500] tau=[0.0000,0.0000,0.0000,0.0000,0.0000,0.0000,0.0000,0.0000,0.0000,0.0000,0.0000,0.0000]
1791382136.0289578 [ros2_control_node-3] [INFO] [1791382136.028489555] [StateRL]: [ABS-LIVE-CMD] event=rl_command_write clock=steady_clock_ns timestamp_ns=29597755694439 sequence=6725 controller_state=RL rl_active=1 finite=1 kp_zero=0 kd_zero=0 tau_zero=1 veto_reason= q=[0.0886,1.0246,-1.6443,-0.0566,1.1120,-1.4758,0.0198,0.9362,-1.6928,-0.0505,1.0607,-1.6947] kp=[30.0000,30.0000,30.0000,30.0000,30.0000,30.0000,30.0000,30.0000,30.0000,30.0000,30.0000,30.0000] kd=[0.6500,0.6500,0.6500,0.6500,0.6500,0.6500,0.6500,0.6500,0.6500,0.6500,0.6500,0.6500] tau=[0.0000,0.0000,0.0000,0.0000,0.0000,0.0000,0.0000,0.0000,0.0000,0.0000,0.0000,0.0000]
1791382136.1592646 [ros2_control_node-3] [INFO] [1791382136.158551360] [StateRL]: [ABS-LIVE-CMD] event=rl_command_write clock=steady_clock_ns timestamp_ns=29597885754413 sequence=6750 controller_state=RL rl_active=1 finite=1 kp_zero=0 kd_zero=0 tau_zero=1 veto_reason= q=[0.0891,1.0278,-1.6433,-0.0568,1.1130,-1.4727,0.0190,0.9352,-1.6935,-0.0493,1.0584,-1.6990] kp=[30.0000,30.0000,30.0000,30.0000,30.0000,30.0000,30.0000,30.0000,30.0000,30.0000,30.0000,30.0000] kd=[0.6500,0.6500,0.6500,0.6500,0.6500,0.6500,0.6500,0.6500,0.6500,0.6500,0.6500,0.6500] tau=[0.0000,0.0000,0.0000,0.0000,0.0000,0.0000,0.0000,0.0000,0.0000,0.0000,0.0000,0.0000]
1791382136.2806766 [ros2_control_node-3] [INFO] [1791382136.279538882] [StateRL]: [ABS-LIVE-CMD] event=rl_command_write clock=steady_clock_ns timestamp_ns=29598006741695 sequence=6775 controller_state=RL rl_active=1 finite=1 kp_zero=0 kd_zero=0 tau_zero=1 veto_reason= q=[0.0896,1.0311,-1.6422,-0.0571,1.1139,-1.4698,0.0182,0.9344,-1.6942,-0.0481,1.0560,-1.7032] kp=[30.0000,30.0000,30.0000,30.0000,30.0000,30.0000,30.0000,30.0000,30.0000,30.0000,30.0000,30.0000] kd=[0.6500,0.6500,0.6500,0.6500,0.6500,0.6500,0.6500,0.6500,0.6500,0.6500,0.6500,0.6500] tau=[0.0000,0.0000,0.0000,0.0000,0.0000,0.0000,0.0000,0.0000,0.0000,0.0000,0.0000,0.0000]
1791382136.4069405 [ros2_control_node-3] [INFO] [1791382136.405956485] [StateRL]: [ABS-LIVE-RAY-CHECK] clock=steady_clock_ns now_ns=29598133109144 checks=50 average_period_ms=19.984442
1791382136.4120855 [ros2_control_node-3] [INFO] [1791382136.411268384] [StateRL]: [ABS-LIVE-CMD] event=rl_command_write clock=steady_clock_ns timestamp_ns=29598138471721 sequence=6800 controller_state=RL rl_active=1 finite=1 kp_zero=0 kd_zero=0 tau_zero=1 veto_reason= q=[0.0901,1.0349,-1.6407,-0.0574,1.1149,-1.4666,0.0172,0.9334,-1.6949,-0.0466,1.0531,-1.7080] kp=[30.0000,30.0000,30.0000,30.0000,30.0000,30.0000,30.0000,30.0000,30.0000,30.0000,30.0000,30.0000] kd=[0.6500,0.6500,0.6500,0.6500,0.6500,0.6500,0.6500,0.6500,0.6500,0.6500,0.6500,0.6500] tau=[0.0000,0.0000,0.0000,0.0000,0.0000,0.0000,0.0000,0.0000,0.0000,0.0000,0.0000,0.0000]
1791382136.5296755 [ros2_control_node-3] [INFO] [1791382136.528939739] [StateRL]: [ABS-LIVE-CMD] event=rl_command_write clock=steady_clock_ns timestamp_ns=29598256143626 sequence=6825 controller_state=RL rl_active=1 finite=1 kp_zero=0 kd_zero=0 tau_zero=1 veto_reason= q=[0.0906,1.0382,-1.6393,-0.0577,1.1156,-1.4641,0.0165,0.9328,-1.6955,-0.0452,1.0507,-1.7120] kp=[30.0000,30.0000,30.0000,30.0000,30.0000,30.0000,30.0000,30.0000,30.0000,30.0000,30.0000,30.0000] kd=[0.6500,0.6500,0.6500,0.6500,0.6500,0.6500,0.6500,0.6500,0.6500,0.6500,0.6500,0.6500] tau=[0.0000,0.0000,0.0000,0.0000,0.0000,0.0000,0.0000,0.0000,0.0000,0.0000,0.0000,0.0000]
1791382136.6537640 [ros2_control_node-3] [INFO] [1791382136.653457022] [StateRL]: [ABS-LIVE-CMD] event=rl_command_write clock=steady_clock_ns timestamp_ns=29598380661828 sequence=6850 controller_state=RL rl_active=1 finite=1 kp_zero=0 kd_zero=0 tau_zero=1 veto_reason= q=[0.0911,1.0414,-1.6379,-0.0580,1.1162,-1.4620,0.0158,0.9322,-1.6957,-0.0439,1.0484,-1.7159] kp=[30.0000,30.0000,30.0000,30.0000,30.0000,30.0000,30.0000,30.0000,30.0000,30.0000,30.0000,30.0000] kd=[0.6500,0.6500,0.6500,0.6500,0.6500,0.6500,0.6500,0.6500,0.6500,0.6500,0.6500,0.6500] tau=[0.0000,0.0000,0.0000,0.0000,0.0000,0.0000,0.0000,0.0000,0.0000,0.0000,0.0000,0.0000]
1791382136.7799201 [ros2_control_node-3] [INFO] [1791382136.779097358] [StateRL]: [ABS-LIVE-CMD] event=rl_command_write clock=steady_clock_ns timestamp_ns=29598506301149 sequence=6875 controller_state=RL rl_active=1 finite=1 kp_zero=0 kd_zero=0 tau_zero=1 veto_reason= q=[0.0916,1.0445,-1.6367,-0.0582,1.1166,-1.4601,0.0152,0.9317,-1.6956,-0.0426,1.0461,-1.7196] kp=[30.0000,30.0000,30.0000,30.0000,30.0000,30.0000,30.0000,30.0000,30.0000,30.0000,30.0000,30.0000] kd=[0.6500,0.6500,0.6500,0.6500,0.6500,0.6500,0.6500,0.6500,0.6500,0.6500,0.6500,0.6500] tau=[0.0000,0.0000,0.0000,0.0000,0.0000,0.0000,0.0000,0.0000,0.0000,0.0000,0.0000,0.0000]
1791382136.9059722 [ros2_control_node-3] [INFO] [1791382136.905383703] [StateRL]: [ABS-LIVE-CMD] event=rl_command_write clock=steady_clock_ns timestamp_ns=29598632588053 sequence=6900 controller_state=RL rl_active=1 finite=1 kp_zero=0 kd_zero=0 tau_zero=1 veto_reason= q=[0.0919,1.0477,-1.6360,-0.0581,1.1169,-1.4581,0.0148,0.9311,-1.6950,-0.0414,1.0439,-1.7230] kp=[30.0000,30.0000,30.0000,30.0000,30.0000,30.0000,30.0000,30.0000,30.0000,30.0000,30.0000,30.0000] kd=[0.6500,0.6500,0.6500,0.6500,0.6500,0.6500,0.6500,0.6500,0.6500,0.6500,0.6500,0.6500] tau=[0.0000,0.0000,0.0000,0.0000,0.0000,0.0000,0.0000,0.0000,0.0000,0.0000,0.0000,0.0000]
1791382137.0396364 [ros2_control_node-3] [INFO] [1791382137.038860999] [StateRL]: [ABS-LIVE-CMD] event=rl_command_write clock=steady_clock_ns timestamp_ns=29598766064253 sequence=6925 controller_state=RL rl_active=1 finite=1 kp_zero=0 kd_zero=0 tau_zero=1 veto_reason= q=[0.0925,1.0500,-1.6357,-0.0577,1.1166,-1.4563,0.0143,0.9306,-1.6940,-0.0405,1.0425,-1.7261] kp=[30.0000,30.0000,30.0000,30.0000,30.0000,30.0000,30.0000,30.0000,30.0000,30.0000,30.0000,30.0000] kd=[0.6500,0.6500,0.6500,0.6500,0.6500,0.6500,0.6500,0.6500,0.6500,0.6500,0.6500,0.6500] tau=[0.0000,0.0000,0.0000,0.0000,0.0000,0.0000,0.0000,0.0000,0.0000,0.0000,0.0000,0.0000]
1791382137.1552327 [ros2_control_node-3] [INFO] [1791382137.154079413] [StateRL]: [ABS-LIVE-CMD] event=rl_command_write clock=steady_clock_ns timestamp_ns=29598881282374 sequence=6950 controller_state=RL rl_active=1 finite=1 kp_zero=0 kd_zero=0 tau_zero=1 veto_reason= q=[0.0932,1.0519,-1.6352,-0.0574,1.1161,-1.4551,0.0140,0.9302,-1.6927,-0.0397,1.0412,-1.7290] kp=[30.0000,30.0000,30.0000,30.0000,30.0000,30.0000,30.0000,30.0000,30.0000,30.0000,30.0000,30.0000] kd=[0.6500,0.6500,0.6500,0.6500,0.6500,0.6500,0.6500,0.6500,0.6500,0.6500,0.6500,0.6500] tau=[0.0000,0.0000,0.0000,0.0000,0.0000,0.0000,0.0000,0.0000,0.0000,0.0000,0.0000,0.0000]
1791382137.2788441 [ros2_control_node-3] [INFO] [1791382137.278478631] [StateRL]: [ABS-LIVE-CMD] event=rl_command_write clock=steady_clock_ns timestamp_ns=29599005683469 sequence=6975 controller_state=RL rl_active=1 finite=1 kp_zero=0 kd_zero=0 tau_zero=1 veto_reason= q=[0.0937,1.0536,-1.6352,-0.0567,1.1152,-1.4531,0.0137,0.9296,-1.6920,-0.0388,1.0399,-1.7319] kp=[30.0000,30.0000,30.0000,30.0000,30.0000,30.0000,30.0000,30.0000,30.0000,30.0000,30.0000,30.0000] kd=[0.6500,0.6500,0.6500,0.6500,0.6500,0.6500,0.6500,0.6500,0.6500,0.6500,0.6500,0.6500] tau=[0.0000,0.0000,0.0000,0.0000,0.0000,0.0000,0.0000,0.0000,0.0000,0.0000,0.0000,0.0000]
1791382137.4045503 [ros2_control_node-3] [INFO] [1791382137.404253517] [StateRL]: [ABS-LIVE-RAY-CHECK] clock=steady_clock_ns now_ns=29599131445558 checks=50 average_period_ms=19.966728
1791382137.4075291 [ros2_control_node-3] [INFO] [1791382137.406628513] [StateRL]: [ABS-LIVE-CMD] event=rl_command_write clock=steady_clock_ns timestamp_ns=29599133831758 sequence=7000 controller_state=RL rl_active=1 finite=1 kp_zero=0 kd_zero=0 tau_zero=1 veto_reason= q=[0.0942,1.0556,-1.6351,-0.0561,1.1143,-1.4510,0.0134,0.9290,-1.6909,-0.0376,1.0384,-1.7353] kp=[30.0000,30.0000,30.0000,30.0000,30.0000,30.0000,30.0000,30.0000,30.0000,30.0000,30.0000,30.0000] kd=[0.6500,0.6500,0.6500,0.6500,0.6500,0.6500,0.6500,0.6500,0.6500,0.6500,0.6500,0.6500] tau=[0.0000,0.0000,0.0000,0.0000,0.0000,0.0000,0.0000,0.0000,0.0000,0.0000,0.0000,0.0000]
1791382137.5286789 [ros2_control_node-3] [INFO] [1791382137.528404617] [StateRL]: [ABS-LIVE-CMD] event=rl_command_write clock=steady_clock_ns timestamp_ns=29599255609555 sequence=7025 controller_state=RL rl_active=1 finite=1 kp_zero=0 kd_zero=0 tau_zero=1 veto_reason= q=[0.0945,1.0573,-1.6349,-0.0555,1.1135,-1.4492,0.0132,0.9284,-1.6902,-0.0365,1.0371,-1.7381] kp=[30.0000,30.0000,30.0000,30.0000,30.0000,30.0000,30.0000,30.0000,30.0000,30.0000,30.0000,30.0000] kd=[0.6500,0.6500,0.6500,0.6500,0.6500,0.6500,0.6500,0.6500,0.6500,0.6500,0.6500,0.6500] tau=[0.0000,0.0000,0.0000,0.0000,0.0000,0.0000,0.0000,0.0000,0.0000,0.0000,0.0000,0.0000]
1791382137.6537902 [ros2_control_node-3] [INFO] [1791382137.653438783] [StateRL]: [ABS-LIVE-CMD] event=rl_command_write clock=steady_clock_ns timestamp_ns=29599380643607 sequence=7050 controller_state=RL rl_active=1 finite=1 kp_zero=0 kd_zero=0 tau_zero=1 veto_reason= q=[0.0948,1.0590,-1.6348,-0.0548,1.1125,-1.4473,0.0130,0.9278,-1.6894,-0.0354,1.0358,-1.7409] kp=[30.0000,30.0000,30.0000,30.0000,30.0000,30.0000,30.0000,30.0000,30.0000,30.0000,30.0000,30.0000] kd=[0.6500,0.6500,0.6500,0.6500,0.6500,0.6500,0.6500,0.6500,0.6500,0.6500,0.6500,0.6500] tau=[0.0000,0.0000,0.0000,0.0000,0.0000,0.0000,0.0000,0.0000,0.0000,0.0000,0.0000,0.0000]
1791382137.7787375 [ros2_control_node-3] [INFO] [1791382137.778443120] [StateRL]: [ABS-LIVE-CMD] event=rl_command_write clock=steady_clock_ns timestamp_ns=29599505648085 sequence=7075 controller_state=RL rl_active=1 finite=1 kp_zero=0 kd_zero=0 tau_zero=1 veto_reason= q=[0.0949,1.0608,-1.6344,-0.0542,1.1116,-1.4455,0.0129,0.9273,-1.6888,-0.0342,1.0343,-1.7435] kp=[30.0000,30.0000,30.0000,30.0000,30.0000,30.0000,30.0000,30.0000,30.0000,30.0000,30.0000,30.0000] kd=[0.6500,0.6500,0.6500,0.6500,0.6500,0.6500,0.6500,0.6500,0.6500,0.6500,0.6500,0.6500] tau=[0.0000,0.0000,0.0000,0.0000,0.0000,0.0000,0.0000,0.0000,0.0000,0.0000,0.0000,0.0000]
1791382137.9051249 [ros2_control_node-3] [INFO] [1791382137.904600098] [StateRL]: [ABS-LIVE-CMD] event=rl_command_write clock=steady_clock_ns timestamp_ns=29599631804648 sequence=7100 controller_state=RL rl_active=1 finite=1 kp_zero=0 kd_zero=0 tau_zero=1 veto_reason= q=[0.0950,1.0630,-1.6340,-0.0535,1.1106,-1.4433,0.0128,0.9267,-1.6882,-0.0327,1.0325,-1.7465] kp=[30.0000,30.0000,30.0000,30.0000,30.0000,30.0000,30.0000,30.0000,30.0000,30.0000,30.0000,30.0000] kd=[0.6500,0.6500,0.6500,0.6500,0.6500,0.6500,0.6500,0.6500,0.6500,0.6500,0.6500,0.6500] tau=[0.0000,0.0000,0.0000,0.0000,0.0000,0.0000,0.0000,0.0000,0.0000,0.0000,0.0000,0.0000]
1791382138.0287135 [ros2_control_node-3] [INFO] [1791382138.028410012] [StateRL]: [ABS-LIVE-CMD] event=rl_command_write clock=steady_clock_ns timestamp_ns=29599755614801 sequence=7125 controller_state=RL rl_active=1 finite=1 kp_zero=0 kd_zero=0 tau_zero=1 veto_reason= q=[0.0951,1.0650,-1.6336,-0.0531,1.1099,-1.4415,0.0127,0.9262,-1.6876,-0.0313,1.0310,-1.7489] kp=[30.0000,30.0000,30.0000,30.0000,30.0000,30.0000,30.0000,30.0000,30.0000,30.0000,30.0000,30.0000] kd=[0.6500,0.6500,0.6500,0.6500,0.6500,0.6500,0.6500,0.6500,0.6500,0.6500,0.6500,0.6500] tau=[0.0000,0.0000,0.0000,0.0000,0.0000,0.0000,0.0000,0.0000,0.0000,0.0000,0.0000,0.0000]
1791382138.1537609 [ros2_control_node-3] [INFO] [1791382138.153465144] [StateRL]: [ABS-LIVE-CMD] event=rl_command_write clock=steady_clock_ns timestamp_ns=29599880669939 sequence=7150 controller_state=RL rl_active=1 finite=1 kp_zero=0 kd_zero=0 tau_zero=1 veto_reason= q=[0.0950,1.0669,-1.6330,-0.0527,1.1092,-1.4395,0.0127,0.9256,-1.6873,-0.0298,1.0293,-1.7514] kp=[30.0000,30.0000,30.0000,30.0000,30.0000,30.0000,30.0000,30.0000,30.0000,30.0000,30.0000,30.0000] kd=[0.6500,0.6500,0.6500,0.6500,0.6500,0.6500,0.6500,0.6500,0.6500,0.6500,0.6500,0.6500] tau=[0.0000,0.0000,0.0000,0.0000,0.0000,0.0000,0.0000,0.0000,0.0000,0.0000,0.0000,0.0000]
1791382138.2787764 [ros2_control_node-3] [INFO] [1791382138.278447542] [StateRL]: [ABS-LIVE-CMD] event=rl_command_write clock=steady_clock_ns timestamp_ns=29600005652424 sequence=7175 controller_state=RL rl_active=1 finite=1 kp_zero=0 kd_zero=0 tau_zero=1 veto_reason= q=[0.0949,1.0689,-1.6324,-0.0524,1.1086,-1.4377,0.0128,0.9251,-1.6867,-0.0284,1.0277,-1.7537] kp=[30.0000,30.0000,30.0000,30.0000,30.0000,30.0000,30.0000,30.0000,30.0000,30.0000,30.0000,30.0000] kd=[0.6500,0.6500,0.6500,0.6500,0.6500,0.6500,0.6500,0.6500,0.6500,0.6500,0.6500,0.6500] tau=[0.0000,0.0000,0.0000,0.0000,0.0000,0.0000,0.0000,0.0000,0.0000,0.0000,0.0000,0.0000]
1791382138.4039342 [ros2_control_node-3] [INFO] [1791382138.403640251] [StateRL]: [ABS-LIVE-RAY-CHECK] clock=steady_clock_ns now_ns=29600130836389 checks=50 average_period_ms=19.987817
1791382138.4046385 [ros2_control_node-3] [INFO] [1791382138.404497654] [StateRL]: [ABS-LIVE-CMD] event=rl_command_write clock=steady_clock_ns timestamp_ns=29600131702519 sequence=7200 controller_state=RL rl_active=1 finite=1 kp_zero=0 kd_zero=0 tau_zero=1 veto_reason= q=[0.0302,0.9173,-1.6044,0.0402,0.8911,-1.6414,0.0303,1.1280,-1.5737,-0.0149,1.1335,-1.5961] kp=[30.0000,30.0000,30.0000,30.0000,30.0000,30.0000,30.0000,30.0000,30.0000,30.0000,30.0000,30.0000] kd=[0.6500,0.6500,0.6500,0.6500,0.6500,0.6500,0.6500,0.6500,0.6500,0.6500,0.6500,0.6500] tau=[0.0000,0.0000,0.0000,0.0000,0.0000,0.0000,0.0000,0.0000,0.0000,0.0000,0.0000,0.0000]
1791382138.5469384 [ros2_control_node-3] [INFO] [1791382138.546382223] [StateRL]: [ABS-LIVE-CMD] event=rl_command_write clock=steady_clock_ns timestamp_ns=29600273586712 sequence=7225 controller_state=RL rl_active=1 finite=1 kp_zero=0 kd_zero=0 tau_zero=1 veto_reason= q=[0.0370,0.8824,-1.5217,0.0279,0.6730,-1.6108,-0.0484,1.1130,-1.6057,0.0166,1.0598,-1.6279] kp=[30.0000,30.0000,30.0000,30.0000,30.0000,30.0000,30.0000,30.0000,30.0000,30.0000,30.0000,30.0000] kd=[0.6500,0.6500,0.6500,0.6500,0.6500,0.6500,0.6500,0.6500,0.6500,0.6500,0.6500,0.6500] tau=[0.0000,0.0000,0.0000,0.0000,0.0000,0.0000,0.0000,0.0000,0.0000,0.0000,0.0000,0.0000]
1791382138.6537008 [ros2_control_node-3] [INFO] [1791382138.653439212] [StateRL]: [ABS-LIVE-CMD] event=rl_command_write clock=steady_clock_ns timestamp_ns=29600380644023 sequence=7250 controller_state=RL rl_active=1 finite=1 kp_zero=0 kd_zero=0 tau_zero=1 veto_reason= q=[0.0137,0.7083,-1.6450,-0.0801,0.9044,-1.5663,0.0525,1.0744,-1.6570,-0.0293,1.0310,-1.5372] kp=[30.0000,30.0000,30.0000,30.0000,30.0000,30.0000,30.0000,30.0000,30.0000,30.0000,30.0000,30.0000] kd=[0.6500,0.6500,0.6500,0.6500,0.6500,0.6500,0.6500,0.6500,0.6500,0.6500,0.6500,0.6500] tau=[0.0000,0.0000,0.0000,0.0000,0.0000,0.0000,0.0000,0.0000,0.0000,0.0000,0.0000,0.0000]
1791382138.7787032 [ros2_control_node-3] [INFO] [1791382138.778475855] [StateRL]: [ABS-LIVE-CMD] event=rl_command_write clock=steady_clock_ns timestamp_ns=29600505680746 sequence=7275 controller_state=RL rl_active=1 finite=1 kp_zero=0 kd_zero=0 tau_zero=1 veto_reason= q=[0.0257,0.8794,-1.5048,-0.0651,0.8982,-1.5961,0.0265,1.1003,-1.5759,-0.0303,1.0793,-1.5399] kp=[30.0000,30.0000,30.0000,30.0000,30.0000,30.0000,30.0000,30.0000,30.0000,30.0000,30.0000,30.0000] kd=[0.6500,0.6500,0.6500,0.6500,0.6500,0.6500,0.6500,0.6500,0.6500,0.6500,0.6500,0.6500] tau=[0.0000,0.0000,0.0000,0.0000,0.0000,0.0000,0.0000,0.0000,0.0000,0.0000,0.0000,0.0000]
1791382138.9060454 [ros2_control_node-3] [INFO] [1791382138.905397061] [StateRL]: [ABS-LIVE-CMD] event=rl_command_write clock=steady_clock_ns timestamp_ns=29600632601305 sequence=7300 controller_state=RL rl_active=1 finite=1 kp_zero=0 kd_zero=0 tau_zero=1 veto_reason= q=[0.0388,0.8679,-1.4683,-0.0689,0.9081,-1.5717,-0.0291,1.0767,-1.6716,-0.0162,1.0631,-1.5289] kp=[30.0000,30.0000,30.0000,30.0000,30.0000,30.0000,30.0000,30.0000,30.0000,30.0000,30.0000,30.0000] kd=[0.6500,0.6500,0.6500,0.6500,0.6500,0.6500,0.6500,0.6500,0.6500,0.6500,0.6500,0.6500] tau=[0.0000,0.0000,0.0000,0.0000,0.0000,0.0000,0.0000,0.0000,0.0000,0.0000,0.0000,0.0000]
1791382139.0395639 [ros2_control_node-3] [INFO] [1791382139.038505419] [StateRL]: [ABS-LIVE-CMD] event=rl_command_write clock=steady_clock_ns timestamp_ns=29600765708726 sequence=7325 controller_state=RL rl_active=1 finite=1 kp_zero=0 kd_zero=0 tau_zero=1 veto_reason= q=[0.0303,0.8659,-1.4582,-0.0692,0.9163,-1.5726,-0.0385,1.0769,-1.6737,-0.0146,1.0616,-1.5254] kp=[30.0000,30.0000,30.0000,30.0000,30.0000,30.0000,30.0000,30.0000,30.0000,30.0000,30.0000,30.0000] kd=[0.6500,0.6500,0.6500,0.6500,0.6500,0.6500,0.6500,0.6500,0.6500,0.6500,0.6500,0.6500] tau=[0.0000,0.0000,0.0000,0.0000,0.0000,0.0000,0.0000,0.0000,0.0000,0.0000,0.0000,0.0000]
1791382139.1539326 [ros2_control_node-3] [INFO] [1791382139.153427087] [StateRL]: [ABS-LIVE-CMD] event=rl_command_write clock=steady_clock_ns timestamp_ns=29600880631997 sequence=7350 controller_state=RL rl_active=1 finite=1 kp_zero=0 kd_zero=0 tau_zero=1 veto_reason= q=[0.0284,0.8758,-1.4431,-0.0677,0.9167,-1.5859,-0.0353,1.0795,-1.6593,-0.0209,1.0648,-1.5228] kp=[30.0000,30.0000,30.0000,30.0000,30.0000,30.0000,30.0000,30.0000,30.0000,30.0000,30.0000,30.0000] kd=[0.6500,0.6500,0.6500,0.6500,0.6500,0.6500,0.6500,0.6500,0.6500,0.6500,0.6500,0.6500] tau=[0.0000,0.0000,0.0000,0.0000,0.0000,0.0000,0.0000,0.0000,0.0000,0.0000,0.0000,0.0000]
1791382139.2797902 [ros2_control_node-3] [INFO] [1791382139.278940127] [StateRL]: [ABS-LIVE-CMD] event=rl_command_write clock=steady_clock_ns timestamp_ns=29601006143606 sequence=7375 controller_state=RL rl_active=1 finite=1 kp_zero=0 kd_zero=0 tau_zero=1 veto_reason= q=[0.0318,0.8795,-1.4442,-0.0678,0.9203,-1.5874,-0.0345,1.0770,-1.6610,-0.0235,1.0658,-1.5240] kp=[30.0000,30.0000,30.0000,30.0000,30.0000,30.0000,30.0000,30.0000,30.0000,30.0000,30.0000,30.0000] kd=[0.6500,0.6500,0.6500,0.6500,0.6500,0.6500,0.6500,0.6500,0.6500,0.6500,0.6500,0.6500] tau=[0.0000,0.0000,0.0000,0.0000,0.0000,0.0000,0.0000,0.0000,0.0000,0.0000,0.0000,0.0000]
