run_id,sequence,simulation_time_s,monotonic_time_ns,telemetry_fresh,base_x_m,base_y_m,base_z_m,roll_rad,pitch_rad,yaw_rad,policy_state,ra_value,ra_entry_threshold,ra_exit_threshold,command_vx_mps,command_vy_mps,command_wz_rps,actual_vx_mps,actual_vy_mps,actual_wz_rps,recovery_vx_mps,recovery_vy_mps,recovery_wz_rps,recovery_constraint_margin,ray_valid,ray_age_ns,controller_active,rl_active,collision_available,collision,fall,arrival_candidate,ray_log2_00,ray_log2_01,ray_log2_02,ray_log2_03,ray_log2_04,ray_log2_05,ray_log2_06,ray_log2_07,ray_log2_08,ray_log2_09,ray_log2_10,action_raw_00,action_raw_01,action_raw_02,action_raw_03,action_raw_04,action_raw_05,action_raw_06,action_raw_07,action_raw_08,action_raw_09,action_raw_10,action_raw_11,action_clipped_00,action_clipped_01,action_clipped_02,action_clipped_03,action_clipped_04,action_clipped_05,action_clipped_06,action_clipped_07,action_clipped_08,action_clipped_09,action_clipped_10,action_clipped_11,joint_target_rad_00,joint_target_rad_01,joint_target_rad_02,joint_target_rad_03,joint_target_rad_04,joint_target_rad_05,joint_target_rad_06,joint_target_rad_07,joint_target_rad_08,joint_target_rad_09,joint_target_rad_10,joint_target_rad_11,torque_nm_00,torque_nm_01,torque_nm_02,torque_nm_03,torque_nm_04,torque_nm_05,torque_nm_06,torque_nm_07,torque_nm_08,torque_nm_09,torque_nm_10,torque_nm_11,torque_saturated_00,torque_saturated_01,torque_saturated_02,torque_saturated_03,torque_saturated_04,torque_saturated_05,torque_saturated_06,torque_saturated_07,torque_saturated_08,torque_saturated_09,torque_saturated_10,torque_saturated_11
run-0cbf4a31137e48c79a1f61b4bb639a3e,10,,15818939611838,true,-0.03488321974873543,1.4204162653186359e-05,,,,-3.9381069655064493e-05,0,-0.7371497750282288,-0.05,-0.05,4.994472026824951,0.00019975460600107908,9.998784662457183e-05,0.012784472666680813,-0.0005095742526464164,,,,,,true,424718,true,true,false,,,,2.5849626064300537,2.5849626064300537,2.5849626064300537,2.5849626064300537,2.5849626064300537,2.5849626064300537,2.5849626064300537,2.5849626064300537,2.5849626064300537,2.5849626064300537,2.5849626064300537,0.08049864321947098,0.8314233422279358,-0.7060971856117249,-0.35162782669067383,1.0666483640670776,0.008207641541957855,-0.27659356594085693,1.7725770473480225,0.0036587268114089966,-0.11389975249767303,2.5054728984832764,0.2711505889892578,-0.35162782669067383,1.0666483640670776,0.008207641541957855,0.08049864321947098,0.8314233422279358,-0.7060971856117249,-0.11389975249767303,2.5054728984832764,0.2711505889892578,-0.27659356594085693,1.7725770473480225,0.0036587268114089966,-0.08790695667266846,1.066662073135376,-1.4979480504989624,0.020124660804867744,1.0078558921813965,-1.67652428150177,-0.02847493812441826,1.426368236541748,-1.4322123527526855,-0.06914839148521423,1.2431442737579346,-1.4990853071212769,-1.732576847076416,4.257232666015625,11.940291404724121,-0.25742465257644653,2.5011396408081055,6.60077428817749,-1.6165369749069214,15.473203659057617,11.699234962463379,-1.3076881170272827,10.009122848510742,9.68066692352295,0.0,0.0,0.0,0.0,0.0,0.0,0.0,0.0,0.0,0.0,0.0,0.0
run-0cbf4a31137e48c79a1f61b4bb639a3e,14,,15818980406209,true,-0.03538203611969948,1.166796573670581e-05,,,,0.0012350777396932244,0,-0.7315554022789001,-0.05,-0.05,4.994468688964844,-0.006157747935503721,-0.003082273993641138,0.036467649042606354,-0.0003294794005341828,,,,,,true,1438708,true,true,false,,,,2.5849626064300537,2.5849626064300537,2.5849626064300537,2.5849626064300537,2.5849626064300537,2.5849626064300537,2.5849626064300537,2.5849626064300537,2.5849626064300537,2.5849626064300537,2.5849626064300537,-0.00018968433141708374,0.9063134789466858,-0.9738471508026123,-0.19574251770973206,1.3349336385726929,-0.2363024353981018,-0.21761322021484375,1.9214966297149658,-0.3311258554458618,-0.004011046141386032,2.598952054977417,-0.0016105622053146362,-0.19574251770973206,1.3349336385726929,-0.2363024353981018,-0.00018968433141708374,0.9063134789466858,-0.9738471508026123,-0.004011046141386032,2.598952054977417,-0.0016105622053146362,-0.21761322021484375,1.9214966297149658,-0.3311258554458618,-0.048935629427433014,1.1337333917617798,-1.5590755939483643,-4.7421082854270935e-05,1.026578426361084,-1.7434618473052979,-0.001002761535346508,1.4497380256652832,-1.5004026889801025,-0.05440330505371094,1.2803741693496704,-1.582781434059143,-0.06307986378669739,2.972813844680786,17.18036651611328,-1.0619118213653564,-0.09595692157745361,11.64791488647461,-0.7523829340934753,12.970929145812988,16.02096176147461,-0.8631795644760132,8.117167472839355,13.48386001586914,0.0,0.0,0.0,0.0,0.0,0.0,0.0,0.0,0.0,0.0,0.0,0.0
run-0cbf4a31137e48c79a1f61b4bb639a3e,20,,15819038879467,true,-0.03647717833518982,0.00014836173795629293,,,,0.006129360292106867,0,-0.7259775400161743,-0.05,-0.05,4.994378566741943,-0.031019190326333046,-0.015525804832577705,0.06931564956903458,-0.0011549536138772964,,,,,,true,290270,true,true,false,,,,2.5849626064300537,2.5849626064300537,2.5849626064300537,2.5849626064300537,2.5849626064300537,2.5849626064300537,2.5849626064300537,2.5849626064300537,2.5849626064300537,2.5849626064300537,2.5849626064300537,-0.12066496163606644,1.0061492919921875,-1.2171658277511597,-0.14387670159339905,1.6574724912643433,-0.6279813647270203,-0.14311575889587402,2.0237553119659424,-0.61447674036026,0.08035793900489807,2.689997911453247,-0.24916872382164001,-0.14387670159339905,1.6574724912643433,-0.6279813647270203,-0.12066496163606644,1.0061492919921875,-1.2171658277511597,0.08035793900489807,2.689997911453247,-0.24916872382164001,-0.14311575889587402,2.0237553119659424,-0.61447674036026,-0.03596917539834976,1.2143681049346924,-1.6569952964782715,-0.03016624040901661,1.051537275314331,-1.8042914867401123,0.020089484751224518,1.4724994897842407,-1.562292218208313,-0.035778939723968506,1.3059388399124146,-1.6536191701889038,1.8252050876617432,0.13103711605072021,24.732460021972656,-2.647310733795166,-4.06879997253418,20.71430778503418,-0.022325485944747925,8.006186485290527,24.323026657104492,-0.3493441939353943,3.7976584434509277,21.415742874145508,0.0,0.0,0.0,0.0,0.0,0.0,0.0,0.0,0.0,0.0,0.0,0.0
run-0cbf4a31137e48c79a1f61b4bb639a3e,24,,15819082713956,true,-0.03767138347029686,0.0003869131614919752,,,,0.011986755765974522,0,-0.7240049839019775,-0.05,-0.05,4.994112491607666,-0.061000678688287735,-0.030526811257004738,0.0880984365940094,-0.001495258416980505,,,,,,true,177728,true,true,false,,,,2.5849626064300537,2.5849626064300537,2.5849626064300537,2.5849626064300537,2.5849626064300537,2.5849626064300537,2.5849626064300537,2.5849626064300537,2.5849626064300537,2.5849626064300537,2.5849626064300537,-0.32676777243614197,1.2101503610610962,-1.2039225101470947,-0.10466735810041428,1.795357584953308,-0.8962892889976501,-0.08294235169887543,2.0765252113342285,-0.6586008667945862,0.0973089188337326,2.673582077026367,-0.3287164568901062,-0.10466735810041428,1.795357584953308,-0.8962892889976501,-0.32676777243614197,1.2101503610610962,-1.2039225101470947,0.0973089188337326,2.673582077026367,-0.3287164568901062,-0.08294235169887543,2.0765252113342285,-0.6586008667945862,-0.02616683952510357,1.2488393783569336,-1.7240723371505737,-0.08169194310903549,1.1025376319885254,-1.800980567932129,0.02432722970843315,1.468395471572876,-1.582179069519043,-0.020735587924718857,1.3191313743591309,-1.6646502017974854,4.62523889541626,-2.4730021953582764,30.54294204711914,-5.762816905975342,-4.925692558288574,28.996204376220703,0.2120000720024109,3.712825059890747,30.99541473388672,-0.19978554546833038,0.7992808818817139,28.226215362548828,0.0,0.0,0.0,0.0,0.0,0.0,0.0,0.0,0.0,0.0,0.0,0.0
run-0cbf4a31137e48c79a1f61b4bb639a3e,30,,15819145403171,true,-0.0634411945939064,0.0003299288509879261,,,,0.015749938786029816,0,-0.7350149750709534,-0.05,-0.05,4.993866920471191,-0.07961958646774292,-0.03983759507536888,-0.3955068290233612,-0.0023933325428515673,,,,,,true,647904,true,true,false,,,,2.5849626064300537,2.5849626064300537,2.5849626064300537,2.5849626064300537,2.5849626064300537,2.5849626064300537,2.5849626064300537,2.5849626064300537,2.5849626064300537,2.5849626064300537,2.5849626064300537,-0.10615918785333633,2.126502275466919,-2.709353446960449,0.20585522055625916,2.5675909519195557,-3.626572608947754,-0.07990600168704987,2.029404878616333,-0.10215066373348236,0.01881471648812294,3.112950563430786,-0.5954626202583313,0.20585522055625916,2.5675909519195557,-3.626572608947754,-0.10615918785333633,2.126502275466919,-2.709353446960449,0.01881471648812294,3.112950563430786,-0.5954626202583313,-0.07990600168704987,2.029404878616333,-0.10215066373348236,0.05146380513906479,1.4418977499008179,-2.4066431522369385,-0.026539796963334084,1.3316255807876587,-2.1773383617401123,0.004703679122030735,1.5782376527786255,-1.6488656997680664,-0.019976500421762466,1.3073512315750122,-1.5255376100540161,5.520610809326172,4.116420269012451,9.313326835632324,-3.1851468086242676,3.9131240844726562,16.62142562866211,8.372079849243164,1.5082919597625732,34.60933303833008,-9.003036499023438,-2.7795228958129883,38.088321685791016,0.0,0.0,0.0,0.0,0.0,0.0,0.0,0.0,0.0,0.0,0.0,0.0
run-0cbf4a31137e48c79a1f61b4bb639a3e,34,,15819180714015,true,-0.07519616931676865,-0.0009799398249015212,,,,0.015128940343856812,0,-0.7498268485069275,-0.05,-0.05,4.993933200836182,-0.07252311706542969,-0.03628966957330704,-0.23317338526248932,-0.05483566224575043,,,,,,true,242842,true,true,false,,,,2.5849626064300537,2.5849626064300537,2.5849626064300537,2.5849626064300537,2.5849626064300537,2.5849626064300537,2.5849626064300537,2.5849626064300537,2.5849626064300537,2.5849626064300537,2.5849626064300537,-0.2542319595813751,1.828317642211914,-2.663208246231079,0.17851918935775757,2.3408992290496826,-2.9878170490264893,0.013487666845321655,2.1327390670776367,-0.19975797832012177,0.12340542674064636,3.154595136642456,-0.47691500186920166,0.17851918935775757,2.3408992290496826,-2.9878170490264893,-0.2542319595813751,1.828317642211914,-2.663208246231079,0.12340542674064636,3.154595136642456,-0.47691500186920166,0.013487666845321655,2.1327390670776367,-0.19975797832012177,0.04462979733943939,1.3852248191833496,-2.2469542026519775,-0.06355798989534378,1.2570793628692627,-2.165802001953125,0.03085135668516159,1.588648796081543,-1.619228720664978,0.003371916711330414,1.3331847190856934,-1.549939513206482,5.040894031524658,2.875454902648926,14.708169937133789,-5.799755573272705,0.310988187789917,16.375635147094727,17.996849060058594,2.592637300491333,32.521236419677734,-15.500835418701172,1.3749336004257202,34.862815856933594,0.0,0.0,0.0,0.0,0.0,0.0,0.0,0.0,0.0,0.0,0.0,0.0
run-0cbf4a31137e48c79a1f61b4bb639a3e,40,,15819239170362,true,-0.07861802726984024,-0.0007905064267106354,,,,0.013657903298735619,0,-0.7547065615653992,-0.05,-0.05,4.9940385818481445,-0.06575468182563782,-0.03290470317006111,0.008837725035846233,0.013638559728860855,,,,,,true,452742,true,true,false,,,,2.5849626064300537,2.5849626064300537,2.5849626064300537,2.5849626064300537,2.5849626064300537,2.5849626064300537,2.5849626064300537,2.5849626064300537,2.5849626064300537,2.5849626064300537,2.5849626064300537,-0.22885307669639587,1.3829354047775269,-2.033062219619751,-0.04752460867166519,1.994162917137146,-1.993933916091919,0.037201762199401855,2.2425265312194824,-0.42539751529693604,0.08852741122245789,3.1728386878967285,-0.2753300666809082,-0.04752460867166519,1.994162917137146,-1.993933916091919,-0.22885307669639587,1.3829354047775269,-2.033062219619751,0.08852741122245789,3.1728386878967285,-0.2753300666809082,0.037201762199401855,2.2425265312194824,-0.42539751529693604,-0.011881152167916298,1.298540711402893,-1.998483419418335,-0.05721326917409897,1.1457338333129883,-2.008265495300293,0.02213185280561447,1.5932097434997559,-1.568832516670227,0.009300440549850464,1.3606317043304443,-1.6063493490219116,3.492558240890503,0.8569003939628601,21.789901733398438,-5.729561805725098,-2.2989940643310547,21.431211471557617,15.933237075805664,3.343626022338867,33.8517951965332,-15.06845474243164,3.083685874938965,32.54319763183594,0.0,0.0,0.0,0.0,0.0,0.0,0.0,0.0,0.0,0.0,0.0,0.0
run-0cbf4a31137e48c79a1f61b4bb639a3e,46,,15819298558418,true,-0.0783115029335022,-0.0005570551147684455,,,,0.01925671473145485,0,-0.7580333948135376,-0.05,-0.05,4.9935784339904785,-0.09442625194787979,-0.04723867401480675,0.027660062536597252,-0.00810011476278305,,,,,,true,745777,true,true,false,,,,2.5849626064300537,2.5849626064300537,2.5849626064300537,2.5849626064300537,2.5849626064300537,2.5849626064300537,2.5849626064300537,2.5849626064300537,2.5849626064300537,2.5849626064300537,2.5849626064300537,-0.24242031574249268,1.4187629222869873,-1.8862826824188232,-0.12140750139951706,1.9943478107452393,-1.8054254055023193,0.006068870425224304,2.2229201793670654,-0.44642913341522217,0.12111502885818481,3.0856330394744873,-0.2184322476387024,-0.12140750139951706,1.9943478107452393,-1.8054254055023193,-0.24242031574249268,1.4187629222869873,-1.8862826824188232,0.12111502885818481,3.0856330394744873,-0.2184322476387024,0.006068870425224304,2.2229201793670654,-0.44642913341522217,-0.030351875349879265,1.2985869646072388,-1.9513564109802246,-0.06060507893562317,1.1546907424926758,-1.9715707302093506,0.030278757214546204,1.5714082717895508,-1.5546081066131592,0.001517217606306076,1.3557300567626953,-1.611607313156128,3.3306169509887695,1.694197654724121,22.44388771057129,-5.643324851989746,-0.8065149188041687,22.121686935424805,14.427268028259277,3.404517412185669,33.116146087646484,-14.241930961608887,4.257997989654541,30.915462493896484,0.0,0.0,0.0,0.0,0.0,0.0,0.0,0.0,0.0,0.0,0.0,0.0
run-0cbf4a31137e48c79a1f61b4bb639a3e,50,,15819339720017,true,-0.07747963815927505,-0.0008901268010959029,,,,0.02530839294195175,0,-0.7599203586578369,-0.05,-0.05,4.992910861968994,-0.12362838536500931,-0.06182307377457619,0.04587116464972496,-0.009309607557952404,,,,,,true,696247,true,true,false,,,,2.5849626064300537,2.5849626064300537,2.5849626064300537,2.5849626064300537,2.5849626064300537,2.5849626064300537,2.5849626064300537,2.5849626064300537,2.5849626064300537,2.5849626064300537,2.5849626064300537,-0.25445812940597534,1.464255452156067,-1.7514653205871582,-0.17047521471977234,2.000119686126709,-1.6579461097717285,-0.02301032841205597,2.186885356903076,-0.4507858157157898,0.14913515746593475,2.9958863258361816,-0.15189403295516968,-0.17047521471977234,2.000119686126709,-1.6579461097717285,-0.25445812940597534,1.464255452156067,-1.7514653205871582,0.14913515746593475,2.9958863258361816,-0.15189403295516968,-0.02301032841205597,2.186885356903076,-0.4507858157157898,-0.042618803679943085,1.300029993057251,-1.9144865274429321,-0.06361453235149384,1.166063904762268,-1.9378663301467896,0.03728378936648369,1.5489716529846191,-1.5379735231399536,-0.005752582103013992,1.3467214107513428,-1.6126964092254639,3.621645927429199,2.5946474075317383,22.754230499267578,-5.334384441375732,0.955863893032074,22.645973205566406,13.187326431274414,3.7805016040802,31.984867095947266,-13.089825630187988,5.48339319229126,28.99003791809082,0.0,0.0,0.0,0.0,0.0,0.0,0.0,0.0,0.0,0.0,0.0,0.0
run-0cbf4a31137e48c79a1f61b4bb639a3e,56,,15819399325392,true,-0.074046790599823,-0.0009004880557768047,,,,0.0370602048933506,0,-0.7647708654403687,-0.05,-0.05,4.991084575653076,-0.1822630912065506,-0.09104195982217789,0.09139398485422134,0.005960364826023579,,,,,,true,943064,true,true,false,,,,2.5849626064300537,2.5849626064300537,2.5849626064300537,2.5849626064300537,2.5849626064300537,2.5849626064300537,2.5849626064300537,2.5849626064300537,2.5849626064300537,2.5849626064300537,2.5849626064300537,-0.21252575516700745,1.4808934926986694,-1.63938570022583,-0.23204776644706726,1.9175184965133667,-1.5121064186096191,-0.05762450397014618,2.139221429824829,-0.40859347581863403,0.18049494922161102,2.8914449214935303,-0.05746707320213318,-0.23204776644706726,1.9175184965133667,-1.5121064186096191,-0.21252575516700745,1.4808934926986694,-1.63938570022583,0.18049494922161102,2.8914449214935303,-0.05746707320213318,-0.05762450397014618,2.139221429824829,-0.40859347581863403,-0.058011941611766815,1.2793796062469482,-1.8780266046524048,-0.05313143879175186,1.170223355293274,-1.9098464250564575,0.045123737305402756,1.5228612422943115,-1.5143667459487915,-0.014406125992536545,1.3348053693771362,-1.602148413658142,3.8351383209228516,2.9202191829681396,21.431018829345703,-4.361679553985596,2.6471168994903564,21.761201858520508,11.325617790222168,4.642369270324707,28.859596252441406,-11.502466201782227,7.021452903747559,25.578136444091797,0.0,0.0,0.0,0.0,0.0,0.0,0.0,0.0,0.0,0.0,0.0,0.0
run-0cbf4a31137e48c79a1f61b4bb639a3e,60,,15819439524847,true,-0.06936492770910263,-0.00012624006194528192,,,,0.04472382739186287,0,-0.7679083347320557,-0.05,-0.05,4.989501953125,-0.22286708652973175,-0.11120729148387909,0.13749144971370697,0.019319288432598114,,,,,,true,1137460,true,true,false,,,,2.5849626064300537,2.5849626064300537,2.5849626064300537,2.5849626064300537,2.5849626064300537,2.5849626064300537,2.5849626064300537,2.5849626064300537,2.5849626064300537,2.5849626064300537,2.5849626064300537,-0.13953882455825806,1.438398003578186,-1.6437397003173828,-0.27793580293655396,1.8041809797286987,-1.408494234085083,-0.08228261768817902,2.1209611892700195,-0.370411217212677,0.19755919277668,2.8351643085479736,-0.00044283270835876465,-0.27793580293655396,1.8041809797286987,-1.408494234085083,-0.13953882455825806,1.438398003578186,-1.6437397003173828,0.19755919277668,2.8351643085479736,-0.00044283270835876465,-0.08228261768817902,2.1209611892700195,-0.370411217212677,-0.06948395073413849,1.2510452270507812,-1.852123498916626,-0.034884706139564514,1.1595995426177979,-1.9109349250793457,0.04938979819417,1.5087910890579224,-1.5001107454299927,-0.020570654422044754,1.330240249633789,-1.5926028490066528,3.5322182178497314,2.3363237380981445,19.672229766845703,-3.595629930496216,2.6205742359161377,19.763320922851562,10.373117446899414,4.782103061676025,26.068775177001953,-10.859861373901367,7.432203769683838,23.171865463256836,0.0,0.0,0.0,0.0,0.0,0.0,0.0,0.0,0.0,0.0,0.0,0.0
run-0cbf4a31137e48c79a1f61b4bb639a3e,66,,15819498681217,true,-0.058126300573349,0.0023677933495491743,,,,0.05695183202624321,0,-0.7719348073005676,-0.05,-0.05,4.986313819885254,-0.29145824909210205,-0.1451020985841751,0.22362089157104492,0.03166235610842705,,,,,,true,1225128,true,true,false,,,,2.5849626064300537,2.5849626064300537,2.5849626064300537,2.5849626064300537,2.5849626064300537,2.5849626064300537,2.5849626064300537,2.5849626064300537,2.5849626064300537,2.5849626064300537,2.5849626064300537,0.05917360633611679,1.2759897708892822,-1.7195967435836792,-0.3495101034641266,1.5997295379638672,-1.0239070653915405,-0.2209811508655548,2.118396759033203,-0.322346568107605,0.2413599193096161,2.6144845485687256,0.2210758626461029,-0.3495101034641266,1.5997295379638672,-1.0239070653915405,0.05917360633611679,1.2759897708892822,-1.7195967435836792,0.2413599193096161,2.6144845485687256,0.2210758626461029,-0.2209811508655548,2.118396759033203,-0.322346568107605,-0.08737752586603165,1.199932336807251,-1.7559767961502075,0.014793401584029198,1.1189974546432495,-1.9298992156982422,0.06033997982740402,1.4536211490631104,-1.4447309970855713,-0.0552452877163887,1.329599142074585,-1.5805866718292236,3.003964424133301,1.0835072994232178,17.024024963378906,-1.882917881011963,1.27169930934906,14.830111503601074,9.207565307617188,2.923823595046997,20.729629516601562,-10.777681350708008,7.33432674407959,18.996999740600586,0.0,0.0,0.0,0.0,0.0,0.0,0.0,0.0,0.0,0.0,0.0,0.0
run-0cbf4a31137e48c79a1f61b4bb639a3e,72,,15819559442473,true,-0.03964931517839432,0.007639026734977961,,,,0.06982080638408661,0,-0.7790001034736633,-0.05,-0.05,4.9820098876953125,-0.3716498911380768,-0.18437783420085907,0.33890312910079956,0.060969214886426926,,,,,,true,425021,true,true,false,,,,2.5849626064300537,2.5849626064300537,2.5849626064300537,2.5849626064300537,2.5849626064300537,2.5849626064300537,2.5849626064300537,2.5849626064300537,2.5849626064300537,2.5849626064300537,2.5849626064300537,0.20905938744544983,1.1006078720092773,-1.6400659084320068,-0.2908235788345337,1.2388818264007568,-0.35675325989723206,-0.4078657329082489,2.1506595611572266,-0.14942078292369843,0.15154173970222473,2.1964080333709717,0.5226014256477356,-0.2908235788345337,1.2388818264007568,-0.35675325989723206,0.20905938744544983,1.1006078720092773,-1.6400659084320068,0.15154173970222473,2.1964080333709717,0.5226014256477356,-0.4078657329082489,2.1506595611572266,-0.14942078292369843,-0.07270589470863342,1.1097204685211182,-1.5891883373260498,0.05226484686136246,1.0751519203186035,-1.9100165367126465,0.03788543492555618,1.3491020202636719,-1.3693495988845825,-0.10196643322706223,1.3376648426055908,-1.5373551845550537,3.4040110111236572,-0.9503965973854065,14.784598350524902,-0.732469379901886,-0.2747616767883301,10.322422981262207,7.259990215301514,-0.2529439926147461,14.792442321777344,-10.796348571777344,6.333694934844971,15.326902389526367,0.0,0.0,0.0,0.0,0.0,0.0,0.0,0.0,0.0,0.0,0.0,0.0
run-0cbf4a31137e48c79a1f61b4bb639a3e,76,,15819599495908,true,-0.02417135424911976,0.01293865591287613,,,,0.07703663408756256,0,-0.7842758297920227,-0.05,-0.05,4.979096412658691,-0.423720121383667,-0.20962411165237427,0.4065566956996918,0.09235892444849014,,,,,,true,1003882,true,true,false,,,,2.5849626064300537,2.5849626064300537,2.5849626064300537,2.5849626064300537,2.5849626064300537,2.5849626064300537,2.5849626064300537,2.5849626064300537,2.5849626064300537,2.5849626064300537,2.5849626064300537,0.3170319199562073,1.0456174612045288,-1.3335946798324585,-0.15757083892822266,0.9817624092102051,0.201958566904068,-0.5466777086257935,2.1089673042297363,0.2088998705148697,-0.1605597585439682,1.857161045074463,0.7946733832359314,-0.15757083892822266,0.9817624092102051,0.201958566904068,0.3170319199562073,1.0456174612045288,-1.3335946798324585,-0.1605597585439682,1.857161045074463,0.7946733832359314,-0.5466777086257935,2.1089673042297363,0.2088998705148697,-0.039392709732055664,1.045440673828125,-1.4495103359222412,0.07925797998905182,1.0614043474197388,-1.833398699760437,-0.04013993963599205,1.2642903327941895,-1.301331639289856,-0.13666942715644836,1.3272418975830078,-1.4477750062942505,4.409984588623047,-2.0426299571990967,14.409395217895508,0.06775188446044922,-0.7105966210365295,9.36392593383789,4.0180559158325195,-1.883895993232727,9.146771430969238,-10.321747779846191,4.353516101837158,14.425190925598145,0.0,0.0,0.0,0.0,0.0,0.0,0.0,0.0,0.0,0.0,0.0,0.0
run-0cbf4a31137e48c79a1f61b4bb639a3e,82,,15819659280085,true,0.002846119925379753,0.022603916004300117,,,,0.08144459128379822,0,-0.7953957319259644,-0.05,-0.05,4.976856708526611,-0.4751025140285492,-0.23427370190620422,0.46441516280174255,0.0849827453494072,,,,,,true,411160,true,true,false,,,,2.5849626064300537,2.5849626064300537,2.5849626064300537,2.5849626064300537,2.5849626064300537,2.5849626064300537,2.5849626064300537,2.5849626064300537,2.5849626064300537,2.5849626064300537,2.5849626064300537,0.48938408493995667,1.016560673713684,-0.6563140749931335,-0.27472418546676636,0.6341593265533447,0.6110377907752991,-0.4794255197048187,1.8452485799789429,1.0781843662261963,-0.9346944689750671,1.5996201038360596,0.5741075277328491,-0.27472418546676636,0.6341593265533447,0.6110377907752991,0.48938408493995667,1.016560673713684,-0.6563140749931335,-0.9346944689750671,1.5996201038360596,0.5741075277328491,-0.4794255197048187,1.8452485799789429,1.0781843662261963,-0.06868104636669159,0.9585398435592651,-1.3472405672073364,0.12234602123498917,1.0541402101516724,-1.6640784740447998,-0.23367361724376678,1.1999050378799438,-1.3564730882644653,-0.11985637992620468,1.2613121271133423,-1.2304539680480957,4.331265926361084,-3.3661751747131348,10.75086498260498,1.7034045457839966,-0.9559775590896606,8.87979793548584,-2.443751811981201,-1.2295658588409424,-3.506816864013672,-6.903153896331787,0.5185144543647766,14.559252738952637,0.0,0.0,0.0,0.0,0.0,0.0,0.0,0.0,0.0,0.0,0.0,0.0
run-0cbf4a31137e48c79a1f61b4bb639a3e,86,,15819698904079,true,0.02127305418252945,0.027293816208839417,,,,0.07603583484888077,0,-0.7976657748222351,-0.05,-0.05,4.978830814361572,-0.4625183641910553,-0.2281971424818039,0.492834210395813,0.04433702677488327,,,,,,true,901806,true,true,false,,,,2.5849626064300537,2.5849626064300537,2.5849626064300537,2.5849626064300537,2.5849626064300537,2.5849626064300537,2.5849626064300537,2.5849626064300537,2.5849626064300537,2.5849626064300537,2.5849626064300537,0.3129993975162506,1.3102375268936157,0.7559509873390198,-1.1162580251693726,0.3357655704021454,-0.7480970621109009,0.368284672498703,1.5547724962234497,1.5700993537902832,-1.2443032264709473,0.9894967675209045,-0.782417356967926,-1.1162580251693726,0.3357655704021454,-0.7480970621109009,0.3129993975162506,1.3102375268936157,0.7559509873390198,-1.2443032264709473,0.9894967675209045,-0.782417356967926,0.368284672498703,1.5547724962234497,1.5700993537902832,-0.27906450629234314,0.8839414119720459,-1.6870242357254028,0.07824984937906265,1.1275594234466553,-1.3110122680664062,-0.3110758066177368,1.0473742485046387,-1.6956043243408203,0.09207116812467575,1.1886931657791138,-1.1074751615524292,-0.02455425262451172,-5.202266693115234,-3.236372470855713,0.7448523640632629,1.248853087425232,14.571907997131348,-2.957287073135376,-5.201837062835693,-10.456618309020996,1.5805317163467407,-1.6295137405395508,13.001922607421875,0.0,0.0,0.0,0.0,0.0,0.0,0.0,0.0,0.0,0.0,0.0,0.0
run-0cbf4a31137e48c79a1f61b4bb639a3e,92,,15819759367477,true,0.05143622308969498,0.028757665306329727,,,,0.04777190089225769,0,-0.781087338924408,-0.05,-0.05,4.98792839050293,-0.32629910111427307,-0.16210925579071045,0.46585988998413086,-0.012973912060260773,,,,,,true,586024,true,true,false,,,,2.5849626064300537,2.5849626064300537,2.5849626064300537,2.5849626064300537,2.5849626064300537,2.5849626064300537,2.5849626064300537,2.5849626064300537,2.5849626064300537,2.5849626064300537,2.5849626064300537,-0.557814359664917,0.44854891300201416,2.292854070663452,-0.5271593332290649,-2.1064600944519043,-2.264343500137329,1.7166496515274048,0.6283053159713745,-0.45255225896835327,0.9046478271484375,1.281043291091919,-0.4369758665561676,-0.5271593332290649,-2.1064600944519043,-2.264343500137329,-0.557814359664917,0.44854891300201416,2.292854070663452,0.9046478271484375,1.281043291091919,-0.4369758665561676,1.7166496515274048,0.6283053159713745,-0.45255225896835327,-0.13178983330726624,0.2733849883079529,-2.0660858154296875,-0.13945358991622925,0.9121372699737549,-0.926786482334137,0.22616195678710938,1.1202608346939087,-1.6092439889907837,0.4291624128818512,0.9570763111114502,-1.6131380796432495,6.593949317932129,-15.343591690063477,-2.168008327484131,-4.932527542114258,-6.076364517211914,18.087188720703125,12.604583740234375,4.468202590942383,7.6541972160339355,8.202228546142578,-7.390379428863525,-11.563982009887695,0.0,0.0,0.0,0.0,0.0,0.0,0.0,0.0,0.0,0.0,0.0,0.0
run-0cbf4a31137e48c79a1f61b4bb639a3e,96,,15819799464850,true,0.06899414956569672,0.027644049376249313,,,,0.02326817810535431,0,-0.7858504056930542,-0.05,-0.05,4.992672443389893,-0.20070013403892517,-0.10016106069087982,0.42920392751693726,-0.06184471398591995,,,,,,true,1016170,true,true,false,,,,2.5849626064300537,2.5849626064300537,2.5849626064300537,2.5849626064300537,2.5849626064300537,2.5849626064300537,2.5849626064300537,2.5849626064300537,2.5849626064300537,2.5849626064300537,2.5849626064300537,1.8209340572357178,1.1064038276672363,0.501453697681427,-0.2759307026863098,-0.696516752243042,-0.49736568331718445,1.0803331136703491,-0.7944409847259521,-1.602029800415039,0.009238336235284805,2.2140543460845947,0.7112770080566406,-0.2759307026863098,-0.696516752243042,-0.49736568331718445,1.8209340572357178,1.1064038276672363,0.501453697681427,0.009238336235284805,2.2140543460845947,0.7112770080566406,1.0803331136703491,-0.7944409847259521,-1.602029800415039,-0.06898267567157745,0.6258708238601685,-1.624341368675232,0.45523351430892944,1.0766010284423828,-1.3746365308761597,0.0023095840588212013,1.3535135984420776,-1.3221807479858398,0.2700832784175873,0.6013897657394409,-1.9005074501037598,1.6976318359375,13.090032577514648,11.723918914794922,11.31428337097168,-1.9618446826934814,0.44106173515319824,0.7203651666641235,8.312789916992188,17.80719757080078,-6.1210455894470215,-12.42926025390625,-8.220361709594727,0.0,0.0,0.0,0.0,0.0,0.0,0.0,0.0,0.0,0.0,0.0,0.0
run-0cbf4a31137e48c79a1f61b4bb639a3e,102,,15819858925379,true,0.10275649279356003,0.02805110439658165,,,,0.013147376477718353,0,-0.7890662550926208,-0.05,-0.05,4.993722915649414,-0.15148162841796875,-0.07569114118814468,0.6744924187660217,0.07222769409418106,,,,,,true,495749,true,true,false,,,,2.5849626064300537,2.5849626064300537,2.5849626064300537,2.5849626064300537,2.5849626064300537,2.5849626064300537,2.5849626064300537,2.5849626064300537,2.5849626064300537,2.5849626064300537,2.5849626064300537,3.037285566329956,-1.1483300924301147,-0.7155013084411621,-0.14878103137016296,0.8067570924758911,0.7240305542945862,-0.3142106831073761,0.14674165844917297,-0.7806849479675293,0.44095346331596375,2.0205459594726562,1.2382807731628418,-0.14878103137016296,0.8067570924758911,0.7240305542945862,3.037285566329956,-1.1483300924301147,-0.7155013084411621,0.44095346331596375,2.0205459594726562,1.2382807731628418,-0.3142106831073761,0.14674165844917297,-0.7806849479675293,-0.03719525784254074,1.0016893148422241,-1.3189923763275146,0.759321391582489,0.5129175186157227,-1.6788753271102905,0.11023836582899094,1.3051364421844482,-1.1904298067092896,-0.07855267077684402,0.8366854190826416,-1.6951712369918823,-3.53631591796875,14.369878768920898,5.377037048339844,0.2293691635131836,-12.937856674194336,-6.179331302642822,1.8684701919555664,2.8836066722869873,20.79936981201172,-10.1057710647583,13.67752456665039,6.767202854156494,0.0,0.0,0.0,0.0,0.0,0.0,0.0,0.0,0.0,0.0,0.0,0.0
run-0cbf4a31137e48c79a1f61b4bb639a3e,106,,15819898832438,true,0.1319296509027481,0.034841421991586685,,,,0.009485556744039059,0,-0.7919572591781616,-0.05,-0.05,4.9939188957214355,-0.15404850244522095,-0.07696570456027985,0.7828366160392761,0.22882230579853058,,,,,,true,198305,true,true,false,,,,2.5849626064300537,2.5849626064300537,2.5849626064300537,2.5849626064300537,2.5849626064300537,2.5849626064300537,2.5849626064300537,2.5849626064300537,2.5849626064300537,2.5849626064300537,2.5849626064300537,1.993251085281372,-1.1500340700149536,-0.9129500985145569,-0.5729979872703552,1.9343156814575195,0.10707301646471024,-0.5136964321136475,1.4350560903549194,0.5741271376609802,0.179820254445076,1.9259376525878906,1.627821445465088,-0.5729979872703552,1.9343156814575195,0.10707301646471024,1.993251085281372,-1.1500340700149536,-0.9129500985145569,0.179820254445076,1.9259376525878906,1.627821445465088,-0.5136964321136475,1.4350560903549194,0.5741271376609802,-0.1432494968175888,1.283578872680664,-1.4732317924499512,0.498312771320343,0.5124914646148682,-1.728237509727478,0.044955063611269,1.2814843654632568,-1.093044638633728,-0.12842410802841187,1.1587640047073364,-1.3564682006835938,-5.663867473602295,16.347187042236328,13.138507843017578,-13.216973304748535,-0.17279529571533203,-1.4354159832000732,-0.40838590264320374,-0.5952057838439941,22.579622268676758,0.849118709564209,15.042318344116211,8.55862808227539,0.0,0.0,0.0,0.0,0.0,0.0,0.0,0.0,0.0,0.0,0.0,0.0
run-0cbf4a31137e48c79a1f61b4bb639a3e,112,,15819958653206,true,0.18517838418483734,0.04930335283279419,,,,0.0033268281258642673,0,-0.7934834361076355,-0.05,-0.05,4.99413537979126,-0.16776128113269806,-0.08378255367279053,1.0686423778533936,0.329280823469162,,,,,,true,1043467,true,true,false,,,,2.5849626064300537,2.5849626064300537,2.5849626064300537,2.5849626064300537,2.5849626064300537,2.5849626064300537,2.5849626064300537,2.5849626064300537,2.5849626064300537,2.5849626064300537,2.5849626064300537,0.5109488368034363,-0.8521832823753357,0.33388596773147583,0.03242967277765274,1.1809712648391724,1.4477949142456055,-0.5519276857376099,1.1447359323501587,0.9392315149307251,-0.5512832403182983,1.962061882019043,2.0017004013061523,0.03242967277765274,1.1809712648391724,1.4477949142456055,0.5109488368034363,-0.8521832823753357,0.33388596773147583,-0.5512832403182983,1.962061882019043,2.0017004013061523,-0.5519276857376099,1.1447359323501587,0.9392315149307251,0.008107418194413185,1.0952428579330444,-1.1380512714385986,0.12773720920085907,0.5869541764259338,-1.4165284633636475,-0.13782081007957458,1.290515422821045,-0.9995748996734619,-0.13798192143440247,1.086184024810791,-1.2651921510696411,4.668024063110352,-2.4363596439361572,17.411333084106445,-8.09749698638916,9.712040901184082,6.203677177429199,-2.521955966949463,-1.0717445611953735,15.587703704833984,-1.3057526350021362,4.711143970489502,21.18956184387207,0.0,0.0,0.0,0.0,0.0,0.0,0.0,0.0,0.0,0.0,0.0,0.0
run-0cbf4a31137e48c79a1f61b4bb639a3e,116,,15819998693304,true,0.23307929933071136,0.06509547680616379,,,,0.0017396480543538928,0,-0.7934130430221558,-0.05,-0.05,4.994093894958496,-0.20846372842788696,-0.10397878289222717,1.147194266319275,0.3420054018497467,,,,,,true,374859,true,true,false,,,,2.5849626064300537,2.5849626064300537,2.5849626064300537,2.5849626064300537,2.5849626064300537,2.5849626064300537,2.5849626064300537,2.5849626064300537,2.5849626064300537,2.5849626064300537,2.5849626064300537,0.45505401492118835,0.27173060178756714,1.169329285621643,0.18504777550697327,0.3255539536476135,2.7694058418273926,-0.4385521113872528,1.7744642496109009,1.1716092824935913,-2.1188600063323975,1.9369332790374756,0.5641138553619385,0.18504777550697327,0.3255539536476135,2.7694058418273926,0.45505401492118835,0.27173060178756714,1.169329285621643,-2.1188600063323975,1.9369332790374756,0.5641138553619385,-0.4385521113872528,1.7744642496109009,1.1716092824935913,0.04626194387674332,0.8813884854316711,-0.8377599716186523,0.11376350373029709,0.8679326772689819,-1.2076677083969116,-0.5297150015830994,1.2842333316802979,-1.3589715957641602,-0.1096380278468132,1.2436161041259766,-1.2070976495742798,7.0891432762146,-7.929664611816406,17.894512176513672,-1.7495505809783936,11.7559814453125,10.851483345031738,-9.335748672485352,0.8963850736618042,-12.434650421142578,-0.3405097424983978,5.983170509338379,20.728843688964844,0.0,0.0,0.0,0.0,0.0,0.0,0.0,0.0,0.0,0.0,0.0,0.0
run-0cbf4a31137e48c79a1f61b4bb639a3e,122,,15820058822241,true,0.30022960901260376,0.08124861866235733,,,,0.01526821032166481,0,-0.8082064986228943,-0.05,-0.05,4.992747783660889,-0.325935035943985,-0.16177795827388763,1.2156566381454468,0.11936643719673157,,,,,,true,225504,true,true,false,,,,2.5849626064300537,2.5849626064300537,2.5849626064300537,2.5849626064300537,2.5849626064300537,2.5849626064300537,2.5849626064300537,2.5849626064300537,2.5849626064300537,2.5849626064300537,2.5849626064300537,-0.3300705850124359,1.1863714456558228,1.04280424118042,-2.1384663581848145,0.34946513175964355,-1.0169048309326172,-0.3280221223831177,1.3879934549331665,1.8609504699707031,-1.4806565046310425,0.4406774640083313,-0.35624080896377563,-2.1384663581848145,0.34946513175964355,-1.0169048309326172,-0.3300705850124359,1.1863714456558228,1.04280424118042,-1.4806565046310425,0.4406774640083313,-0.35624080896377563,-0.3280221223831177,1.3879934549331665,1.8609504699707031,-0.5346165895462036,0.8873662948608398,-1.7542262077331543,-0.08251764625310898,1.096592903137207,-1.239298939704895,-0.3701641261577606,0.9101693630218506,-1.5890601873397827,-0.08200553059577942,1.146998405456543,-1.0347623825073242,-7.305268287658691,-8.238115310668945,-8.503107070922852,-5.516100883483887,9.240800857543945,13.022459030151367,5.5891265869140625,-8.54702091217041,-1.3265981674194336,2.965991973876953,-0.011994600296020508,17.824567794799805,0.0,0.0,0.0,0.0,0.0,0.0,0.0,0.0,0.0,0.0,0.0,0.0
run-0cbf4a31137e48c79a1f61b4bb639a3e,126,,15820098878676,true,0.3534231185913086,0.08560249954462051,,,,0.0033817815128713846,0,-0.8015047907829285,-0.05,-0.05,4.993783950805664,-0.28029003739356995,-0.13940924406051636,1.2458992004394531,0.10667949914932251,,,,,,true,138518,true,true,false,,,,2.5849626064300537,2.5849626064300537,2.5849626064300537,2.5849626064300537,2.5849626064300537,2.5849626064300537,2.5849626064300537,2.5849626064300537,2.5849626064300537,2.5849626064300537,2.5849626064300537,-0.44530192017555237,0.7242565751075745,2.1079859733581543,-2.289243698120117,-1.8733264207839966,-1.5023858547210693,1.2681241035461426,1.1054526567459106,0.6473155617713928,-0.7008749842643738,-0.5118584632873535,-0.8844102621078491,-2.289243698120117,-1.8733264207839966,-1.5023858547210693,-0.44530192017555237,0.7242565751075745,2.1079859733581543,-0.7008749842643738,-0.5118584632873535,-0.8844102621078491,1.2681241035461426,1.1054526567459106,0.6473155617713928,-0.5723109245300293,0.3316684067249298,-1.875596523284912,-0.11132548004388809,0.9810641407966614,-0.9730035066604614,-0.17521874606609344,0.6720353960990906,-1.7211025953292847,0.31703102588653564,1.076363205909729,-1.338171124458313,1.2287168502807617,-15.084270477294922,-0.6825947761535645,-3.0284228324890137,0.13554787635803223,15.299859046936035,7.830446243286133,-3.492588520050049,-0.6502678394317627,14.31686019897461,-0.2514517307281494,-7.679995536804199,0.0,0.0,0.0,0.0,0.0,0.0,0.0,0.0,0.0,0.0,0.0,0.0
run-0cbf4a31137e48c79a1f61b4bb639a3e,132,,15820158829821,true,0.4242163896560669,0.09147029370069504,,,,-0.009559523314237595,0,-0.8143232464790344,-0.05,-0.05,4.994173526763916,-0.23414571583271027,-0.11667707562446594,1.133299469947815,0.051935601979494095,,,,,,true,442888,true,true,false,,,,2.5849626064300537,2.5849626064300537,2.5849626064300537,2.5849626064300537,2.5849626064300537,2.5849626064300537,2.5849626064300537,2.5849626064300537,2.5849626064300537,2.5849626064300537,2.5849626064300537,1.9967526197433472,1.3769316673278809,1.4432592391967773,-0.0523071214556694,-2.8427650928497314,0.12550762295722961,1.2892614603042603,-0.8133063316345215,-0.9072617888450623,-0.30309435725212097,0.6504380106925964,1.8528532981872559,-0.0523071214556694,-2.8427650928497314,0.12550762295722961,1.9967526197433472,1.3769316673278809,1.4432592391967773,-0.30309435725212097,0.6504380106925964,1.8528532981872559,1.2892614603042603,-0.8133063316345215,-0.9072617888450623,-0.01307678036391735,0.0893087387084961,-1.4686230421066284,0.4991881549358368,1.144232988357544,-1.1391851902008057,-0.07577358931303024,0.9626095294952393,-1.036786675453186,0.32231536507606506,0.5966734290122986,-1.7268154621124268,5.315454006195068,8.757913589477539,6.338284015655518,13.135473251342773,3.6436150074005127,-4.500605583190918,-6.35815954208374,9.589203834533691,12.110969543457031,-10.87840747833252,-10.127660751342773,-5.445005416870117,0.0,0.0,0.0,0.0,0.0,0.0,0.0,0.0,0.0,0.0,0.0,0.0
run-0cbf4a31137e48c79a1f61b4bb639a3e,134,,15820195871824,true,0.4472688138484955,0.0921439602971077,,,,-0.013918855227530003,0,-0.8119337558746338,-0.05,-0.05,4.994136333465576,-0.21458382904529572,-0.10700757056474686,1.1807847023010254,0.05722758173942566,,,,,,true,683910,true,true,false,,,,2.5849626064300537,2.5849626064300537,2.5849626064300537,2.5849626064300537,2.5849626064300537,2.5849626064300537,2.5849626064300537,2.5849626064300537,2.5849626064300537,2.5849626064300537,2.5849626064300537,3.2279038429260254,1.2362908124923706,0.5591699481010437,-0.32445454597473145,-1.6293373107910156,0.1997498869895935,0.9810119867324829,-1.171217918395996,-1.0716737508773804,-0.08281490206718445,1.2526872158050537,1.6005525588989258,-0.32445454597473145,-1.6293373107910156,0.1997498869895935,3.2279038429260254,1.2362908124923706,0.5591699481010437,-0.08281490206718445,1.2526872158050537,1.6005525588989258,0.9810119867324829,-1.171217918395996,-1.0716737508773804,-0.08111363649368286,0.39266568422317505,-1.4500625133514404,0.8069759607315063,1.1090726852416992,-1.3602075576782227,-0.020703725516796112,1.1131718158721924,-1.0998618602752686,0.24525299668312073,0.5071955323219299,-1.7679184675216675,-3.822439193725586,20.63836669921875,1.535750389099121,18.240623474121094,1.4655933380126953,-10.875921249389648,-2.2025558948516846,8.590535163879395,15.52321720123291,-13.625924110412598,-4.902462959289551,-1.28324556350708,0.0,0.0,0.0,0.0,0.0,0.0,0.0,0.0,0.0,0.0,0.0,0.0
run-0cbf4a31137e48c79a1f61b4bb639a3e,142,,15820271826860,true,0.575048565864563,0.10607647150754929,,,,-0.017391860485076904,0,-0.8139506578445435,-0.05,-0.05,4.994015216827393,-0.24112747609615326,-0.12012703716754913,1.4724112749099731,0.2832540273666382,,,,,,true,1094988,true,true,false,,,,2.5849626064300537,2.5849626064300537,2.5849626064300537,2.5849626064300537,2.5849626064300537,2.5849626064300537,2.5849626064300537,2.5849626064300537,2.5849626064300537,2.5849626064300537,2.5849626064300537,2.954054594039917,-2.0422472953796387,-1.0031882524490356,-0.12296222895383835,0.96836918592453,1.1200792789459229,-0.6273975372314453,0.3668598234653473,-0.2756332755088806,0.47684720158576965,0.9778022170066833,2.442444324493408,-0.12296222895383835,0.96836918592453,1.1200792789459229,2.954054594039917,-2.0422472953796387,-1.0031882524490356,0.47684720158576965,0.9778022170066833,2.442444324493408,-0.6273975372314453,0.3668598234653473,-0.2756332755088806,-0.030740557238459587,1.0420923233032227,-1.219980239868164,0.7385136485099792,0.2894381880760193,-1.7507970333099365,0.11921180039644241,1.0444505214691162,-0.889388918876648,-0.15684938430786133,0.8917149901390076,-1.5689083337783813,-4.25662088394165,13.852642059326172,15.511857986450195,-12.335384368896484,-13.214279174804688,-6.10576057434082,3.726957082748413,-2.1104865074157715,18.3596248626709,-3.3760313987731934,12.877165794372559,4.307260990142822,0.0,0.0,0.0,0.0,0.0,0.0,0.0,0.0,0.0,0.0,0.0,0.0
run-0cbf4a31137e48c79a1f61b4bb639a3e,148,,15820318755081,true,0.647782027721405,0.12070725113153458,,,,-0.014021119102835655,0,-0.8134698867797852,-0.05,-0.05,4.994020938873291,-0.3038429617881775,-0.15094639360904694,1.5794888734817505,0.34316718578338623,,,,,,true,602222,true,true,false,,,,2.5849626064300537,2.5849626064300537,2.5849626064300537,2.5849626064300537,2.5849626064300537,2.5849626064300537,2.5849626064300537,2.5849626064300537,2.5849626064300537,2.5849626064300537,2.5849626064300537,1.2720738649368286,-1.7903856039047241,0.5140632390975952,-0.08178185671567917,1.4710031747817993,0.9511999487876892,-0.5739321708679199,1.1083561182022095,1.2455013990402222,-0.019822489470243454,0.8853052258491516,3.223114013671875,-0.08178185671567917,1.4710031747817993,0.9511999487876892,1.2720738649368286,-1.7903856039047241,0.5140632390975952,-0.019822489470243454,0.8853052258491516,3.223114013671875,-0.5739321708679199,1.1083561182022095,1.2455013990402222,-0.020445464178919792,1.1677508354187012,-1.2621999979019165,0.31801846623420715,0.3524036109447479,-1.3714841604232788,-0.0049556223675608635,1.0213263034820557,-0.8377599716186523,-0.14348304271697998,1.0770890712738037,-1.188624620437622,-2.1118149757385254,7.318920135498047,15.26113510131836,-9.697826385498047,9.434366226196289,8.975666046142578,0.3417048752307892,-5.075923919677734,14.223061561584473,1.9608979225158691,3.929189682006836,14.646334648132324,0.0,0.0,0.0,0.0,0.0,0.0,0.0,0.0,0.0,0.0,0.0,0.0
run-0cbf4a31137e48c79a1f61b4bb639a3e,152,,15820358680829,true,0.7116022706031799,0.13391417264938354,,,,-0.001365103293210268,0,-0.8167426586151123,-0.05,-0.05,4.993429183959961,-0.4086022973060608,-0.2017858922481537,1.7405747175216675,0.39104506373405457,,,,,,true,733167,true,true,false,,,,2.5849626064300537,2.5849626064300537,2.5849626064300537,2.5849626064300537,2.5849626064300537,2.5849626064300537,2.5849626064300537,2.5849626064300537,2.5849626064300537,2.5849626064300537,2.5849626064300537,1.5611846446990967,-0.6919057965278625,1.3997474908828735,0.02536047250032425,0.8167054653167725,2.092348098754883,-0.5724549293518066,1.1314233541488647,1.5511544942855835,-1.8466354608535767,2.0700526237487793,2.1378347873687744,0.02536047250032425,0.8167054653167725,2.092348098754883,1.5611846446990967,-0.6919057965278625,1.3997474908828735,-1.8466354608535767,2.0700526237487793,2.1378347873687744,-0.5724549293518066,1.1314233541488647,1.5511544942855835,0.006340118125081062,1.004176378250122,-0.9769129753112793,0.39029616117477417,0.6270235776901245,-1.150063157081604,-0.46165886521339417,1.3175132274627686,-0.9655413031578064,-0.14311373233795166,1.0828558206558228,-1.1122113466262817,0.7271305918693542,-2.970064163208008,16.70205307006836,7.650135040283203,15.567731857299805,4.060887336730957,-12.051981925964355,6.241793155670166,-6.664307594299316,1.4611088037490845,-1.3153870105743408,15.436956405639648,0.0,0.0,0.0,0.0,0.0,0.0,0.0,0.0,0.0,0.0,0.0,0.0
run-0cbf4a31137e48c79a1f61b4bb639a3e,158,,15820418808011,true,0.8230518698692322,0.15557162463665009,,,,0.002997729228809476,0,-0.8253044486045837,-0.05,-0.05,4.992682933807373,-0.49884727597236633,-0.24478022754192352,1.812186598777771,0.19087892770767212,,,,,,true,476599,true,true,false,,,,2.5849626064300537,2.5849626064300537,2.5849626064300537,2.5849626064300537,2.5849626064300537,2.5849626064300537,2.5849626064300537,2.5849626064300537,2.5849626064300537,2.5849626064300537,2.5849626064300537,-0.36562350392341614,0.4811144471168518,1.5134875774383545,-1.8209596872329712,0.893456220626831,-0.49796679615974426,-0.6653465032577515,0.697956919670105,2.454723834991455,-1.7120105028152466,-0.04746390879154205,-0.042555004358291626,-1.8209596872329712,0.893456220626831,-0.49796679615974426,-0.36562350392341614,0.4811144471168518,1.5134875774383545,-1.7120105028152466,-0.04746390879154205,-0.042555004358291626,-0.6653465032577515,0.697956919670105,2.454723834991455,-0.4552399218082428,1.0233640670776367,-1.6244916915893555,-0.09140587598085403,0.9202786087989807,-1.1216280460357666,-0.42800262570381165,0.7881340384483337,-1.51063871383667,-0.16633662581443787,0.9744892120361328,-0.8863190412521362,-5.495604515075684,-5.539689064025879,-6.461910724639893,-5.2795305252075195,7.0152997970581055,13.088179588317871,4.671165943145752,-11.884588241577148,-1.903757095336914,1.4713058471679688,-8.15187931060791,8.772905349731445,0.0,0.0,0.0,0.0,0.0,0.0,0.0,0.0,0.0,0.0,0.0,0.0
run-0cbf4a31137e48c79a1f61b4bb639a3e,162,,15820458727719,true,0.8913397192955017,0.16174563765525818,,,,-0.015294056385755539,0,-0.8175497055053711,-0.05,-0.05,4.993788719177246,-0.42749926447868347,-0.21083498001098633,1.7623717784881592,0.16648583114147186,,,,,,true,730522,true,true,false,,,,2.5849626064300537,2.5849626064300537,2.5849626064300537,2.5849626064300537,2.5849626064300537,2.5849626064300537,2.5849626064300537,2.5849626064300537,2.5849626064300537,2.5849626064300537,2.5849626064300537,-0.8416804075241089,0.671933650970459,1.6488299369812012,-2.554514169692993,-0.7309067249298096,-1.3170206546783447,0.2362385392189026,0.8172832727432251,1.8394548892974854,-1.4910409450531006,-0.14954176545143127,-0.7272243499755859,-2.554514169692993,-0.7309067249298096,-1.3170206546783447,-0.8416804075241089,0.671933650970459,1.6488299369812012,-1.4910409450531006,-0.14954176545143127,-0.7272243499755859,0.2362385392189026,0.8172832727432251,1.8394548892974854,-0.6386285424232483,0.6172733306884766,-1.8292551040649414,-0.21042010188102722,0.9679834246635437,-1.0877925157546997,-0.37276023626327515,0.7626145482063293,-1.6818060874938965,0.05905963480472565,1.0043208599090576,-1.0401363372802734,-1.274019718170166,-13.012541770935059,-4.501569747924805,-6.424615383148193,1.8378043174743652,14.98115348815918,6.490166664123535,0.3430485725402832,-1.9498529434204102,8.561328887939453,-2.343414545059204,-8.491889953613281,0.0,0.0,0.0,0.0,0.0,0.0,0.0,0.0,0.0,0.0,0.0,0.0
run-0cbf4a31137e48c79a1f61b4bb639a3e,168,,15820522435603,true,0.9949952960014343,0.1673426777124405,,,,-0.029727067798376083,0,-0.8301681876182556,-0.05,-0.05,4.993568420410156,-0.3740595877170563,-0.1851264089345932,1.587561011314392,0.07199618220329285,,,,,,true,1851230,true,true,false,,,,2.5849626064300537,2.5849626064300537,2.5849626064300537,2.5849626064300537,2.5849626064300537,2.5849626064300537,2.5849626064300537,2.5849626064300537,2.5849626064300537,2.5849626064300537,2.5849626064300537,0.3990357220172882,0.959082305431366,2.660667657852173,-0.21807920932769775,-3.066767454147339,-0.4442382752895355,1.8199063539505005,-0.7580176591873169,-0.985135018825531,0.02465740218758583,0.689268946647644,1.0779681205749512,-0.21807920932769775,-3.066767454147339,-0.4442382752895355,0.3990357220172882,0.959082305431366,2.660667657852173,0.02465740218758583,0.689268946647644,1.0779681205749512,1.8199063539505005,-0.7580176591873169,-0.985135018825531,-0.05451980233192444,0.03330814838409424,-1.611059546470642,0.09975893050432205,1.0397706031799316,-0.8377599716186523,0.006164350546896458,0.9723172187805176,-1.2305079698562622,0.4549765884876251,0.6104955673217773,-1.746283769607544,11.153493881225586,0.38009166717529297,6.973532676696777,3.820878505706787,-3.563074827194214,13.426338195800781,1.555006504058838,8.03024673461914,15.898652076721191,-0.36226940155029297,-14.325236320495605,-7.6036481857299805,0.0,0.0,0.0,0.0,0.0,0.0,0.0,0.0,0.0,0.0,0.0,0.0
run-0cbf4a31137e48c79a1f61b4bb639a3e,172,,15820558679228,true,1.0591790676116943,0.16786335408687592,,,,-0.04340565577149391,0,-0.8266754746437073,-0.05,-0.05,4.992474555969238,-0.3080240488052368,-0.1530381292104721,1.6154812574386597,0.08137841522693634,,,,,,true,48501,true,true,false,,,,2.5849626064300537,2.5849626064300537,2.5849626064300537,2.5849626064300537,2.5849626064300537,2.5849626064300537,2.5849626064300537,2.5849626064300537,2.5849626064300537,2.5849626064300537,2.5849626064300537,3.381861925125122,1.0703657865524292,0.31334033608436584,-0.2036423683166504,-1.0476446151733398,0.21105745434761047,1.0889360904693604,-1.0339857339859009,-1.127265214920044,0.08719804883003235,1.4119038581848145,1.4529809951782227,-0.2036423683166504,-1.0476446151733398,0.21105745434761047,3.381861925125122,1.0703657865524292,0.31334033608436584,0.08719804883003235,1.4119038581848145,1.4529809951782227,1.0889360904693604,-1.0339857339859009,-1.127265214920044,-0.0509105920791626,0.538088858127594,-1.4472355842590332,0.8454654812812805,1.0675914287567139,-1.4216649532318115,0.021799512207508087,1.1529760360717773,-1.1367547512054443,0.2722340226173401,0.5415035486221313,-1.7818162441253662,-4.396829605102539,22.75986099243164,3.5459578037261963,17.207195281982422,-3.7684991359710693,-9.100297927856445,1.7196471691131592,1.8004422187805176,22.917390823364258,-11.180065155029297,-1.5582327842712402,0.6892209053039551,0.0,0.0,0.0,0.0,0.0,0.0,0.0,0.0,0.0,0.0,0.0,0.0
run-0cbf4a31137e48c79a1f61b4bb639a3e,178,,15820618822350,true,1.167523980140686,0.17901411652565002,,,,-0.0518186017870903,0,-0.820216953754425,-0.05,-0.05,4.9915313720703125,-0.30226320028305054,-0.15024714171886444,1.8537310361862183,0.3554995357990265,,,,,,true,536869,true,true,false,,,,2.5849626064300537,2.5849626064300537,2.5849626064300537,2.5849626064300537,2.5849626064300537,2.5849626064300537,2.5849626064300537,2.5849626064300537,2.5849626064300537,2.5849626064300537,2.5849626064300537,2.994100332260132,-1.7455602884292603,-0.7542166113853455,-0.5345759391784668,1.1276215314865112,1.0573796033859253,-0.6555862426757812,0.5106009840965271,-0.13213588297367096,0.4810657799243927,1.626901626586914,1.9544615745544434,-0.5345759391784668,1.1276215314865112,1.0573796033859253,2.994100332260132,-1.7455602884292603,-0.7542166113853455,0.4810657799243927,1.626901626586914,1.9544615745544434,-0.6555862426757812,0.5106009840965271,-0.13213588297367096,-0.1336439847946167,1.0819053649902344,-1.2356550693511963,0.748525083065033,0.3636099398136139,-1.6885541677474976,0.12026644498109818,1.2067253589630127,-1.0113846063613892,-0.1638965606689453,0.9276502728462219,-1.5330339670181274,-9.38876724243164,15.211830139160156,12.566000938415527,-11.71496295928955,-8.644139289855957,-4.173662185668945,4.83051872253418,-3.022200345993042,22.133514404296875,-3.407273769378662,16.269460678100586,6.3591132164001465,0.0,0.0,0.0,0.0,0.0,0.0,0.0,0.0,0.0,0.0,0.0,0.0
run-0cbf4a31137e48c79a1f61b4bb639a3e,182,,15820658731014,true,1.243742823600769,0.19127868115901947,,,,-0.05557382106781006,0,-0.8281943798065186,-0.05,-0.05,4.991177558898926,-0.3230542540550232,-0.1604221612215042,1.9336390495300293,0.40910935401916504,,,,,,true,911760,true,true,false,,,,2.5849626064300537,2.5849626064300537,2.5849626064300537,2.5849626064300537,2.5849626064300537,2.5849626064300537,2.5849626064300537,2.5849626064300537,2.5849626064300537,2.5849626064300537,2.5849626064300537,1.4481300115585327,-1.9144961833953857,0.16968539357185364,-0.005849801003932953,1.625955581665039,0.6967583298683167,-0.6381334066390991,1.4716213941574097,0.8173115849494934,0.27709975838661194,0.7804061770439148,3.060887336730957,-0.005849801003932953,1.625955581665039,0.6967583298683167,1.4481300115585327,-1.9144961833953857,0.16968539357185364,0.27709975838661194,0.7804061770439148,3.060887336730957,-0.6381334066390991,1.4716213941574097,0.8173115849494934,-0.0014624502509832382,1.206488847732544,-1.325810432434082,0.3620325028896332,0.3213759660720825,-1.4575786590576172,0.06927493959665298,0.9951015710830688,-0.8377599716186523,-0.15953335165977478,1.167905330657959,-1.295672059059143,-2.18707275390625,8.64260482788086,16.354324340820312,-12.915292739868164,4.911808013916016,7.693291664123535,6.148677349090576,-10.903401374816895,19.222850799560547,1.979562520980835,10.312875747680664,16.696399688720703,0.0,0.0,0.0,0.0,0.0,0.0,0.0,0.0,0.0,0.0,0.0,0.0
run-0cbf4a31137e48c79a1f61b4bb639a3e,188,,15820718751488,true,1.368181586265564,0.21408644318580627,,,,-0.040553200989961624,0,-0.8220412731170654,-0.05,-0.05,4.993069171905518,-0.4722767174243927,-0.23220092058181763,2.140343189239502,0.5202106237411499,,,,,,true,580178,true,true,false,,,,2.5849626064300537,2.5849626064300537,2.5849626064300537,2.5849626064300537,2.5849626064300537,2.5849626064300537,2.5849626064300537,2.5849626064300537,2.5849626064300537,2.5849626064300537,2.5849626064300537,1.1675552129745483,-0.5345042943954468,1.8975064754486084,-0.024635516107082367,0.28206947445869446,2.3142101764678955,-0.449300080537796,1.5705710649490356,1.5990718603134155,-2.239053249359131,1.9654362201690674,1.594451665878296,-0.024635516107082367,0.28206947445869446,2.3142101764678955,1.1675552129745483,-0.5345042943954468,1.8975064754486084,-2.239053249359131,1.9654362201690674,1.594451665878296,-0.449300080537796,1.5705710649490356,1.5990718603134155,-0.006158879026770592,0.870517373085022,-0.9214474558830261,0.2918888032436371,0.6663739681243896,-1.0256233215332031,-0.5597633123397827,1.2913590669631958,-1.1013870239257812,-0.112325020134449,1.1926428079605103,-1.1002320051193237,0.3629037141799927,-8.2076416015625,15.060617446899414,4.9948506355285645,11.958074569702148,4.596632480621338,-12.900056838989258,6.694222450256348,-12.332571029663086,1.8413907289505005,1.89131498336792,17.030838012695312,0.0,0.0,0.0,0.0,0.0,0.0,0.0,0.0,0.0,0.0,0.0,0.0
run-0cbf4a31137e48c79a1f61b4bb639a3e,194,,15820778610506,true,1.4915134906768799,0.23329947888851166,,,,-0.03893957659602165,0,-0.8282155990600586,-0.05,-0.05,4.993197917938232,-0.5434301495552063,-0.2656543552875519,2.083568572998047,0.2696496546268463,,,,,,true,863813,true,true,false,,,,2.5849626064300537,2.5849626064300537,2.5849626064300537,2.5849626064300537,2.5849626064300537,2.5849626064300537,2.5849626064300537,2.5849626064300537,2.5849626064300537,2.5849626064300537,2.5849626064300537,-0.4787696301937103,0.35678428411483765,1.6147856712341309,-2.0395078659057617,0.5373026132583618,-0.7316337823867798,-0.6055670976638794,0.627307653427124,2.3509490489959717,-1.5798277854919434,-0.2582840919494629,-0.13233435153961182,-2.0395078659057617,0.5373026132583618,-0.7316337823867798,-0.4787696301937103,0.35678428411483765,1.6147856712341309,-1.5798277854919434,-0.2582840919494629,-0.13233435153961182,-0.6055670976638794,0.627307653427124,2.3509490489959717,-0.5098769664764404,0.9343256950378418,-1.6829084157943726,-0.11969240754842758,0.8891960978507996,-1.0963035821914673,-0.39495694637298584,0.7354289889335632,-1.5330835580825806,-0.15139177441596985,0.95682692527771,-0.9122627377510071,-6.518085479736328,-9.337176322937012,-7.503827095031738,-5.751460552215576,2.9863409996032715,12.54405403137207,6.782854080200195,-11.652771949768066,0.43082332611083984,1.364036202430725,-7.131524562835693,3.3194026947021484,0.0,0.0,0.0,0.0,0.0,0.0,0.0,0.0,0.0,0.0,0.0,0.0
run-0cbf4a31137e48c79a1f61b4bb639a3e,198,,15820819116810,true,1.5775436162948608,0.24142862856388092,,,,-0.05987252667546272,0,-0.8230065703392029,-0.05,-0.05,4.991407871246338,-0.4658670127391815,-0.2292330116033554,1.9707090854644775,0.3312338590621948,,,,,,true,308936,true,true,false,,,,2.5849626064300537,2.5849626064300537,2.5849626064300537,2.5849626064300537,2.5849626064300537,2.5849626064300537,2.5849626064300537,2.5849626064300537,2.5849626064300537,2.5849626064300537,2.5849626064300537,-0.846159040927887,0.17579643428325653,2.444265842437744,-2.704498291015625,-2.3345749378204346,-1.4395085573196411,1.4534144401550293,1.0583831071853638,0.7283099889755249,-0.8494627475738525,-0.603550136089325,-0.6115330457687378,-2.704498291015625,-2.3345749378204346,-1.4395085573196411,-0.846159040927887,0.17579643428325653,2.444265842437744,-0.8494627475738525,-0.603550136089325,-0.6115330457687378,1.4534144401550293,1.0583831071853638,0.7283099889755249,-0.6761245727539062,0.2163562774658203,-1.859877109527588,-0.21153976023197174,0.8439491391181946,-0.888933539390564,-0.21236568689346313,0.6491124629974365,-1.6528832912445068,0.3633536100387573,1.0645958185195923,-1.3179224729537964,0.43743324279785156,-19.353641510009766,-4.252054214477539,-5.838673114776611,-3.4912405014038086,14.130837440490723,8.580238342285156,-0.0744161605834961,-1.796295166015625,13.565752983093262,1.3576027154922485,-14.010367393493652,0.0,0.0,0.0,0.0,0.0,0.0,0.0,0.0,0.0,0.0,0.0,0.0
run-0cbf4a31137e48c79a1f61b4bb639a3e,204,,15820878671227,true,1.6871767044067383,0.2522171139717102,,,,-0.07883907854557037,0,-0.829801082611084,-0.05,-0.05,4.9882636070251465,-0.40710699558258057,-0.20126987993717194,1.8204195499420166,0.29063689708709717,,,,,,true,1042154,true,true,false,,,,2.5849626064300537,2.5849626064300537,2.5849626064300537,2.5849626064300537,2.5849626064300537,2.5849626064300537,2.5849626064300537,2.5849626064300537,2.5849626064300537,2.5849626064300537,2.5849626064300537,1.550214171409607,1.1825107336044312,1.7585774660110474,0.13894760608673096,-3.316145181655884,0.11823441833257675,1.4938803911209106,-0.6576212644577026,-0.9784753918647766,-0.3412850797176361,0.515618085861206,1.8674925565719604,0.13894760608673096,-3.316145181655884,0.11823441833257675,1.550214171409607,1.1825107336044312,1.7585774660110474,-0.3412850797176361,0.515618085861206,1.8674925565719604,1.4938803911209106,-0.6576212644577026,-0.9784753918647766,0.03473690152168274,-0.029036283493041992,-1.4704413414001465,0.38755354285240173,1.0956276655197144,-1.0603556632995605,-0.08532126992940903,0.9289045333862305,-1.0331268310546875,0.37347009778022766,0.6355947256088257,-1.7446188926696777,10.236435890197754,9.25649356842041,4.769558906555176,11.949162483215332,0.5102540254592896,-5.342415809631348,-5.623263359069824,10.214801788330078,12.590818405151367,-9.601400375366211,-7.48160457611084,-3.233208656311035,0.0,0.0,0.0,0.0,0.0,0.0,0.0,0.0,0.0,0.0,0.0,0.0
run-0cbf4a31137e48c79a1f61b4bb639a3e,208,,15820918829446,true,1.7670344114303589,0.2586580812931061,,,,-0.08835416287183762,0,-0.8340089321136475,-0.05,-0.05,4.9861931800842285,-0.38152801990509033,-0.18900886178016663,1.9418948888778687,0.33872440457344055,,,,,,true,223713,true,true,false,,,,2.5849626064300537,2.5849626064300537,2.5849626064300537,2.5849626064300537,2.5849626064300537,2.5849626064300537,2.5849626064300537,2.5849626064300537,2.5849626064300537,2.5849626064300537,2.5849626064300537,3.3056368827819824,0.3179706335067749,0.1734057366847992,0.29493916034698486,-1.1702557802200317,0.5738105177879333,0.8261207342147827,-0.9272814989089966,-0.8469809889793396,0.03954211249947548,1.3650376796722412,1.4940587282180786,0.29493916034698486,-1.1702557802200317,0.5738105177879333,3.3056368827819824,0.3179706335067749,0.1734057366847992,0.03954211249947548,1.3650376796722412,1.4940587282180786,0.8261207342147827,-0.9272814989089966,-0.8469809889793396,0.07373479008674622,0.5074360370635986,-1.3565473556518555,0.8264092206954956,0.8794926404953003,-1.456648588180542,0.00988552812486887,1.1412594318389893,-1.1264853477478027,0.20653018355369568,0.5681796073913574,-1.711745262145996,-2.3649191856384277,23.856971740722656,2.95107102394104,12.182537078857422,-8.134544372558594,-7.917013645172119,-0.3492312431335449,4.3783440589904785,16.77988052368164,-11.402057647705078,4.164746284484863,3.8438456058502197,0.0,0.0,0.0,0.0,0.0,0.0,0.0,0.0,0.0,0.0,0.0,0.0
run-0cbf4a31137e48c79a1f61b4bb639a3e,214,,15820978988811,true,1.8899288177490234,0.2727797031402588,,,,-0.08226656913757324,0,-0.829818069934845,-0.05,-0.05,4.988167762756348,-0.46038469672203064,-0.2267695516347885,2.1239497661590576,0.47661590576171875,,,,,,true,1101792,true,true,false,,,,2.5849626064300537,2.5849626064300537,2.5849626064300537,2.5849626064300537,2.5849626064300537,2.5849626064300537,2.5849626064300537,2.5849626064300537,2.5849626064300537,2.5849626064300537,2.5849626064300537,2.4942309856414795,-2.125471830368042,-0.5611887574195862,-0.15194499492645264,0.8031114935874939,1.4221184253692627,-0.805054783821106,0.7029870748519897,0.5986634492874146,0.4010085165500641,0.937602162361145,2.7736430168151855,-0.15194499492645264,0.8031114935874939,1.4221184253692627,2.4942309856414795,-2.125471830368042,-0.5611887574195862,0.4010085165500641,0.937602162361145,2.7736430168151855,-0.805054783821106,0.7029870748519897,0.5986634492874146,-0.03798624873161316,1.0007778406143188,-1.144470453262329,0.6235577464103699,0.26863205432891846,-1.6402971744537354,0.10025212913751602,1.0344005823135376,-0.8377599716186523,-0.2012636959552765,0.975746750831604,-1.3503341674804688,-5.2707977294921875,9.680587768554688,11.336145401000977,-13.965328216552734,-8.229692459106445,-0.17901945114135742,5.595341682434082,-6.305352210998535,19.464506149291992,-0.25336170196533203,14.428901672363281,8.760112762451172,0.0,0.0,0.0,0.0,0.0,0.0,0.0,0.0,0.0,0.0,0.0,0.0
run-0cbf4a31137e48c79a1f61b4bb639a3e,218,,15821018874238,true,1.9765592813491821,0.2871263921260834,,,,-0.08176159113645554,0,-0.8322792649269104,-0.05,-0.05,4.988720893859863,-0.5112137198448181,-0.25079110264778137,2.1502647399902344,0.5221129655838013,,,,,,true,718381,true,true,false,,,,2.5849626064300537,2.5849626064300537,2.5849626064300537,2.5849626064300537,2.5849626064300537,2.5849626064300537,2.5849626064300537,2.5849626064300537,2.5849626064300537,2.5849626064300537,2.5849626064300537,1.151894450187683,-1.8717225790023804,0.6770784258842468,0.14060130715370178,1.3238835334777832,0.973755419254303,-0.5676990747451782,1.2564711570739746,1.0704126358032227,-0.01229601725935936,0.473784863948822,3.5517992973327637,0.14060130715370178,1.3238835334777832,0.973755419254303,1.151894450187683,-1.8717225790023804,0.6770784258842468,-0.01229601725935936,0.473784863948822,3.5517992973327637,-0.5676990747451782,1.2564711570739746,1.0704126358032227,0.035150326788425446,1.1309709548950195,-1.2565611600875854,0.2879736125469208,0.33206936717033386,-1.3307304382324219,-0.00307400431483984,0.9184462428092957,-0.8377599716186523,-0.14192476868629456,1.1141178607940674,-1.2323968410491943,-0.827642560005188,3.6349802017211914,14.025535583496094,-13.182518005371094,8.029631614685059,8.5703125,4.063085079193115,-9.36602783203125,11.823715209960938,3.9946799278259277,6.033310413360596,17.199989318847656,0.0,0.0,0.0,0.0,0.0,0.0,0.0,0.0,0.0,0.0,0.0,0.0
run-0cbf4a31137e48c79a1f61b4bb639a3e,222,,15821066746693,true,2.065809965133667,0.30149009823799133,,,,-0.06915358453989029,0,-0.8288907408714294,-0.05,-0.05,4.991157531738281,-0.6235764622688293,-0.3027396500110626,2.243821859359741,0.5544322729110718,,,,,,true,1075167,true,true,false,,,,2.5849626064300537,2.5849626064300537,2.5849626064300537,2.5849626064300537,2.5849626064300537,2.5849626064300537,2.5849626064300537,2.5849626064300537,2.5849626064300537,2.5849626064300537,2.5849626064300537,1.3551379442214966,-0.5828173756599426,1.704787015914917,0.16578319668769836,0.28781193494796753,2.476741313934326,-0.6094112396240234,1.4762223958969116,1.4633574485778809,-2.124128580093384,2.080958127975464,1.9316761493682861,0.16578319668769836,0.28781193494796753,2.476741313934326,1.3551379442214966,-0.5828173756599426,1.704787015914917,-2.124128580093384,2.080958127975464,1.9316761493682861,-0.6094112396240234,1.4762223958969116,1.4633574485778809,0.04144579917192459,0.871953010559082,-0.8808146715164185,0.33878448605537415,0.6542956829071045,-1.073803186416626,-0.531032145023346,1.320239543914795,-1.0170810222625732,-0.15235280990600586,1.1690555810928345,-1.1341606378555298,1.1638762950897217,-8.821687698364258,17.808183670043945,4.1997880935668945,16.316452026367188,5.908116340637207,-13.427224159240723,7.196350574493408,-9.002537727355957,3.5911641120910645,0.28446388244628906,18.551931381225586,0.0,0.0,0.0,0.0,0.0,0.0,0.0,0.0,0.0,0.0,0.0,0.0
run-0cbf4a31137e48c79a1f61b4bb639a3e,228,,15821119544779,true,2.208193302154541,0.3252847492694855,,,,-0.06215963512659073,0,-0.8313294649124146,-0.05,-0.05,4.992146968841553,-0.7402015328407288,-0.3549805283546448,2.200829029083252,0.32012704014778137,,,,,,true,912031,true,true,false,,,,2.5849626064300537,2.5849626064300537,2.5849626064300537,2.5849626064300537,2.5849626064300537,2.5849626064300537,2.5849626064300537,2.5849626064300537,2.5849626064300537,2.5849626064300537,2.5849626064300537,-0.4460897147655487,0.40356773138046265,1.5079729557037354,-1.8607419729232788,1.3670024871826172,-0.32547399401664734,-0.872455358505249,0.9067226648330688,2.4500277042388916,-1.8386447429656982,-0.18104028701782227,0.05020838975906372,-1.8607419729232788,1.3670024871826172,-0.32547399401664734,-0.4460897147655487,0.40356773138046265,1.5079729557037354,-1.8386447429656982,-0.18104028701782227,0.05020838975906372,-0.872455358505249,0.9067226648330688,2.4500277042388916,-0.4651854932308197,1.1417505741119385,-1.5813684463500977,-0.11152242869138718,0.9008919596672058,-1.123006820678711,-0.45966118574142456,0.7547399401664734,-1.4874478578567505,-0.21811383962631226,1.0266807079315186,-0.8874930739402771,-8.015615463256836,-2.2673778533935547,-8.97707748413086,-6.507303237915039,4.083381175994873,15.334664344787598,3.1698615550994873,-13.589492797851562,-3.4011430740356445,0.6044339537620544,-7.290694236755371,7.404623985290527,0.0,0.0,0.0,0.0,0.0,0.0,0.0,0.0,0.0,0.0,0.0,0.0
run-0cbf4a31137e48c79a1f61b4bb639a3e,234,,15821182666720,true,2.3366291522979736,0.3327459394931793,,,,-0.0876985415816307,0,-0.8269245624542236,-0.05,-0.05,4.988949775695801,-0.6399447917938232,-0.310320645570755,2.0346431732177734,0.3043850362300873,,,,,,true,1556217,true,true,false,,,,2.5849626064300537,2.5849626064300537,2.5849626064300537,2.5849626064300537,2.5849626064300537,2.5849626064300537,2.5849626064300537,2.5849626064300537,2.5849626064300537,2.5849626064300537,2.5849626064300537,-0.9253223538398743,0.4270486831665039,2.411214828491211,-2.8045592308044434,-2.4596266746520996,-1.6991568803787231,1.6257504224777222,1.113277792930603,0.6982730031013489,-0.8489660620689392,-0.6086096167564392,-0.8054565191268921,-2.8045592308044434,-2.4596266746520996,-1.6991568803787231,-0.9253223538398743,0.4270486831665039,2.411214828491211,-0.8489660620689392,-0.6086096167564392,-0.8054565191268921,1.6257504224777222,1.113277792930603,0.6982730031013489,-0.7011398077011108,0.18509334325790405,-1.9247891902923584,-0.23133058845996857,0.9067621827125549,-0.8971962928771973,-0.2122415155172348,0.647847592830658,-1.7013641595840454,0.40643760561943054,1.0783194303512573,-1.3254317045211792,0.34789133071899414,-20.013769149780273,-4.337712287902832,-5.363158226013184,-5.3190813064575195,18.398696899414062,9.566838264465332,0.8908519744873047,-1.8708305358886719,16.269126892089844,-0.47886717319488525,-14.818153381347656,0.0,0.0,0.0,0.0,0.0,0.0,0.0,0.0,0.0,0.0,0.0,0.0
run-0cbf4a31137e48c79a1f61b4bb639a3e,238,,15821219409390,true,2.4159374237060547,0.3366072475910187,,,,-0.09933143854141235,0,-0.8331766128540039,-0.05,-0.05,4.986616611480713,-0.5965385437011719,-0.2906031608581543,1.909724235534668,0.27302658557891846,,,,,,true,323894,true,true,false,,,,2.5849626064300537,2.5849626064300537,2.5849626064300537,2.5849626064300537,2.5849626064300537,2.5849626064300537,2.5849626064300537,2.5849626064300537,2.5849626064300537,2.5849626064300537,2.5849626064300537,0.20319506525993347,0.43812650442123413,3.4282472133636475,-0.21786025166511536,-3.481368064880371,-0.32182982563972473,2.0562212467193604,-0.5339341163635254,-0.7042138576507568,0.04985371604561806,0.25816264748573303,0.8472380638122559,-0.21786025166511536,-3.481368064880371,-0.32182982563972473,0.20319506525993347,0.43812650442123413,3.4282472133636475,0.04985371604561806,0.25816264748573303,0.8472380638122559,2.0562212467193604,-0.5339341163635254,-0.7042138576507568,-0.05446506291627884,-0.07034200429916382,-1.5804574489593506,0.05079876631498337,0.9095316529273987,-0.8377599716186523,0.012463429011404514,0.864540696144104,-1.288190484046936,0.5140553116798401,0.6665164828300476,-1.676053524017334,14.870586395263672,-0.3420429229736328,6.356608867645264,3.1880722045898438,-8.587410926818848,15.268418312072754,2.4635705947875977,9.381047248840332,11.827474594116211,0.13175582885742188,-11.206167221069336,-6.973690509796143,0.0,0.0,0.0,0.0,0.0,0.0,0.0,0.0,0.0,0.0,0.0,0.0
run-0cbf4a31137e48c79a1f61b4bb639a3e,244,,15821281675759,true,2.530200242996216,0.3413231670856476,,,,-0.1182996854186058,0,-0.8368771076202393,-0.05,-0.05,4.981558799743652,-0.5200904607772827,-0.25531187653541565,2.0287563800811768,0.3479604125022888,,,,,,true,1019449,true,true,false,,,,2.5849626064300537,2.5849626064300537,2.5849626064300537,2.5849626064300537,2.5849626064300537,2.5849626064300537,2.5849626064300537,2.5849626064300537,2.5849626064300537,2.5849626064300537,2.5849626064300537,3.3040411472320557,0.08951066434383392,0.09255293756723404,0.47801417112350464,-0.7426960468292236,0.5028645396232605,0.7424967288970947,-0.7410900592803955,-0.8515087962150574,0.14203563332557678,1.5683205127716064,1.297806978225708,0.47801417112350464,-0.7426960468292236,0.5028645396232605,3.3040411472320557,0.08951066434383392,0.09255293756723404,0.14203563332557678,1.5683205127716064,1.297806978225708,0.7424967288970947,-0.7410900592803955,-0.8515087962150574,0.11950354278087616,0.614326000213623,-1.3742839097976685,0.8260102868080139,0.8223776817321777,-1.4768617153167725,0.035508908331394196,1.1920801401138306,-1.1755483150482178,0.18562418222427368,0.6147274971008301,-1.7128771543502808,-2.5715932846069336,22.903636932373047,3.7173874378204346,8.233924865722656,-10.89966869354248,-5.327333927154541,2.8095710277557373,3.231996536254883,19.934669494628906,-10.60040283203125,7.598400592803955,4.691960334777832,0.0,0.0,0.0,0.0,0.0,0.0,0.0,0.0,0.0,0.0,0.0,0.0
run-0cbf4a31137e48c79a1f61b4bb639a3e,248,,15821318937287,true,2.6179416179656982,0.34864625334739685,,,,-0.12191177904605865,0,-0.8304815292358398,-0.05,-0.05,4.9808759689331055,-0.529209554195404,-0.259625643491745,2.2068490982055664,0.49814754724502563,,,,,,true,1166145,true,true,false,,,,2.5849626064300537,2.5849626064300537,2.5849626064300537,2.5849626064300537,2.5849626064300537,2.5849626064300537,2.5849626064300537,2.5849626064300537,2.5849626064300537,2.5849626064300537,2.5849626064300537,2.8350579738616943,-1.6990886926651,-0.911478579044342,0.09171158820390701,0.3892768621444702,1.5075805187225342,-0.8484612703323364,0.2529776990413666,-0.1887318342924118,0.2796308100223541,1.7013537883758545,1.7828567028045654,0.09171158820390701,0.3892768621444702,1.5075805187225342,2.8350579738616943,-1.6990886926651,-0.911478579044342,0.2796308100223541,1.7013537883758545,1.7828567028045654,-0.8484612703323364,0.2529776990413666,-0.1887318342924118,0.022927897050976753,0.8973191976547241,-1.1231048107147217,0.7087644934654236,0.37522783875465393,-1.7278696298599243,0.06990770250558853,1.2253384590148926,-1.0542857646942139,-0.2121153175830841,0.8632444143295288,-1.5471829175949097,-5.644167423248291,9.535238265991211,7.403049945831299,-11.103959083557129,-11.904603958129883,-5.247786521911621,5.298681259155273,-0.7582583427429199,18.20975685119629,-7.7530059814453125,14.555095672607422,5.755706787109375,0.0,0.0,0.0,0.0,0.0,0.0,0.0,0.0,0.0,0.0,0.0,0.0
run-0cbf4a31137e48c79a1f61b4bb639a3e,254,,15821380190038,true,2.7573649883270264,0.3657058775424957,,,,-0.12385999411344528,0,-0.8304556012153625,-0.05,-0.05,4.981362819671631,-0.5812582969665527,-0.28384003043174744,2.2434444427490234,0.5719040036201477,,,,,,true,346811,true,true,false,,,,2.5849626064300537,2.5849626064300537,2.5849626064300537,2.5849626064300537,2.5849626064300537,2.5849626064300537,2.5849626064300537,2.5849626064300537,2.5849626064300537,2.5849626064300537,2.5849626064300537,1.2696114778518677,-1.4879015684127808,0.7995927929878235,0.23710551857948303,1.289854645729065,0.8280284404754639,-0.5841152667999268,1.313430905342102,0.9910473227500916,-0.36922213435173035,0.717258632183075,3.32905912399292,0.23710551857948303,1.289854645729065,0.8280284404754639,1.2696114778518677,-1.4879015684127808,0.7995927929878235,-0.36922213435173035,0.717258632183075,3.32905912399292,-0.5841152667999268,1.313430905342102,0.9910473227500916,0.05927637964487076,1.1224637031555176,-1.2929928302764893,0.3174028694629669,0.42802461981773376,-1.3001017570495605,-0.09230553358793259,0.9793146848678589,-0.8377599716186523,-0.1460288166999817,1.1283577680587769,-1.252238154411316,0.51485276222229,1.5999541282653809,15.17689037322998,-5.981688499450684,11.81386947631836,7.778739929199219,3.745115041732788,-6.929451942443848,7.187651634216309,1.8845083713531494,3.3656206130981445,20.652406692504883,0.0,0.0,0.0,0.0,0.0,0.0,0.0,0.0,0.0,0.0,0.0,0.0
run-0cbf4a31137e48c79a1f61b4bb639a3e,258,,15821428858650,true,2.860830545425415,0.3804662525653839,,,,-0.1103179007768631,0,-0.8256388902664185,-0.05,-0.05,4.986032962799072,-0.7037224769592285,-0.33920878171920776,2.354235887527466,0.6198655366897583,,,,,,true,557090,true,true,false,,,,2.5849626064300537,2.5849626064300537,2.5849626064300537,2.5849626064300537,2.5849626064300537,2.5849626064300537,2.5849626064300537,2.5849626064300537,2.5849626064300537,2.5849626064300537,2.5849626064300537,1.1873728036880493,-0.4387742280960083,2.030005931854248,0.07802168279886246,0.2847401201725006,2.4769763946533203,-0.4915028512477875,1.803669810295105,1.5254651308059692,-2.378195285797119,1.988631248474121,1.5047755241394043,0.07802168279886246,0.2847401201725006,2.4769763946533203,1.1873728036880493,-0.4387742280960083,2.030005931854248,-2.378195285797119,1.988631248474121,1.5047755241394043,-0.4915028512477875,1.803669810295105,1.5254651308059692,0.019505420699715614,0.8711850643157959,-0.8807559013366699,0.29684320092201233,0.6903064250946045,-0.992498517036438,-0.5945488214492798,1.2971577644348145,-1.123806118965149,-0.12287571281194687,1.2509174346923828,-1.11863374710083,0.7269720435142517,-9.217259407043457,16.740713119506836,4.372032642364502,13.634056091308594,6.7177042961120605,-15.74530029296875,8.042195320129395,-10.618485450744629,1.6313526630401611,1.481506109237671,17.993228912353516,0.0,0.0,0.0,0.0,0.0,0.0,0.0,0.0,0.0,0.0,0.0,0.0
run-0cbf4a31137e48c79a1f61b4bb639a3e,264,,15821478958342,true,2.9871954917907715,0.39356839656829834,,,,-0.1135268360376358,0,-0.8298894166946411,-0.05,-0.05,4.985927104949951,-0.7372236251831055,-0.35407400131225586,2.2347259521484375,0.3132850229740143,,,,,,true,177175,true,true,false,,,,2.5849626064300537,2.5849626064300537,2.5849626064300537,2.5849626064300537,2.5849626064300537,2.5849626064300537,2.5849626064300537,2.5849626064300537,2.5849626064300537,2.5849626064300537,2.5849626064300537,-0.29587695002555847,0.43217378854751587,1.474557876586914,-2.0148324966430664,1.0142945051193237,-0.6736176609992981,-0.7411466836929321,0.778119683265686,2.421619415283203,-1.717024803161621,-0.22893595695495605,-0.09676837921142578,-2.0148324966430664,1.0142945051193237,-0.6736176609992981,-0.29587695002555847,0.43217378854751587,1.474557876586914,-1.717024803161621,-0.22893595695495605,-0.09676837921142578,-0.7411466836929321,0.778119683265686,2.421619415283203,-0.5037081241607666,1.0535736083984375,-1.668404459953308,-0.07396923750638962,0.9080434441566467,-1.1313605308532715,-0.4292562007904053,0.7427660226821899,-1.5241920948028564,-0.18528667092323303,0.9945299625396729,-0.8945951461791992,-7.74949836730957,-6.5540337562561035,-9.567508697509766,-4.251513481140137,3.143486976623535,15.03256893157959,5.380038261413574,-11.997501373291016,-0.05910015106201172,1.6249233484268188,-7.768106937408447,3.9426488876342773,0.0,0.0,0.0,0.0,0.0,0.0,0.0,0.0,0.0,0.0,0.0,0.0
run-0cbf4a31137e48c79a1f61b4bb639a3e,268,,15821522175823,true,3.0797979831695557,0.39606231451034546,,,,-0.13910971581935883,0,-0.8262063264846802,-0.05,-0.05,4.978543281555176,-0.61993807554245,-0.30179575085639954,2.1170997619628906,0.3820328116416931,,,,,,true,846485,true,true,false,,,,2.5849626064300537,2.5849626064300537,2.5849626064300537,2.5849626064300537,2.5849626064300537,2.5849626064300537,2.5849626064300537,2.5849626064300537,2.5849626064300537,2.5849626064300537,2.5849626064300537,-0.7747482061386108,0.30693691968917847,2.0817930698394775,-2.8728253841400146,-1.66303551197052,-1.5986604690551758,1.094928503036499,1.094359278678894,1.0799546241760254,-1.1479209661483765,-0.5239744782447815,-0.6770868301391602,-2.8728253841400146,-1.66303551197052,-1.5986604690551758,-0.7747482061386108,0.30693691968917847,2.0817930698394775,-1.1479209661483765,-0.5239744782447815,-0.6770868301391602,1.094928503036499,1.094359278678894,1.0799546241760254,-0.7182063460350037,0.38424113392829895,-1.899665117263794,-0.1936870515346527,0.8767342567443848,-0.9795517325401306,-0.2869802415370941,0.6690064072608948,-1.66927170753479,0.27373212575912476,1.07358980178833,-1.2300113439559937,-2.3495306968688965,-19.324432373046875,-4.7931976318359375,-4.771839141845703,-4.087555885314941,15.348626136779785,8.794767379760742,-1.533559799194336,-1.885995864868164,12.963253021240234,-0.13918495178222656,-13.852880477905273,0.0,0.0,0.0,0.0,0.0,0.0,0.0,0.0,0.0,0.0,0.0,0.0
run-0cbf4a31137e48c79a1f61b4bb639a3e,274,,15821579583877,true,3.2024972438812256,0.4003771245479584,,,,-0.17126673460006714,0,-0.8349062204360962,-0.05,-0.05,4.965307235717773,-0.47645941376686096,-0.23544496297836304,1.9392884969711304,0.36384695768356323,,,,,,true,393503,true,true,false,,,,2.5849626064300537,2.5849626064300537,2.5849626064300537,2.5849626064300537,2.5849626064300537,2.5849626064300537,2.5849626064300537,2.5849626064300537,2.5849626064300537,2.5849626064300537,2.5849626064300537,1.2748970985412598,0.9568962454795837,2.1739559173583984,0.14842700958251953,-3.356560707092285,-0.12899544835090637,1.6921464204788208,-0.8044053316116333,-0.9697603583335876,-0.15600654482841492,0.5541420578956604,1.5916962623596191,0.14842700958251953,-3.356560707092285,-0.12899544835090637,1.2748970985412598,0.9568962454795837,2.1739559173583984,-0.15600654482841492,0.5541420578956604,1.5916962623596191,1.6921464204788208,-0.8044053316116333,-0.9697603583335876,0.03710675239562988,-0.039140164852142334,-1.532248854637146,0.31872427463531494,1.0392240285873413,-0.9565110206604004,-0.03900163620710373,0.9385355114936829,-1.1020759344100952,0.4230366051197052,0.5988986492156982,-1.742440104484558,11.284318923950195,6.877629280090332,6.087873458862305,10.784971237182617,-4.05362606048584,0.7291698455810547,-3.9967153072357178,9.586523056030273,13.846561431884766,-7.617119789123535,-9.159902572631836,-4.709384441375732,0.0,0.0,0.0,0.0,0.0,0.0,0.0,0.0,0.0,0.0,0.0,0.0
run-0cbf4a31137e48c79a1f61b4bb639a3e,280,,15821639358043,true,3.3212764263153076,0.40407973527908325,,,,-0.20799195766448975,0,-0.8274838924407959,-0.05,-0.05,4.9444966316223145,-0.3069600462913513,-0.15397442877292633,2.0846524238586426,0.5403867959976196,,,,,,true,735374,true,true,false,,,,2.5849626064300537,2.5849626064300537,2.5849626064300537,2.5849626064300537,2.5849626064300537,2.5849626064300537,2.5849626064300537,2.5849626064300537,2.5849626064300537,2.5849626064300537,2.5849626064300537,3.6353607177734375,-0.11974944174289703,-0.4886097013950348,0.32966554164886475,-0.4506455659866333,0.9850098490715027,0.38337209820747375,-0.9561277627944946,-0.9421995878219604,0.07576301693916321,1.739687204360962,1.1564011573791504,0.32966554164886475,-0.4506455659866333,0.9850098490715027,3.6353607177734375,-0.11974944174289703,-0.4886097013950348,0.07576301693916321,1.739687204360962,1.1564011573791504,0.38337209820747375,-0.9561277627944946,-0.9421995878219604,0.08241638541221619,0.6873385906219482,-1.253747582435608,0.9088401794433594,0.7700626254081726,-1.6221524477005005,0.018940754234790802,1.2349218130111694,-1.2108997106552124,0.09584302455186844,0.5609680414199829,-1.7355499267578125,-4.815438270568848,28.202707290649414,7.340197563171387,13.676671981811523,-8.932241439819336,-17.15827178955078,2.5430185794830322,5.570440769195557,15.030013084411621,-12.309087753295898,7.166275978088379,2.495304584503174,0.0,0.0,0.0,0.0,0.0,0.0,0.0,0.0,0.0,0.0,0.0,0.0
run-0cbf4a31137e48c79a1f61b4bb639a3e,284,,15821682369223,true,3.4122660160064697,0.4101533889770508,,,,-0.21651962399482727,0,-0.8262953758239746,-0.05,-0.05,4.93997049331665,-0.28889021277427673,-0.1451718807220459,2.2410945892333984,0.6698967814445496,,,,,,true,96519,true,true,false,,,,2.5849626064300537,2.5849626064300537,2.5849626064300537,2.5849626064300537,2.5849626064300537,2.5849626064300537,2.5849626064300537,2.5849626064300537,2.5849626064300537,2.5849626064300537,2.5849626064300537,2.2190630435943604,-1.9215983152389526,-0.8703846335411072,0.1220020279288292,0.5052543878555298,1.604994535446167,-0.8585052490234375,0.6299495697021484,0.6215131878852844,0.22006061673164368,1.1513655185699463,2.452019214630127,0.1220020279288292,0.5052543878555298,1.604994535446167,2.2190630435943604,-1.9215983152389526,-0.8703846335411072,0.22006061673164368,1.1513655185699463,2.452019214630127,-0.8585052490234375,0.6299495697021484,0.6215131878852844,0.0305005069822073,0.9263136386871338,-1.0987513065338135,0.5547657608985901,0.3196004331111908,-1.717596173286438,0.05501515418291092,1.0878413915634155,-0.8869951963424683,-0.21462631225585938,0.9574874043464661,-1.3446216583251953,-3.8609964847564697,11.156259536743164,9.094671249389648,-14.233549118041992,-10.326151847839355,1.9354591369628906,5.199256896972656,-3.249837636947632,15.808233261108398,-4.226129531860352,15.566878318786621,8.71958065032959,0.0,0.0,0.0,0.0,0.0,0.0,0.0,0.0,0.0,0.0,0.0,0.0
run-0cbf4a31137e48c79a1f61b4bb639a3e,290,,15821739611131,true,3.5487873554229736,0.4217831790447235,,,,-0.21228057146072388,0,-0.8250832557678223,-0.05,-0.05,4.94542121887207,-0.3587407171726227,-0.17940020561218262,2.179196834564209,0.6276648640632629,,,,,,true,42413,true,true,false,,,,2.5849626064300537,2.5849626064300537,2.5849626064300537,2.5849626064300537,2.5849626064300537,2.5849626064300537,2.5849626064300537,2.5849626064300537,2.5849626064300537,2.5849626064300537,2.5849626064300537,1.145691990852356,-1.5488250255584717,0.8912519812583923,0.15208685398101807,1.3552937507629395,1.0303505659103394,-0.4932951033115387,1.1141525506973267,1.1557426452636719,-0.3332127034664154,0.5532189607620239,3.6371641159057617,0.15208685398101807,1.3552937507629395,1.0303505659103394,1.145691990852356,-1.5488250255584717,0.8912519812583923,-0.3332127034664154,0.5532189607620239,3.6371641159057617,-0.4932951033115387,1.1141525506973267,1.1557426452636719,0.03802171349525452,1.1388235092163086,-1.2424123287200928,0.286422997713089,0.41279375553131104,-1.2771869897842407,-0.08330317586660385,0.9383047819137573,-0.8377599716186523,-0.12332377582788467,1.078538179397583,-1.211064338684082,1.8417423963546753,2.602895736694336,15.393219947814941,-7.156056880950928,12.547096252441406,8.61491584777832,2.293602466583252,-6.427922248840332,3.6232590675354004,3.7275538444519043,0.02548074722290039,21.312068939208984,0.0,0.0,0.0,0.0,0.0,0.0,0.0,0.0,0.0,0.0,0.0,0.0
run-0cbf4a31137e48c79a1f61b4bb639a3e,294,,15821779758574,true,3.646324634552002,0.42912790179252625,,,,-0.192318856716156,0,-0.817493200302124,-0.05,-0.05,4.95925235748291,-0.49356597661972046,-0.24385900795459747,2.3032588958740234,0.6621716618537903,,,,,,true,422906,true,true,false,,,,2.5849626064300537,2.5849626064300537,2.5849626064300537,2.5849626064300537,2.5849626064300537,2.5849626064300537,2.5849626064300537,2.5849626064300537,2.5849626064300537,2.5849626064300537,2.5849626064300537,1.189198613166809,-0.3074873089790344,2.0707926750183105,0.037586458027362823,0.5233086943626404,2.437342882156372,-0.3801599442958832,1.5077580213546753,1.8235642910003662,-2.479921579360962,2.134974241256714,1.4277191162109375,0.037586458027362823,0.5233086943626404,2.437342882156372,1.189198613166809,-0.3074873089790344,2.0707926750183105,-2.479921579360962,2.134974241256714,1.4277191162109375,-0.3801599442958832,1.5077580213546753,1.8235642910003662,0.009396614506840706,0.9308272004127502,-0.890664279460907,0.29729965329170227,0.7231281995773315,-0.9823018312454224,-0.6199803948402405,1.3337435722351074,-1.1430702209472656,-0.0950399860739708,1.1769394874572754,-1.0441088676452637,2.711730718612671,-6.813776969909668,15.736515998840332,3.505786895751953,14.125131607055664,5.455298900604248,-15.224109649658203,5.529508113861084,-7.690281867980957,4.004885673522949,-1.7247636318206787,19.45923614501953,0.0,0.0,0.0,0.0,0.0,0.0,0.0,0.0,0.0,0.0,0.0,0.0
run-0cbf4a31137e48c79a1f61b4bb639a3e,298,,15821819736931,true,3.7358741760253906,0.434450626373291,,,,-0.17989759147167206,0,-0.8356004357337952,-0.05,-0.05,4.966823577880859,-0.5824971199035645,-0.2852011024951935,2.257566213607788,0.419364869594574,,,,,,true,655757,true,true,false,,,,2.5849626064300537,2.5849626064300537,2.5849626064300537,2.5849626064300537,2.5849626064300537,2.5849626064300537,2.5849626064300537,2.5849626064300537,2.5849626064300537,2.5849626064300537,2.5849626064300537,-0.1637200117111206,0.5410234928131104,1.6885130405426025,-1.7792750597000122,1.5599803924560547,-0.10837487131357193,-0.8397319316864014,1.185848355293274,2.2908804416656494,-1.856514573097229,0.05708491802215576,0.1660982370376587,-1.7792750597000122,1.5599803924560547,-0.10837487131357193,-0.1637200117111206,0.5410234928131104,1.6885130405426025,-1.856514573097229,0.05708491802215576,0.1660982370376587,-0.8397319316864014,1.185848355293274,2.2908804416656494,-0.44481876492500305,1.1899950504302979,-1.527093768119812,-0.04093000292778015,0.9352558851242065,-1.0778717994689941,-0.46412864327430725,0.8142712116241455,-1.4584754705429077,-0.20993298292160034,1.0964621305465698,-0.9272798895835876,-8.09192180633545,-0.03592026233673096,-10.796961784362793,-6.2850236892700195,7.130861282348633,16.261383056640625,2.5982890129089355,-13.253471374511719,-2.2236900329589844,0.968472421169281,-5.966302394866943,10.470108032226562,0.0,0.0,0.0,0.0,0.0,0.0,0.0,0.0,0.0,0.0,0.0,0.0
run-0cbf4a31137e48c79a1f61b4bb639a3e,304,,15821878964152,true,3.8738884925842285,0.43074461817741394,,,,-0.20081636309623718,0,-0.8331107497215271,-0.05,-0.05,4.956191539764404,-0.47274208068847656,-0.2340886890888214,2.1052939891815186,0.3518868684768677,,,,,,true,1024852,true,true,false,,,,2.5849626064300537,2.5849626064300537,2.5849626064300537,2.5849626064300537,2.5849626064300537,2.5849626064300537,2.5849626064300537,2.5849626064300537,2.5849626064300537,2.5849626064300537,2.5849626064300537,-0.8533807992935181,0.34967684745788574,2.257580280303955,-2.9798014163970947,-1.968662977218628,-1.7656699419021606,1.2649356126785278,1.167312741279602,0.9999793171882629,-1.1806656122207642,-0.6902065873146057,-0.8207049369812012,-2.9798014163970947,-1.968662977218628,-1.7656699419021606,-0.8533807992935181,0.34967684745788574,2.257580280303955,-1.1806656122207642,-0.6902065873146057,-0.8207049369812012,1.2649356126785278,1.167312741279602,0.9999793171882629,-0.7449503540992737,0.307834267616272,-1.9414174556732178,-0.21334519982337952,0.8874192237854004,-0.9356049299240112,-0.29516640305519104,0.6274483799934387,-1.7051762342453003,0.31623390316963196,1.0918282270431519,-1.2500051259994507,-1.020216464996338,-19.601770401000977,-7.239132404327393,-5.861285209655762,-4.559970378875732,16.037124633789062,9.284832000732422,-1.2012510299682617,-5.271289825439453,13.655143737792969,1.452262282371521,-13.124845504760742,0.0,0.0,0.0,0.0,0.0,0.0,0.0,0.0,0.0,0.0,0.0,0.0
run-0cbf4a31137e48c79a1f61b4bb639a3e,310,,15821939484099,true,3.991835117340088,0.42619648575782776,,,,-0.22304382920265198,0,-0.8408540487289429,-0.05,-0.05,4.942530155181885,-0.35189494490623474,-0.17614856362342834,1.9568556547164917,0.3057056665420532,,,,,,true,1599571,true,true,false,,,,2.5849626064300537,2.5849626064300537,2.5849626064300537,2.5849626064300537,2.5849626064300537,2.5849626064300537,2.5849626064300537,2.5849626064300537,2.5849626064300537,2.5849626064300537,2.5849626064300537,1.5845316648483276,1.184680461883545,1.9552888870239258,0.2225956916809082,-3.443674325942993,-0.07045469433069229,1.6215590238571167,-0.8685683012008667,-0.9039929509162903,-0.3442715108394623,0.6985992193222046,1.800749659538269,0.2225956916809082,-3.443674325942993,-0.07045469433069229,1.5845316648483276,1.184680461883545,1.9552888870239258,-0.3442715108394623,0.6985992193222046,1.800749659538269,1.6215590238571167,-0.8685683012008667,-0.9039929509162903,0.05564892292022705,-0.060918569564819336,-1.5176136493682861,0.3961329162120819,1.09617018699646,-1.0111777782440186,-0.08606787770986557,0.9746497869491577,-1.0498125553131104,0.4053897559642792,0.5828579664230347,-1.7259982824325562,13.582972526550293,7.698659896850586,8.250396728515625,13.455471992492676,-1.1491063833236694,-3.3550853729248047,-4.937486171722412,12.178417205810547,17.054641723632812,-8.558879852294922,-9.631550788879395,-5.641709804534912,0.0,0.0,0.0,0.0,0.0,0.0,0.0,0.0,0.0,0.0,0.0,0.0
run-0cbf4a31137e48c79a1f61b4bb639a3e,314,,15821983375659,true,4.072541236877441,0.42211833596229553,,,,-0.23762689530849457,0,-0.8471373915672302,-0.05,-0.05,4.888359069824219,-0.2759653329849243,-0.140207901597023,2.0256738662719727,0.39304009079933167,,,,,,true,21347,true,true,false,,,,2.5849626064300537,2.5849626064300537,2.5849626064300537,2.5849626064300537,2.5849626064300537,2.5849626064300537,2.5849626064300537,2.5849626064300537,2.5849626064300537,2.5849626064300537,2.5849626064300537,3.516453742980957,0.37465959787368774,0.30291029810905457,0.17649304866790771,-1.2103254795074463,0.5803890228271484,0.9977779388427734,-1.0836867094039917,-0.9173229336738586,0.08737781643867493,1.3883335590362549,1.438443899154663,0.17649304866790771,-1.2103254795074463,0.5803890228271484,3.516453742980957,0.37465959787368774,0.30291029810905457,0.08737781643867493,1.3883335590362549,1.438443899154663,0.9977779388427734,-1.0836867094039917,-0.9173229336738586,0.04412326216697693,0.4974186420440674,-1.354902744293213,0.8791134357452393,0.8936648964881897,-1.4242724180221558,0.02184445410966873,1.1470834016799927,-1.1403889656066895,0.24944448471069336,0.5290783643722534,-1.7293307781219482,-3.9552671909332275,24.990808486938477,3.547840118408203,13.489543914794922,-7.863068103790283,-8.766324996948242,0.6344671845436096,4.523725986480713,20.000661849975586,-11.738982200622559,3.639467239379883,3.150364398956299,0.0,0.0,0.0,0.0,0.0,0.0,0.0,0.0,0.0,0.0,0.0,0.0
run-0cbf4a31137e48c79a1f61b4bb639a3e,320,,15822039079491,true,4.211630821228027,0.42095428705215454,,,,-0.23520536720752716,0,-0.8583230376243591,-0.05,-0.05,4.754629135131836,-0.31685590744018555,-0.16508762538433075,2.2309317588806152,0.5710315704345703,,,,,,true,835480,true,true,false,,,,2.5849626064300537,2.5849626064300537,2.5849626064300537,2.5849626064300537,2.5849626064300537,2.5849626064300537,2.5849626064300537,2.5849626064300537,2.5849626064300537,2.5849626064300537,2.5849626064300537,2.6578428745269775,-2.108473300933838,-0.6318925023078918,-0.32698920369148254,1.0083823204040527,1.301952600479126,-0.7681655883789062,0.7194111347198486,0.6948270201683044,0.4245246350765228,1.0475491285324097,2.6966545581817627,-0.32698920369148254,1.0083823204040527,1.301952600479126,2.6578428745269775,-2.108473300933838,-0.6318925023078918,0.4245246350765228,1.0475491285324097,2.6966545581817627,-0.7681655883789062,0.7194111347198486,0.6948270201683044,-0.08174730092287064,1.052095651626587,-1.1745119094848633,0.6644607186317444,0.2728816866874695,-1.6579731702804565,0.1061311587691307,1.061887264251709,-0.8377599716186523,-0.19204139709472656,0.9798527956008911,-1.3262932300567627,-6.558751106262207,12.581106185913086,12.648388862609863,-13.872066497802734,-8.16942024230957,0.22249126434326172,6.153421878814697,-5.970233917236328,21.627355575561523,-0.8604001998901367,15.623523712158203,10.383285522460938,0.0,0.0,0.0,0.0,0.0,0.0,0.0,0.0,0.0,0.0,0.0,0.0
run-0cbf4a31137e48c79a1f61b4bb639a3e,324,,15822078914951,true,4.3002166748046875,0.4240126311779022,,,,-0.23844827711582184,0,-0.8675003051757812,-0.05,-0.05,4.666955947875977,-0.33196544647216797,-0.17598794400691986,2.2785356044769287,0.6110711097717285,,,,,,true,1033480,true,true,false,,,,2.5849626064300537,2.5849626064300537,2.5849626064300537,2.5849626064300537,2.5849626064300537,2.5849626064300537,2.5849626064300537,2.5849626064300537,2.5849626064300537,2.5849626064300537,2.5849626064300537,1.2979627847671509,-1.9098294973373413,0.6568342447280884,-0.01740259677171707,1.5342848300933838,0.976000964641571,-0.5594164133071899,1.2177746295928955,1.2319862842559814,0.08477228879928589,0.5246971249580383,3.576167583465576,-0.01740259677171707,1.5342848300933838,0.976000964641571,1.2979627847671509,-1.9098294973373413,0.6568342447280884,0.08477228879928589,0.5246971249580383,3.576167583465576,-0.5594164133071899,1.2177746295928955,1.2319862842559814,-0.004350649192929268,1.183571219444275,-1.2559998035430908,0.3244906961917877,0.32254263758659363,-1.3357914686203003,0.021193072199821472,0.9311742782592773,-0.8377599716186523,-0.13985410332679749,1.1044436693191528,-1.1920034885406494,-1.341052532196045,6.007893085479736,15.711654663085938,-12.564980506896973,8.304595947265625,8.455812454223633,5.716230869293213,-9.444693565368652,14.049848556518555,3.5785160064697266,5.952548503875732,18.187313079833984,0.0,0.0,0.0,0.0,0.0,0.0,0.0,0.0,0.0,0.0,0.0,0.0
run-0cbf4a31137e48c79a1f61b4bb639a3e,330,,15822139908236,true,4.451599597930908,0.4291338324546814,,,,-0.21961170434951782,0,-0.8877586722373962,-0.05,-0.05,4.532644748687744,-0.47499987483024597,-0.2562295198440552,2.4356515407562256,0.6841962337493896,,,,,,true,635814,true,true,false,,,,2.5849626064300537,2.5849626064300537,2.5849626064300537,2.5849626064300537,2.5849626064300537,2.5849626064300537,2.5849626064300537,2.5849626064300537,2.5849626064300537,2.5849626064300537,2.5849626064300537,1.0002466440200806,-0.437656044960022,2.4557032585144043,-0.9064165949821472,1.030930995941162,0.7724024057388306,-0.1538616120815277,1.5205484628677368,1.7768166065216064,-1.8049825429916382,1.3629610538482666,1.0610758066177368,-0.9064165949821472,1.030930995941162,0.7724024057388306,1.0002466440200806,-0.437656044960022,2.4557032585144043,-1.8049825429916382,1.3629610538482666,1.0610758066177368,-0.1538616120815277,1.5205484628677368,1.7768166065216064,-0.2266041487455368,1.0577328205108643,-1.3068994283676147,0.25006166100502014,0.6905859708786011,-0.8860741853713989,-0.45124563574790955,1.1407402753829956,-1.2347310781478882,-0.03846540302038193,1.1801371574401855,-1.0557959079742432,-5.472475528717041,-2.709890365600586,-3.5042271614074707,3.782036066055298,9.975818634033203,6.133617401123047,-7.455280303955078,-0.6781308054924011,-9.236527442932129,5.474812030792236,-1.8207483291625977,14.346982955932617,0.0,0.0,0.0,0.0,0.0,0.0,0.0,0.0,0.0,0.0,0.0,0.0
run-0cbf4a31137e48c79a1f61b4bb639a3e,334,,15822179378910,true,4.544768810272217,0.4301275908946991,,,,-0.21965382993221283,0,-0.8977708220481873,-0.05,-0.05,4.441906452178955,-0.4984950125217438,-0.27353131771087646,2.322314739227295,0.3957047462463379,,,,,,true,194868,true,true,false,,,,2.5849626064300537,2.5849626064300537,2.5849626064300537,2.5849626064300537,2.5849626064300537,2.5849626064300537,2.5849626064300537,2.5849626064300537,2.5849626064300537,2.5849626064300537,2.5849626064300537,-0.42190980911254883,0.24004893004894257,1.565532922744751,-2.0726234912872314,0.9720427989959717,-0.1990339457988739,-0.6813046932220459,0.7304362058639526,2.5188162326812744,-1.7848140001296997,-0.42451393604278564,0.2970091700553894,-2.0726234912872314,0.9720427989959717,-0.1990339457988739,-0.42190980911254883,0.24004893004894257,1.565532922744751,-1.7848140001296997,-0.42451393604278564,0.2970091700553894,-0.6813046932220459,0.7304362058639526,2.5188162326812744,-0.5181558728218079,1.0430107116699219,-1.5497584342956543,-0.10547745227813721,0.8600122332572937,-1.108616828918457,-0.4462035000324249,0.6938714981079102,-1.4257477521896362,-0.17032617330551147,0.9826090335845947,-0.8702959418296814,-8.975173950195312,-4.021469593048096,-8.65816593170166,-7.021491527557373,2.9541220664978027,13.879570007324219,3.9996225833892822,-14.618865013122559,-1.9749383926391602,1.2021225690841675,-7.45009708404541,5.120121955871582,0.0,0.0,0.0,0.0,0.0,0.0,0.0,0.0,0.0,0.0,0.0,0.0
run-0cbf4a31137e48c79a1f61b4bb639a3e,340,,15822238908343,true,4.684258937835693,0.4205250144004822,,,,-0.25200894474983215,0,-0.9060035347938538,-0.05,-0.05,4.2842793464660645,-0.3491964638233185,-0.2010142207145691,2.110675811767578,0.3895746171474457,,,,,,true,197660,true,true,false,,,,2.5849626064300537,2.5849626064300537,2.5849626064300537,2.5849626064300537,2.5849626064300537,2.5849626064300537,2.5849626064300537,2.5849626064300537,2.5849626064300537,2.5849626064300537,2.5849626064300537,-1.120503306388855,0.22226481139659882,3.0106699466705322,-2.207561731338501,-3.08209490776062,-1.6932158470153809,2.0292341709136963,0.9220242500305176,0.5013030171394348,-0.3949337303638458,-0.7024808526039124,-0.6950317025184631,-2.207561731338501,-3.08209490776062,-1.6932158470153809,-1.120503306388855,0.22226481139659882,3.0106699466705322,-0.3949337303638458,-0.7024808526039124,-0.6950317025184631,2.0292341709136963,0.9220242500305176,0.5013030171394348,-0.5518904328346252,0.029476284980773926,-1.9233039617538452,-0.28012582659721375,0.8555662035942078,-0.8377599716186523,-0.09873343259096146,0.6243798136711121,-1.6737579107284546,0.5073085427284241,1.0305061340332031,-1.3746742010116577,7.344466686248779,-18.562957763671875,-4.034757137298584,-6.851603031158447,-6.767384052276611,18.685762405395508,11.662342071533203,2.5702366828918457,-1.4123189449310303,14.237787246704102,-1.4046486616134644,-10.127511024475098,0.0,0.0,0.0,0.0,0.0,0.0,0.0,0.0,0.0,0.0,0.0,0.0
run-0cbf4a31137e48c79a1f61b4bb639a3e,346,,15822298644321,true,4.804421901702881,0.41220366954803467,,,,-0.2750585377216339,0,-0.9139560461044312,-0.05,-0.05,4.149819374084473,-0.2489272952079773,-0.14885349571704865,2.0093750953674316,0.3849930465221405,,,,,,true,1151961,true,true,false,,,,2.5849626064300537,2.5849626064300537,2.5849626064300537,2.5849626064300537,2.5849626064300537,2.5849626064300537,2.5849626064300537,2.5849626064300537,2.5849626064300537,2.5849626064300537,2.5849626064300537,2.8815526962280273,1.465445876121521,0.7235607504844666,-0.25474798679351807,-2.855908155441284,0.14244458079338074,1.2349464893341064,-1.1706640720367432,-1.0216858386993408,-0.3706999719142914,1.1929538249969482,1.6935323476791382,-0.25474798679351807,-2.855908155441284,0.14244458079338074,2.8815526962280273,1.465445876121521,0.7235607504844666,-0.3706999719142914,1.1929538249969482,1.6935323476791382,1.2349464893341064,-1.1706640720367432,-1.0216858386993408,-0.06368699669837952,0.08602297306060791,-1.4643888473510742,0.7203881740570068,1.1663614511489868,-1.3191097974777222,-0.09267499297857285,1.098238468170166,-1.076616883277893,0.3087366223335266,0.5073339939117432,-1.7554214000701904,-1.7138690948486328,17.37339973449707,2.8054957389831543,19.730117797851562,2.1965839862823486,-17.29631233215332,-4.309741973876953,12.556174278259277,14.510076522827148,-14.926076889038086,-4.835424423217773,-1.2559990882873535,0.0,0.0,0.0,0.0,0.0,0.0,0.0,0.0,0.0,0.0,0.0,0.0
run-0cbf4a31137e48c79a1f61b4bb639a3e,350,,15822346740512,true,4.894656181335449,0.40587449073791504,,,,-0.27999088168144226,0,-0.9249725341796875,-0.05,-0.05,4.057635307312012,-0.23072251677513123,-0.14120721817016602,2.172581672668457,0.5079115629196167,,,,,,true,1139763,true,true,false,,,,2.5849626064300537,2.5849626064300537,2.5849626064300537,2.5849626064300537,2.5849626064300537,2.5849626064300537,2.5849626064300537,2.5849626064300537,2.5849626064300537,2.5849626064300537,2.5849626064300537,3.2686586380004883,-0.2389180213212967,-0.12076308578252792,0.6209362745285034,-0.5417884588241577,0.8043168783187866,0.4915347099304199,-0.8130104541778564,-0.895874559879303,0.12212851643562317,1.5532269477844238,1.3229568004608154,0.6209362745285034,-0.5417884588241577,0.8043168783187866,3.2686586380004883,-0.2389180213212967,-0.12076308578252792,0.12212851643562317,1.5532269477844238,1.3229568004608154,0.4915347099304199,-0.8130104541778564,-0.895874559879303,0.15523406863212585,0.6645529270172119,-1.298920750617981,0.8171646595001221,0.7402704954147339,-1.5301908254623413,0.030532129108905792,1.1883068084716797,-1.1692607402801514,0.12288367748260498,0.5967473983764648,-1.7239686250686646,-0.8129220008850098,22.134315490722656,3.118919849395752,2.17250919342041,-9.438837051391602,-5.117018222808838,1.841874361038208,3.851132392883301,17.808561325073242,-10.248249053955078,9.699116706848145,2.9855709075927734,0.0,0.0,0.0,0.0,0.0,0.0,0.0,0.0,0.0,0.0,0.0,0.0
run-0cbf4a31137e48c79a1f61b4bb639a3e,356,,15822399415244,true,5.0371246337890625,0.403104305267334,,,,-0.28762900829315186,0,-0.9290311932563782,-0.05,-0.05,3.9144296646118164,-0.22870036959648132,-0.14503677189350128,2.2820534706115723,0.7281530499458313,,,,,,true,874031,true,true,false,,,,2.5849626064300537,2.5849626064300537,2.5849626064300537,2.5849626064300537,2.5849626064300537,2.5849626064300537,2.5849626064300537,2.5849626064300537,2.5849626064300537,2.5849626064300537,2.5849626064300537,1.8861775398254395,-1.9537359476089478,-0.39537879824638367,-0.40669482946395874,1.5360043048858643,1.21134614944458,-0.6411008834838867,1.1990805864334106,1.4113047122955322,0.20285123586654663,0.8252761363983154,2.9858157634735107,-0.40669482946395874,1.5360043048858643,1.21134614944458,1.8861775398254395,-1.9537359476089478,-0.39537879824638367,0.20285123586654663,0.8252761363983154,2.9858157634735107,-0.6411008834838867,1.1990805864334106,1.4113047122955322,-0.10167370736598969,1.184001088142395,-1.197163462638855,0.47154438495635986,0.311566025018692,-1.5988446474075317,0.05071280896663666,1.0063190460205078,-0.8377599716186523,-0.16027522087097168,1.099770188331604,-1.1471738815307617,-7.629593849182129,12.946418762207031,16.503326416015625,-17.827625274658203,-4.05970573425293,3.2595348358154297,5.855743408203125,-8.145683288574219,17.998077392578125,1.7421517372131348,14.030171394348145,11.002500534057617,0.0,0.0,0.0,0.0,0.0,0.0,0.0,0.0,0.0,0.0,0.0,0.0
run-0cbf4a31137e48c79a1f61b4bb639a3e,360,,15822439761661,true,5.132335662841797,0.40256160497665405,,,,-0.28152623772621155,0,-0.9350525736808777,-0.05,-0.05,3.827244758605957,-0.27895691990852356,-0.18024036288261414,2.3189284801483154,0.6402652859687805,,,,,,true,389634,true,true,false,,,,2.5849626064300537,2.5849626064300537,2.5849626064300537,2.5849626064300537,2.5849626064300537,2.5849626064300537,2.5849626064300537,2.5849626064300537,2.5849626064300537,2.5849626064300537,2.5849626064300537,1.3780702352523804,-1.4892385005950928,0.8652878999710083,0.24681368470191956,1.350574254989624,1.023859977722168,-0.5603556632995605,1.2502185106277466,1.1396369934082031,-0.6103984713554382,0.7822850346565247,3.3553199768066406,0.24681368470191956,1.350574254989624,1.023859977722168,1.3780702352523804,-1.4892385005950928,0.8652878999710083,-0.6103984713554382,0.7822850346565247,3.3553199768066406,-0.5603556632995605,1.2502185106277466,1.1396369934082031,0.06170342117547989,1.137643575668335,-1.244035005569458,0.3445175588130951,0.42769038677215576,-1.2836780548095703,-0.15259961783885956,0.9955712556838989,-0.8377599716186523,-0.14008891582489014,1.112554669380188,-1.2150907516479492,2.1808292865753174,2.1167235374450684,15.279130935668945,-4.4179840087890625,12.022603988647461,7.597655296325684,1.4287748336791992,-5.266836166381836,4.272377014160156,2.204057455062866,2.5116701126098633,20.903034210205078,0.0,0.0,0.0,0.0,0.0,0.0,0.0,0.0,0.0,0.0,0.0,0.0
run-0cbf4a31137e48c79a1f61b4bb639a3e,366,,15822499452203,true,5.2812819480896,0.40277013182640076,,,,-0.25825268030166626,0,-0.9457433819770813,-0.05,-0.05,3.698261022567749,-0.4131995737552643,-0.27237820625305176,2.3986098766326904,0.5582956671714783,,,,,,true,392417,true,true,false,,,,2.5849626064300537,2.5849626064300537,2.5849626064300537,2.5849626064300537,2.5849626064300537,2.5849626064300537,2.5849626064300537,2.5849626064300537,2.5849626064300537,2.5849626064300537,2.5849626064300537,0.8453691005706787,0.3138415813446045,2.090757369995117,-1.0361758470535278,1.7957720756530762,0.5279738903045654,-0.21546289324760437,1.6474554538726807,1.7339688539505005,-2.189227342605591,1.2011818885803223,0.38776856660842896,-1.0361758470535278,1.7957720756530762,0.5279738903045654,0.8453691005706787,0.3138415813446045,2.090757369995117,-2.189227342605591,1.2011818885803223,0.38776856660842896,-0.21546289324760437,1.6474554538726807,1.7339688539505005,-0.25904396176338196,1.2489430904388428,-1.3680064678192139,0.21134227514266968,0.8784604072570801,-0.9773106575012207,-0.5473068356513977,1.1002955436706543,-1.4030578136444092,-0.05386572331190109,1.2118638753890991,-1.0665078163146973,-4.528387069702148,3.2832398414611816,-8.149479866027832,1.2002015113830566,11.588358879089355,15.174819946289062,-6.698186874389648,-1.3944011926651,-11.017908096313477,4.9195356369018555,-2.2338333129882812,14.368366241455078,0.0,0.0,0.0,0.0,0.0,0.0,0.0,0.0,0.0,0.0,0.0,0.0
run-0cbf4a31137e48c79a1f61b4bb639a3e,370,,15822539733684,true,5.3719024658203125,0.3958078920841217,,,,-0.26463180780410767,0,-0.953231692314148,-0.05,-0.05,3.6053245067596436,-0.38814225792884827,-0.2629149258136749,2.3068485260009766,0.3399207890033722,,,,,,true,720568,true,true,false,,,,2.5849626064300537,2.5849626064300537,2.5849626064300537,2.5849626064300537,2.5849626064300537,2.5849626064300537,2.5849626064300537,2.5849626064300537,2.5849626064300537,2.5849626064300537,2.5849626064300537,-0.47759702801704407,0.26163238286972046,1.489776372909546,-2.201887607574463,0.5698555707931519,-0.7050413489341736,-0.5113472938537598,0.5459908246994019,2.483879327774048,-1.745983362197876,-0.48361480236053467,0.19206535816192627,-2.201887607574463,0.5698555707931519,-0.7050413489341736,-0.47759702801704407,0.26163238286972046,1.489776372909546,-1.745983362197876,-0.48361480236053467,0.19206535816192627,-0.5113472938537598,0.5459908246994019,2.483879327774048,-0.5504719018936157,0.9424638748168945,-1.6762603521347046,-0.11939925700426102,0.8654081225395203,-1.1275558471679688,-0.436495840549469,0.6790963411331177,-1.4519836902618408,-0.12783682346343994,0.936497688293457,-0.879030168056488,-7.089208602905273,-11.380172729492188,-6.666555881500244,-5.789114952087402,-0.08709907531738281,15.103009223937988,8.684115409851074,-11.185141563415527,2.537576913833618,3.249016761779785,-8.342510223388672,-0.12451553344726562,0.0,0.0,0.0,0.0,0.0,0.0,0.0,0.0,0.0,0.0,0.0,0.0
run-0cbf4a31137e48c79a1f61b4bb639a3e,376,,15822598859833,true,5.509680271148682,0.37986740469932556,,,,-0.3019186556339264,0,-0.9550514817237854,-0.05,-0.05,3.445399284362793,-0.2315257489681244,-0.1664421111345291,2.0816738605499268,0.39445021748542786,,,,,,true,303744,true,true,false,,,,2.5849626064300537,2.5849626064300537,2.5849626064300537,2.5849626064300537,2.5849626064300537,2.5849626064300537,2.5849626064300537,2.5849626064300537,2.5849626064300537,2.5849626064300537,2.5849626064300537,-1.060117483139038,0.014081612229347229,3.386132001876831,-1.5227333307266235,-3.4702579975128174,-1.3491004705429077,2.4062910079956055,0.5870766639709473,0.29757893085479736,-0.1176830530166626,-0.7026402950286865,-0.40231847763061523,-1.5227333307266235,-3.4702579975128174,-1.3491004705429077,-1.060117483139038,0.014081612229347229,3.386132001876831,-0.1176830530166626,-0.7026402950286865,-0.40231847763061523,2.4062910079956055,0.5870766639709473,0.29757893085479736,-0.3806833326816559,-0.06756448745727539,-1.8372751474380493,-0.2650293707847595,0.8035204410552979,-0.8377599716186523,-0.02942076325416565,0.6243399381637573,-1.6005796194076538,0.6015727519989014,0.9467691779136658,-1.425605297088623,11.947290420532227,-17.456941604614258,-0.2712137699127197,-6.510079383850098,-9.31826114654541,20.406082153320312,11.157920837402344,4.014054298400879,1.7981562614440918,14.256109237670898,-4.2635931968688965,-8.674341201782227,0.0,0.0,0.0,0.0,0.0,0.0,0.0,0.0,0.0,0.0,0.0,0.0
run-0cbf4a31137e48c79a1f61b4bb639a3e,380,,15822638992961,true,5.591861724853516,0.36994731426239014,,,,-0.32084545493125916,0,-0.9529760479927063,-0.05,-0.05,3.3508880138397217,-0.15390285849571228,-0.11432178318500519,2.014061212539673,0.3595885932445526,,,,,,true,187246,true,true,false,,,,2.5849626064300537,2.5849626064300537,2.5849626064300537,2.5849626064300537,2.5849626064300537,2.5849626064300537,2.5849626064300537,2.5849626064300537,2.5849626064300537,2.5849626064300537,2.5849626064300537,2.0333714485168457,1.3501826524734497,1.4344048500061035,0.09300971776247025,-3.380052328109741,0.2609287202358246,1.401413917541504,-0.7943392992019653,-0.7932689785957336,-0.455093115568161,0.5532617568969727,2.093449592590332,0.09300971776247025,-3.380052328109741,0.2609287202358246,2.0333714485168457,1.3501826524734497,1.4344048500061035,-0.455093115568161,0.5532617568969727,2.093449592590332,1.401413917541504,-0.7943392992019653,-0.7932689785957336,0.02325242944061756,-0.04501307010650635,-1.4347678422927856,0.5083428621292114,1.1375457048416138,-1.1413987874984741,-0.11377327889204025,0.9383154511451721,-0.976637601852417,0.350353479385376,0.6014151573181152,-1.698317289352417,8.389045715332031,10.77529525756836,6.397653579711914,16.195674896240234,-0.3024381995201111,-8.519613265991211,-6.572327136993408,13.04919719696045,13.086549758911133,-12.779977798461914,-5.3501362800598145,-2.711195468902588,0.0,0.0,0.0,0.0,0.0,0.0,0.0,0.0,0.0,0.0,0.0,0.0
run-0cbf4a31137e48c79a1f61b4bb639a3e,386,,15822698720057,true,5.720766544342041,0.35535332560539246,,,,-0.338288813829422,0,-0.962281346321106,-0.05,-0.05,3.2113118171691895,-0.08494102209806442,-0.06603029370307922,2.221301794052124,0.5561099648475647,,,,,,true,377350,true,true,false,,,,2.5849626064300537,2.5849626064300537,2.5849626064300537,2.5849626064300537,2.5849626064300537,2.5849626064300537,2.5849626064300537,2.5849626064300537,2.5849626064300537,2.5849626064300537,2.5849626064300537,3.423431634902954,-0.6808565258979797,-0.30611148476600647,0.4630544185638428,-0.18954823911190033,1.0116835832595825,0.11750990152359009,-0.6936846971511841,-0.6273130178451538,0.18195512890815735,1.5881364345550537,1.4515265226364136,0.4630544185638428,-0.18954823911190033,1.0116835832595825,3.423431634902954,-0.6808565258979797,-0.30611148476600647,0.18195512890815735,1.5881364345550537,1.4515265226364136,0.11750990152359009,-0.6936846971511841,-0.6273130178451538,0.1157636046409607,0.7526129484176636,-1.2470791339874268,0.8558579087257385,0.6297858953475952,-1.5765278339385986,0.04548878222703934,1.1970341205596924,-1.1371183395385742,0.029377475380897522,0.6265788078308105,-1.6568282842636108,-1.897824764251709,20.049095153808594,3.2933409214019775,-0.005703926086425781,-11.73653793334961,-4.186472415924072,2.7614004611968994,4.347245693206787,17.97177505493164,-10.254006385803223,10.72380542755127,5.370264530181885,0.0,0.0,0.0,0.0,0.0,0.0,0.0,0.0,0.0,0.0,0.0,0.0
run-0cbf4a31137e48c79a1f61b4bb639a3e,390,,15822739739138,true,5.815413951873779,0.3475727140903473,,,,-0.3445104956626892,0,-0.9613336324691772,-0.05,-0.05,3.1148505210876465,-0.0694596916437149,-0.05569116771221161,2.2818989753723145,0.6965728998184204,,,,,,true,367012,true,true,false,,,,2.5849626064300537,2.5849626064300537,2.5849626064300537,2.5849626064300537,2.5849626064300537,2.5849626064300537,2.5849626064300537,2.5849626064300537,2.5849626064300537,2.5849626064300537,2.5849626064300537,2.361859083175659,-2.1103878021240234,-0.29795482754707336,-0.4597998857498169,1.256523609161377,1.2757428884506226,-0.666535496711731,0.8082530498504639,1.4242725372314453,0.36797091364860535,0.9102926850318909,2.966320514678955,-0.4597998857498169,1.256523609161377,1.2757428884506226,2.361859083175659,-2.1103878021240234,-0.29795482754707336,0.36797091364860535,0.9102926850318909,2.966320514678955,-0.666535496711731,0.8082530498504639,1.4242725372314453,-0.11494997143745422,1.114130973815918,-1.181064248085022,0.5904647707939148,0.2724030613899231,-1.5744887590408325,0.09199272841215134,1.0275732278823853,-0.8377599716186523,-0.16663387417793274,1.002063274383545,-1.1439318656921387,-8.401839256286621,12.610963821411133,14.481470108032227,-15.604790687561035,-5.882145881652832,1.3047850131988525,6.817087173461914,-5.851004600524902,21.559371948242188,0.742255687713623,14.483484268188477,12.222640991210938,0.0,0.0,0.0,0.0,0.0,0.0,0.0,0.0,0.0,0.0,0.0,0.0
run-0cbf4a31137e48c79a1f61b4bb639a3e,396,,15822799426336,true,5.959100723266602,0.3391004800796509,,,,-0.3346080482006073,0,-0.9708254337310791,-0.05,-0.05,2.9836084842681885,-0.12238535284996033,-0.10219088196754456,2.3712501525878906,0.6384872198104858,,,,,,true,962612,true,true,false,,,,2.5849626064300537,2.5849626064300537,2.5849626064300537,2.5849626064300537,2.5849626064300537,2.5849626064300537,2.5849626064300537,2.5849626064300537,2.5849626064300537,2.5849626064300537,2.5849626064300537,1.0872048139572144,-1.3354225158691406,0.7275939583778381,0.3650525212287903,0.672967255115509,2.1618614196777344,-0.5279160737991333,1.044450044631958,1.1968504190444946,-1.0739121437072754,1.3972885608673096,2.7752671241760254,0.3650525212287903,0.672967255115509,2.1618614196777344,1.0872048139572144,-1.3354225158691406,0.7275939583778381,-1.0739121437072754,1.3972885608673096,2.7752671241760254,-0.5279160737991333,1.044450044631958,1.1968504190444946,0.09126313030719757,0.968241810798645,-0.9595346450805664,0.2718012034893036,0.4661443829536438,-1.3181015253067017,-0.26847803592681885,1.1493221521377563,-0.8377599716186523,-0.13197901844978333,1.0611125230789185,-1.2007874250411987,3.873328447341919,-5.3592729568481445,16.405963897705078,-2.6082801818847656,13.453714370727539,1.9668893814086914,-4.248685836791992,2.4228591918945312,-3.466190814971924,3.3799571990966797,-0.4984726905822754,17.948455810546875,0.0,0.0,0.0,0.0,0.0,0.0,0.0,0.0,0.0,0.0,0.0,0.0
run-0cbf4a31137e48c79a1f61b4bb639a3e,400,,15822839735507,true,6.059528827667236,0.3338860273361206,,,,-0.31713101267814636,0,-0.9744671583175659,-0.05,-0.05,2.897961378097534,-0.19335158169269562,-0.16527806222438812,2.459686279296875,0.6749331951141357,,,,,,true,595144,true,true,false,,,,2.5849626064300537,2.5849626064300537,2.5849626064300537,2.5849626064300537,2.5849626064300537,2.5849626064300537,2.5849626064300537,2.5849626064300537,2.5849626064300537,2.5849626064300537,2.5849626064300537,0.7061539888381958,-0.21543671190738678,2.161054849624634,-1.0499862432479858,1.34920334815979,0.28171268105506897,0.08520481735467911,1.6417585611343384,1.5782703161239624,-1.6342270374298096,1.2820987701416016,0.6013630628585815,-1.0499862432479858,1.34920334815979,0.28171268105506897,0.7061539888381958,-0.21543671190738678,2.161054849624634,-1.6342270374298096,1.2820987701416016,0.6013630628585815,0.08520481735467911,1.6417585611343384,1.5782703161239624,-0.26249656081199646,1.1373008489608765,-1.4295718669891357,0.17653849720954895,0.7461408376693726,-0.9597362875938416,-0.4085567593574524,1.1205246448516846,-1.3496592044830322,0.021301204338669777,1.210439682006836,-1.105432391166687,-6.3788604736328125,1.3114078044891357,-12.856060028076172,3.2683725357055664,11.386053085327148,6.239255428314209,-6.245364665985107,-0.9579565525054932,-10.917591094970703,6.748232841491699,-0.20798063278198242,12.597148895263672,0.0,0.0,0.0,0.0,0.0,0.0,0.0,0.0,0.0,0.0,0.0,0.0
run-0cbf4a31137e48c79a1f61b4bb639a3e,406,,15822899380866,true,6.203006744384766,0.3171975612640381,,,,-0.3192679286003113,0,-0.9780592918395996,-0.05,-0.05,2.7552077770233154,-0.17617861926555634,-0.15851841866970062,2.265272617340088,0.3786991834640503,,,,,,true,653218,true,true,false,,,,2.5849626064300537,2.5849626064300537,2.5849626064300537,2.5849626064300537,2.5849626064300537,2.5849626064300537,2.5849626064300537,2.5849626064300537,2.5849626064300537,2.5849626064300537,2.5849626064300537,-0.9638828635215759,0.19344262778759003,1.557530164718628,-2.373824119567871,-0.27299764752388,-0.8516548275947571,0.1284208595752716,0.3921908736228943,2.158623456954956,-1.6316227912902832,-0.49521511793136597,-0.08349645137786865,-2.373824119567871,-0.27299764752388,-0.8516548275947571,-0.9638828635215759,0.19344262778759003,1.557530164718628,-1.6316227912902832,-0.49521511793136597,-0.08349645137786865,0.1284208595752716,0.3921908736228943,2.158623456954956,-0.5934560298919678,0.7317506074905396,-1.7129137516021729,-0.24097071588039398,0.8483606576919556,-1.1106173992156982,-0.4079056978225708,0.6761962175369263,-1.5208741426467896,0.0321052148938179,0.8980477452278137,-0.960344135761261,-3.881743907928467,-14.958505630493164,-2.2732224464416504,-5.928098678588867,-2.748734712600708,15.4097261428833,8.943105697631836,-4.852574348449707,0.2512369155883789,7.742016792297363,-5.19732141494751,-8.49475383758545,0.0,0.0,0.0,0.0,0.0,0.0,0.0,0.0,0.0,0.0,0.0,0.0
run-0cbf4a31137e48c79a1f61b4bb639a3e,410,,15822939745563,true,6.291273593902588,0.30415940284729004,,,,-0.3342944383621216,0,-0.9794256687164307,-0.05,-0.05,2.6585724353790283,-0.11687294393777847,-0.109462670981884,2.111135959625244,0.3993048071861267,,,,,,true,866836,true,true,false,,,,2.5849626064300537,2.5849626064300537,2.5849626064300537,2.5849626064300537,2.5849626064300537,2.5849626064300537,2.5849626064300537,2.5849626064300537,2.5849626064300537,2.5849626064300537,2.5849626064300537,-1.259813666343689,0.24442385137081146,2.958843231201172,-2.1194522380828857,-3.4366672039031982,-1.3765580654144287,2.3295371532440186,0.6890182495117188,0.444746732711792,-0.3849969208240509,-0.9073213934898376,-0.49584102630615234,-2.1194522380828857,-3.4366672039031982,-1.3765580654144287,-1.259813666343689,0.24442385137081146,2.958843231201172,-0.3849969208240509,-0.9073213934898376,-0.49584102630615234,2.3295371532440186,0.6890182495117188,0.444746732711792,-0.5298630595207214,-0.059166789054870605,-1.844139575958252,-0.31495341658592224,0.8611059784889221,-0.8377599716186523,-0.09624923020601273,0.5731696486473083,-1.623960256576538,0.5823842883110046,0.9722545742988586,-1.3888132572174072,6.561237812042236,-19.310997009277344,-3.0067942142486572,-5.975136756896973,-7.625003814697266,20.470661163330078,10.793560028076172,3.0665736198425293,0.3226912021636963,15.63534164428711,-3.4232451915740967,-9.12333869934082,0.0,0.0,0.0,0.0,0.0,0.0,0.0,0.0,0.0,0.0,0.0,0.0
run-0cbf4a31137e48c79a1f61b4bb639a3e,416,,15822999090998,true,6.414155006408691,0.2845088839530945,,,,-0.3414258062839508,0,-0.9822240471839905,-0.05,-0.05,2.5318477153778076,-0.07246991991996765,-0.0714365616440773,2.0256550312042236,0.342609167098999,,,,,,true,26213,true,true,false,,,,2.5849626064300537,2.5849626064300537,2.5849626064300537,2.5849626064300537,2.5849626064300537,2.5849626064300537,2.5849626064300537,2.5849626064300537,2.5849626064300537,2.5849626064300537,2.5849626064300537,2.742119312286377,1.531023621559143,0.5405462384223938,-0.27169132232666016,-2.9402053356170654,0.3330545127391815,1.2954425811767578,-1.0807331800460815,-0.9679014682769775,-0.3781256377696991,1.0918339490890503,1.8161425590515137,-0.27169132232666016,-2.9402053356170654,0.3330545127391815,2.742119312286377,1.531023621559143,0.5405462384223938,-0.3781256377696991,1.0918339490890503,1.8161425590515137,1.2954425811767578,-1.0807331800460815,-0.9679014682769775,-0.06792283058166504,0.0649486780166626,-1.416736364364624,0.6855298280715942,1.182755947113037,-1.364863395690918,-0.09453140944242477,1.0729584693908691,-1.0459643602371216,0.32386064529418945,0.529816746711731,-1.7419753074645996,-1.9151153564453125,18.078624725341797,2.9654016494750977,20.334522247314453,1.1019370555877686,-15.854488372802734,-2.7975516319274902,12.679693222045898,15.912467002868652,-14.910318374633789,-2.2379603385925293,-1.3283405303955078,0.0,0.0,0.0,0.0,0.0,0.0,0.0,0.0,0.0,0.0,0.0,0.0
run-0cbf4a31137e48c79a1f61b4bb639a3e,420,,15823039884196,true,6.499866485595703,0.2717278003692627,,,,-0.3420804440975189,0,-0.9882676005363464,-0.05,-0.05,2.446423292160034,-0.05726682022213936,-0.05845429375767708,2.174607992172241,0.4899051785469055,,,,,,true,1080653,true,true,false,,,,2.5849626064300537,2.5849626064300537,2.5849626064300537,2.5849626064300537,2.5849626064300537,2.5849626064300537,2.5849626064300537,2.5849626064300537,2.5849626064300537,2.5849626064300537,2.5849626064300537,2.9965198040008545,-0.1587524563074112,-0.14289310574531555,0.6184542179107666,-0.6405869722366333,0.8878066539764404,0.5404083728790283,-0.7506594657897949,-0.8176000714302063,-0.02277233824133873,1.40321946144104,1.4677152633666992,0.6184542179107666,-0.6405869722366333,0.8878066539764404,2.9965198040008545,-0.1587524563074112,-0.14289310574531555,-0.02277233824133873,1.40321946144104,1.4677152633666992,0.5404083728790283,-0.7506594657897949,-0.8176000714302063,0.15461355447769165,0.6398532390594482,-1.2780482769012451,0.7491299510002136,0.7603119015693665,-1.535723328590393,-0.0056930845603346825,1.150804877281189,-1.1330711841583252,0.13510209321975708,0.6123351454734802,-1.7044000625610352,-0.7848875522613525,21.830881118774414,2.5460517406463623,0.41596126556396484,-8.70564079284668,-4.652763366699219,1.4131760597229004,3.627614974975586,18.88988494873047,-9.933891296386719,9.328208923339844,3.398010015487671,0.0,0.0,0.0,0.0,0.0,0.0,0.0,0.0,0.0,0.0,0.0,0.0
run-0cbf4a31137e48c79a1f61b4bb639a3e,426,,15823099371316,true,6.641419410705566,0.2579352557659149,,,,-0.34703317284584045,0,-0.9904751181602478,-0.05,-0.05,2.3057022094726562,-0.04676908627152443,-0.050666842609643936,2.2868764400482178,0.6458163261413574,,,,,,true,846174,true,true,false,,,,2.5849626064300537,2.5849626064300537,2.5849626064300537,2.5849626064300537,2.5849626064300537,2.5849626064300537,2.5849626064300537,2.5849626064300537,2.5849626064300537,2.5849626064300537,2.5849626064300537,1.736066460609436,-1.9453994035720825,0.10780075937509537,-0.1166456863284111,1.608017921447754,1.1281871795654297,-0.6297405958175659,1.180671215057373,1.4122005701065063,0.25198236107826233,0.8698857426643372,2.9962735176086426,-0.1166456863284111,1.608017921447754,1.1281871795654297,1.736066460609436,-1.9453994035720825,0.10780075937509537,0.25198236107826233,0.8698857426643372,2.9962735176086426,-0.6297405958175659,1.180671215057373,1.4122005701065063,-0.029161421582102776,1.2020044326782227,-1.2179532051086426,0.434016615152359,0.3136501610279083,-1.4730497598648071,0.06299559026956558,1.017471432685852,-0.8377599716186523,-0.15743514895439148,1.095167875289917,-1.1469498872756958,-5.21566915512085,11.572437286376953,14.040428161621094,-15.808759689331055,0.30156803131103516,4.386413097381592,7.814329147338867,-6.6273322105407715,18.252788543701172,0.44985413551330566,11.67673110961914,14.56528091430664,0.0,0.0,0.0,0.0,0.0,0.0,0.0,0.0,0.0,0.0,0.0,0.0
run-0cbf4a31137e48c79a1f61b4bb639a3e,430,,15823138942346,true,6.737360000610352,0.24968549609184265,,,,-0.3384852409362793,0,-0.9915441870689392,-0.05,-0.05,2.217165231704712,-0.07297336310148239,-0.08209733664989471,2.3829305171966553,0.6035181879997253,,,,,,true,635445,true,true,false,,,,2.5849626064300537,2.5849626064300537,2.5849626064300537,2.5849626064300537,2.5849626064300537,2.5849626064300537,2.5849626064300537,2.5849626064300537,2.5849626064300537,2.5849626064300537,2.5849626064300537,1.3166757822036743,-1.3689658641815186,0.9770528674125671,0.49537742137908936,1.5326099395751953,1.3343610763549805,-0.6168087720870972,1.1400560140609741,1.3306901454925537,-0.8791481852531433,1.128896951675415,2.8434031009674072,0.49537742137908936,1.5326099395751953,1.3343610763549805,1.3166757822036743,-1.3689658641815186,0.9770528674125671,-0.8791481852531433,1.128896951675415,2.8434031009674072,-0.6168087720870972,1.1400560140609741,1.3306901454925537,0.12384435534477234,1.183152437210083,-1.1664097309112549,0.3291689455509186,0.4577585458755493,-1.2557368278503418,-0.21978704631328583,1.0822242498397827,-0.8377599716186523,-0.1542021930217743,1.08501398563385,-1.1673274040222168,3.094910144805908,2.165008068084717,15.239860534667969,-2.7658190727233887,13.458898544311523,5.07049036026001,-0.8274108171463013,-0.5772079229354858,-0.14595890045166016,1.163732886314392,1.1316685676574707,19.533130645751953,0.0,0.0,0.0,0.0,0.0,0.0,0.0,0.0,0.0,0.0,0.0,0.0
run-0cbf4a31137e48c79a1f61b4bb639a3e,436,,15823198542964,true,6.888352870941162,0.23577673733234406,,,,-0.32287436723709106,0,-0.9932132363319397,-0.05,-0.05,2.077343225479126,-0.11255507916212082,-0.13463611900806427,2.4526076316833496,0.48120227456092834,,,,,,true,693621,true,true,false,,,,2.5849626064300537,2.5849626064300537,2.5849626064300537,2.5849626064300537,2.5849626064300537,2.5849626064300537,2.5849626064300537,2.5849626064300537,2.5849626064300537,2.5849626064300537,2.5849626064300537,0.3403719365596771,0.23843257129192352,1.9422357082366943,-1.407450556755066,2.1820144653320312,0.08166422694921494,-0.020950600504875183,1.499996542930603,2.0167815685272217,-2.2328357696533203,0.5352505445480347,0.043046921491622925,-1.407450556755066,2.1820144653320312,0.08166422694921494,0.3403719365596771,0.23843257129192352,1.9422357082366943,-2.2328357696533203,0.5352505445480347,0.043046921491622925,-0.020950600504875183,1.499996542930603,2.0167815685272217,-0.3518626391887665,1.345503568649292,-1.479583978652954,0.08509298413991928,0.8596081733703613,-1.0144410133361816,-0.5582089424133301,0.9338126182556152,-1.4892382621765137,-0.005237650126218796,1.1749991178512573,-0.9958046078681946,-9.003503799438477,6.581979274749756,-16.115861892700195,-0.9584150314331055,8.570816993713379,14.062450408935547,-4.169576168060303,-7.792372703552246,-9.300999641418457,5.658000946044922,-1.442246437072754,9.291711807250977,0.0,0.0,0.0,0.0,0.0,0.0,0.0,0.0,0.0,0.0,0.0,0.0
run-0cbf4a31137e48c79a1f61b4bb639a3e,440,,15823238777171,true,6.983166217803955,0.2190808206796646,,,,-0.3340340256690979,0,-0.9945324659347534,-0.05,-0.05,1.9771853685379028,-0.06315882503986359,-0.07969039678573608,2.3075644969940186,0.3240581750869751,,,,,,true,32132,true,true,false,,,,2.5849626064300537,2.5849626064300537,2.5849626064300537,2.5849626064300537,2.5849626064300537,2.5849626064300537,2.5849626064300537,2.5849626064300537,2.5849626064300537,2.5849626064300537,2.5849626064300537,-0.895919144153595,-0.08692187070846558,1.617567539215088,-2.365042209625244,0.07344132661819458,-0.9052883982658386,0.25292688608169556,0.5720136165618896,1.956020474433899,-1.710278034210205,-0.6498902440071106,-0.11053866147994995,-2.365042209625244,0.07344132661819458,-0.9052883982658386,-0.895919144153595,-0.08692187070846558,1.617567539215088,-1.710278034210205,-0.6498902440071106,-0.11053866147994995,0.25292688608169556,0.5720136165618896,1.956020474433899,-0.591260552406311,0.8183603286743164,-1.726322054862976,-0.22397978603839874,0.7782695293426514,-1.095608115196228,-0.42756950855255127,0.6375274658203125,-1.527634620666504,0.06323172152042389,0.9430034160614014,-1.0109949111938477,-6.61607551574707,-14.357074737548828,-4.663347244262695,-6.490982532501221,-3.486567974090576,15.17367935180664,9.798650741577148,-8.267874717712402,0.654944896697998,6.879245281219482,-4.964554786682129,-8.014554023742676,0.0,0.0,0.0,0.0,0.0,0.0,0.0,0.0,0.0,0.0,0.0,0.0
run-0cbf4a31137e48c79a1f61b4bb639a3e,446,,15823299447896,true,7.109513759613037,0.19543784856796265,,,,-0.3716237246990204,0,-0.995207667350769,-0.05,-0.05,1.8324087858200073,0.049158964306116104,0.06696847826242447,2.07409930229187,0.418016254901886,,,,,,true,537671,true,true,false,,,,2.5849626064300537,2.5849626064300537,2.5849626064300537,2.5849626064300537,2.5849626064300537,2.5849626064300537,2.5849626064300537,2.5849626064300537,2.5849626064300537,2.5849626064300537,2.5849626064300537,-0.4146459996700287,-0.11653019487857819,3.724515199661255,-0.5342197418212891,-3.613163471221924,-0.7513601779937744,2.4350807666778564,-0.5641264915466309,-0.29250627756118774,0.1312224268913269,-0.4271113872528076,0.6254372000694275,-0.5342197418212891,-3.613163471221924,-0.7513601779937744,-0.4146459996700287,-0.11653019487857819,3.724515199661255,0.1312224268913269,-0.4271113872528076,0.6254372000694275,2.4350807666778564,-0.5641264915466309,-0.29250627756118774,-0.13355493545532227,-0.103290855884552,-1.6878399848937988,-0.10366149991750717,0.7708674669265747,-0.8377599716186523,0.032805606722831726,0.693222165107727,-1.343640685081482,0.6087701916694641,0.6589683890342712,-1.5731265544891357,16.361581802368164,-8.766650199890137,4.530079364776611,-0.8056896328926086,-10.891595840454102,20.622766494750977,8.202240943908691,9.480916976928711,10.110366821289062,4.46638298034668,-9.700801849365234,-5.660829067230225,0.0,0.0,0.0,0.0,0.0,0.0,0.0,0.0,0.0,0.0,0.0,0.0
run-0cbf4a31137e48c79a1f61b4bb639a3e,452,,15823358747859,true,7.23378849029541,0.17063742876052856,,,,-0.4026006758213043,0,-0.9969186782836914,-0.05,-0.05,1.6918522119522095,0.14255210757255554,0.20760990679264069,2.1316792964935303,0.4346274733543396,,,,,,true,966790,true,true,false,,,,2.5849626064300537,2.5849626064300537,2.5849626064300537,2.5849626064300537,2.5849626064300537,2.5849626064300537,2.5849626064300537,2.5849626064300537,2.5849626064300537,2.5849626064300537,2.5849626064300537,3.0816733837127686,0.4977801442146301,0.4383120834827423,-0.003421179950237274,-1.4725208282470703,0.9507473111152649,1.1895264387130737,-0.9842958450317383,-0.8354434967041016,0.09206214547157288,0.8065640330314636,1.673547387123108,-0.003421179950237274,-1.4725208282470703,0.9507473111152649,3.0816733837127686,0.4977801442146301,0.4383120834827423,0.09206214547157288,0.8065640330314636,1.673547387123108,1.1895264387130737,-0.9842958450317383,-0.8354434967041016,-0.0008552949875593185,0.4318698048591614,-1.2623131275177002,0.7704183459281921,0.9244450330734253,-1.390421986579895,0.02301553636789322,1.001641035079956,-1.0816131830215454,0.29738160967826843,0.5539260506629944,-1.7088608741760254,-4.857487678527832,23.798418045043945,4.209483623504639,11.41305160522461,-6.383700847625732,-7.171710014343262,1.7002346515655518,4.209842205047607,20.337989807128906,-11.393118858337402,4.676682472229004,3.1985373497009277,0.0,0.0,0.0,0.0,0.0,0.0,0.0,0.0,0.0,0.0,0.0,0.0
run-0cbf4a31137e48c79a1f61b4bb639a3e,456,,15823405757663,true,7.324563503265381,0.1550731658935547,,,,-0.4099588096141815,0,-0.9981144070625305,-0.05,-0.05,1.5984129905700684,0.1700071096420288,0.25988635420799255,2.313215494155884,0.5853912234306335,,,,,,true,804251,true,true,false,,,,2.5849626064300537,2.5849626064300537,2.5849626064300537,2.5849626064300537,2.5849626064300537,2.5849626064300537,2.5849626064300537,2.5849626064300537,2.5849626064300537,2.5849626064300537,2.5849626064300537,2.953773260116577,-1.5939427614212036,-0.7626581192016602,-0.09600453823804855,-0.23068201541900635,1.7060428857803345,-0.41463860869407654,-0.49990227818489075,-0.07873733341693878,0.13624204695224762,1.3509321212768555,1.7844560146331787,-0.09600453823804855,-0.23068201541900635,1.7060428857803345,2.953773260116577,-1.5939427614212036,-0.7626581192016602,0.13624204695224762,1.3509321212768555,1.7844560146331787,-0.41463860869407654,-0.49990227818489075,-0.07873733341693878,-0.02400113455951214,0.742329478263855,-1.0734893083572388,0.7384433150291443,0.40151432156562805,-1.690664529800415,0.034060511738061905,1.137732982635498,-1.0538859367370605,-0.10365965217351913,0.6750244498252869,-1.5196843147277832,-4.67680025100708,11.818153381347656,4.0644121170043945,-6.890447616577148,-13.320674896240234,-5.523866176605225,3.5853872299194336,1.5052387714385986,19.472360610961914,-8.417762756347656,10.185015678405762,7.474833011627197,0.0,0.0,0.0,0.0,0.0,0.0,0.0,0.0,0.0,0.0,0.0,0.0
run-0cbf4a31137e48c79a1f61b4bb639a3e,462,,15823459400063,true,7.4707489013671875,0.1389487385749817,,,,-0.4190007746219635,0,-0.9974497556686401,-0.05,-0.05,1.4534956216812134,0.17792755365371704,0.2969832122325897,2.215847969055176,0.7107089757919312,,,,,,true,784336,true,true,false,,,,2.5849626064300537,2.5849626064300537,2.5849626064300537,2.5849626064300537,2.5849626064300537,2.5849626064300537,2.5849626064300537,2.5849626064300537,2.5849626064300537,2.5849626064300537,2.5849626064300537,1.3102927207946777,-1.7809228897094727,0.6674107313156128,-0.1526855230331421,1.6610801219940186,1.2134246826171875,-0.49517622590065,0.8455568552017212,1.739275336265564,0.06289318203926086,0.7125579118728638,2.886240243911743,-0.1526855230331421,1.6610801219940186,1.2134246826171875,1.3102927207946777,-1.7809228897094727,0.6674107313156128,0.06289318203926086,0.7125579118728638,2.886240243911743,-0.49517622590065,0.8455568552017212,1.739275336265564,-0.03817138075828552,1.2152700424194336,-1.1966438293457031,0.32757318019866943,0.3547692894935608,-1.3331472873687744,0.015723295509815216,0.9781395196914673,-0.8377599716186523,-0.1237940564751625,1.0113892555236816,-1.0651811361312866,-1.025763988494873,9.431644439697266,16.370100021362305,-10.206443786621094,8.04784870147705,8.858983039855957,5.12047004699707,-5.710232734680176,7.864363670349121,0.8461458683013916,4.670661449432373,22.559473037719727,0.0,0.0,0.0,0.0,0.0,0.0,0.0,0.0,0.0,0.0,0.0,0.0
run-0cbf4a31137e48c79a1f61b4bb639a3e,466,,15823507022146,true,7.5602264404296875,0.12843886017799377,,,,-0.3927405774593353,0,-0.9970784187316895,-0.05,-0.05,1.3793108463287354,0.13572929799556732,0.2412191778421402,2.321084976196289,0.6331140398979187,,,,,,true,780673,true,true,false,,,,2.5849626064300537,2.5849626064300537,2.5849626064300537,2.5849626064300537,2.5849626064300537,2.5849626064300537,2.5849626064300537,2.5849626064300537,2.5849626064300537,2.5849626064300537,2.5849626064300537,0.6377888321876526,-0.9113389253616333,1.1246144771575928,0.5687147378921509,0.5081022381782532,2.7355594635009766,-0.30225762724876404,1.008779525756836,1.7456527948379517,-1.939436912536621,1.7854180335998535,1.3305222988128662,0.5687147378921509,0.5081022381782532,2.7355594635009766,0.6377888321876526,-0.9113389253616333,1.1246144771575928,-1.939436912536621,1.7854180335998535,1.3305222988128662,-0.30225762724876404,1.008779525756836,1.7456527948379517,0.14217868447303772,0.927025556564331,-0.8377599716186523,0.15944720804691315,0.5721652507781982,-1.218846321105957,-0.4848592281341553,1.246354579925537,-1.1673693656921387,-0.07556440681219101,1.0521948337554932,-1.0635868310928345,7.6484174728393555,-5.7993597984313965,15.864336013793945,-0.6274514198303223,14.47773265838623,1.7715353965759277,-12.78962230682373,4.64879846572876,-10.84853458404541,3.047149181365967,-0.649275541305542,20.397083282470703,0.0,0.0,0.0,0.0,0.0,0.0,0.0,0.0,0.0,0.0,0.0,0.0
run-0cbf4a31137e48c79a1f61b4bb639a3e,472,,15823559372309,true,7.703516006469727,0.10759995877742767,,,,-0.3585353195667267,0,-0.9984632730484009,-0.05,-0.05,1.2518000602722168,0.1022937074303627,0.20152021944522858,2.2618772983551025,0.3098747134208679,,,,,,true,478744,true,true,false,,,,2.5849626064300537,2.5849626064300537,2.5849626064300537,2.5849626064300537,2.5849626064300537,2.5849626064300537,2.5849626064300537,2.5849626064300537,2.5849626064300537,2.5849626064300537,2.5849626064300537,-0.7425183057785034,0.21403296291828156,1.2897486686706543,-2.87567138671875,0.508277177810669,-0.4606872498989105,0.4766848087310791,1.4069437980651855,1.3474220037460327,-1.7145717144012451,-0.8081830143928528,-0.17089176177978516,-2.87567138671875,0.508277177810669,-0.4606872498989105,-0.7425183057785034,0.21403296291828156,1.2897486686706543,-1.7145717144012451,-0.8081830143928528,-0.17089176177978516,0.4766848087310791,1.4069437980651855,1.3474220037460327,-0.7189178466796875,0.9270693063735962,-1.6151717901229858,-0.18562957644462585,0.8535082340240479,-1.1775628328323364,-0.4286429286003113,0.597954273223877,-1.5427229404449463,0.11917120218276978,1.1517360210418701,-1.1631444692611694,-17.504737854003906,-8.202255249023438,-14.214452743530273,-5.744400978088379,5.318235874176025,16.09258460998535,4.117197513580322,-16.645429611206055,-5.065762042999268,6.825990676879883,0.48003268241882324,-1.7443060874938965,0.0,0.0,0.0,0.0,0.0,0.0,0.0,0.0,0.0,0.0,0.0,0.0
run-0cbf4a31137e48c79a1f61b4bb639a3e,476,,15823599733310,true,7.78917121887207,0.0874200388789177,,,,-0.35855725407600403,0,-0.9989815354347229,-0.05,-0.05,1.164502739906311,0.13840237259864807,0.28881949186325073,2.089139461517334,0.30464544892311096,,,,,,true,860997,true,true,false,,,,2.5849626064300537,2.5849626064300537,2.5849626064300537,2.5849626064300537,2.5849626064300537,2.5849626064300537,2.5849626064300537,2.5849626064300537,2.5849626064300537,2.5849626064300537,2.5849626064300537,-1.223846435546875,0.44011276960372925,1.5790082216262817,-2.490771532058716,-2.0251448154449463,-1.35690438747406,1.731642723083496,0.6431666612625122,0.4145764708518982,-1.2061150074005127,-1.1740472316741943,-0.6558995246887207,-2.490771532058716,-2.0251448154449463,-1.35690438747406,-1.223846435546875,0.44011276960372925,1.5790082216262817,-1.2061150074005127,-1.1740472316741943,-0.6558995246887207,1.731642723083496,0.6431666612625122,0.4145764708518982,-0.622692883014679,0.2937138080596924,-1.8392261266708374,-0.30596160888671875,0.9100282192230225,-1.105247974395752,-0.3015287518501282,0.5064882040023804,-1.6639748811721802,0.432910680770874,0.9607917070388794,-1.3963558673858643,4.611453056335449,-17.913639068603516,-3.189269542694092,-4.389139652252197,-1.1294889450073242,17.14470100402832,11.31405258178711,-3.0907115936279297,-0.2357330322265625,7.843918323516846,-5.369694709777832,-9.021932601928711,0.0,0.0,0.0,0.0,0.0,0.0,0.0,0.0,0.0,0.0,0.0,0.0
run-0cbf4a31137e48c79a1f61b4bb639a3e,482,,15823659435073,true,7.91133451461792,0.06043845787644386,,,,-0.3681703507900238,0,-0.9980806708335876,-0.05,-0.05,1.0374635457992554,0.1944665014743805,0.43822214007377625,1.9755030870437622,0.24081023037433624,,,,,,true,670022,true,true,false,,,,2.5849626064300537,2.5849626064300537,2.5849626064300537,2.5849626064300537,2.5849626064300537,2.5849626064300537,2.5849626064300537,2.5849626064300537,2.5849626064300537,2.5849626064300537,2.5849626064300537,1.7281237840652466,1.0308092832565308,1.0328223705291748,0.018948085606098175,-3.2152769565582275,0.26626989245414734,1.2261090278625488,-0.7004407644271851,-0.8395638465881348,-0.24760779738426208,0.5604520440101624,1.9909400939941406,0.018948085606098175,-3.2152769565582275,0.26626989245414734,1.7281237840652466,1.0308092832565308,1.0328223705291748,-0.24760779738426208,0.5604520440101624,1.9909400939941406,1.2261090278625488,-0.7004407644271851,-0.8395638465881348,0.004737021401524544,-0.0038192272186279297,-1.4334325790405273,0.43203094601631165,1.0577023029327393,-1.2417943477630615,-0.06190194934606552,0.9401130080223083,-1.0022649765014648,0.3065272569656372,0.6248898506164551,-1.7098909616470337,12.681797981262207,5.944855690002441,10.118520736694336,19.975902557373047,-3.611088275909424,0.2525763511657715,0.8348617553710938,16.743595123291016,15.951459884643555,-11.903428077697754,-6.249622821807861,-5.605669975280762,0.0,0.0,0.0,0.0,0.0,0.0,0.0,0.0,0.0,0.0,0.0,0.0
run-0cbf4a31137e48c79a1f61b4bb639a3e,486,,15823699332439,true,7.990010738372803,0.040714479982852936,,,,-0.36279797554016113,0,-0.9987216591835022,-0.05,-0.05,0.9586957693099976,0.22521640360355377,0.531028151512146,2.0664267539978027,0.2842508554458618,,,,,,true,922901,true,true,false,,,,2.5849626064300537,2.5849626064300537,2.5849626064300537,2.5849626064300537,2.5849626064300537,2.5849626064300537,2.5849626064300537,2.5849626064300537,2.5849626064300537,2.5849626064300537,2.5849626064300537,2.827288866043091,0.17226450145244598,0.03403357416391373,-0.3076678514480591,-1.455335021018982,1.2822397947311401,1.0723615884780884,-0.9309178590774536,-0.9257007241249084,0.0546586848795414,0.2807730436325073,2.0296711921691895,-0.3076678514480591,-1.455335021018982,1.2822397947311401,2.827288866043091,0.17226450145244598,0.03403357416391373,0.0546586848795414,0.2807730436325073,2.0296711921691895,1.0723615884780884,-0.9309178590774536,-0.9257007241249084,-0.07691696286201477,0.43616625666618347,-1.1794400215148926,0.7068222165107727,0.8430661559104919,-1.4914915561676025,0.01366467121988535,0.8701932430267334,-0.9925822019577026,0.2680903971195221,0.5672705173492432,-1.731425166130066,-5.880212306976318,20.089366912841797,2.9903197288513184,6.533197402954102,-7.723243713378906,-8.09762191772461,0.8355242013931274,0.8381533622741699,20.851665496826172,-7.089059829711914,3.0080361366271973,3.48690128326416,0.0,0.0,0.0,0.0,0.0,0.0,0.0,0.0,0.0,0.0,0.0,0.0
run-0cbf4a31137e48c79a1f61b4bb639a3e,492,,15823758537289,true,8.114543914794922,0.02037232555449009,,,,-0.3428916931152344,0,-0.9991305470466614,-0.05,-0.05,0.8407598733901978,0.2305527627468109,0.6009611487388611,2.0772016048431396,0.4414677023887634,,,,,,true,321766,true,true,false,,,,2.5849626064300537,2.5849626064300537,2.5849626064300537,2.5849626064300537,2.5849626064300537,2.5849626064300537,2.5849626064300537,2.5849626064300537,2.5849626064300537,2.5849626064300537,2.5849626064300537,1.465217113494873,-2.2998173236846924,-0.3014618456363678,-1.3393006324768066,-0.562031626701355,2.0047316551208496,0.24424871802330017,-0.05923651158809662,0.3272738456726074,0.5675100684165955,0.47517287731170654,1.4642583131790161,-1.3393006324768066,-0.562031626701355,2.0047316551208496,1.465217113494873,-2.2998173236846924,-0.3014618456363678,0.5675100684165955,0.47517287731170654,1.4642583131790161,0.24424871802330017,-0.05923651158809662,0.3272738456726074,-0.33482515811920166,0.6594921350479126,-0.9988170862197876,0.36630427837371826,0.22504568099975586,-1.575365424156189,0.14187751710414886,0.9187932014465332,-1.1339354515075684,0.06106217950582504,0.7851908802986145,-1.4181815385818481,-10.315775871276855,6.277783393859863,17.81606101989746,-17.621854782104492,-7.347891807556152,3.876981496810913,5.590865135192871,-6.311338424682617,13.250767707824707,5.1285080909729,10.399493217468262,6.425771713256836,0.0,0.0,0.0,0.0,0.0,0.0,0.0,0.0,0.0,0.0,0.0,0.0
run-0cbf4a31137e48c79a1f61b4bb639a3e,496,,15823799413880,true,8.19687271118164,0.0117768170312047,,,,-0.32357460260391235,0,-0.9987094402313232,-0.05,-0.05,0.7651934623718262,0.21628457307815552,0.6151642203330994,2.008103847503662,0.46520426869392395,,,,,,true,443145,true,true,false,,,,2.5849626064300537,2.5849626064300537,2.5849626064300537,2.5849626064300537,2.5849626064300537,2.5849626064300537,2.5849626064300537,2.5849626064300537,2.5849626064300537,2.5849626064300537,2.5849626064300537,0.597281277179718,-1.985686182975769,1.2587530612945557,0.012980766594409943,0.37348467111587524,1.8702070713043213,0.18187887966632843,-0.08608601987361908,1.1150710582733154,-0.6757195591926575,1.169245958328247,0.4858155846595764,0.012980766594409943,0.37348467111587524,1.8702070713043213,0.597281277179718,-1.985686182975769,1.2587530612945557,-0.6757195591926575,1.169245958328247,0.4858155846595764,0.18187887966632843,-0.08608601987361908,1.1150710582733154,0.0032451916486024857,0.8933711647987366,-1.0324482917785645,0.1493203192949295,0.3035784661769867,-1.1853117942810059,-0.16892988979816437,1.0923115015029907,-1.378546118736267,0.04546971991658211,0.7784785032272339,-1.2212321758270264,6.077390670776367,5.49957799911499,11.621907234191895,-4.69814395904541,10.295239448547363,8.46877384185791,-3.8607261180877686,-3.5774173736572266,-4.923823356628418,4.886613845825195,-1.4857864379882812,13.455365180969238,0.0,0.0,0.0,0.0,0.0,0.0,0.0,0.0,0.0,0.0,0.0,0.0
run-0cbf4a31137e48c79a1f61b4bb639a3e,502,,15823858844815,true,8.325920104980469,0.0033630337566137314,,,,-0.2582537531852722,0,-0.998624861240387,-0.05,-0.05,0.6525845527648926,0.16077809035778046,0.5520491600036621,2.005657434463501,0.2768182158470154,,,,,,true,1149218,true,true,false,,,,2.5849626064300537,2.5849626064300537,2.5849626064300537,2.5849626064300537,2.5849626064300537,2.5849626064300537,2.5849626064300537,2.5849626064300537,2.5849626064300537,2.5849626064300537,2.5849626064300537,-0.861835777759552,0.07737044990062714,1.758849024772644,-1.7111024856567383,-0.4069373607635498,0.3203507363796234,0.43717461824417114,0.49775633215904236,0.9548097252845764,-1.1694025993347168,0.07369296252727509,-0.4411877989768982,-1.7111024856567383,-0.4069373607635498,0.3203507363796234,-0.861835777759552,0.07737044990062714,1.758849024772644,-1.1694025993347168,0.07369296252727509,-0.4411877989768982,0.43717461824417114,0.49775633215904236,0.9548097252845764,-0.42777562141418457,0.6982656717300415,-1.419912338256836,-0.215458944439888,0.8193426132202148,-1.0602877140045166,-0.2923506498336792,0.8184232711791992,-1.6102969646453857,0.10929365456104279,0.9244390726089478,-1.261297583580017,-8.297318458557129,-7.044074535369873,-9.590163230895996,-5.451118469238281,15.699129104614258,11.160049438476562,-2.6367504596710205,-9.057586669921875,-5.2001447677612305,2.932659864425659,-4.552367210388184,9.218887329101562,0.0,0.0,0.0,0.0,0.0,0.0,0.0,0.0,0.0,0.0,0.0,0.0
run-0cbf4a31137e48c79a1f61b4bb639a3e,506,,15823898710675,true,8.402803421020508,-0.00978582538664341,,,,-0.21862033009529114,0,-0.9991808533668518,-0.05,-0.05,0.5808594822883606,0.16295994818210602,0.6116476655006409,1.8779447078704834,0.028506046161055565,,,,,,true,776595,true,true,false,,,,2.5849626064300537,2.5849626064300537,2.5849626064300537,2.5849626064300537,2.5849626064300537,2.5849626064300537,2.5849626064300537,2.5849626064300537,2.5849626064300537,2.5849626064300537,2.5849626064300537,-1.5116158723831177,0.4443289637565613,1.190555214881897,-2.240800380706787,-1.479997158050537,-0.5913944840431213,1.264424204826355,0.6739368438720703,0.5639174580574036,-1.05906081199646,-0.7309055924415588,-0.989121675491333,-2.240800380706787,-1.479997158050537,-0.5913944840431213,-1.5116158723831177,0.4443289637565613,1.190555214881897,-1.05906081199646,-0.7309055924415588,-0.989121675491333,1.264424204826355,0.6739368438720703,0.5639174580574036,-0.5602000951766968,0.4300007224082947,-1.6478486061096191,-0.3779039680957794,0.9110822677612305,-1.2023612260818481,-0.264765202999115,0.6172736287117004,-1.7472803592681885,0.31610605120658875,0.9684842228889465,-1.3590205907821655,-2.0037713050842285,-11.677648544311523,-5.580585956573486,-4.540347576141357,9.291631698608398,14.007024765014648,5.675816535949707,-5.164109706878662,-0.8176994323730469,8.49615478515625,-1.3909251689910889,-3.681680679321289,0.0,0.0,0.0,0.0,0.0,0.0,0.0,0.0,0.0,0.0,0.0,0.0
run-0cbf4a31137e48c79a1f61b4bb639a3e,510,,15823940064920,true,8.473689079284668,-0.02253299206495285,,,,-0.1759338676929474,0,-0.9988886117935181,-0.05,-0.05,0.5142426490783691,0.16976971924304962,0.6900014877319336,1.7297570705413818,0.04558148235082626,,,,,,true,2486,true,true,false,,,,2.5849626064300537,2.5849626064300537,2.5849626064300537,2.5849626064300537,2.5849626064300537,2.5849626064300537,2.5849626064300537,2.5849626064300537,2.5849626064300537,2.5849626064300537,2.5849626064300537,-1.3945082426071167,0.17626039683818817,1.9980900287628174,-0.8899162411689758,-3.6104300022125244,-0.5722543597221375,1.8212475776672363,0.11393606662750244,-0.3038825988769531,-0.4132588803768158,-0.6048373579978943,0.47983431816101074,-0.8899162411689758,-3.6104300022125244,-0.5722543597221375,-1.3945082426071167,0.17626039683818817,1.9980900287628174,-0.4132588803768158,-0.6048373579978943,0.47983431816101074,1.8212475776672363,0.11393606662750244,-0.3038825988769531,-0.22247906029224396,-0.10260748863220215,-1.6430635452270508,-0.3486270606517792,0.8440651297569275,-1.0004775524139404,-0.10331472009420395,0.6487906575202942,-1.3800413608551025,0.4553118944168091,0.828484058380127,-1.5759706497192383,10.527034759521484,-10.137357711791992,0.6885488033294678,-2.2316222190856934,-0.8498718738555908,19.415250778198242,6.017919540405273,5.981662750244141,8.278468132019043,1.286041259765625,-4.727287769317627,-5.16069221496582,0.0,0.0,0.0,0.0,0.0,0.0,0.0,0.0,0.0,0.0,0.0,0.0
run-0cbf4a31137e48c79a1f61b4bb639a3e,518,,15824018788799,true,8.603494644165039,-0.04817420244216919,,,,-0.08077020198106766,0,-0.999325156211853,-0.05,-0.05,0.0,0.0,0.0,1.626514196395874,-0.08597198873758316,,,,,,true,459453,true,true,false,,,,2.5849626064300537,2.5849626064300537,2.5849626064300537,2.5849626064300537,2.5849626064300537,2.5849626064300537,2.5849626064300537,2.5849626064300537,2.5849626064300537,2.5849626064300537,2.5849626064300537,1.360620379447937,0.6088976263999939,-1.4710825681686401,0.1102534607052803,-2.107813835144043,1.2433929443359375,0.6512507200241089,-0.6144368648529053,-0.8408012986183167,-0.675704300403595,0.12484075129032135,1.5424776077270508,0.1102534607052803,-2.107813835144043,1.2433929443359375,1.360620379447937,0.6088976263999939,-1.4710825681686401,-0.675704300403595,0.12484075129032135,1.5424776077270508,0.6512507200241089,-0.6144368648529053,-0.8408012986183167,0.027563365176320076,0.2730465531349182,-1.1891517639160156,0.34015509486198425,0.9522244334220886,-1.8677706718444824,-0.16892607510089874,0.831210196018219,-1.1143805980682373,0.16281268000602722,0.6463907957077026,-1.710200309753418,-2.3343653678894043,15.78929328918457,3.1022720336914062,7.1901960372924805,-5.386990547180176,-10.271370887756348,-1.3496493101119995,-0.23518681526184082,19.271175384521484,-7.152336120605469,3.71868896484375,4.396218776702881,0.0,0.0,0.0,0.0,0.0,0.0,0.0,0.0,0.0,0.0,0.0,0.0
run-0cbf4a31137e48c79a1f61b4bb639a3e,522,,15824066784107,true,8.667815208435059,-0.05234912410378456,,,,-0.04319017380475998,0,-0.9994639754295349,-0.05,-0.05,0.0,0.0,0.0,1.6426241397857666,0.021204117685556412,,,,,,true,284678,true,true,false,,,,2.5849626064300537,2.5849626064300537,2.5849626064300537,2.5849626064300537,2.5849626064300537,2.5849626064300537,2.5849626064300537,2.5849626064300537,2.5849626064300537,2.5849626064300537,2.5849626064300537,0.8482464551925659,-1.0199458599090576,-1.4047566652297974,0.17230305075645447,-2.191620111465454,0.7149072289466858,0.2361258566379547,-1.1426547765731812,-0.08384601771831512,-0.2980729639530182,-0.31318074464797974,-0.7590205669403076,0.17230305075645447,-2.191620111465454,0.7149072289466858,0.8482464551925659,-1.0199458599090576,-1.4047566652297974,-0.2980729639530182,-0.31318074464797974,-0.7590205669403076,0.2361258566379547,-1.1426547765731812,-0.08384601771831512,0.04307576268911362,0.25209498405456543,-1.3212732076644897,0.21206161379814148,0.5450135469436646,-1.851189136505127,-0.07451824098825455,0.7217048406600952,-1.6897552013397217,0.05903146415948868,0.514336347579956,-1.5209615230560303,-3.371128559112549,1.4029083251953125,-4.338935375213623,-10.709235191345215,-9.190584182739258,2.564523220062256,3.9351768493652344,-4.928526878356934,-3.588322401046753,0.18529129028320312,1.4277989864349365,4.484128475189209,0.0,0.0,0.0,0.0,0.0,0.0,0.0,0.0,0.0,0.0,0.0,0.0
run-0cbf4a31137e48c79a1f61b4bb639a3e,528,,15824119552439,true,8.770739555358887,-0.06148065999150276,,,,0.015752457082271576,0,-0.9996011257171631,-0.05,-0.05,0.0,0.0,0.0,1.562522292137146,-0.1729363054037094,,,,,,true,217623,true,true,false,,,,2.5849626064300537,2.5849626064300537,2.5849626064300537,2.5849626064300537,2.5849626064300537,2.5849626064300537,2.5849626064300537,2.5849626064300537,2.5849626064300537,2.5849626064300537,2.5849626064300537,-0.3152497708797455,-1.3190162181854248,1.4503238201141357,-0.0637977346777916,-0.9001360535621643,-0.3024178445339203,0.1318635642528534,0.7509709596633911,-0.36784911155700684,-0.08147011697292328,0.6242659091949463,-0.671194314956665,-0.0637977346777916,-0.9001360535621643,-0.3024178445339203,-0.3152497708797455,-1.3190162181854248,1.4503238201141357,-0.08147011697292328,0.6242659091949463,-0.671194314956665,0.1318635642528534,0.7509709596633911,-0.36784911155700684,-0.0159494336694479,0.5749660134315491,-1.5756044387817383,-0.07881244271993637,0.47024595737457275,-1.1374189853668213,-0.02036752924323082,0.9560664892196655,-1.6677985191345215,0.03296589106321335,0.9877427816390991,-1.5919623374938965,-1.7275553941726685,-2.8143839836120605,3.279015064239502,-7.690443992614746,3.347167491912842,8.318549156188965,6.323277950286865,-0.07467901706695557,3.1219208240509033,1.4549903869628906,10.212937355041504,8.200355529785156,0.0,0.0,0.0,0.0,0.0,0.0,0.0,0.0,0.0,0.0,0.0,0.0
run-0cbf4a31137e48c79a1f61b4bb639a3e,532,,15824159118091,true,8.831835746765137,-0.06809518486261368,,,,0.05355213209986687,0,-0.9995908737182617,-0.05,-0.05,0.0,0.0,0.0,1.4625760316848755,-0.2656169533729553,,,,,,true,1034945,true,true,false,,,,2.5849626064300537,2.5849626064300537,2.5849626064300537,2.5849626064300537,2.5849626064300537,2.5849626064300537,2.5849626064300537,2.5849626064300537,2.5849626064300537,2.5849626064300537,2.5849626064300537,0.2756624221801758,-0.9716361165046692,1.8368630409240723,0.9168097972869873,-0.3687698543071747,0.34959539771080017,0.22349998354911804,0.9368051290512085,-0.9350993633270264,-0.01971256360411644,0.9448478817939758,-1.6489224433898926,0.9168097972869873,-0.3687698543071747,0.34959539771080017,0.2756624221801758,-0.9716361165046692,1.8368630409240723,-0.01971256360411644,0.9448478817939758,-1.6489224433898926,0.22349998354911804,0.9368051290512085,-0.9350993633270264,0.22920244932174683,0.7078075408935547,-1.412601113319397,0.06891560554504395,0.5570909976959229,-1.040784239768982,-0.00492814090102911,1.0362119674682617,-1.9122306108474731,0.05587499588727951,1.0342012643814087,-1.7337749004364014,8.516397476196289,-1.4185025691986084,11.750246047973633,-0.5200916528701782,1.6698689460754395,16.765522003173828,5.795831203460693,-2.6835954189300537,-1.4430127143859863,0.9947999715805054,3.9358344078063965,8.306632041931152,0.0,0.0,0.0,0.0,0.0,0.0,0.0,0.0,0.0,0.0,0.0,0.0
run-0cbf4a31137e48c79a1f61b4bb639a3e,538,,15824218914623,true,8.911298751831055,-0.08209499716758728,,,,0.08993235975503922,0,-0.9993603229522705,-0.05,-0.05,0.0,0.0,0.0,1.072982668876648,-0.33091655373573303,,,,,,true,785595,true,true,false,,,,2.5849626064300537,2.5849626064300537,2.5849626064300537,2.5849626064300537,2.5849626064300537,2.5849626064300537,2.5849626064300537,2.5849626064300537,2.5849626064300537,2.5849626064300537,2.5849626064300537,-0.4213072955608368,-0.030464783310890198,-0.1321081519126892,0.829380989074707,-0.13813333213329315,0.18229389190673828,-0.07465210556983948,0.8933233022689819,-1.1521788835525513,0.18022966384887695,0.6177753806114197,-0.8475673794746399,0.829380989074707,-0.13813333213329315,0.18229389190673828,-0.4213072955608368,-0.030464783310890198,-0.1321081519126892,0.18022966384887695,0.6177753806114197,-0.8475673794746399,-0.07465210556983948,0.8933233022689819,-1.1521788835525513,0.20734524726867676,0.7654666900634766,-1.4544265270233154,-0.1053268238902092,0.7923837900161743,-1.5330270528793335,0.04505741596221924,0.9544438719749451,-1.7118918895721436,-0.01866302639245987,1.023330807685852,-1.7880446910858154,4.752548694610596,-4.087203025817871,11.010327339172363,-10.215514183044434,4.042736530303955,4.337917804718018,2.425163507461548,-8.038861274719238,7.770788669586182,-6.162532329559326,-2.077544689178467,6.040117263793945,0.0,0.0,0.0,0.0,0.0,0.0,0.0,0.0,0.0,0.0,0.0,0.0
run-0cbf4a31137e48c79a1f61b4bb639a3e,542,,15824259421359,true,8.951980590820312,-0.09038350731134415,,,,0.10192909836769104,0,-0.9993284940719604,-0.05,-0.05,0.0,0.0,0.0,0.9346768260002136,-0.26837649941444397,,,,,,true,1143798,true,true,false,,,,2.5849626064300537,2.5849626064300537,2.5849626064300537,2.5849626064300537,2.5849626064300537,2.5849626064300537,2.5849626064300537,2.5849626064300537,2.5849626064300537,2.5849626064300537,2.5849626064300537,-0.339478999376297,0.03751771152019501,-0.2334972620010376,0.9197368621826172,0.022447139024734497,0.4462255537509918,-0.09051454067230225,0.9802755117416382,-1.1168590784072876,0.014013949781656265,0.7644631862640381,-1.232197880744934,0.9197368621826172,0.022447139024734497,0.4462255537509918,-0.339478999376297,0.03751771152019501,-0.2334972620010376,0.014013949781656265,0.7644631862640381,-1.232197880744934,-0.09051454067230225,0.9802755117416382,-1.1168590784072876,0.2299342155456543,0.805611789226532,-1.3884435892105103,-0.08486974984407425,0.8093794584274292,-1.558374285697937,0.0035034874454140663,0.9911158084869385,-1.8080494403839111,-0.02262863516807556,1.0450688600540161,-1.7792147397994995,5.925734519958496,-5.389204025268555,13.769394874572754,-7.267296314239502,1.4844825267791748,5.233365058898926,1.8129793405532837,-5.010289192199707,1.6861869096755981,-4.487310409545898,-1.3195334672927856,3.6226565837860107,0.0,0.0,0.0,0.0,0.0,0.0,0.0,0.0,0.0,0.0,0.0,0.0
run-0cbf4a31137e48c79a1f61b4bb639a3e,548,,15824318584814,true,9.001058578491211,-0.0968853086233139,,,,0.10865836590528488,0,-0.9991914629936218,-0.05,-0.05,0.0,0.0,0.0,0.7162442803382874,-0.14898057281970978,,,,,,true,973669,true,true,false,,,,2.5849626064300537,2.5849626064300537,2.5849626064300537,2.5849626064300537,2.5849626064300537,2.5849626064300537,2.5849626064300537,2.5849626064300537,2.5849626064300537,2.5849626064300537,2.5849626064300537,-0.04183397442102432,0.07950745522975922,-0.3056202232837677,0.47910624742507935,0.20324251055717468,-0.8484634757041931,0.14621034264564514,1.1680574417114258,-0.9843345880508423,0.24152395129203796,0.8548515439033508,-0.9812118411064148,0.47910624742507935,0.20324251055717468,-0.8484634757041931,-0.04183397442102432,0.07950745522975922,-0.3056202232837677,0.24152395129203796,0.8548515439033508,-0.9812118411064148,0.14621034264564514,1.1680574417114258,-0.9843345880508423,0.11977656185626984,0.8508106470108032,-1.7121158838272095,-0.01045849360525608,0.8198768496513367,-1.5764050483703613,0.06038098782300949,1.0137128829956055,-1.7453029155731201,0.036552585661411285,1.0920143127441406,-1.7460836172103882,2.2379751205444336,-6.376571178436279,1.3646684885025024,-3.061922073364258,-1.2318756580352783,3.9061543941497803,2.567561149597168,-0.1516435146331787,2.4347245693206787,-0.6640501022338867,-0.5475908517837524,1.3490655422210693,0.0,0.0,0.0,0.0,0.0,0.0,0.0,0.0,0.0,0.0,0.0,0.0
run-0cbf4a31137e48c79a1f61b4bb639a3e,552,,15824367918828,true,9.028275489807129,-0.09942846745252609,,,,0.11295162886381149,0,-0.9992586970329285,-0.05,-0.05,0.0,0.0,0.0,0.6455338597297668,-0.13436844944953918,,,,,,true,1991462,true,true,false,,,,2.5849626064300537,2.5849626064300537,2.5849626064300537,2.5849626064300537,2.5849626064300537,2.5849626064300537,2.5849626064300537,2.5849626064300537,2.5849626064300537,2.5849626064300537,2.5849626064300537,-0.11974384635686874,0.5421291589736938,-0.29582732915878296,0.5134960412979126,0.386555552482605,-0.6013116240501404,-0.034863829612731934,1.2124876976013184,-0.9057117700576782,0.07229916751384735,0.6813744902610779,-0.7769802212715149,0.5134960412979126,0.386555552482605,-0.6013116240501404,-0.11974384635686874,0.5421291589736938,-0.29582732915878296,0.07229916751384735,0.6813744902610779,-0.7769802212715149,-0.034863829612731934,1.2124876976013184,-0.9057117700576782,0.12837401032447815,0.8966388702392578,-1.6503279209136963,-0.029935961589217186,0.9355323314666748,-1.573956847190857,0.018074791878461838,0.9703436493873596,-1.6942451000213623,-0.008715957403182983,1.1031219959259033,-1.7264279127120972,2.316523790359497,-3.764895439147949,3.307391405105591,-4.033576965332031,0.7949979305267334,3.368354320526123,0.5161063075065613,-2.0389552116394043,2.9636001586914062,-1.6502370834350586,-0.5263767242431641,0.5332547426223755,0.0,0.0,0.0,0.0,0.0,0.0,0.0,0.0,0.0,0.0,0.0,0.0
run-0cbf4a31137e48c79a1f61b4bb639a3e,558,,15824419635352,true,9.064313888549805,-0.10159280151128769,,,,0.11110395938158035,0,-0.9992712140083313,-0.05,-0.05,0.0,0.0,0.0,0.5252802968025208,-0.05298366770148277,,,,,,true,120461,true,true,false,,,,2.5849626064300537,2.5849626064300537,2.5849626064300537,2.5849626064300537,2.5849626064300537,2.5849626064300537,2.5849626064300537,2.5849626064300537,2.5849626064300537,2.5849626064300537,2.5849626064300537,-0.2488844394683838,0.29075849056243896,-1.0004470348358154,0.7683374881744385,0.3188159167766571,0.2443203628063202,-0.07067415118217468,1.0715055465698242,-0.9255088567733765,-0.1661306619644165,0.9292539358139038,-1.1056842803955078,0.7683374881744385,0.3188159167766571,0.2443203628063202,-0.2488844394683838,0.29075849056243896,-1.0004470348358154,-0.1661306619644165,0.9292539358139038,-1.1056842803955078,-0.07067415118217468,1.0715055465698242,-0.9255088567733765,0.19208437204360962,0.8797039985656738,-1.4389199018478394,-0.06222110986709595,0.8726896047592163,-1.7501118183135986,-0.041532665491104126,1.0323134660720825,-1.776421070098877,-0.01766853779554367,1.0678763389587402,-1.7313772439956665,3.9195351600646973,-6.335566520690918,10.87691879272461,-4.3330817222595215,-3.4894258975982666,-0.5782299041748047,-0.9868849515914917,-1.134692907333374,-0.445013165473938,-0.764860987663269,-2.0414986610412598,0.10831715166568756,0.0,0.0,0.0,0.0,0.0,0.0,0.0,0.0,0.0,0.0,0.0,0.0
run-0cbf4a31137e48c79a1f61b4bb639a3e,562,,15824459318424,true,9.082931518554688,-0.10030053555965424,,,,0.1123611181974411,0,-0.9991868138313293,-0.05,-0.05,0.0,0.0,0.0,0.41458749771118164,-0.0035175171215087175,,,,,,true,883593,true,true,false,,,,2.5849626064300537,2.5849626064300537,2.5849626064300537,2.5849626064300537,2.5849626064300537,2.5849626064300537,2.5849626064300537,2.5849626064300537,2.5849626064300537,2.5849626064300537,2.5849626064300537,-0.0294281467795372,0.48150402307510376,-0.3456968367099762,0.40022990107536316,0.29733484983444214,-0.6323079466819763,0.002520948648452759,1.2213693857192993,-0.8859901428222656,0.02535523846745491,0.7961300015449524,-1.0778636932373047,0.40022990107536316,0.29733484983444214,-0.6323079466819763,-0.0294281467795372,0.48150402307510376,-0.3456968367099762,0.02535523846745491,0.7961300015449524,-1.0778636932373047,0.002520948648452759,1.2213693857192993,-0.8859901428222656,0.10005747526884079,0.8743337392807007,-1.6580770015716553,-0.0073570366948843,0.9203760027885437,-1.5864242315292358,0.006338809616863728,0.9990324974060059,-1.7694659233093262,0.0006302371621131897,1.1053423881530762,-1.7214975357055664,0.7167084813117981,-8.195267677307129,4.086174488067627,-1.9007447957992554,-2.7675771713256836,6.35253381729126,0.5320535898208618,-1.5760160684585571,0.4091760516166687,-0.5933881998062134,-1.8871006965637207,0.8742067217826843,0.0,0.0,0.0,0.0,0.0,0.0,0.0,0.0,0.0,0.0,0.0,0.0
run-0cbf4a31137e48c79a1f61b4bb639a3e,568,,15824519243412,true,9.10243034362793,-0.09894663095474243,,,,0.1143440306186676,0,-0.9991535544395447,-0.05,-0.05,0.0,0.0,0.0,0.2680668830871582,-0.03196904435753822,,,,,,true,1131703,true,true,false,,,,2.5849626064300537,2.5849626064300537,2.5849626064300537,2.5849626064300537,2.5849626064300537,2.5849626064300537,2.5849626064300537,2.5849626064300537,2.5849626064300537,2.5849626064300537,2.5849626064300537,0.01981479674577713,0.6081972122192383,0.2775704264640808,0.12112920731306076,0.3988502621650696,-1.3394622802734375,0.19554400444030762,1.257357120513916,-0.7338497638702393,0.21702221035957336,0.6513186097145081,-0.9662058353424072,0.12112920731306076,0.3988502621650696,-1.3394622802734375,0.01981479674577713,0.6081972122192383,0.2775704264640808,0.21702221035957336,0.6513186097145081,-0.9662058353424072,0.19554400444030762,1.257357120513916,-0.7338497638702393,0.03028230182826519,0.8997125625610352,-1.8348655700683594,0.0049536991864442825,0.9520493149757385,-1.4306074380874634,0.05425555258989334,0.9628296494483948,-1.741551399230957,0.048886001110076904,1.1143393516540527,-1.683462381362915,0.17260003089904785,-6.596847057342529,1.1434563398361206,-1.8209428787231445,-3.5076842308044434,11.320953369140625,1.9522813558578491,-2.5411717891693115,1.6137086153030396,0.8634823560714722,-2.089503288269043,1.4517005681991577,0.0,0.0,0.0,0.0,0.0,0.0,0.0,0.0,0.0,0.0,0.0,0.0
run-0cbf4a31137e48c79a1f61b4bb639a3e,572,,15824565805284,true,9.112205505371094,-0.1009417176246643,,,,0.10745088756084442,0,-0.9991487264633179,-0.05,-0.05,0.0,0.0,0.0,0.19444343447685242,-0.10750015825033188,,,,,,true,766585,true,true,false,,,,2.5849626064300537,2.5849626064300537,2.5849626064300537,2.5849626064300537,2.5849626064300537,2.5849626064300537,2.5849626064300537,2.5849626064300537,2.5849626064300537,2.5849626064300537,2.5849626064300537,-0.18777665495872498,0.8151296377182007,0.04118110239505768,0.4215817451477051,0.772018313407898,-0.5822252631187439,0.006397366523742676,1.0968421697616577,-0.798905074596405,0.13304534554481506,0.7946759462356567,-0.7884491682052612,0.4215817451477051,0.772018313407898,-0.5822252631187439,-0.18777665495872498,0.8151296377182007,0.04118110239505768,0.13304534554481506,0.7946759462356567,-0.7884491682052612,0.006397366523742676,1.0968421697616577,-0.798905074596405,0.10539543628692627,0.993004560470581,-1.6455563306808472,-0.046944163739681244,1.0037823915481567,-1.4897047281265259,0.033261336386203766,0.9986690282821655,-1.6971123218536377,0.001599341630935669,1.074210524559021,-1.6997262239456177,3.053724527359009,-0.7259538769721985,7.819340229034424,-3.6522250175476074,-2.514498233795166,9.599812507629395,1.503968358039856,-1.680987000465393,2.98555064201355,-0.4794001579284668,-3.0661861896514893,0.1652558147907257,0.0,0.0,0.0,0.0,0.0,0.0,0.0,0.0,0.0,0.0,0.0,0.0
run-0cbf4a31137e48c79a1f61b4bb639a3e,578,,15824619552007,true,9.121333122253418,-0.10615969449281693,,,,0.09915272146463394,0,-0.9989697933197021,-0.05,-0.05,0.0,0.0,0.0,0.09520035982131958,-0.05528010055422783,,,,,,true,461123,true,true,false,,,,2.5849626064300537,2.5849626064300537,2.5849626064300537,2.5849626064300537,2.5849626064300537,2.5849626064300537,2.5849626064300537,2.5849626064300537,2.5849626064300537,2.5849626064300537,2.5849626064300537,-0.19334140419960022,0.5336570739746094,-1.3794441223144531,0.7205991744995117,0.6293618679046631,0.09974368661642075,-0.3544887900352478,0.9865255355834961,-0.8667173385620117,0.036277998238801956,0.978306770324707,-0.6188938021659851,0.7205991744995117,0.6293618679046631,0.09974368661642075,-0.19334140419960022,0.5336570739746094,-1.3794441223144531,0.036277998238801956,0.978306770324707,-0.6188938021659851,-0.3544887900352478,0.9865255355834961,-0.8667173385620117,0.18014979362487793,0.9573404788970947,-1.4750640392303467,-0.048335351049900055,0.9334142804145813,-1.8448610305786133,0.009069499559700489,1.044576644897461,-1.6547234058380127,-0.08862219750881195,1.0466313362121582,-1.716679334640503,4.673745632171631,-3.1506521701812744,12.96669864654541,-3.930823564529419,-5.012885570526123,-0.9297939538955688,0.5092282295227051,-0.9041560292243958,4.289035797119141,-2.9279141426086426,-3.271108865737915,0.25879615545272827,0.0,0.0,0.0,0.0,0.0,0.0,0.0,0.0,0.0,0.0,0.0,0.0
run-0cbf4a31137e48c79a1f61b4bb639a3e,584,,15824678482857,true,9.124116897583008,-0.10522816330194473,,,,0.10030751675367355,0,-0.9988666772842407,-0.05,-0.05,0.0,0.0,0.0,-0.0023679560981690884,0.03200337290763855,,,,,,true,642870,true,true,false,,,,2.5849626064300537,2.5849626064300537,2.5849626064300537,2.5849626064300537,2.5849626064300537,2.5849626064300537,2.5849626064300537,2.5849626064300537,2.5849626064300537,2.5849626064300537,2.5849626064300537,-0.07346758991479874,0.8651209473609924,-0.07739637047052383,0.430720716714859,0.7894542217254639,-0.7231535911560059,-0.2681940495967865,1.0966359376907349,-0.7113239169120789,0.14875343441963196,0.8455919027328491,-0.8842817544937134,0.430720716714859,0.7894542217254639,-0.7231535911560059,-0.07346758991479874,0.8651209473609924,-0.07739637047052383,0.14875343441963196,0.8455919027328491,-0.8842817544937134,-0.2681940495967865,1.0966359376907349,-0.7113239169120789,0.10768017917871475,0.9973635673522949,-1.6807883977890015,-0.018366897478699684,1.0162802934646606,-1.5193490982055664,0.03718835860490799,1.0113979578018188,-1.721070408821106,-0.06704851239919662,1.074159026145935,-1.6778309345245361,1.4636187553405762,-1.8403266668319702,6.332606315612793,-1.9174408912658691,1.5844857692718506,11.284347534179688,0.9623657464981079,-1.5296279191970825,1.9317371845245361,-2.9206221103668213,-2.662870407104492,2.213745355606079,0.0,0.0,0.0,0.0,0.0,0.0,0.0,0.0,0.0,0.0,0.0,0.0
run-0cbf4a31137e48c79a1f61b4bb639a3e,588,,15824718817606,true,9.123383522033691,-0.10531115531921387,,,,0.09955599159002304,0,-0.9988820552825928,-0.05,-0.05,0.0,0.0,0.0,-0.018029015511274338,-0.014622259885072708,,,,,,true,866213,true,true,false,,,,2.5849626064300537,2.5849626064300537,2.5849626064300537,2.5849626064300537,2.5849626064300537,2.5849626064300537,2.5849626064300537,2.5849626064300537,2.5849626064300537,2.5849626064300537,2.5849626064300537,-0.12760671973228455,1.1586060523986816,-0.1634657382965088,0.21167534589767456,0.752129852771759,-0.7884007096290588,-0.2094208300113678,1.174523949623108,-0.6696884036064148,0.15282553434371948,0.7431331872940063,-0.451333224773407,0.21167534589767456,0.752129852771759,-0.7884007096290588,-0.12760671973228455,1.1586060523986816,-0.1634657382965088,0.15282553434371948,0.7431331872940063,-0.451333224773407,-0.2094208300113678,1.174523949623108,-0.6696884036064148,0.05291883647441864,0.9880324602127075,-1.6971001625061035,-0.031901679933071136,1.0896515846252441,-1.5408663749694824,0.03820638358592987,0.9857833385467529,-1.6128332614898682,-0.05235520750284195,1.0936310291290283,-1.6674220561981201,0.46094202995300293,-2.280850648880005,5.879708766937256,-1.998358964920044,3.0594356060028076,9.922197341918945,1.5684807300567627,-2.5358123779296875,5.334873676300049,-1.730027437210083,-2.3864071369171143,2.6069960594177246,0.0,0.0,0.0,0.0,0.0,0.0,0.0,0.0,0.0,0.0,0.0,0.0
run-0cbf4a31137e48c79a1f61b4bb639a3e,594,,15824779410409,true,9.123140335083008,-0.10538516938686371,,,,0.09318123012781143,0,-0.9988848567008972,-0.05,-0.05,0.0,0.0,0.0,0.00646505132317543,0.01825013943016529,,,,,,true,343696,true,true,false,,,,2.5849626064300537,2.5849626064300537,2.5849626064300537,2.5849626064300537,2.5849626064300537,2.5849626064300537,2.5849626064300537,2.5849626064300537,2.5849626064300537,2.5849626064300537,2.5849626064300537,-0.20964315533638,1.19985830783844,-0.27390730381011963,0.21936893463134766,0.7972737550735474,-0.6456124186515808,-0.22307395935058594,1.1854875087738037,-0.6595163941383362,0.1564396619796753,0.7850034832954407,-0.4235837459564209,0.21936893463134766,0.7972737550735474,-0.6456124186515808,-0.20964315533638,1.19985830783844,-0.27390730381011963,0.1564396619796753,0.7850034832954407,-0.4235837459564209,-0.22307395935058594,1.1854875087738037,-0.6595163941383362,0.054842233657836914,0.9993184804916382,-1.6614030599594116,-0.052410788834095,1.0999646186828613,-1.5684767961502075,0.03910991549491882,0.9962508678436279,-1.60589599609375,-0.055768489837646484,1.0963718891143799,-1.6648790836334229,0.6748780012130737,-1.6535736322402954,6.475335121154785,-2.5094103813171387,3.405533790588379,8.515663146972656,2.0034756660461426,-1.9283446073532104,5.075520992279053,-1.4054219722747803,-2.2649965286254883,2.3617701530456543,0.0,0.0,0.0,0.0,0.0,0.0,0.0,0.0,0.0,0.0,0.0,0.0
run-0cbf4a31137e48c79a1f61b4bb639a3e,598,,15824818897383,true,9.123663902282715,-0.10422196984291077,,,,0.09024454653263092,0,-0.9988967776298523,-0.05,-0.05,0.0,0.0,0.0,0.02090177685022354,0.03041662648320198,,,,,,true,279260,true,true,false,,,,2.5849626064300537,2.5849626064300537,2.5849626064300537,2.5849626064300537,2.5849626064300537,2.5849626064300537,2.5849626064300537,2.5849626064300537,2.5849626064300537,2.5849626064300537,2.5849626064300537,-0.1611119508743286,1.2122267484664917,-0.18612176179885864,0.21676066517829895,0.7818016409873962,-0.7293974757194519,-0.23316383361816406,1.1859889030456543,-0.6151121854782104,0.13029147684574127,0.7420544028282166,-0.5032196044921875,0.21676066517829895,0.7818016409873962,-0.7293974757194519,-0.1611119508743286,1.2122267484664917,-0.18612176179885864,0.13029147684574127,0.7420544028282166,-0.5032196044921875,-0.23316383361816406,1.1859889030456543,-0.6151121854782104,0.05419016629457474,0.9954504370689392,-1.6823493242263794,-0.04027798771858215,1.1030566692352295,-1.5465304851531982,0.03257286921143532,0.9855136275291443,-1.6258049011230469,-0.058290958404541016,1.0964972972869873,-1.653778076171875,0.6733512282371521,-1.6604702472686768,5.500720024108887,-2.1499147415161133,3.422037124633789,8.923918724060059,1.919524908065796,-2.1411521434783936,4.158047199249268,-1.3597588539123535,-2.335606336593628,2.5548596382141113,0.0,0.0,0.0,0.0,0.0,0.0,0.0,0.0,0.0,0.0,0.0,0.0
run-0cbf4a31137e48c79a1f61b4bb639a3e,604,,15824879833266,true,9.125252723693848,-0.10248646885156631,,,,0.08538776636123657,0,-0.9989272356033325,-0.05,-0.05,0.0,0.0,0.0,0.03170906379818916,0.018628349527716637,,,,,,true,1102899,true,true,false,,,,2.5849626064300537,2.5849626064300537,2.5849626064300537,2.5849626064300537,2.5849626064300537,2.5849626064300537,2.5849626064300537,2.5849626064300537,2.5849626064300537,2.5849626064300537,2.5849626064300537,-0.1472909152507782,1.1894806623458862,-0.07983715087175369,0.21303454041481018,0.7473646402359009,-0.7761392593383789,-0.20830193161964417,1.1682566404342651,-0.6114978790283203,0.12631915509700775,0.6960128545761108,-0.6140691637992859,0.21303454041481018,0.7473646402359009,-0.7761392593383789,-0.1472909152507782,1.1894806623458862,-0.07983715087175369,0.12631915509700775,0.6960128545761108,-0.6140691637992859,-0.20830193161964417,1.1682566404342651,-0.6114978790283203,0.053258635103702545,0.9868412017822266,-1.6940348148345947,-0.03682272881269455,1.0973701477050781,-1.5199593305587769,0.03157978877425194,0.9740031957626343,-1.653517246246338,-0.05207548290491104,1.0920641422271729,-1.65287446975708,0.68426513671875,-1.9504183530807495,5.019237041473389,-2.0461678504943848,3.0251379013061523,9.571159362792969,2.1167585849761963,-2.4019086360931396,3.046980857849121,-0.930539608001709,-2.6279218196868896,2.4609224796295166,0.0,0.0,0.0,0.0,0.0,0.0,0.0,0.0,0.0,0.0,0.0,0.0
run-0cbf4a31137e48c79a1f61b4bb639a3e,608,,15824918718257,true,9.126343727111816,-0.10194940865039825,,,,0.08285080641508102,0,-0.9989201426506042,-0.05,-0.05,0.0,0.0,0.0,0.026548894122242928,0.0058549982495605946,,,,,,true,452833,true,true,false,,,,2.5849626064300537,2.5849626064300537,2.5849626064300537,2.5849626064300537,2.5849626064300537,2.5849626064300537,2.5849626064300537,2.5849626064300537,2.5849626064300537,2.5849626064300537,2.5849626064300537,-0.13521075248718262,1.1786975860595703,-0.04643058031797409,0.21602174639701843,0.7327903509140015,-0.7959401607513428,-0.2043950855731964,1.1684390306472778,-0.6371948719024658,0.1222471296787262,0.6731504201889038,-0.636612594127655,0.21602174639701843,0.7327903509140015,-0.7959401607513428,-0.13521075248718262,1.1786975860595703,-0.04643058031797409,0.1222471296787262,0.6731504201889038,-0.636612594127655,-0.2043950855731964,1.1684390306472778,-0.6371948719024658,0.05400543659925461,0.9831975698471069,-1.6989850997924805,-0.033802688121795654,1.0946743488311768,-1.5116076469421387,0.03056178241968155,0.9682875871658325,-1.6591531038284302,-0.0510987713932991,1.0921097993850708,-1.6592986583709717,0.7099396586418152,-2.130603075027466,4.901735782623291,-1.9664393663406372,2.827775478363037,9.801750183105469,2.165234088897705,-2.581977367401123,2.8267412185668945,-0.8165311217308044,-2.7018513679504395,2.229645252227783,0.0,0.0,0.0,0.0,0.0,0.0,0.0,0.0,0.0,0.0,0.0,0.0
run-0cbf4a31137e48c79a1f61b4bb639a3e,614,,15824979086847,true,9.127460479736328,-0.10196738690137863,,,,0.08058803528547287,0,-0.9988973736763,-0.05,-0.05,0.0,0.0,0.0,0.010065944865345955,-0.006335922982543707,,,,,,true,317103,true,true,false,,,,2.5849626064300537,2.5849626064300537,2.5849626064300537,2.5849626064300537,2.5849626064300537,2.5849626064300537,2.5849626064300537,2.5849626064300537,2.5849626064300537,2.5849626064300537,2.5849626064300537,-0.1188674345612526,1.1800884008407593,-0.030930735170841217,0.21869757771492004,0.72580885887146,-0.8094972968101501,-0.20939365029335022,1.1788742542266846,-0.6721877455711365,0.11369867622852325,0.653517484664917,-0.6216126680374146,0.21869757771492004,0.72580885887146,-0.8094972968101501,-0.1188674345612526,1.1800884008407593,-0.030930735170841217,0.11369867622852325,0.653517484664917,-0.6216126680374146,-0.20939365029335022,1.1788742542266846,-0.6721877455711365,0.05467439442873001,0.981452226638794,-1.7023743391036987,-0.02971685864031315,1.0950220823287964,-1.507732629776001,0.028424669057130814,0.9633793830871582,-1.6554031372070312,-0.052348412573337555,1.0947185754776,-1.6680469512939453,0.719595193862915,-2.2624189853668213,4.901117324829102,-1.8671433925628662,2.7675487995147705,9.899927139282227,2.1564319133758545,-2.73368763923645,2.9308886528015137,-0.7949081659317017,-2.6517584323883057,1.9234685897827148,0.0,0.0,0.0,0.0,0.0,0.0,0.0,0.0,0.0,0.0,0.0,0.0
run-0cbf4a31137e48c79a1f61b4bb639a3e,618,,15825018951001,true,9.12771987915039,-0.10221105813980103,,,,0.07971326261758804,0,-0.9988870620727539,-0.05,-0.05,0.0,0.0,0.0,0.0032025149557739496,-0.006403305567800999,,,,,,true,1128910,true,true,false,,,,2.5849626064300537,2.5849626064300537,2.5849626064300537,2.5849626064300537,2.5849626064300537,2.5849626064300537,2.5849626064300537,2.5849626064300537,2.5849626064300537,2.5849626064300537,2.5849626064300537,-0.11164570599794388,1.1870096921920776,-0.031639181077480316,0.21679043769836426,0.7293038368225098,-0.8166627287864685,-0.21443253755569458,1.1827080249786377,-0.6824539303779602,0.10927699506282806,0.6476529836654663,-0.6060771942138672,0.21679043769836426,0.7293038368225098,-0.8166627287864685,-0.11164570599794388,1.1870096921920776,-0.031639181077480316,0.10927699506282806,0.6476529836654663,-0.6060771942138672,-0.21443253755569458,1.1827080249786377,-0.6824539303779602,0.054197609424591064,0.9823259711265564,-1.7041656970977783,-0.02791142649948597,1.096752405166626,-1.5079097747802734,0.027319248765707016,0.9619132280349731,-1.6515192985534668,-0.053608134388923645,1.0956770181655884,-1.6706135272979736,0.6765643358230591,-2.25209903717041,4.8860321044921875,-1.8479323387145996,2.810537099838257,9.873381614685059,2.124136447906494,-2.7726292610168457,3.0535056591033936,-0.830066978931427,-2.6279966831207275,1.8357956409454346,0.0,0.0,0.0,0.0,0.0,0.0,0.0,0.0,0.0,0.0,0.0,0.0
run-0cbf4a31137e48c79a1f61b4bb639a3e,624,,15825079316921,true,9.127820014953613,-0.10251796245574951,,,,0.07872608304023743,0,-0.9988820552825928,-0.05,-0.05,0.0,0.0,0.0,0.0005382621893659234,-0.004442798439413309,,,,,,true,740203,true,true,false,,,,2.5849626064300537,2.5849626064300537,2.5849626064300537,2.5849626064300537,2.5849626064300537,2.5849626064300537,2.5849626064300537,2.5849626064300537,2.5849626064300537,2.5849626064300537,2.5849626064300537,-0.10864744335412979,1.1928832530975342,-0.029965676367282867,0.21591320633888245,0.7348518371582031,-0.8173302412033081,-0.21703913807868958,1.182356595993042,-0.692179799079895,0.10503508150577545,0.6423898935317993,-0.5964405536651611,0.21591320633888245,0.7348518371582031,-0.8173302412033081,-0.10864744335412979,1.1928832530975342,-0.029965676367282867,0.10503508150577545,0.6423898935317993,-0.5964405536651611,-0.21703913807868958,1.182356595993042,-0.692179799079895,0.05397830158472061,0.9837129712104797,-1.7043325901031494,-0.027161860838532448,1.0982208251953125,-1.5074914693832397,0.026258770376443863,0.9605975151062012,-1.6491100788116455,-0.054259784519672394,1.0955891609191895,-1.6730449199676514,0.6420339941978455,-2.2154200077056885,4.907699108123779,-1.8609588146209717,2.8508620262145996,9.848938941955566,2.1013593673706055,-2.8036274909973145,3.1322312355041504,-0.83821702003479,-2.63857364654541,1.7532402276992798,0.0,0.0,0.0,0.0,0.0,0.0,0.0,0.0,0.0,0.0,0.0,0.0
run-0cbf4a31137e48c79a1f61b4bb639a3e,628,,15825120889840,true,9.127851486206055,-0.10266910493373871,,,,0.07815760374069214,0,-0.9988808631896973,-0.05,-0.05,0.0,0.0,0.0,0.00046364014269784093,-0.003349923063069582,,,,,,true,523373,true,true,false,,,,2.5849626064300537,2.5849626064300537,2.5849626064300537,2.5849626064300537,2.5849626064300537,2.5849626064300537,2.5849626064300537,2.5849626064300537,2.5849626064300537,2.5849626064300537,2.5849626064300537,-0.10722347348928452,1.1943494081497192,-0.023627974092960358,0.21710443496704102,0.7383543252944946,-0.8165670037269592,-0.21716728806495667,1.1808055639266968,-0.6985456347465515,0.10262779891490936,0.6386860013008118,-0.5971522331237793,0.21710443496704102,0.7383543252944946,-0.8165670037269592,-0.10722347348928452,1.1943494081497192,-0.023627974092960358,0.10262779891490936,0.6386860013008118,-0.5971522331237793,-0.21716728806495667,1.1808055639266968,-0.6985456347465515,0.054276108741760254,0.984588623046875,-1.7041417360305786,-0.02680586837232113,1.0985873937606812,-1.5059069395065308,0.02565694972872734,0.9596714973449707,-1.6492880582809448,-0.054291822016239166,1.0952013731002808,-1.6746363639831543,0.6375954747200012,-2.1922872066497803,4.92931604385376,-1.8677568435668945,2.8590362071990967,9.87744426727295,2.0907959938049316,-2.826364278793335,3.1305646896362305,-0.8303413391113281,-2.655266523361206,1.7014000415802002,0.0,0.0,0.0,0.0,0.0,0.0,0.0,0.0,0.0,0.0,0.0,0.0
run-0cbf4a31137e48c79a1f61b4bb639a3e,634,,15825178832605,true,9.127891540527344,-0.10284977406263351,,,,0.07737855613231659,0,-0.9988802075386047,-0.05,-0.05,0.0,0.0,0.0,0.00035542133264243603,-0.0027501750737428665,,,,,,true,787202,true,true,false,,,,2.5849626064300537,2.5849626064300537,2.5849626064300537,2.5849626064300537,2.5849626064300537,2.5849626064300537,2.5849626064300537,2.5849626064300537,2.5849626064300537,2.5849626064300537,2.5849626064300537,-0.10623819380998611,1.1954518556594849,-0.014588393270969391,0.21814528107643127,0.7442466020584106,-0.8157272934913635,-0.2152305543422699,1.1766268014907837,-0.7078991532325745,0.10028189420700073,0.6341890096664429,-0.6004575490951538,0.21814528107643127,0.7442466020584106,-0.8157272934913635,-0.10623819380998611,1.1954518556594849,-0.014588393270969391,0.10028189420700073,0.6341890096664429,-0.6004575490951538,-0.2152305543422699,1.1766268014907837,-0.7078991532325745,0.05453632026910782,0.986061692237854,-1.7039318084716797,-0.02655954845249653,1.0988630056381226,-1.5036470890045166,0.025070473551750183,0.9585472345352173,-1.6501144170761108,-0.053807638585567474,1.0941567420959473,-1.6769747734069824,0.6297269463539124,-2.152146577835083,4.957608222961426,-1.8818824291229248,2.8636865615844727,9.916587829589844,2.088033437728882,-2.853477716445923,3.1121842861175537,-0.7990700006484985,-2.6949338912963867,1.6265901327133179,0.0,0.0,0.0,0.0,0.0,0.0,0.0,0.0,0.0,0.0,0.0,0.0
run-0cbf4a31137e48c79a1f61b4bb639a3e,638,,15825218763679,true,9.127910614013672,-0.10295142978429794,,,,0.07692060619592667,0,-0.9988799095153809,-0.05,-0.05,0.0,0.0,0.0,0.00025101948995143175,-0.0026813186705112457,,,,,,true,268673,true,true,false,,,,2.5849626064300537,2.5849626064300537,2.5849626064300537,2.5849626064300537,2.5849626064300537,2.5849626064300537,2.5849626064300537,2.5849626064300537,2.5849626064300537,2.5849626064300537,2.5849626064300537,-0.1063549593091011,1.1961296796798706,-0.009521745145320892,0.21864286065101624,0.7481420040130615,-0.8142686486244202,-0.21374496817588806,1.1734760999679565,-0.7140745520591736,0.09898963570594788,0.6316120624542236,-0.6026456356048584,0.21864286065101624,0.7481420040130615,-0.8142686486244202,-0.1063549593091011,1.1961296796798706,-0.009521745145320892,0.09898963570594788,0.6316120624542236,-0.6026456356048584,-0.21374496817588806,1.1734760999679565,-0.7140745520591736,0.05466071516275406,0.9870355129241943,-1.7035671472549438,-0.026588739827275276,1.0990324020385742,-1.5023804903030396,0.02474740892648697,0.9579030275344849,-1.6506614685058594,-0.053436242043972015,1.0933690071105957,-1.6785186529159546,0.6236476898193359,-2.1248600482940674,4.980810642242432,-1.8960319757461548,2.8668336868286133,9.937129974365234,2.08672833442688,-2.8692972660064697,3.100292444229126,-0.7784328460693359,-2.723851442337036,1.5780256986618042,0.0,0.0,0.0,0.0,0.0,0.0,0.0,0.0,0.0,0.0,0.0,0.0
run-0cbf4a31137e48c79a1f61b4bb639a3e,644,,15825279629315,true,9.12793254852295,-0.10311451554298401,,,,0.07619955390691757,0,-0.9988794922828674,-0.05,-0.05,0.0,0.0,0.0,8.558551053283736e-05,-0.0026152636855840683,,,,,,true,1018664,true,true,false,,,,2.5849626064300537,2.5849626064300537,2.5849626064300537,2.5849626064300537,2.5849626064300537,2.5849626064300537,2.5849626064300537,2.5849626064300537,2.5849626064300537,2.5849626064300537,2.5849626064300537,-0.10681401938199997,1.1970045566558838,-0.0026443973183631897,0.2196086347103119,0.7541086673736572,-0.8113837838172913,-0.21152380108833313,1.168697714805603,-0.7235974669456482,0.09699615836143494,0.627973735332489,-0.6054736375808716,0.2196086347103119,0.7541086673736572,-0.8113837838172913,-0.10681401938199997,1.1970045566558838,-0.0026443973183631897,0.09699615836143494,0.627973735332489,-0.6054736375808716,-0.21152380108833313,1.168697714805603,-0.7235974669456482,0.05490215867757797,0.9885271787643433,-1.7028459310531616,-0.026703504845499992,1.0992511510849,-1.5006611347198486,0.024249039590358734,0.9569934606552124,-1.6513683795928955,-0.05288095027208328,1.0921744108200073,-1.6808993816375732,0.6148353815078735,-2.0825014114379883,5.020575523376465,-1.9209469556808472,2.8708059787750244,9.960434913635254,2.0843348503112793,-2.891726493835449,3.087207078933716,-0.7475225329399109,-2.7685186862945557,1.503889560699463,0.0,0.0,0.0,0.0,0.0,0.0,0.0,0.0,0.0,0.0,0.0,0.0
run-0cbf4a31137e48c79a1f61b4bb639a3e,648,,15825319543611,true,9.127941131591797,-0.10321230441331863,,,,0.07575463503599167,0,-0.9988791942596436,-0.05,-0.05,0.0,0.0,0.0,-1.1533519682416227e-05,-0.002553512342274189,,,,,,true,257530,true,true,false,,,,2.5849626064300537,2.5849626064300537,2.5849626064300537,2.5849626064300537,2.5849626064300537,2.5849626064300537,2.5849626064300537,2.5849626064300537,2.5849626064300537,2.5849626064300537,2.5849626064300537,-0.10711769014596939,1.1977142095565796,0.0019146427512168884,0.22026517987251282,0.7581544518470764,-0.8093627691268921,-0.21014347672462463,1.1655341386795044,-0.7297714352607727,0.0956258624792099,0.625580370426178,-0.6073483228683472,0.22026517987251282,0.7581544518470764,-0.8093627691268921,-0.10711769014596939,1.1977142095565796,0.0019146427512168884,0.0956258624792099,0.625580370426178,-0.6073483228683472,-0.21014347672462463,1.1655341386795044,-0.7297714352607727,0.055066294968128204,0.9895386099815369,-1.7023407220840454,-0.026779422536492348,1.0994285345077515,-1.4995213747024536,0.023906465619802475,0.9563950896263123,-1.6518371105194092,-0.05253586918115616,1.0913835763931274,-1.6824429035186768,0.6097234487533569,-2.053293466567993,5.0462188720703125,-1.936569333076477,2.8749032020568848,9.976500511169434,2.08164644241333,-2.907104253768921,3.078756809234619,-0.7285687327384949,-2.7980830669403076,1.4565002918243408,0.0,0.0,0.0,0.0,0.0,0.0,0.0,0.0,0.0,0.0,0.0,0.0
run-0cbf4a31137e48c79a1f61b4bb639a3e,654,,15825379477926,true,9.127947807312012,-0.10336679965257645,,,,0.0751175656914711,0,-0.9988787770271301,-0.05,-0.05,0.0,0.0,0.0,-0.00015468795027118176,-0.0024379470851272345,,,,,,true,997749,true,true,false,,,,2.5849626064300537,2.5849626064300537,2.5849626064300537,2.5849626064300537,2.5849626064300537,2.5849626064300537,2.5849626064300537,2.5849626064300537,2.5849626064300537,2.5849626064300537,2.5849626064300537,-0.10751146823167801,1.1988482475280762,0.008792616426944733,0.22117608785629272,0.7642604112625122,-0.8063122630119324,-0.20810267329216003,1.160784125328064,-0.7388282418251038,0.09354338049888611,0.6220486164093018,-0.6101601719856262,0.22117608785629272,0.7642604112625122,-0.8063122630119324,-0.10751146823167801,1.1988482475280762,0.008792616426944733,0.09354338049888611,0.6220486164093018,-0.6101601719856262,-0.20810267329216003,1.160784125328064,-0.7388282418251038,0.05529402196407318,0.9910651445388794,-1.7015780210494995,-0.026877867057919502,1.0997121334075928,-1.4978018999099731,0.023385845124721527,0.9555121660232544,-1.6525400876998901,-0.05202566832304001,1.0901960134506226,-1.6847070455551147,0.6023194789886475,-2.008716106414795,5.0832319259643555,-1.958457589149475,2.8822085857391357,10.000998497009277,2.0770657062530518,-2.93049693107605,3.0665347576141357,-0.7008179426193237,-2.842658281326294,1.3878254890441895,0.0,0.0,0.0,0.0,0.0,0.0,0.0,0.0,0.0,0.0,0.0,0.0
run-0cbf4a31137e48c79a1f61b4bb639a3e,658,,15825419724646,true,9.127946853637695,-0.10346319526433945,,,,0.07471107691526413,0,-0.998878538608551,-0.05,-0.05,0.0,0.0,0.0,-0.00023567222524434328,-0.0023721379693597555,,,,,,true,640231,true,true,false,,,,2.5849626064300537,2.5849626064300537,2.5849626064300537,2.5849626064300537,2.5849626064300537,2.5849626064300537,2.5849626064300537,2.5849626064300537,2.5849626064300537,2.5849626064300537,2.5849626064300537,-0.10775231570005417,1.1996958255767822,0.013429887592792511,0.22172817587852478,0.7684009075164795,-0.8042983412742615,-0.20674481987953186,1.1575860977172852,-0.74470454454422,0.09213772416114807,0.619742751121521,-0.6120778918266296,0.22172817587852478,0.7684009075164795,-0.8042983412742615,-0.10775231570005417,1.1996958255767822,0.013429887592792511,0.09213772416114807,0.619742751121521,-0.6120778918266296,-0.20674481987953186,1.1575860977172852,-0.74470454454422,0.055432043969631195,0.9921002388000488,-1.7010746002197266,-0.026938078925013542,1.0999239683151245,-1.4966424703598022,0.023034431040287018,0.9549356698989868,-1.6530194282531738,-0.051686204969882965,1.0893964767456055,-1.6861761808395386,0.5975810289382935,-1.9781841039657593,5.1067962646484375,-1.972121238708496,2.8881478309631348,10.017730712890625,2.0738167762756348,-2.946207046508789,3.0583598613739014,-0.6824721693992615,-2.8727009296417236,1.3437203168869019,0.0,0.0,0.0,0.0,0.0,0.0,0.0,0.0,0.0,0.0,0.0,0.0
run-0cbf4a31137e48c79a1f61b4bb639a3e,664,,15825484402105,true,9.12794017791748,-0.10360364615917206,,,,0.07414411753416061,0,-0.9988782405853271,-0.05,-0.05,0.0,0.0,0.0,-0.00033860758412629366,-0.0022846891079097986,,,,,,true,902407,true,true,false,,,,2.5849626064300537,2.5849626064300537,2.5849626064300537,2.5849626064300537,2.5849626064300537,2.5849626064300537,2.5849626064300537,2.5849626064300537,2.5849626064300537,2.5849626064300537,2.5849626064300537,-0.10811518877744675,1.2010623216629028,0.020452775061130524,0.22247037291526794,0.7746492624282837,-0.8011814951896667,-0.20471811294555664,1.1527522802352905,-0.7532898187637329,0.09003156423568726,0.6163479089736938,-0.6150461435317993,0.22247037291526794,0.7746492624282837,-0.8011814951896667,-0.10811518877744675,1.2010623216629028,0.020452775061130524,0.09003156423568726,0.6163479089736938,-0.6150461435317993,-0.20471811294555664,1.1527522802352905,-0.7532898187637329,0.055617593228816986,0.9936623573303223,-1.700295329093933,-0.027028797194361687,1.100265622138977,-1.4948867559432983,0.022507891058921814,0.9540870189666748,-1.6537615060806274,-0.05117952823638916,1.0881880521774292,-1.6883224248886108,0.5910718441009521,-1.931726336479187,5.141268253326416,-1.9910435676574707,2.8982677459716797,10.044260025024414,2.068549394607544,-2.9699594974517822,3.045462131500244,-0.6555737257003784,-2.917797327041626,1.2798106670379639,0.0,0.0,0.0,0.0,0.0,0.0,0.0,0.0,0.0,0.0,0.0,0.0
run-0cbf4a31137e48c79a1f61b4bb639a3e,666,,15825521944709,true,9.127936363220215,-0.10364487022161484,,,,0.0739355981349945,0,-0.9988781213760376,-0.05,-0.05,0.0,0.0,0.0,-0.0003647217235993594,-0.002260211855173111,,,,,,true,530482,true,true,false,,,,2.5849626064300537,2.5849626064300537,2.5849626064300537,2.5849626064300537,2.5849626064300537,2.5849626064300537,2.5849626064300537,2.5849626064300537,2.5849626064300537,2.5849626064300537,2.5849626064300537,-0.10822539776563644,1.2014676332473755,0.022738046944141388,0.22273790836334229,0.7767695188522339,-0.8001455068588257,-0.20400074124336243,1.1511198282241821,-0.7562015056610107,0.08931027352809906,0.6152552962303162,-0.6159776449203491,0.22273790836334229,0.7767695188522339,-0.8001455068588257,-0.10822539776563644,1.2014676332473755,0.022738046944141388,0.08931027352809906,0.6152552962303162,-0.6159776449203491,-0.20400074124336243,1.1511198282241821,-0.7562015056610107,0.05568447709083557,0.994192361831665,-1.7000364065170288,-0.02705634944140911,1.1003669500350952,-1.494315505027771,0.022327568382024765,0.9538138508796692,-1.6539944410324097,-0.05100018531084061,1.0877799987792969,-1.6890504360198975,0.5887213349342346,-1.9158860445022583,5.152912139892578,-1.9977363348007202,2.901393413543701,10.051488876342773,2.067112445831299,-2.9776771068573,3.0421228408813477,-0.6458038687705994,-2.933412551879883,1.258299708366394,0.0,0.0,0.0,0.0,0.0,0.0,0.0,0.0,0.0,0.0,0.0,0.0
run-0cbf4a31137e48c79a1f61b4bb639a3e,674,,15825579638174,true,9.127917289733887,-0.10382254421710968,,,,0.07322635501623154,0,-0.9988777041435242,-0.05,-0.05,0.0,0.0,0.0,-0.00048145538312382996,-0.002143105026334524,,,,,,true,934989,true,true,false,,,,2.5849626064300537,2.5849626064300537,2.5849626064300537,2.5849626064300537,2.5849626064300537,2.5849626064300537,2.5849626064300537,2.5849626064300537,2.5849626064300537,2.5849626064300537,2.5849626064300537,-0.10879091173410416,1.203248143196106,0.031918518245220184,0.22374925017356873,0.7851934432983398,-0.7955946326255798,-0.20124080777168274,1.1445668935775757,-0.7674285769462585,0.08649061620235443,0.6109213829040527,-0.6199976205825806,0.22374925017356873,0.7851934432983398,-0.7955946326255798,-0.10879091173410416,1.203248143196106,0.031918518245220184,0.08649061620235443,0.6109213829040527,-0.6199976205825806,-0.20124080777168274,1.1445668935775757,-0.7674285769462585,0.05593731254339218,0.9962983727455139,-1.6988986730575562,-0.02719772793352604,1.1008120775222778,-1.4920203685760498,0.021622654050588608,0.9527303576469421,-1.6549993753433228,-0.050310201942920685,1.0861417055130005,-1.691857099533081,0.5817814469337463,-1.8525707721710205,5.199459075927734,-2.021587610244751,2.9155657291412354,10.085637092590332,2.0597617626190186,-3.009079694747925,3.02512526512146,-0.6099469661712646,-2.994502067565918,1.1759127378463745,0.0,0.0,0.0,0.0,0.0,0.0,0.0,0.0,0.0,0.0,0.0,0.0
run-0cbf4a31137e48c79a1f61b4bb639a3e,678,,15825620185766,true,9.127902030944824,-0.10390979051589966,,,,0.07287298887968063,0,-0.9988775849342346,-0.05,-0.05,0.0,0.0,0.0,-0.0005722050555050373,-0.0021577542647719383,,,,,,true,918813,true,true,false,,,,2.5849626064300537,2.5849626064300537,2.5849626064300537,2.5849626064300537,2.5849626064300537,2.5849626064300537,2.5849626064300537,2.5849626064300537,2.5849626064300537,2.5849626064300537,2.5849626064300537,-0.10900891572237015,1.2043923139572144,0.03649721294641495,0.2239874303340912,0.7896479964256287,-0.7935912609100342,-0.19979339838027954,1.141182541847229,-0.7727715969085693,0.0850786566734314,0.6088868379592896,-0.6219040155410767,0.2239874303340912,0.7896479964256287,-0.7935912609100342,-0.10900891572237015,1.2043923139572144,0.03649721294641495,0.0850786566734314,0.6088868379592896,-0.6219040155410767,-0.19979339838027954,1.141182541847229,-0.7727715969085693,0.0559968575835228,0.9974120259284973,-1.6983978748321533,-0.027252228930592537,1.1010980606079102,-1.4908757209777832,0.02126966416835785,0.9522217512130737,-1.6554759740829468,-0.049948349595069885,1.0852956771850586,-1.693192958831787,0.5762842893600464,-1.8188047409057617,5.219953536987305,-2.0330536365509033,2.925095319747925,10.101175308227539,2.056246042251587,-3.0243079662323,3.018095016479492,-0.5913819670677185,-3.026423931121826,1.1373556852340698,0.0,0.0,0.0,0.0,0.0,0.0,0.0,0.0,0.0,0.0,0.0,0.0
run-0cbf4a31137e48c79a1f61b4bb639a3e,684,,15825687692007,true,9.127870559692383,-0.10406334698200226,,,,0.07226266711950302,0,-0.9988774657249451,-0.05,-0.05,0.0,0.0,0.0,-0.0006309702876023948,-0.002137363888323307,,,,,,true,807670,true,true,false,,,,2.5849626064300537,2.5849626064300537,2.5849626064300537,2.5849626064300537,2.5849626064300537,2.5849626064300537,2.5849626064300537,2.5849626064300537,2.5849626064300537,2.5849626064300537,2.5849626064300537,-0.10951771587133408,1.2056326866149902,0.04298419505357742,0.22468844056129456,0.7962335348129272,-0.7899799942970276,-0.1974746286869049,1.136095404624939,-0.7812691330909729,0.08288538455963135,0.6059659719467163,-0.6245270371437073,0.22468844056129456,0.7962335348129272,-0.7899799942970276,-0.10951771587133408,1.2056326866149902,0.04298419505357742,0.08288538455963135,0.6059659719467163,-0.6245270371437073,-0.1974746286869049,1.136095404624939,-0.7812691330909729,0.05617211014032364,0.9990583658218384,-1.6974949836730957,-0.02737942896783352,1.1014082431793213,-1.4892539978027344,0.020721346139907837,0.9514914751052856,-1.6561317443847656,-0.04936865717172623,1.0840238332748413,-1.695317268371582,0.569023072719574,-1.7684340476989746,5.255837917327881,-2.0537376403808594,2.9362008571624756,10.117331504821777,2.051908016204834,-3.0464935302734375,3.0114986896514893,-0.5608475804328918,-3.075731039047241,1.0763256549835205,0.0,0.0,0.0,0.0,0.0,0.0,0.0,0.0,0.0,0.0,0.0,0.0
run-0cbf4a31137e48c79a1f61b4bb639a3e,690,,15825739772782,true,9.127842903137207,-0.1041765958070755,,,,0.07182010263204575,0,-0.9988772869110107,-0.05,-0.05,0.0,0.0,0.0,-0.0007256320677697659,-0.0021389725152403116,,,,,,true,1077597,true,true,false,,,,2.5849626064300537,2.5849626064300537,2.5849626064300537,2.5849626064300537,2.5849626064300537,2.5849626064300537,2.5849626064300537,2.5849626064300537,2.5849626064300537,2.5849626064300537,2.5849626064300537,-0.10998790711164474,1.2073954343795776,0.04979602247476578,0.22511762380599976,0.8029300570487976,-0.7863979935646057,-0.1953408420085907,1.1309831142425537,-0.7890214323997498,0.08077035844326019,0.6030139923095703,-0.6276021599769592,0.22511762380599976,0.8029300570487976,-0.7863979935646057,-0.10998790711164474,1.2073954343795776,0.04979602247476578,0.08077035844326019,0.6030139923095703,-0.6276021599769592,-0.1953408420085907,1.1309831142425537,-0.7890214323997498,0.05627940595149994,1.0007325410842896,-1.6965994834899902,-0.027496976777911186,1.101848840713501,-1.487550973892212,0.020192589610815048,0.9507535099983215,-1.6569005250930786,-0.048835210502147675,1.0827457904815674,-1.6972553730010986,0.563065230846405,-1.7172350883483887,5.288299083709717,-2.069570302963257,2.9513702392578125,10.143321990966797,2.0448365211486816,-3.069389820098877,2.9986088275909424,-0.5353792309761047,-3.122838258743286,1.0209999084472656,0.0,0.0,0.0,0.0,0.0,0.0,0.0,0.0,0.0,0.0,0.0,0.0
run-0cbf4a31137e48c79a1f61b4bb639a3e,694,,15825779553173,true,9.127819061279297,-0.10426419228315353,,,,0.07148256152868271,0,-0.9988771677017212,-0.05,-0.05,0.0,0.0,0.0,-0.0007757821585983038,-0.0021429662592709064,,,,,,true,638685,true,true,false,,,,2.5849626064300537,2.5849626064300537,2.5849626064300537,2.5849626064300537,2.5849626064300537,2.5849626064300537,2.5849626064300537,2.5849626064300537,2.5849626064300537,2.5849626064300537,2.5849626064300537,-0.11032871156930923,1.2084314823150635,0.054160408675670624,0.2254418134689331,0.8074156045913696,-0.7838969826698303,-0.1938197910785675,1.1275391578674316,-0.794334352016449,0.07932780683040619,0.6011346578598022,-0.6294773817062378,0.2254418134689331,0.8074156045913696,-0.7838969826698303,-0.11032871156930923,1.2084314823150635,0.054160408675670624,0.07932780683040619,0.6011346578598022,-0.6294773817062378,-0.1938197910785675,1.1275391578674316,-0.794334352016449,0.056360453367233276,1.0018539428710938,-1.6959742307662964,-0.02758217789232731,1.1021078824996948,-1.4864598512649536,0.019831951707601547,0.9502836465835571,-1.6573693752288818,-0.048454947769641876,1.0818848609924316,-1.6985836029052734,0.5585160255432129,-1.6826854944229126,5.310972213745117,-2.081482172012329,2.9607932567596436,10.156556129455566,2.040752410888672,-3.084280490875244,2.9926230907440186,-0.5167587399482727,-3.155402660369873,0.9834359884262085,0.0,0.0,0.0,0.0,0.0,0.0,0.0,0.0,0.0,0.0,0.0,0.0
run-0cbf4a31137e48c79a1f61b4bb639a3e,700,,15825838776679,true,9.127779960632324,-0.10439582169055939,,,,0.07098247110843658,0,-0.9988770484924316,-0.05,-0.05,0.0,0.0,0.0,-0.0008427997236140072,-0.002140320371836424,,,,,,true,504918,true,true,false,,,,2.5849626064300537,2.5849626064300537,2.5849626064300537,2.5849626064300537,2.5849626064300537,2.5849626064300537,2.5849626064300537,2.5849626064300537,2.5849626064300537,2.5849626064300537,2.5849626064300537,-0.1108338013291359,1.2099525928497314,0.060696519911289215,0.2259514331817627,0.8142167329788208,-0.7800484299659729,-0.19149020314216614,1.122322916984558,-0.8022567629814148,0.07716260850429535,0.5983965992927551,-0.6323196887969971,0.2259514331817627,0.8142167329788208,-0.7800484299659729,-0.1108338013291359,1.2099525928497314,0.060696519911289215,0.07716260850429535,0.5983965992927551,-0.6323196887969971,-0.19149020314216614,1.122322916984558,-0.8022567629814148,0.056487858295440674,1.0035542249679565,-1.695012092590332,-0.027708450332283974,1.1024881601333618,-1.484825849533081,0.019290652126073837,0.9495991468429565,-1.6580798625946045,-0.047872550785541534,1.080580711364746,-1.7005641460418701,0.5520309209823608,-1.63009774684906,5.345063209533691,-2.0990679264068604,2.974997043609619,10.175947189331055,2.034529685974121,-3.1063616275787354,2.9837772846221924,-0.4886300563812256,-3.204721450805664,0.9277908802032471,0.0,0.0,0.0,0.0,0.0,0.0,0.0,0.0,0.0,0.0,0.0,0.0
run-0cbf4a31137e48c79a1f61b4bb639a3e,704,,15825879146442,true,9.127751350402832,-0.10448358207941055,,,,0.07065345346927643,0,-0.9988769888877869,-0.05,-0.05,0.0,0.0,0.0,-0.0008840965456329286,-0.0021372560877352953,,,,,,true,684991,true,true,false,,,,2.5849626064300537,2.5849626064300537,2.5849626064300537,2.5849626064300537,2.5849626064300537,2.5849626064300537,2.5849626064300537,2.5849626064300537,2.5849626064300537,2.5849626064300537,2.5849626064300537,-0.11116046458482742,1.2109618186950684,0.06505358964204788,0.22627681493759155,0.8187910318374634,-0.7774428725242615,-0.18990275263786316,1.1188138723373413,-0.8074930906295776,0.07572175562381744,0.5966171622276306,-0.6342266798019409,0.22627681493759155,0.8187910318374634,-0.7774428725242615,-0.11116046458482742,1.2109618186950684,0.06505358964204788,0.07572175562381744,0.5966171622276306,-0.6342266798019409,-0.18990275263786316,1.1188138723373413,-0.8074930906295776,0.05656920373439789,1.0046977996826172,-1.6943607330322266,-0.027790116146206856,1.1027405261993408,-1.4837366342544556,0.01893043890595436,0.9491543173789978,-1.6585566997528076,-0.04747568815946579,1.079703450202942,-1.7018733024597168,0.5477051734924316,-1.5946086645126343,5.36768102645874,-2.110562801361084,2.9846410751342773,10.188630104064941,2.030338764190674,-3.1209664344787598,2.978006601333618,-0.4697347581386566,-3.237879514694214,0.8912480473518372,0.0,0.0,0.0,0.0,0.0,0.0,0.0,0.0,0.0,0.0,0.0,0.0
run-0cbf4a31137e48c79a1f61b4bb639a3e,710,,15825939621981,true,9.127707481384277,-0.10461094975471497,,,,0.07018227130174637,0,-0.9988768696784973,-0.05,-0.05,0.0,0.0,0.0,-0.0009409193298779428,-0.0021399292163550854,,,,,,true,65028,true,true,false,,,,2.5849626064300537,2.5849626064300537,2.5849626064300537,2.5849626064300537,2.5849626064300537,2.5849626064300537,2.5849626064300537,2.5849626064300537,2.5849626064300537,2.5849626064300537,2.5849626064300537,-0.11162929981946945,1.2125459909439087,0.07166100293397903,0.22669708728790283,0.8257238864898682,-0.7734993696212769,-0.1874871551990509,1.1135021448135376,-0.8152039647102356,0.07357180118560791,0.5940002799034119,-0.6371639966964722,0.22669708728790283,0.8257238864898682,-0.7734993696212769,-0.11162929981946945,1.2125459909439087,0.07166100293397903,0.07357180118560791,0.5940002799034119,-0.6371639966964722,-0.1874871551990509,1.1135021448135376,-0.8152039647102356,0.05667427182197571,1.006430983543396,-1.6933748722076416,-0.027907324954867363,1.1031365394592285,-1.4820847511291504,0.018392950296401978,0.9485000967979431,-1.6592910289764404,-0.046871788799762726,1.0783755779266357,-1.7038010358810425,0.541179358959198,-1.540736198425293,5.401179313659668,-2.127000331878662,2.999814987182617,10.208791732788086,2.0237321853637695,-3.142733335494995,2.9686543941497803,-0.4416356086730957,-3.2876698970794678,0.8376392126083374,0.0,0.0,0.0,0.0,0.0,0.0,0.0,0.0,0.0,0.0,0.0,0.0
run-0cbf4a31137e48c79a1f61b4bb639a3e,714,,15825979514617,true,9.12767505645752,-0.10469920933246613,,,,0.06986049562692642,0,-0.9988768100738525,-0.05,-0.05,0.0,0.0,0.0,-0.0009818992111831903,-0.002152412198483944,,,,,,true,1019975,true,true,false,,,,2.5849626064300537,2.5849626064300537,2.5849626064300537,2.5849626064300537,2.5849626064300537,2.5849626064300537,2.5849626064300537,2.5849626064300537,2.5849626064300537,2.5849626064300537,2.5849626064300537,-0.11197002977132797,1.2135462760925293,0.0759333148598671,0.22697493433952332,0.8303896188735962,-0.7707986235618591,-0.1858011782169342,1.10991370677948,-0.8203713297843933,0.07214753329753876,0.5923289060592651,-0.639059841632843,0.22697493433952332,0.8303896188735962,-0.7707986235618591,-0.11197002977132797,1.2135462760925293,0.0759333148598671,0.07214753329753876,0.5923289060592651,-0.639059841632843,-0.1858011782169342,1.10991370677948,-0.8203713297843933,0.05674373358488083,1.0075974464416504,-1.692699670791626,-0.027992507442831993,1.103386640548706,-1.4810166358947754,0.01803688332438469,0.9480822086334229,-1.6597650051116943,-0.04645029455423355,1.0774784088134766,-1.7050927877426147,0.536649227142334,-1.5043420791625977,5.423763275146484,-2.138373613357544,3.009822130203247,10.220146179199219,2.0195789337158203,-3.156968116760254,2.963388204574585,-0.42220085859298706,-3.3214871883392334,0.8019723296165466,0.0,0.0,0.0,0.0,0.0,0.0,0.0,0.0,0.0,0.0,0.0,0.0
run-0cbf4a31137e48c79a1f61b4bb639a3e,720,,15826038859765,true,9.12762451171875,-0.10483284294605255,,,,0.06938141584396362,0,-0.998876690864563,-0.05,-0.05,0.0,0.0,0.0,-0.001039973576553166,-0.002169908257201314,,,,,,true,97150,true,true,false,,,,2.5849626064300537,2.5849626064300537,2.5849626064300537,2.5849626064300537,2.5849626064300537,2.5849626064300537,2.5849626064300537,2.5849626064300537,2.5849626064300537,2.5849626064300537,2.5849626064300537,-0.11253505200147629,1.2149816751480103,0.08220908790826797,0.22741609811782837,0.8374256491661072,-0.7665576338768005,-0.1832074522972107,1.1044708490371704,-0.8281223177909851,0.0700310468673706,0.589921236038208,-0.6418639421463013,0.22741609811782837,0.8374256491661072,-0.7665576338768005,-0.11253505200147629,1.2149816751480103,0.08220908790826797,0.0700310468673706,0.589921236038208,-0.6418639421463013,-0.1832074522972107,1.1044708490371704,-0.8281223177909851,0.05685402452945709,1.0093563795089722,-1.6916394233703613,-0.028133763000369072,1.103745460510254,-1.4794477224349976,0.01750776171684265,0.947480320930481,-1.660465955734253,-0.04580186307430267,1.076117753982544,-1.7070305347442627,0.5301126837730408,-1.449295163154602,5.458488464355469,-2.1557159423828125,3.0246715545654297,10.235594749450684,2.013432741165161,-3.177886962890625,2.9561092853546143,-0.3927268981933594,-3.3726816177368164,0.7487168312072754,0.0,0.0,0.0,0.0,0.0,0.0,0.0,0.0,0.0,0.0,0.0,0.0
run-0cbf4a31137e48c79a1f61b4bb639a3e,724,,15826079666453,true,9.127586364746094,-0.10492704808712006,,,,0.06904914230108261,0,-0.9988766312599182,-0.05,-0.05,0.0,0.0,0.0,-0.0010780346347019076,-0.0021779322996735573,,,,,,true,971414,true,true,false,,,,2.5849626064300537,2.5849626064300537,2.5849626064300537,2.5849626064300537,2.5849626064300537,2.5849626064300537,2.5849626064300537,2.5849626064300537,2.5849626064300537,2.5849626064300537,2.5849626064300537,-0.11291072517633438,1.2158762216567993,0.08630885928869247,0.22773975133895874,0.8421796560287476,-0.7636858224868774,-0.18141204118728638,1.100799798965454,-0.8333199620246887,0.0686112642288208,0.5883870124816895,-0.6436896324157715,0.22773975133895874,0.8421796560287476,-0.7636858224868774,-0.11291072517633438,1.2158762216567993,0.08630885928869247,0.0686112642288208,0.5883870124816895,-0.6436896324157715,-0.18141204118728638,1.100799798965454,-0.8333199620246887,0.056934937834739685,1.0105448961257935,-1.690921425819397,-0.028227681294083595,1.1039690971374512,-1.47842276096344,0.0171528160572052,0.9470967650413513,-1.6609224081039429,-0.045353010296821594,1.0751999616622925,-1.7083300352096558,0.5257137417793274,-1.4119211435317993,5.48166036605835,-2.1676034927368164,3.034459114074707,10.243853569030762,2.0095372200012207,-3.1916277408599854,2.952258586883545,-0.37238144874572754,-3.4074676036834717,0.7133352756500244,0.0,0.0,0.0,0.0,0.0,0.0,0.0,0.0,0.0,0.0,0.0,0.0
run-0cbf4a31137e48c79a1f61b4bb639a3e,728,,15826119730530,true,9.127551078796387,-0.10501249879598618,,,,0.06875117868185043,0,-0.9988765716552734,-0.05,-0.05,0.0,0.0,0.0,-0.0011105859884992242,-0.0021817584056407213,,,,,,true,511088,true,true,false,,,,2.5849626064300537,2.5849626064300537,2.5849626064300537,2.5849626064300537,2.5849626064300537,2.5849626064300537,2.5849626064300537,2.5849626064300537,2.5849626064300537,2.5849626064300537,2.5849626064300537,-0.11328055709600449,1.2168633937835693,0.09053050726652145,0.22801318764686584,0.8469425439834595,-0.7607493996620178,-0.1796392798423767,1.0971142053604126,-0.8383640646934509,0.06721468269824982,0.5868480801582336,-0.645647406578064,0.22801318764686584,0.8469425439834595,-0.7607493996620178,-0.11328055709600449,1.2168633937835693,0.09053050726652145,0.06721468269824982,0.5868480801582336,-0.645647406578064,-0.1796392798423767,1.0971142053604126,-0.8383640646934509,0.05700329691171646,1.0117356777191162,-1.6901873350143433,-0.02832013927400112,1.1042158603668213,-1.4773674011230469,0.016803670674562454,0.9467120170593262,-1.6614118814468384,-0.04490981996059418,1.0742785930633545,-1.709591031074524,0.5216436982154846,-1.374569296836853,5.504898548126221,-2.178497076034546,3.044785261154175,10.254977226257324,2.005122661590576,-3.2053403854370117,2.9466214179992676,-0.3529728651046753,-3.441653251647949,0.678921639919281,0.0,0.0,0.0,0.0,0.0,0.0,0.0,0.0,0.0,0.0,0.0,0.0
run-0cbf4a31137e48c79a1f61b4bb639a3e,734,,15826178843392,true,9.127490043640137,-0.10515207052230835,,,,0.06827089190483093,0,-0.9988764524459839,-0.05,-0.05,0.0,0.0,0.0,-0.0011515812948346138,-0.0021829665638506413,,,,,,true,960530,true,true,false,,,,2.5849626064300537,2.5849626064300537,2.5849626064300537,2.5849626064300537,2.5849626064300537,2.5849626064300537,2.5849626064300537,2.5849626064300537,2.5849626064300537,2.5849626064300537,2.5849626064300537,-0.11377722769975662,1.218222975730896,0.09680727869272232,0.22844910621643066,0.8541891574859619,-0.7563565969467163,-0.1768520474433899,1.0915284156799316,-0.8460087180137634,0.06509159505367279,0.584640622138977,-0.6485153436660767,0.22844910621643066,0.8541891574859619,-0.7563565969467163,-0.11377722769975662,1.218222975730896,0.09680727869272232,0.06509159505367279,0.584640622138977,-0.6485153436660767,-0.1768520474433899,1.0915284156799316,-0.8460087180137634,0.057112276554107666,1.0135473012924194,-1.6890891790390015,-0.028444306924939156,1.1045557260513306,-1.4757981300354004,0.016272898763418198,0.9461601972579956,-1.6621288061141968,-0.04421301186084747,1.0728821754455566,-1.711502194404602,0.5150560736656189,-1.317457675933838,5.539423942565918,-2.195279121398926,3.059939384460449,10.268410682678223,1.998984932899475,-3.2256879806518555,2.9401118755340576,-0.32232362031936646,-3.494063138961792,0.6273810267448425,0.0,0.0,0.0,0.0,0.0,0.0,0.0,0.0,0.0,0.0,0.0,0.0
run-0cbf4a31137e48c79a1f61b4bb639a3e,740,,15826241501824,true,9.12743091583252,-0.10528431832790375,,,,0.06782384216785431,0,-0.9988763928413391,-0.05,-0.05,0.0,0.0,0.0,-0.001208323403261602,-0.0022186494898051023,,,,,,true,1362970,true,true,false,,,,2.5849626064300537,2.5849626064300537,2.5849626064300537,2.5849626064300537,2.5849626064300537,2.5849626064300537,2.5849626064300537,2.5849626064300537,2.5849626064300537,2.5849626064300537,2.5849626064300537,-0.11438455432653427,1.2196398973464966,0.1029045358300209,0.2287999391555786,0.861494779586792,-0.7517568469047546,-0.17399829626083374,1.0858432054519653,-0.8535196185112,0.0630405843257904,0.5825482606887817,-0.6513687372207642,0.2287999391555786,0.861494779586792,-0.7517568469047546,-0.11438455432653427,1.2196398973464966,0.1029045358300209,0.0630405843257904,0.5825482606887817,-0.6513687372207642,-0.17399829626083374,1.0858432054519653,-0.8535196185112,0.05719998478889465,1.015373706817627,-1.687939167022705,-0.028596138581633568,1.1049100160598755,-1.474273920059204,0.0157601460814476,0.9456371068954468,-1.6628421545028687,-0.043499574065208435,1.0714608430862427,-1.7133798599243164,0.5084527730941772,-1.2599163055419922,5.574733734130859,-2.2120361328125,3.0756328105926514,10.281575202941895,1.9927394390106201,-3.2453553676605225,2.933171510696411,-0.292031854391098,-3.546541452407837,0.5769038796424866,0.0,0.0,0.0,0.0,0.0,0.0,0.0,0.0,0.0,0.0,0.0,0.0
run-0cbf4a31137e48c79a1f61b4bb639a3e,744,,15826279073000,true,9.127386093139648,-0.10538104176521301,,,,0.06750166416168213,0,-0.9988763332366943,-0.05,-0.05,0.0,0.0,0.0,-0.0012393881333991885,-0.002234783722087741,,,,,,true,972406,true,true,false,,,,2.5849626064300537,2.5849626064300537,2.5849626064300537,2.5849626064300537,2.5849626064300537,2.5849626064300537,2.5849626064300537,2.5849626064300537,2.5849626064300537,2.5849626064300537,2.5849626064300537,-0.11477538198232651,1.220471739768982,0.10686459392309189,0.22908902168273926,0.8664295077323914,-0.7486467361450195,-0.17200621962547302,1.0820173025131226,-0.8586063385009766,0.06165919080376625,0.5812332630157471,-0.6532033681869507,0.22908902168273926,0.8664295077323914,-0.7486467361450195,-0.11477538198232651,1.220471739768982,0.10686459392309189,0.06165919080376625,0.5812332630157471,-0.6532033681869507,-0.17200621962547302,1.0820173025131226,-0.8586063385009766,0.057272255420684814,1.016607403755188,-1.6871616840362549,-0.028693845495581627,1.105117917060852,-1.4732838869094849,0.015414797700941563,0.9453083276748657,-1.66330087184906,-0.043001554906368256,1.0705043077468872,-1.7146515846252441,0.5039708018302917,-1.2208373546600342,5.598349094390869,-2.2237401008605957,3.085675001144409,10.287429809570312,1.988964319229126,-3.2582900524139404,2.9300925731658936,-0.2708260118961334,-3.582228183746338,0.5432160496711731,0.0,0.0,0.0,0.0,0.0,0.0,0.0,0.0,0.0,0.0,0.0,0.0
run-0cbf4a31137e48c79a1f61b4bb639a3e,750,,15826338424737,true,9.127320289611816,-0.10552044957876205,,,,0.06704302132129669,0,-0.9988762736320496,-0.05,-0.05,0.0,0.0,0.0,-0.0012763201957568526,-0.0022435577120631933,,,,,,true,932601,true,true,false,,,,2.5849626064300537,2.5849626064300537,2.5849626064300537,2.5849626064300537,2.5849626064300537,2.5849626064300537,2.5849626064300537,2.5849626064300537,2.5849626064300537,2.5849626064300537,2.5849626064300537,-0.11540444940328598,1.2217227220535278,0.11281294375658035,0.2295243740081787,0.8738375902175903,-0.7437857985496521,-0.16900315880775452,1.0762311220169067,-0.8661300539970398,0.05962999537587166,0.5793256759643555,-0.6560242176055908,0.2295243740081787,0.8738375902175903,-0.7437857985496521,-0.11540444940328598,1.2217227220535278,0.11281294375658035,0.05962999537587166,0.5793256759643555,-0.6560242176055908,-0.16900315880775452,1.0762311220169067,-0.8661300539970398,0.05738109350204468,1.018459439277649,-1.6859464645385742,-0.028851112350821495,1.1054307222366333,-1.4717967510223389,0.014907498843967915,0.9448314309120178,-1.664005994796753,-0.04225078970193863,1.069057822227478,-1.7165324687957764,0.4977671504020691,-1.1622209548950195,5.634810447692871,-2.2409250736236572,3.1006624698638916,10.297609329223633,1.9831098318099976,-3.2772610187530518,2.92450213432312,-0.23966485261917114,-3.635350227355957,0.49364590644836426,0.0,0.0,0.0,0.0,0.0,0.0,0.0,0.0,0.0,0.0,0.0,0.0
run-0cbf4a31137e48c79a1f61b4bb639a3e,754,,15826386694564,true,9.127274513244629,-0.10561393201351166,,,,0.06675326824188232,0,-0.9988762140274048,-0.05,-0.05,0.0,0.0,0.0,-0.0013067728141322732,-0.002262701280415058,,,,,,true,920582,true,true,false,,,,2.5849626064300537,2.5849626064300537,2.5849626064300537,2.5849626064300537,2.5849626064300537,2.5849626064300537,2.5849626064300537,2.5849626064300537,2.5849626064300537,2.5849626064300537,2.5849626064300537,-0.11582160741090775,1.2226004600524902,0.11676401644945145,0.2297530174255371,0.8788391351699829,-0.7405189871788025,-0.16695871949195862,1.0723286867141724,-0.8710376620292664,0.05831103399395943,0.578101396560669,-0.6579394340515137,0.2297530174255371,0.8788391351699829,-0.7405189871788025,-0.11582160741090775,1.2226004600524902,0.11676401644945145,0.05831103399395943,0.578101396560669,-0.6579394340515137,-0.16695871949195862,1.0723286867141724,-0.8710376620292664,0.05743825435638428,1.019709825515747,-1.6851297616958618,-0.028955401852726936,1.1056501865386963,-1.470808982849121,0.014577758498489857,0.9445253610610962,-1.6644848585128784,-0.041739679872989655,1.0680822134017944,-1.717759370803833,0.4934830069541931,-1.1227236986160278,5.659005641937256,-2.251939058303833,3.110935926437378,10.304948806762695,1.9791754484176636,-3.289616584777832,2.9202027320861816,-0.21907073259353638,-3.6706111431121826,0.4616064131259918,0.0,0.0,0.0,0.0,0.0,0.0,0.0,0.0,0.0,0.0,0.0,0.0
run-0cbf4a31137e48c79a1f61b4bb639a3e,760,,15826442051254,true,9.12720775604248,-0.10574964433908463,,,,0.06628206372261047,0,-0.9988762140274048,-0.05,-0.05,0.0,0.0,0.0,-0.001320778508670628,-0.00225090398453176,,,,,,true,498155,true,true,false,,,,2.5849626064300537,2.5849626064300537,2.5849626064300537,2.5849626064300537,2.5849626064300537,2.5849626064300537,2.5849626064300537,2.5849626064300537,2.5849626064300537,2.5849626064300537,2.5849626064300537,-0.11648114770650864,1.2236442565917969,0.12249695509672165,0.23024949431419373,0.8863154649734497,-0.7354087829589844,-0.16379404067993164,1.0664476156234741,-0.8785602450370789,0.05634753778576851,0.5763922333717346,-0.6606795787811279,0.23024949431419373,0.8863154649734497,-0.7354087829589844,-0.11648114770650864,1.2236442565917969,0.12249695509672165,0.05634753778576851,0.5763922333717346,-0.6606795787811279,-0.16379404067993164,1.0664476156234741,-0.8785602450370789,0.05756237357854843,1.0215789079666138,-1.683852195739746,-0.02912028692662716,1.1059110164642334,-1.469375729560852,0.014086884446442127,0.9440980553627014,-1.6651699542999268,-0.04094851016998291,1.066611886024475,-1.7196400165557861,0.4875185489654541,-1.0633984804153442,5.696699619293213,-2.2696073055267334,3.1246771812438965,10.3118896484375,1.9741400480270386,-3.307746171951294,2.916231155395508,-0.18718375265598297,-3.72385835647583,0.41355282068252563,0.0,0.0,0.0,0.0,0.0,0.0,0.0,0.0,0.0,0.0,0.0,0.0
run-0cbf4a31137e48c79a1f61b4bb639a3e,766,,15826498730348,true,9.12713623046875,-0.10589253902435303,,,,0.06583183258771896,0,-0.9988762736320496,-0.05,-0.05,0.0,0.0,0.0,-0.0013833206612616777,-0.0023460155352950096,,,,,,true,13962,true,true,false,,,,2.5849626064300537,2.5849626064300537,2.5849626064300537,2.5849626064300537,2.5849626064300537,2.5849626064300537,2.5849626064300537,2.5849626064300537,2.5849626064300537,2.5849626064300537,2.5849626064300537,-0.11731810122728348,1.224852204322815,0.12759801745414734,0.23054271936416626,0.8940505981445312,-0.730296790599823,-0.16047218441963196,1.0604292154312134,-0.8857980370521545,0.05454433336853981,0.5749040842056274,-0.6631447672843933,0.23054271936416626,0.8940505981445312,-0.730296790599823,-0.11731810122728348,1.224852204322815,0.12759801745414734,0.05454433336853981,0.5749040842056274,-0.6631447672843933,-0.16047218441963196,1.0604292154312134,-0.8857980370521545,0.057635679841041565,1.023512601852417,-1.6825741529464722,-0.02932952530682087,1.106213092803955,-1.4681005477905273,0.013636083342134953,0.9437260627746582,-1.6657861471176147,-0.04011804610490799,1.0651073455810547,-1.7214494943618774,0.4804593324661255,-1.0022883415222168,5.733404636383057,-2.288054943084717,3.1396055221557617,10.313785552978516,1.970223069190979,-3.324605941772461,2.9138457775115967,-0.15542617440223694,-3.776667594909668,0.3694714903831482,0.0,0.0,0.0,0.0,0.0,0.0,0.0,0.0,0.0,0.0,0.0,0.0
run-0cbf4a31137e48c79a1f61b4bb639a3e,770,,15826539748313,true,9.127083778381348,-0.10599566996097565,,,,0.06549252569675446,0,-0.9988763332366943,-0.05,-0.05,0.0,0.0,0.0,-0.0013995870249345899,-0.0023766278754919767,,,,,,true,666710,true,true,false,,,,2.5849626064300537,2.5849626064300537,2.5849626064300537,2.5849626064300537,2.5849626064300537,2.5849626064300537,2.5849626064300537,2.5849626064300537,2.5849626064300537,2.5849626064300537,2.5849626064300537,-0.11800522357225418,1.225355863571167,0.1304878294467926,0.23090943694114685,0.8991055488586426,-0.7266647815704346,-0.1582116037607193,1.0564419031143188,-0.8907684087753296,0.05342230573296547,0.5740673542022705,-0.6644373536109924,0.23090943694114685,0.8991055488586426,-0.7266647815704346,-0.11800522357225418,1.225355863571167,0.1304878294467926,0.05342230573296547,0.5740673542022705,-0.6644373536109924,-0.1582116037607193,1.0564419031143188,-0.8907684087753296,0.05772735923528671,1.0247764587402344,-1.6816661357879639,-0.029501305893063545,1.1063389778137207,-1.46737802028656,0.013355576433241367,0.9435168504714966,-1.666109323501587,-0.039552900940179825,1.064110517501831,-1.7226921319961548,0.47640863060951233,-0.962141752243042,5.758994102478027,-2.3021745681762695,3.1474497318267822,10.308178901672363,1.9691697359085083,-3.335407257080078,2.9161481857299805,-0.13416887819766998,-3.8109614849090576,0.34112322330474854,0.0,0.0,0.0,0.0,0.0,0.0,0.0,0.0,0.0,0.0,0.0,0.0
run-0cbf4a31137e48c79a1f61b4bb639a3e,774,,15826579852343,true,9.127035140991211,-0.10609418153762817,,,,0.06516094505786896,0,-0.9988763928413391,-0.05,-0.05,0.0,0.0,0.0,-0.0014033990446478128,-0.002369463909417391,,,,,,true,998828,true,true,false,,,,2.5849626064300537,2.5849626064300537,2.5849626064300537,2.5849626064300537,2.5849626064300537,2.5849626064300537,2.5849626064300537,2.5849626064300537,2.5849626064300537,2.5849626064300537,2.5849626064300537,-0.11871259659528732,1.225753903388977,0.1331772804260254,0.23134654760360718,0.904093861579895,-0.7229989171028137,-0.1559872031211853,1.0525038242340088,-0.8956391215324402,0.05238700285553932,0.5732693076133728,-0.66562819480896,0.23134654760360718,0.904093861579895,-0.7229989171028137,-0.11871259659528732,1.225753903388977,0.1331772804260254,0.05238700285553932,0.5732693076133728,-0.66562819480896,-0.1559872031211853,1.0525038242340088,-0.8956391215324402,0.057836636900901794,1.026023507118225,-1.680749773979187,-0.02967814914882183,1.1064385175704956,-1.4667056798934937,0.01309675071388483,0.9433173537254333,-1.6664071083068848,-0.038996800780296326,1.0631259679794312,-1.7239097356796265,0.47328537702560425,-0.9226843118667603,5.7843852043151855,-2.3159613609313965,3.1540989875793457,10.301589012145996,1.9688520431518555,-3.346123456954956,2.9188365936279297,-0.1141614094376564,-3.843430280685425,0.31516191363334656,0.0,0.0,0.0,0.0,0.0,0.0,0.0,0.0,0.0,0.0,0.0,0.0
run-0cbf4a31137e48c79a1f61b4bb639a3e,778,,15826631281543,true,9.126982688903809,-0.10619639605283737,,,,0.06480243802070618,0,-0.9988764524459839,-0.05,-0.05,0.0,0.0,0.0,-0.0014036778593435884,-0.002315558260306716,,,,,,true,361289,true,true,false,,,,2.5849626064300537,2.5849626064300537,2.5849626064300537,2.5849626064300537,2.5849626064300537,2.5849626064300537,2.5849626064300537,2.5849626064300537,2.5849626064300537,2.5849626064300537,2.5849626064300537,-0.1193573847413063,1.225990653038025,0.13575023412704468,0.23183110356330872,0.9090237617492676,-0.7194406986236572,-0.15376083552837372,1.048602819442749,-0.9004589319229126,0.051400039345026016,0.5725332498550415,-0.6667044758796692,0.23183110356330872,0.9090237617492676,-0.7194406986236572,-0.1193573847413063,1.225990653038025,0.13575023412704468,0.051400039345026016,0.5725332498550415,-0.6667044758796692,-0.15376083552837372,1.048602819442749,-0.9004589319229126,0.05795777589082718,1.0272560119628906,-1.6798601150512695,-0.029839346185326576,1.1064976453781128,-1.4660624265670776,0.012850009836256504,0.9431333541870117,-1.6666761636734009,-0.03844020888209343,1.0621507167816162,-1.7251147031784058,0.47035542130470276,-0.8836464285850525,5.8084516525268555,-2.3295626640319824,3.1593034267425537,10.292411804199219,1.9698351621627808,-3.357008457183838,2.9232089519500732,-0.09454900771379471,-3.8743343353271484,0.2916431427001953,0.0,0.0,0.0,0.0,0.0,0.0,0.0,0.0,0.0,0.0,0.0,0.0
run-0cbf4a31137e48c79a1f61b4bb639a3e,786,,15826698849654,true,9.126888275146484,-0.10637346655130386,,,,0.0641351118683815,0,-0.9988766312599182,-0.05,-0.05,0.0,0.0,0.0,-0.0013914729934185743,-0.0022112152073532343,,,,,,true,146342,true,true,false,,,,2.5849626064300537,2.5849626064300537,2.5849626064300537,2.5849626064300537,2.5849626064300537,2.5849626064300537,2.5849626064300537,2.5849626064300537,2.5849626064300537,2.5849626064300537,2.5849626064300537,-0.12050569802522659,1.226357340812683,0.14091169834136963,0.2326856553554535,0.918688178062439,-0.7125536203384399,-0.14938968420028687,1.0409126281738281,-0.9096616506576538,0.04964617267251015,0.5710506439208984,-0.6688592433929443,0.2326856553554535,0.918688178062439,-0.7125536203384399,-0.12050569802522659,1.226357340812683,0.14091169834136963,0.04964617267251015,0.5710506439208984,-0.6688592433929443,-0.14938968420028687,1.0409126281738281,-0.9096616506576538,0.05817141383886337,1.0296720266342163,-1.6781383752822876,-0.030126424506306648,1.1065893173217773,-1.46477210521698,0.012411543168127537,0.9427626729011536,-1.6672148704528809,-0.037347421050071716,1.0602281093597412,-1.7274154424667358,0.46556907892227173,-0.8077446222305298,5.854029655456543,-2.353344440460205,3.1673431396484375,10.278301239013672,1.9734188318252563,-3.3789384365081787,2.929940700531006,-0.058464426547288895,-3.931039571762085,0.2512756586074829,0.0,0.0,0.0,0.0,0.0,0.0,0.0,0.0,0.0,0.0,0.0,0.0
run-0cbf4a31137e48c79a1f61b4bb639a3e,790,,15826738932257,true,9.126835823059082,-0.10646898299455643,,,,0.06374161690473557,0,-0.9988767504692078,-0.05,-0.05,0.0,0.0,0.0,-0.0014002302195876837,-0.002155732363462448,,,,,,true,90890,true,true,false,,,,2.5849626064300537,2.5849626064300537,2.5849626064300537,2.5849626064300537,2.5849626064300537,2.5849626064300537,2.5849626064300537,2.5849626064300537,2.5849626064300537,2.5849626064300537,2.5849626064300537,-0.12115789204835892,1.2261710166931152,0.14272049069404602,0.23311996459960938,0.9233435988426208,-0.7092339396476746,-0.14713770151138306,1.0371233224868774,-0.9142456650733948,0.04896818473935127,0.5705057382583618,-0.6694129705429077,0.23311996459960938,0.9233435988426208,-0.7092339396476746,-0.12115789204835892,1.2261710166931152,0.14272049069404602,0.04896818473935127,0.5705057382583618,-0.6694129705429077,-0.14713770151138306,1.0371233224868774,-0.9142456650733948,0.058279991149902344,1.0308358669281006,-1.677308440208435,-0.03028947301208973,1.1065428256988525,-1.4643198251724243,0.012242046184837818,0.9426264762878418,-1.6673532724380493,-0.036784425377845764,1.0592808723449707,-1.7285614013671875,0.4628152549266815,-0.7711225152015686,5.874499320983887,-2.366529703140259,3.1682162284851074,10.260894775390625,1.9788789749145508,-3.3898534774780273,2.9388647079467773,-0.040822625160217285,-3.9562182426452637,0.23601233959197998,0.0,0.0,0.0,0.0,0.0,0.0,0.0,0.0,0.0,0.0,0.0,0.0
run-0cbf4a31137e48c79a1f61b4bb639a3e,796,,15826798649858,true,9.126762390136719,-0.10659411549568176,,,,0.06318125128746033,0,-0.9988768696784973,-0.05,-0.05,0.0,0.0,0.0,-0.0014042169786989689,-0.0019823946058750153,,,,,,true,872642,true,true,false,,,,2.5849626064300537,2.5849626064300537,2.5849626064300537,2.5849626064300537,2.5849626064300537,2.5849626064300537,2.5849626064300537,2.5849626064300537,2.5849626064300537,2.5849626064300537,2.5849626064300537,-0.12188056856393814,1.2258127927780151,0.14605116844177246,0.2339220941066742,0.9301007986068726,-0.704375684261322,-0.14400027692317963,1.0316331386566162,-0.9208706021308899,0.04795541241765022,0.5695597529411316,-0.6705095171928406,0.2339220941066742,0.9301007986068726,-0.704375684261322,-0.12188056856393814,1.2258127927780151,0.14605116844177246,0.04795541241765022,0.5695597529411316,-0.6705095171928406,-0.14400027692317963,1.0316331386566162,-0.9208706021308899,0.05848052352666855,1.0325251817703247,-1.6760939359664917,-0.030470142140984535,1.1064531803131104,-1.463487148284912,0.011988853104412556,0.942389965057373,-1.6676273345947266,-0.03600006923079491,1.057908296585083,-1.730217695236206,0.4608358144760132,-0.7181999683380127,5.903980255126953,-2.3830769062042236,3.1677520275115967,10.243194580078125,1.9866349697113037,-3.407071352005005,2.949047327041626,-0.01775076612830162,-3.990119457244873,0.21707236766815186,0.0,0.0,0.0,0.0,0.0,0.0,0.0,0.0,0.0,0.0,0.0,0.0
run-0cbf4a31137e48c79a1f61b4bb639a3e,800,,15826839170184,true,9.126709938049316,-0.10667397081851959,,,,0.06275565177202225,0,-0.9988770484924316,-0.05,-0.05,0.0,0.0,0.0,-0.0014719213359057903,-0.0018376648658886552,,,,,,true,1136776,true,true,false,,,,2.5849626064300537,2.5849626064300537,2.5849626064300537,2.5849626064300537,2.5849626064300537,2.5849626064300537,2.5849626064300537,2.5849626064300537,2.5849626064300537,2.5849626064300537,2.5849626064300537,-0.12230732291936874,1.2253755331039429,0.14745405316352844,0.23433104157447815,0.9346717000007629,-0.701551616191864,-0.14190900325775146,1.0280576944351196,-0.9248421788215637,0.047595832496881485,0.5692019462585449,-0.670516312122345,0.23433104157447815,0.9346717000007629,-0.701551616191864,-0.12230732291936874,1.2253755331039429,0.14745405316352844,0.047595832496881485,0.5692019462585449,-0.670516312122345,-0.14190900325775146,1.0280576944351196,-0.9248421788215637,0.05858276039361954,1.0336679220199585,-1.6753878593444824,-0.030576830729842186,1.1063438653945923,-1.4631364345550537,0.011898958124220371,0.9423004984855652,-1.6676291227340698,-0.035477250814437866,1.0570144653320312,-1.7312105894088745,0.4583851993083954,-0.6825060248374939,5.919363975524902,-2.394139289855957,3.165081024169922,10.221959114074707,1.9965009689331055,-3.418154716491699,2.963308572769165,-0.0036864501889795065,-4.009425640106201,0.21673332154750824,0.0,0.0,0.0,0.0,0.0,0.0,0.0,0.0,0.0,0.0,0.0,0.0
run-0cbf4a31137e48c79a1f61b4bb639a3e,806,,15826898517466,true,9.126629829406738,-0.10678574442863464,,,,0.06213962286710739,0,-0.9988772869110107,-0.05,-0.05,0.0,0.0,0.0,-0.001404289505444467,-0.0017629722133278847,,,,,,true,124907,true,true,false,,,,2.5849626064300537,2.5849626064300537,2.5849626064300537,2.5849626064300537,2.5849626064300537,2.5849626064300537,2.5849626064300537,2.5849626064300537,2.5849626064300537,2.5849626064300537,2.5849626064300537,-0.12297575920820236,1.224812388420105,0.15016204118728638,0.23538565635681152,0.9412590265274048,-0.6967148780822754,-0.13909463584423065,1.0233155488967896,-0.93063884973526,0.04701784625649452,0.5686858296394348,-0.6703307628631592,0.23538565635681152,0.9412590265274048,-0.6967148780822754,-0.12297575920820236,1.224812388420105,0.15016204118728638,0.04701784625649452,0.5686858296394348,-0.6703307628631592,-0.13909463584423065,1.0233155488967896,-0.93063884973526,0.05884641408920288,1.0353147983551025,-1.6741787195205688,-0.03074393980205059,1.1062030792236328,-1.4624594449996948,0.01175446156412363,0.9421714544296265,-1.6675827503204346,-0.03477365896105766,1.0558289289474487,-1.7326596975326538,0.4596693515777588,-0.6308178901672363,5.948407173156738,-2.4090816974639893,3.161207675933838,10.199477195739746,2.0113701820373535,-3.4323065280914307,2.9839329719543457,0.012592791579663754,-4.022341728210449,0.2189887911081314,0.0,0.0,0.0,0.0,0.0,0.0,0.0,0.0,0.0,0.0,0.0,0.0
run-0cbf4a31137e48c79a1f61b4bb639a3e,810,,15826938926130,true,9.126578330993652,-0.10686373710632324,,,,0.06167389452457428,0,-0.9988774657249451,-0.05,-0.05,0.0,0.0,0.0,-0.0013205173891037703,-0.00177888129837811,,,,,,true,1062504,true,true,false,,,,2.5849626064300537,2.5849626064300537,2.5849626064300537,2.5849626064300537,2.5849626064300537,2.5849626064300537,2.5849626064300537,2.5849626064300537,2.5849626064300537,2.5849626064300537,2.5849626064300537,-0.12334417551755905,1.2239227294921875,0.15121009945869446,0.23630103468894958,0.94532710313797,-0.693687915802002,-0.1372244954109192,1.0204541683197021,-0.9345185160636902,0.04680174961686134,0.5685350298881531,-0.6695100665092468,0.23630103468894958,0.94532710313797,-0.693687915802002,-0.12334417551755905,1.2239227294921875,0.15121009945869446,0.04680174961686134,0.5685350298881531,-0.6695100665092468,-0.1372244954109192,1.0204541683197021,-0.9345185160636902,0.059075258672237396,1.0363317728042603,-1.6734219789505005,-0.030836043879389763,1.105980634689331,-1.4621974229812622,0.011700437404215336,0.9421337842941284,-1.6673774719238281,-0.0343061238527298,1.0551135540008545,-1.733629584312439,0.4622341990470886,-0.5987439155578613,5.9661946296691895,-2.418604850769043,3.154533624649048,10.175883293151855,2.0249195098876953,-3.4402902126312256,3.0034844875335693,0.021303704008460045,-4.017873764038086,0.22552545368671417,0.0,0.0,0.0,0.0,0.0,0.0,0.0,0.0,0.0,0.0,0.0,0.0
run-0cbf4a31137e48c79a1f61b4bb639a3e,816,,15826999364868,true,9.126508712768555,-0.10697226971387863,,,,0.061007022857666016,0,-0.9988774657249451,-0.05,-0.05,0.0,0.0,0.0,-0.001221196842379868,-0.0016686280723661184,,,,,,true,928560,true,true,false,,,,2.5849626064300537,2.5849626064300537,2.5849626064300537,2.5849626064300537,2.5849626064300537,2.5849626064300537,2.5849626064300537,2.5849626064300537,2.5849626064300537,2.5849626064300537,2.5849626064300537,-0.12342124432325363,1.2222827672958374,0.1537444293498993,0.23788774013519287,0.9507750272750854,-0.6895453333854675,-0.13469241559505463,1.0163854360580444,-0.9404643177986145,0.046275604516267776,0.568007230758667,-0.6687700152397156,0.23788774013519287,0.9507750272750854,-0.6895453333854675,-0.12342124432325363,1.2222827672958374,0.1537444293498993,0.046275604516267776,0.568007230758667,-0.6687700152397156,-0.13469241559505463,1.0163854360580444,-0.9404643177986145,0.05947193503379822,1.037693738937378,-1.6723862886428833,-0.030855311080813408,1.105570673942566,-1.4615639448165894,0.011568901129066944,0.9420018196105957,-1.6671924591064453,-0.03367310389876366,1.0540963411331177,-1.7351161241531372,0.4681621789932251,-0.5558814406394958,5.9903244972229,-2.4285457134246826,3.1418538093566895,10.151222229003906,2.042289972305298,-3.453601598739624,3.0271434783935547,0.030812067911028862,-4.003952503204346,0.2326660454273224,0.0,0.0,0.0,0.0,0.0,0.0,0.0,0.0,0.0,0.0,0.0,0.0
run-0cbf4a31137e48c79a1f61b4bb639a3e,820,,15827039654125,true,9.12646484375,-0.10704004019498825,,,,0.06056676059961319,0,-0.9988774657249451,-0.05,-0.05,0.0,0.0,0.0,-0.001191880670376122,-0.001574998488649726,,,,,,true,304331,true,true,false,,,,2.5849626064300537,2.5849626064300537,2.5849626064300537,2.5849626064300537,2.5849626064300537,2.5849626064300537,2.5849626064300537,2.5849626064300537,2.5849626064300537,2.5849626064300537,2.5849626064300537,-0.12328121811151505,1.2211068868637085,0.15532147884368896,0.23889780044555664,0.9542914032936096,-0.6872233748435974,-0.13312575221061707,1.0139238834381104,-0.9441236257553101,0.046069834381341934,0.5676559805870056,-0.6679013967514038,0.23889780044555664,0.9542914032936096,-0.6872233748435974,-0.12328121811151505,1.2211068868637085,0.15532147884368896,0.046069834381341934,0.5676559805870056,-0.6679013967514038,-0.13312575221061707,1.0139238834381104,-0.9441236257553101,0.05972445011138916,1.038572907447815,-1.6718058586120605,-0.03082030452787876,1.1052767038345337,-1.4611696004867554,0.011517458595335484,0.9419140219688416,-1.6669753789901733,-0.033281438052654266,1.0534809827804565,-1.73603093624115,0.47175413370132446,-0.5282601714134216,6.002917766571045,-2.4336752891540527,3.132587432861328,10.134306907653809,2.0548014640808105,-3.462324619293213,3.04521107673645,0.03419853746891022,-3.9880499839782715,0.24430905282497406,0.0,0.0,0.0,0.0,0.0,0.0,0.0,0.0,0.0,0.0,0.0,0.0
run-0cbf4a31137e48c79a1f61b4bb639a3e,826,,15827098980289,true,9.1264009475708,-0.10713151842355728,,,,0.059944912791252136,0,-0.9988771080970764,-0.05,-0.05,0.0,0.0,0.0,-0.0011169284116476774,-0.0013366799103096128,,,,,,true,1143653,true,true,false,,,,2.5849626064300537,2.5849626064300537,2.5849626064300537,2.5849626064300537,2.5849626064300537,2.5849626064300537,2.5849626064300537,2.5849626064300537,2.5849626064300537,2.5849626064300537,2.5849626064300537,-0.12219773977994919,1.2195159196853638,0.1587088704109192,0.24034234881401062,0.9589748978614807,-0.6846816539764404,-0.13142281770706177,1.0110121965408325,-0.9493893980979919,0.045409027487039566,0.5665570497512817,-0.6663808822631836,0.24034234881401062,0.9589748978614807,-0.6846816539764404,-0.12219773977994919,1.2195159196853638,0.1587088704109192,0.045409027487039566,0.5665570497512817,-0.6663808822631836,-0.13142281770706177,1.0110121965408325,-0.9493893980979919,0.060085587203502655,1.0397437810897827,-1.6711704730987549,-0.030549434944987297,1.1048790216445923,-1.4603227376937866,0.011352256871759892,0.9416393041610718,-1.666595220565796,-0.03285570442676544,1.0527530908584595,-1.7373473644256592,0.47593700885772705,-0.49143895506858826,6.0140180587768555,-2.4351646900177,3.119767904281616,10.119545936584473,2.0679242610931396,-3.47978138923645,3.0726091861724854,0.02796502411365509,-3.948286771774292,0.26524418592453003,0.0,0.0,0.0,0.0,0.0,0.0,0.0,0.0,0.0,0.0,0.0,0.0
run-0cbf4a31137e48c79a1f61b4bb639a3e,830,,15827143926364,true,9.126358032226562,-0.1071869283914566,,,,0.05953631550073624,0,-0.9988769292831421,-0.05,-0.05,0.0,0.0,0.0,-0.001086571835912764,-0.0011812795419245958,,,,,,true,163547,true,true,false,,,,2.5849626064300537,2.5849626064300537,2.5849626064300537,2.5849626064300537,2.5849626064300537,2.5849626064300537,2.5849626064300537,2.5849626064300537,2.5849626064300537,2.5849626064300537,2.5849626064300537,-0.12139550596475601,1.2180490493774414,0.16149789094924927,0.24094942212104797,0.9615674018859863,-0.6831645369529724,-0.12987565994262695,1.0086544752120972,-0.9532328248023987,0.04488663747906685,0.5656892657279968,-0.6663312911987305,0.24094942212104797,0.9615674018859863,-0.6831645369529724,-0.12139550596475601,1.2180490493774414,0.16149789094924927,0.04488663747906685,0.5656892657279968,-0.6663312911987305,-0.12987565994262695,1.0086544752120972,-0.9532328248023987,0.06023735553026199,1.0403919219970703,-1.6707911491394043,-0.030348876491189003,1.1045122146606445,-1.459625482559204,0.011221659369766712,0.9414223432540894,-1.6665828227996826,-0.03246891498565674,1.0521636009216309,-1.7383081912994385,0.4755655527114868,-0.4708649218082428,6.019496917724609,-2.4360222816467285,3.107757091522217,10.113972663879395,2.075531244277954,-3.492772102355957,3.0836551189422607,0.02760138362646103,-3.924323081970215,0.2702767848968506,0.0,0.0,0.0,0.0,0.0,0.0,0.0,0.0,0.0,0.0,0.0,0.0
run-0cbf4a31137e48c79a1f61b4bb639a3e,836,,15827199615336,true,9.126298904418945,-0.10725564509630203,,,,0.05899238586425781,0,-0.9988768696784973,-0.05,-0.05,0.0,0.0,0.0,-0.0011037512449547648,-0.001100537832826376,,,,,,true,396398,true,true,false,,,,2.5849626064300537,2.5849626064300537,2.5849626064300537,2.5849626064300537,2.5849626064300537,2.5849626064300537,2.5849626064300537,2.5849626064300537,2.5849626064300537,2.5849626064300537,2.5849626064300537,-0.12072611600160599,1.2166341543197632,0.16519182920455933,0.24209332466125488,0.9665913581848145,-0.68055260181427,-0.12777474522590637,1.0052120685577393,-0.9580603837966919,0.04459318891167641,0.5647759437561035,-0.6654641628265381,0.24209332466125488,0.9665913581848145,-0.68055260181427,-0.12072611600160599,1.2166341543197632,0.16519182920455933,0.04459318891167641,0.5647759437561035,-0.6654641628265381,-0.12777474522590637,1.0052120685577393,-0.9580603837966919,0.06052333116531372,1.0416479110717773,-1.6701381206512451,-0.030181529000401497,1.1041585206985474,-1.4587020874023438,0.011148297227919102,0.9411939978599548,-1.6663661003112793,-0.03194368630647659,1.0513030290603638,-1.7395150661468506,0.47700461745262146,-0.4314848780632019,6.030144691467285,-2.440742254257202,3.095916748046875,10.1050443649292,2.08848237991333,-3.5087695121765137,3.1046578884124756,0.022852376103401184,-3.893104314804077,0.2965218424797058,0.0,0.0,0.0,0.0,0.0,0.0,0.0,0.0,0.0,0.0,0.0,0.0
run-0cbf4a31137e48c79a1f61b4bb639a3e,842,,15827260273359,true,9.126237869262695,-0.10732369869947433,,,,0.05842746049165726,0,-0.9988767504692078,-0.05,-0.05,0.0,0.0,0.0,-0.0010614512721076608,-0.0010229209437966347,,,,,,true,1059422,true,true,false,,,,2.5849626064300537,2.5849626064300537,2.5849626064300537,2.5849626064300537,2.5849626064300537,2.5849626064300537,2.5849626064300537,2.5849626064300537,2.5849626064300537,2.5849626064300537,2.5849626064300537,-0.1203712597489357,1.2148195505142212,0.1685672402381897,0.24287891387939453,0.9708112478256226,-0.6775630116462708,-0.12527768313884735,1.0014172792434692,-0.9635352492332458,0.04421548917889595,0.5638294219970703,-0.6650658845901489,0.24287891387939453,0.9708112478256226,-0.6775630116462708,-0.1203712597489357,1.2148195505142212,0.1685672402381897,0.04421548917889595,0.5638294219970703,-0.6650658845901489,-0.12527768313884735,1.0014172792434692,-0.9635352492332458,0.06071972846984863,1.0427027940750122,-1.6693907976150513,-0.030092814937233925,1.1037049293518066,-1.4578582048416138,0.011053872294723988,0.9409573674201965,-1.6662664413452148,-0.03131942078471184,1.0503543615341187,-1.7408838272094727,0.47529923915863037,-0.39804714918136597,6.042718410491943,-2.4483439922332764,3.0805463790893555,10.092958450317383,2.1010513305664062,-3.5253188610076904,3.1221721172332764,0.02250594273209572,-3.8610451221466064,0.3063323199748993,0.0,0.0,0.0,0.0,0.0,0.0,0.0,0.0,0.0,0.0,0.0,0.0
run-0cbf4a31137e48c79a1f61b4bb639a3e,846,,15827298473799,true,9.126197814941406,-0.10736574232578278,,,,0.05806327611207962,0,-0.998876690864563,-0.05,-0.05,0.0,0.0,0.0,-0.0010577463544905186,-0.0009686610428616405,,,,,,true,491822,true,true,false,,,,2.5849626064300537,2.5849626064300537,2.5849626064300537,2.5849626064300537,2.5849626064300537,2.5849626064300537,2.5849626064300537,2.5849626064300537,2.5849626064300537,2.5849626064300537,2.5849626064300537,-0.12005684524774551,1.213967204093933,0.1707579791545868,0.24364855885505676,0.9741912484169006,-0.6757857203483582,-0.12391236424446106,0.9992357492446899,-0.9665578603744507,0.04412742331624031,0.5632941126823425,-0.664201021194458,0.24364855885505676,0.9741912484169006,-0.6757857203483582,-0.12005684524774551,1.213967204093933,0.1707579791545868,0.04412742331624031,0.5632941126823425,-0.664201021194458,-0.12391236424446106,0.9992357492446899,-0.9665578603744507,0.06091213971376419,1.0435478687286377,-1.668946385383606,-0.03001421131193638,1.1034917831420898,-1.4573105573654175,0.011031855829060078,0.9408235549926758,-1.6660501956939697,-0.030978091061115265,1.0498089790344238,-1.741639494895935,0.4758337140083313,-0.371432363986969,6.048905849456787,-2.452920436859131,3.073035478591919,10.084657669067383,2.1100196838378906,-3.535806894302368,3.138108253479004,0.016926541924476624,-3.8353841304779053,0.32688942551612854,0.0,0.0,0.0,0.0,0.0,0.0,0.0,0.0,0.0,0.0,0.0,0.0
run-0cbf4a31137e48c79a1f61b4bb639a3e,850,,15827342541509,true,9.126158714294434,-0.10740598291158676,,,,0.05771603435277939,0,-0.998876690864563,-0.05,-0.05,0.0,0.0,0.0,-0.0010347365168854594,-0.0009187128744088113,,,,,,true,350327,true,true,false,,,,2.5849626064300537,2.5849626064300537,2.5849626064300537,2.5849626064300537,2.5849626064300537,2.5849626064300537,2.5849626064300537,2.5849626064300537,2.5849626064300537,2.5849626064300537,2.5849626064300537,-0.11988646537065506,1.213028073310852,0.1728120744228363,0.24390342831611633,0.9771426916122437,-0.6739328503608704,-0.12221315503120422,0.9967623949050903,-0.9699059128761292,0.04400942102074623,0.5626419186592102,-0.663699746131897,0.24390342831611633,0.9771426916122437,-0.6739328503608704,-0.11988646537065506,1.213028073310852,0.1728120744228363,0.04400942102074623,0.5626419186592102,-0.663699746131897,-0.12221315503120422,0.9967623949050903,-0.9699059128761292,0.06097585707902908,1.0442856550216675,-1.6684832572937012,-0.029971616342663765,1.1032570600509644,-1.4567970037460327,0.011002355255186558,0.9406604766845703,-1.6659249067306519,-0.030553288757801056,1.049190640449524,-1.742476463317871,0.47269707918167114,-0.3481302559375763,6.055795669555664,-2.4583065509796143,3.064685106277466,10.076614379882812,2.118321657180786,-3.546837091445923,3.150631904602051,0.01590883731842041,-3.8127734661102295,0.33523720502853394,0.0,0.0,0.0,0.0,0.0,0.0,0.0,0.0,0.0,0.0,0.0,0.0
run-0cbf4a31137e48c79a1f61b4bb639a3e,856,,15827399028082,true,9.126100540161133,-0.10746147483587265,,,,0.05716286227107048,0,-0.9988765716552734,-0.05,-0.05,0.0,0.0,0.0,-0.0010253925574943423,-0.0008336786413565278,,,,,,true,775048,true,true,false,,,,2.5849626064300537,2.5849626064300537,2.5849626064300537,2.5849626064300537,2.5849626064300537,2.5849626064300537,2.5849626064300537,2.5849626064300537,2.5849626064300537,2.5849626064300537,2.5849626064300537,-0.11953552812337875,1.2113093137741089,0.1769227683544159,0.24493733048439026,0.981673002243042,-0.6710049510002136,-0.11976674199104309,0.9928708076477051,-0.975048840045929,0.04374587908387184,0.5617443323135376,-0.663737416267395,0.24493733048439026,0.981673002243042,-0.6710049510002136,-0.11953552812337875,1.2113093137741089,0.1769227683544159,0.04374587908387184,0.5617443323135376,-0.663737416267395,-0.11976674199104309,0.9928708076477051,-0.975048840045929,0.061234332621097565,1.0454182624816895,-1.6677511930465698,-0.02988388203084469,1.1028273105621338,-1.4557693004608154,0.01093646977096796,0.9404361248016357,-1.6659343242645264,-0.029941685497760773,1.0482177734375,-1.7437622547149658,0.4721064865589142,-0.31216737627983093,6.065974712371826,-2.466543197631836,3.0495615005493164,10.070412635803223,2.1304266452789307,-3.563725471496582,3.16450834274292,0.013562610372900963,-3.7842352390289307,0.3529224991798401,0.0,0.0,0.0,0.0,0.0,0.0,0.0,0.0,0.0,0.0,0.0,0.0
run-0cbf4a31137e48c79a1f61b4bb639a3e,862,,15827458828924,true,9.126044273376465,-0.1075129508972168,,,,0.056627411395311356,0,-0.9988766312599182,-0.05,-0.05,0.0,0.0,0.0,-0.0009917046409100294,-0.0008152927039191127,,,,,,true,846114,true,true,false,,,,2.5849626064300537,2.5849626064300537,2.5849626064300537,2.5849626064300537,2.5849626064300537,2.5849626064300537,2.5849626064300537,2.5849626064300537,2.5849626064300537,2.5849626064300537,2.5849626064300537,-0.1194482073187828,1.210221767425537,0.17966711521148682,0.24516862630844116,0.9865157604217529,-0.6682953834533691,-0.11714673042297363,0.9892258644104004,-0.9796270132064819,0.04380301013588905,0.5609191060066223,-0.6625617742538452,0.24516862630844116,0.9865157604217529,-0.6682953834533691,-0.1194482073187828,1.210221767425537,0.17966711521148682,0.04380301013588905,0.5609191060066223,-0.6625617742538452,-0.11714673042297363,0.9892258644104004,-0.9796270132064819,0.06129215657711029,1.0466289520263672,-1.6670738458633423,-0.0298620518296957,1.102555513381958,-1.4550832509994507,0.010950752533972263,0.9402297735214233,-1.6656404733657837,-0.029286682605743408,1.0473065376281738,-1.7449067831039429,0.4656592011451721,-0.2739652991294861,6.074130535125732,-2.4765212535858154,3.039076566696167,10.054193496704102,2.1447527408599854,-3.5798850059509277,3.1866722106933594,0.010613040998578072,-3.7469987869262695,0.37282896041870117,0.0,0.0,0.0,0.0,0.0,0.0,0.0,0.0,0.0,0.0,0.0,0.0
run-0cbf4a31137e48c79a1f61b4bb639a3e,866,,15827499041924,true,9.126005172729492,-0.10754822939634323,,,,0.05627479404211044,0,-0.9988765716552734,-0.05,-0.05,0.0,0.0,0.0,-0.0009665475809015334,-0.0007530670845881104,,,,,,true,1072652,true,true,false,,,,2.5849626064300537,2.5849626064300537,2.5849626064300537,2.5849626064300537,2.5849626064300537,2.5849626064300537,2.5849626064300537,2.5849626064300537,2.5849626064300537,2.5849626064300537,2.5849626064300537,-0.11940757185220718,1.2092455625534058,0.18204066157341003,0.24572989344596863,0.989496111869812,-0.6662819385528564,-0.11552217602729797,0.9867353439331055,-0.9829238653182983,0.04375142231583595,0.560318112373352,-0.6622306108474731,0.24572989344596863,0.989496111869812,-0.6662819385528564,-0.11940757185220718,1.2092455625534058,0.18204066157341003,0.04375142231583595,0.560318112373352,-0.6622306108474731,-0.11552217602729797,0.9867353439331055,-0.9829238653182983,0.06143247336149216,1.0473740100860596,-1.6665704250335693,-0.029851892963051796,1.102311372756958,-1.454489827156067,0.010937855578958988,0.9400795698165894,-1.665557622909546,-0.028880544006824493,1.0466837882995605,-1.745730996131897,0.4643433690071106,-0.2503621578216553,6.080878734588623,-2.4833109378814697,3.0300707817077637,10.048192977905273,2.1530752182006836,-3.5910873413085938,3.1978001594543457,0.007987555116415024,-3.725290060043335,0.38459542393684387,0.0,0.0,0.0,0.0,0.0,0.0,0.0,0.0,0.0,0.0,0.0,0.0
run-0cbf4a31137e48c79a1f61b4bb639a3e,872,,15827559540805,true,9.125950813293457,-0.10759428143501282,,,,0.05575625225901604,0,-0.9988765120506287,-0.05,-0.05,0.0,0.0,0.0,-0.0009486810304224491,-0.0006861538277007639,,,,,,true,1051491,true,true,false,,,,2.5849626064300537,2.5849626064300537,2.5849626064300537,2.5849626064300537,2.5849626064300537,2.5849626064300537,2.5849626064300537,2.5849626064300537,2.5849626064300537,2.5849626064300537,2.5849626064300537,-0.11927326768636703,1.2080200910568237,0.1858522593975067,0.24619150161743164,0.9942603707313538,-0.6634299159049988,-0.11285191774368286,0.9827698469161987,-0.9877116084098816,0.043694499880075455,0.559388279914856,-0.6620528697967529,0.24619150161743164,0.9942603707313538,-0.6634299159049988,-0.11927326768636703,1.2080200910568237,0.1858522593975067,0.043694499880075455,0.559388279914856,-0.6620528697967529,-0.11285191774368286,0.9827698469161987,-0.9877116084098816,0.06154787540435791,1.048565149307251,-1.6658574342727661,-0.02981831692159176,1.1020050048828125,-1.4535369873046875,0.010923624970018864,0.9398471117019653,-1.665513277053833,-0.028212979435920715,1.0456924438476562,-1.7469278573989868,0.45947888493537903,-0.2127794772386551,6.0894083976745605,-2.492933988571167,3.018187999725342,10.041450500488281,2.1654393672943115,-3.6082351207733154,3.2119624614715576,0.006730150431394577,-3.696622610092163,0.4009605646133423,0.0,0.0,0.0,0.0,0.0,0.0,0.0,0.0,0.0,0.0,0.0,0.0
run-0cbf4a31137e48c79a1f61b4bb639a3e,876,,15827600519392,true,9.125914573669434,-0.10762348771095276,,,,0.055412888526916504,0,-0.9988765120506287,-0.05,-0.05,0.0,0.0,0.0,-0.000929849105887115,-0.0006712859030812979,,,,,,true,998644,true,true,false,,,,2.5849626064300537,2.5849626064300537,2.5849626064300537,2.5849626064300537,2.5849626064300537,2.5849626064300537,2.5849626064300537,2.5849626064300537,2.5849626064300537,2.5849626064300537,2.5849626064300537,-0.1192980483174324,1.207439661026001,0.18801957368850708,0.24635615944862366,0.997643768787384,-0.6615608334541321,-0.11105042695999146,0.9802203178405762,-0.9906647801399231,0.043778855353593826,0.5588155388832092,-0.661542534828186,0.24635615944862366,0.997643768787384,-0.6615608334541321,-0.1192980483174324,1.207439661026001,0.18801957368850708,0.043778855353593826,0.5588155388832092,-0.661542534828186,-0.11105042695999146,0.9802203178405762,-0.9906647801399231,0.061589039862155914,1.0494109392166138,-1.6653902530670166,-0.0298245120793581,1.1018599271774292,-1.4529950618743896,0.010944713838398457,0.9397038817405701,-1.6653856039047241,-0.027762606739997864,1.0450551509857178,-1.7476662397384644,0.4551575779914856,-0.18620918691158295,6.094580173492432,-2.5001978874206543,3.011976957321167,10.03396987915039,2.174603223800659,-3.6193976402282715,3.2242045402526855,0.005188970826566219,-3.6750547885894775,0.41481444239616394,0.0,0.0,0.0,0.0,0.0,0.0,0.0,0.0,0.0,0.0,0.0,0.0
run-0cbf4a31137e48c79a1f61b4bb639a3e,882,,15827659379727,true,9.125862121582031,-0.10766545683145523,,,,0.0549004040658474,0,-0.9988765120506287,-0.05,-0.05,0.0,0.0,0.0,-0.0008903240668587387,-0.0006210283609107137,,,,,,true,1087184,true,true,false,,,,2.5849626064300537,2.5849626064300537,2.5849626064300537,2.5849626064300537,2.5849626064300537,2.5849626064300537,2.5849626064300537,2.5849626064300537,2.5849626064300537,2.5849626064300537,2.5849626064300537,-0.11943315714597702,1.206385612487793,0.19144466519355774,0.24670013785362244,1.002386450767517,-0.6585736274719238,-0.10833919048309326,0.9763059616088867,-0.9953513741493225,0.043875325471162796,0.5579317808151245,-0.6610180139541626,0.24670013785362244,1.002386450767517,-0.6585736274719238,-0.11943315714597702,1.206385612487793,0.19144466519355774,0.043875325471162796,0.5579317808151245,-0.6610180139541626,-0.10833919048309326,0.9763059616088867,-0.9953513741493225,0.06167503446340561,1.0505965948104858,-1.664643406867981,-0.029858289286494255,1.1015963554382324,-1.4521387815475464,0.010968831367790699,0.9394829273223877,-1.6652544736862183,-0.027084797620773315,1.0440764427185059,-1.7488378286361694,0.44938772916793823,-0.1489342302083969,6.103470325469971,-2.5117955207824707,3.001063823699951,10.024571418762207,2.187796115875244,-3.6363730430603027,3.2404463291168213,0.0034280158579349518,-3.644263505935669,0.4309433400630951,0.0,0.0,0.0,0.0,0.0,0.0,0.0,0.0,0.0,0.0,0.0,0.0
run-0cbf4a31137e48c79a1f61b4bb639a3e,886,,15827699295624,true,9.125828742980957,-0.10769152641296387,,,,0.054563719779253006,0,-0.9988765120506287,-0.05,-0.05,0.0,0.0,0.0,-0.0008680194732733071,-0.0005865894490852952,,,,,,true,994395,true,true,false,,,,2.5849626064300537,2.5849626064300537,2.5849626064300537,2.5849626064300537,2.5849626064300537,2.5849626064300537,2.5849626064300537,2.5849626064300537,2.5849626064300537,2.5849626064300537,2.5849626064300537,-0.11950839310884476,1.2058156728744507,0.19375380873680115,0.24681124091148376,1.005687952041626,-0.6566438674926758,-0.10646028816699982,0.9736592769622803,-0.9983598589897156,0.04396123066544533,0.5573409795761108,-0.6606980562210083,0.24681124091148376,1.005687952041626,-0.6566438674926758,-0.11950839310884476,1.2058156728744507,0.19375380873680115,0.04396123066544533,0.5573409795761108,-0.6606980562210083,-0.10646028816699982,0.9736592769622803,-0.9983598589897156,0.06170281022787094,1.0514219999313354,-1.664160966873169,-0.02987709827721119,1.1014539003372192,-1.4515615701675415,0.010990307666361332,0.9393352270126343,-1.6651744842529297,-0.026615072041749954,1.043414831161499,-1.7495899200439453,0.44466492533683777,-0.12309269607067108,6.108715057373047,-2.5193793773651123,2.9946532249450684,10.018655776977539,2.19663405418396,-3.6477925777435303,3.250898599624634,0.0026204027235507965,-3.6235532760620117,0.4420335590839386,0.0,0.0,0.0,0.0,0.0,0.0,0.0,0.0,0.0,0.0,0.0,0.0
run-0cbf4a31137e48c79a1f61b4bb639a3e,892,,15827759464040,true,9.12578010559082,-0.10772806406021118,,,,0.0540633350610733,0,-0.9988764524459839,-0.05,-0.05,0.0,0.0,0.0,-0.0008363953675143421,-0.0005395677289925516,,,,,,true,165091,true,true,false,,,,2.5849626064300537,2.5849626064300537,2.5849626064300537,2.5849626064300537,2.5849626064300537,2.5849626064300537,2.5849626064300537,2.5849626064300537,2.5849626064300537,2.5849626064300537,2.5849626064300537,-0.11972001940011978,1.204943060874939,0.19726383686065674,0.24706366658210754,1.0106003284454346,-0.6536716818809509,-0.10367451608181,0.9696731567382812,-1.0028654336929321,0.04415677860379219,0.5564700961112976,-0.6602222919464111,0.24706366658210754,1.0106003284454346,-0.6536716818809509,-0.11972001940011978,1.204943060874939,0.19726383686065674,0.04415677860379219,0.5564700961112976,-0.6602222919464111,-0.10367451608181,0.9696731567382812,-1.0028654336929321,0.061765916645526886,1.0526500940322876,-1.663417935371399,-0.029930004850029945,1.1012357473373413,-1.4506840705871582,0.011039194650948048,0.9391175508499146,-1.665055513381958,-0.0259186290204525,1.0424182415008545,-1.7507163286209106,0.438230037689209,-0.08471518754959106,6.11691427230835,-2.531442403793335,2.9847562313079834,10.010483741760254,2.210115671157837,-3.664907455444336,3.266336679458618,0.001057506538927555,-3.593862295150757,0.45944908261299133,0.0,0.0,0.0,0.0,0.0,0.0,0.0,0.0,0.0,0.0,0.0,0.0
run-0cbf4a31137e48c79a1f61b4bb639a3e,896,,15827799374287,true,9.125749588012695,-0.10774977505207062,,,,0.05373270437121391,0,-0.9988764524459839,-0.05,-0.05,0.0,0.0,0.0,-0.0008125387248583138,-0.0005113090155646205,,,,,,true,46704,true,true,false,,,,2.5849626064300537,2.5849626064300537,2.5849626064300537,2.5849626064300537,2.5849626064300537,2.5849626064300537,2.5849626064300537,2.5849626064300537,2.5849626064300537,2.5849626064300537,2.5849626064300537,-0.11990576237440109,1.2044410705566406,0.19948610663414001,0.24707826972007751,1.0138862133026123,-0.6517118215560913,-0.10173267126083374,0.9669913053512573,-1.0058326721191406,0.044324565678834915,0.5558855533599854,-0.659853994846344,0.24707826972007751,1.0138862133026123,-0.6517118215560913,-0.11990576237440109,1.2044410705566406,0.19948610663414001,0.044324565678834915,0.5558855533599854,-0.659853994846344,-0.10173267126083374,0.9669913053512573,-1.0058326721191406,0.06176956743001938,1.053471565246582,-1.6629279851913452,-0.029976440593600273,1.1011102199554443,-1.450128436088562,0.011081141419708729,0.9389714002609253,-1.6649634838104248,-0.025433167815208435,1.041747808456421,-1.7514581680297852,0.43281322717666626,-0.05912365764379501,6.122040748596191,-2.5397753715515137,2.9786040782928467,10.004273414611816,2.2193331718444824,-3.676419496536255,3.2768490314483643,0.0005578920245170593,-3.5732216835021973,0.46980857849121094,0.0,0.0,0.0,0.0,0.0,0.0,0.0,0.0,0.0,0.0,0.0,0.0
run-0cbf4a31137e48c79a1f61b4bb639a3e,902,,15827866449899,true,9.125703811645508,-0.10778160393238068,,,,0.053257957100868225,0,-0.9988764524459839,-0.05,-0.05,0.0,0.0,0.0,-0.0007778846193104982,-0.00046498156734742224,,,,,,true,971940,true,true,false,,,,2.5849626064300537,2.5849626064300537,2.5849626064300537,2.5849626064300537,2.5849626064300537,2.5849626064300537,2.5849626064300537,2.5849626064300537,2.5849626064300537,2.5849626064300537,2.5849626064300537,0.19907933473587036,0.4019443392753601,-0.5838108062744141,0.04559747129678726,0.38951045274734497,-0.5869106650352478,-0.022037774324417114,1.3908129930496216,-0.3800721764564514,0.12040688097476959,1.389808177947998,-0.24725013971328735,0.04559747129678726,0.38951045274734497,-0.5869106650352478,0.19907933473587036,0.4019443392753601,-0.5838108062744141,0.12040688097476959,1.389808177947998,-0.24725013971328735,-0.022037774324417114,1.3908129930496216,-0.3800721764564514,0.011399367824196815,0.897377610206604,-1.6467276811599731,0.04976983368396759,0.9004861116409302,-1.6459527015686035,0.030101720243692398,1.1474521160125732,-1.5618125200271606,-0.0055094435811042786,1.1477032899856567,-1.5950180292129517,-1.08625328540802,-4.740671157836914,6.5939483642578125,-0.15735949575901031,-3.04376220703125,4.096701622009277,2.801314353942871,2.56754207611084,6.382453918457031,0.5765509605407715,-0.33680176734924316,5.210519790649414,0.0,0.0,0.0,0.0,0.0,0.0,0.0,0.0,0.0,0.0,0.0,0.0
run-0cbf4a31137e48c79a1f61b4bb639a3e,908,,15827919457434,true,9.12557315826416,-0.1071241945028305,,,,0.0577872097492218,0,-0.9987305998802185,-0.05,-0.05,0.0,0.0,0.0,-0.004005978815257549,0.03621460497379303,,,,,,true,912693,true,true,false,,,,2.5849626064300537,2.5849626064300537,2.5849626064300537,2.5849626064300537,2.5849626064300537,2.5849626064300537,2.5849626064300537,2.5849626064300537,2.5849626064300537,2.5849626064300537,2.5849626064300537,0.1599741280078888,0.04738394916057587,-1.406707525253296,0.13467702269554138,0.3173953890800476,0.27656665444374084,-0.2425800859928131,1.3841525316238403,-0.32458019256591797,-0.03281059488654137,1.4481537342071533,-0.09472696483135223,0.13467702269554138,0.3173953890800476,0.27656665444374084,0.1599741280078888,0.04738394916057587,-1.406707525253296,-0.03281059488654137,1.4481537342071533,-0.09472696483135223,-0.2425800859928131,1.3841525316238403,-0.32458019256591797,0.033669255673885345,0.879348874092102,-1.4308583736419678,0.0399935320019722,0.8118460178375244,-1.8516769409179688,-0.008202648721635342,1.1620384454727173,-1.5236817598342896,-0.06064502149820328,1.1460381746292114,-1.5811450481414795,-0.6628077626228333,-4.831705570220947,12.357863426208496,-1.0142877101898193,-5.127093315124512,-1.1872599124908447,0.926361083984375,2.802203416824341,7.1412200927734375,-1.9420698881149292,0.005458608269691467,5.3321123123168945,0.0,0.0,0.0,0.0,0.0,0.0,0.0,0.0,0.0,0.0,0.0,0.0
run-0cbf4a31137e48c79a1f61b4bb639a3e,910,,15827939417146,true,9.12542724609375,-0.10606246441602707,,,,0.06358414888381958,0,-0.9986662268638611,-0.05,-0.05,0.0,0.0,0.0,-0.004678471479564905,0.08022503554821014,,,,,,true,651898,true,true,false,,,,2.5849626064300537,2.5849626064300537,2.5849626064300537,2.5849626064300537,2.5849626064300537,2.5849626064300537,2.5849626064300537,2.5849626064300537,2.5849626064300537,2.5849626064300537,2.5849626064300537,0.16802236437797546,0.24162770807743073,-1.0744764804840088,0.09910546988248825,0.40084603428840637,0.057062916457653046,-0.2528940737247467,1.407786250114441,-0.28322190046310425,-0.03720163181424141,1.4490554332733154,-0.2161114513874054,0.09910546988248825,0.40084603428840637,0.057062916457653046,0.16802236437797546,0.24162770807743073,-1.0744764804840088,-0.03720163181424141,1.4490554332733154,-0.2161114513874054,-0.2528940737247467,1.407786250114441,-0.28322190046310425,0.024776367470622063,0.90021151304245,-1.485734224319458,0.042005591094493866,0.8604069352149963,-1.7686190605163574,-0.009300407953560352,1.1622638702392578,-1.5540279150009155,-0.06322351843118668,1.1519465446472168,-1.5708054304122925,-0.9319660663604736,-3.8929789066314697,10.041844367980957,-0.5686966180801392,-0.9787940979003906,1.8939534425735474,0.7162554264068604,2.5919554233551025,5.649784564971924,-2.4195408821105957,0.3155529797077179,5.557240962982178,0.0,0.0,0.0,0.0,0.0,0.0,0.0,0.0,0.0,0.0,0.0,0.0
run-0cbf4a31137e48c79a1f61b4bb639a3e,918,,15828018674924,true,9.126198768615723,-0.09687682241201401,,,,0.08344150334596634,0,-0.9988632798194885,-0.05,-0.05,0.0,0.0,0.0,0.044489841908216476,0.06913387030363083,,,,,,true,540878,true,true,false,,,,2.5849626064300537,2.5849626064300537,2.5849626064300537,2.5849626064300537,2.5849626064300537,2.5849626064300537,2.5849626064300537,2.5849626064300537,2.5849626064300537,2.5849626064300537,2.5849626064300537,0.11390025168657303,0.7286168932914734,0.029303111135959625,-0.09317459166049957,0.25160616636276245,-1.0874676704406738,0.009877055883407593,1.1958179473876953,0.12705589830875397,0.044178854674100876,1.1722662448883057,-0.681656539440155,-0.09317459166049957,0.25160616636276245,-1.0874676704406738,0.11390025168657303,0.7286168932914734,0.029303111135959625,0.044178854674100876,1.1722662448883057,-0.681656539440155,0.009877055883407593,1.1958179473876953,0.12705589830875397,-0.023293647915124893,0.8629015684127808,-1.7718669176101685,0.028475062921643257,0.9821542501449585,-1.4926742315292358,0.011044713668525219,1.0930665731430054,-1.6704140901565552,0.002469263970851898,1.098954439163208,-1.468235969543457,-0.10949546098709106,-3.549304962158203,0.3100455403327942,0.6594268679618835,3.876404047012329,9.573328971862793,2.2901318073272705,-0.2619956135749817,0.5165221691131592,0.2854883074760437,-1.4743443727493286,8.422904968261719,0.0,0.0,0.0,0.0,0.0,0.0,0.0,0.0,0.0,0.0,0.0,0.0
run-0cbf4a31137e48c79a1f61b4bb639a3e,922,,15828059198409,true,9.12874984741211,-0.09582705050706863,,,,0.08368472754955292,0,-0.9989723563194275,-0.05,-0.05,0.0,0.0,0.0,0.07848994433879852,-0.027168501168489456,,,,,,true,957265,true,true,false,,,,2.5849626064300537,2.5849626064300537,2.5849626064300537,2.5849626064300537,2.5849626064300537,2.5849626064300537,2.5849626064300537,2.5849626064300537,2.5849626064300537,2.5849626064300537,2.5849626064300537,-0.2700713574886322,0.5088469386100769,-0.36433741450309753,0.012928910553455353,-0.42009562253952026,-0.84611576795578,-0.1865212619304657,0.815503716468811,0.058077700436115265,0.1327439546585083,1.0918002128601074,-0.7250677943229675,0.012928910553455353,-0.42009562253952026,-0.84611576795578,-0.2700713574886322,0.5088469386100769,-0.36433741450309753,0.1327439546585083,1.0918002128601074,-0.7250677943229675,-0.1865212619304657,0.815503716468811,0.058077700436115265,0.003232227638363838,0.6949760913848877,-1.7115288972854614,-0.06751783937215805,0.9272117614746094,-1.591084361076355,0.033185988664627075,1.0729501247406006,-1.6812669038772583,-0.046630315482616425,1.003875970840454,-1.485480546951294,1.288273811340332,-5.682828903198242,2.9033658504486084,-2.0696730613708496,2.013075590133667,6.851377487182617,2.629762649536133,-1.069528579711914,0.6246777772903442,-0.9695447683334351,-4.0882248878479,7.444952964782715,0.0,0.0,0.0,0.0,0.0,0.0,0.0,0.0,0.0,0.0,0.0,0.0
run-0cbf4a31137e48c79a1f61b4bb639a3e,928,,15828119687064,true,9.133787155151367,-0.09948762506246567,,,,0.08516698330640793,0,-0.9989356994628906,-0.05,-0.05,0.0,0.0,0.0,0.07214972376823425,-0.07504121214151382,,,,,,true,933370,true,true,false,,,,2.5849626064300537,2.5849626064300537,2.5849626064300537,2.5849626064300537,2.5849626064300537,2.5849626064300537,2.5849626064300537,2.5849626064300537,2.5849626064300537,2.5849626064300537,2.5849626064300537,-0.12998944520950317,0.3851884603500366,-0.5521213412284851,0.07618997246026993,0.39748120307922363,0.052233628928661346,-0.13056285679340363,1.1349796056747437,-0.19722117483615875,0.03966095671057701,1.2782163619995117,-0.2790418565273285,0.07618997246026993,0.39748120307922363,0.052233628928661346,-0.12998944520950317,0.3851884603500366,-0.5521213412284851,0.03966095671057701,1.2782163619995117,-0.2790418565273285,-0.13056285679340363,1.1349796056747437,-0.19722117483615875,0.019047493115067482,0.8993703126907349,-1.4869415760040283,-0.03249736130237579,0.8962970972061157,-1.6380302906036377,0.009915239177644253,1.119554042816162,-1.5697604417800903,-0.032640714198350906,1.0837448835372925,-1.5493053197860718,2.164931058883667,1.408219337463379,9.947205543518066,-0.8173164129257202,0.8000534772872925,5.70285177230835,1.3070969581604004,-0.19987288117408752,4.509431838989258,-0.5526511669158936,-1.455124855041504,4.975887298583984,0.0,0.0,0.0,0.0,0.0,0.0,0.0,0.0,0.0,0.0,0.0,0.0
run-0cbf4a31137e48c79a1f61b4bb639a3e,932,,15828160933482,true,9.136787414550781,-0.10119935125112534,,,,0.08866192400455475,0,-0.9988908171653748,-0.05,-0.05,0.0,0.0,0.0,0.07494786381721497,-0.03005632385611534,,,,,,true,206208,true,true,false,,,,2.5849626064300537,2.5849626064300537,2.5849626064300537,2.5849626064300537,2.5849626064300537,2.5849626064300537,2.5849626064300537,2.5849626064300537,2.5849626064300537,2.5849626064300537,2.5849626064300537,-0.16863250732421875,0.24440626800060272,-0.7731083035469055,0.0899968221783638,0.3151000142097473,0.24176692962646484,-0.14777342975139618,1.134250521659851,-0.27690720558166504,0.011538337916135788,1.2367968559265137,-0.3205186128616333,0.0899968221783638,0.3151000142097473,0.24176692962646484,-0.16863250732421875,0.24440626800060272,-0.7731083035469055,0.011538337916135788,1.2367968559265137,-0.3205186128616333,-0.14777342975139618,1.134250521659851,-0.27690720558166504,0.02249920554459095,0.8787750005722046,-1.4395582675933838,-0.04215812683105469,0.8611015677452087,-1.69327712059021,0.002884584479033947,1.1091992855072021,-1.580129623413086,-0.036943357437849045,1.0835626125335693,-1.5692267417907715,1.7963680028915405,0.3817752003669739,10.907861709594727,-1.6046053171157837,-0.6370142698287964,3.8563873767852783,0.4211826026439667,-1.1325427293777466,4.176357269287109,-1.3986105918884277,-1.9378360509872437,4.361432075500488,0.0,0.0,0.0,0.0,0.0,0.0,0.0,0.0,0.0,0.0,0.0,0.0
run-0cbf4a31137e48c79a1f61b4bb639a3e,938,,15828220158695,true,9.140488624572754,-0.10063999146223068,,,,0.09612568467855453,0,-0.9988402128219604,-0.05,-0.05,0.0,0.0,0.0,0.04596594348549843,0.03354158252477646,,,,,,true,252356,true,true,false,,,,2.5849626064300537,2.5849626064300537,2.5849626064300537,2.5849626064300537,2.5849626064300537,2.5849626064300537,2.5849626064300537,2.5849626064300537,2.5849626064300537,2.5849626064300537,2.5849626064300537,-0.16205406188964844,0.2919383645057678,-0.6722491383552551,0.13041764497756958,0.35940587520599365,0.253856360912323,-0.1360434740781784,1.1418323516845703,-0.22590063512325287,-0.06497816741466522,1.2357118129730225,-0.4799947738647461,0.13041764497756958,0.35940587520599365,0.253856360912323,-0.16205406188964844,0.2919383645057678,-0.6722491383552551,-0.06497816741466522,1.2357118129730225,-0.4799947738647461,-0.1360434740781784,1.1418323516845703,-0.22590063512325287,0.032604411244392395,0.889851450920105,-1.4365359544754028,-0.04051351547241211,0.8729845881462097,-1.6680623292922974,-0.016244541853666306,1.1089279651641846,-1.6199986934661865,-0.0340108685195446,1.0854580402374268,-1.5564751625061035,2.1670455932617188,0.6149321794509888,10.154401779174805,-1.5135364532470703,-0.4451453685760498,4.3646721839904785,-0.43563133478164673,-1.3141289949417114,2.4464900493621826,-1.6425679922103882,-1.9574730396270752,4.388964653015137,0.0,0.0,0.0,0.0,0.0,0.0,0.0,0.0,0.0,0.0,0.0,0.0
run-0cbf4a31137e48c79a1f61b4bb639a3e,942,,15828259405351,true,9.1417818069458,-0.09860540181398392,,,,0.09993946552276611,0,-0.9988353848457336,-0.05,-0.05,0.0,0.0,0.0,0.02738981321454048,0.049893852323293686,,,,,,true,1044807,true,true,false,,,,2.5849626064300537,2.5849626064300537,2.5849626064300537,2.5849626064300537,2.5849626064300537,2.5849626064300537,2.5849626064300537,2.5849626064300537,2.5849626064300537,2.5849626064300537,2.5849626064300537,-0.17008978128433228,0.3783060908317566,-0.5154911875724792,0.12992683053016663,0.3410501778125763,0.1587386429309845,-0.13603484630584717,1.113540768623352,-0.12638920545578003,-0.11331701278686523,1.2172002792358398,-0.5439479351043701,0.12992683053016663,0.3410501778125763,0.1587386429309845,-0.17008978128433228,0.3783060908317566,-0.5154911875724792,-0.11331701278686523,1.2172002792358398,-0.5439479351043701,-0.13603484630584717,1.113540768623352,-0.12638920545578003,0.032481707632541656,0.8852625489234924,-1.4603153467178345,-0.04252244532108307,0.8945765495300293,-1.6288727521896362,-0.02832925319671631,1.1043000221252441,-1.6359870433807373,-0.03400871157646179,1.0783852338790894,-1.5315972566604614,2.3820176124572754,0.49281468987464905,8.867984771728516,-1.3641339540481567,0.12851902842521667,5.327950477600098,-0.7208148241043091,-1.526842474937439,1.6728193759918213,-1.5890978574752808,-2.3108699321746826,5.056808948516846,0.0,0.0,0.0,0.0,0.0,0.0,0.0,0.0,0.0,0.0,0.0,0.0
run-0cbf4a31137e48c79a1f61b4bb639a3e,948,,15828319690880,true,9.142736434936523,-0.0960133820772171,,,,0.10322174429893494,0,-0.9988572001457214,-0.05,-0.05,0.0,0.0,0.0,0.014332869090139866,0.028695713728666306,,,,,,true,1170447,true,true,false,,,,2.5849626064300537,2.5849626064300537,2.5849626064300537,2.5849626064300537,2.5849626064300537,2.5849626064300537,2.5849626064300537,2.5849626064300537,2.5849626064300537,2.5849626064300537,2.5849626064300537,-0.18895557522773743,0.4531272053718567,-0.3929402530193329,0.12027672678232193,0.32765141129493713,0.12730619311332703,-0.1293015033006668,1.0802510976791382,-0.05083559453487396,-0.1516874134540558,1.1933422088623047,-0.5950433015823364,0.12027672678232193,0.32765141129493713,0.12730619311332703,-0.18895557522773743,0.4531272053718567,-0.3929402530193329,-0.1516874134540558,1.1933422088623047,-0.5950433015823364,-0.1293015033006668,1.0802510976791382,-0.05083559453487396,0.030069181695580482,0.881912887096405,-1.4681735038757324,-0.04723889380693436,0.9132817983627319,-1.598235011100769,-0.03792185336351395,1.0983355045318604,-1.6487607955932617,-0.0323253758251667,1.0700627565383911,-1.5127089023590088,2.756856918334961,0.41380181908607483,8.208342552185059,-1.0649007558822632,0.6716242432594299,6.020029067993164,-0.6506246328353882,-1.7134796380996704,1.032644271850586,-1.206668496131897,-2.584315538406372,5.456453323364258,0.0,0.0,0.0,0.0,0.0,0.0,0.0,0.0,0.0,0.0,0.0,0.0
run-0cbf4a31137e48c79a1f61b4bb639a3e,952,,15828362145180,true,9.143065452575684,-0.09522876888513565,,,,0.10403094440698624,0,-0.9988676309585571,-0.05,-0.05,0.0,0.0,0.0,0.007391206920146942,0.011726299300789833,,,,,,true,642484,true,true,false,,,,2.5849626064300537,2.5849626064300537,2.5849626064300537,2.5849626064300537,2.5849626064300537,2.5849626064300537,2.5849626064300537,2.5849626064300537,2.5849626064300537,2.5849626064300537,2.5849626064300537,-0.20639029145240784,0.46498388051986694,-0.3773469030857086,0.11101770401000977,0.31799978017807007,0.15267649292945862,-0.12752936780452728,1.0653924942016602,-0.037945836782455444,-0.1617937982082367,1.1847846508026123,-0.6035584211349487,0.11101770401000977,0.31799978017807007,0.15267649292945862,-0.20639029145240784,0.46498388051986694,-0.3773469030857086,-0.1617937982082367,1.1847846508026123,-0.6035584211349487,-0.12752936780452728,1.0653924942016602,-0.037945836782455444,0.02775442600250244,0.8794999718666077,-1.4618308544158936,-0.05159757286310196,0.9162459969520569,-1.594336748123169,-0.040448449552059174,1.096196174621582,-1.6508896350860596,-0.03188234195113182,1.0663480758666992,-1.509486436843872,2.795402765274048,0.3468190133571625,8.29279613494873,-1.0889744758605957,0.75916987657547,6.063074111938477,-0.6323655843734741,-1.7802280187606812,0.9069837927818298,-1.105988621711731,-2.6961963176727295,5.496027946472168,0.0,0.0,0.0,0.0,0.0,0.0,0.0,0.0,0.0,0.0,0.0,0.0
run-0cbf4a31137e48c79a1f61b4bb639a3e,958,,15828418990859,true,9.143171310424805,-0.0950457900762558,,,,0.10430080443620682,0,-0.9988729357719421,-0.05,-0.05,0.0,0.0,0.0,-0.0005492360796779394,-0.0008425372070632875,,,,,,true,633502,true,true,false,,,,2.5849626064300537,2.5849626064300537,2.5849626064300537,2.5849626064300537,2.5849626064300537,2.5849626064300537,2.5849626064300537,2.5849626064300537,2.5849626064300537,2.5849626064300537,2.5849626064300537,-0.22270727157592773,0.4668523073196411,-0.38545462489128113,0.10145122557878494,0.31777796149253845,0.1943332850933075,-0.12592069804668427,1.062300682067871,-0.044359564781188965,-0.16159696877002716,1.1819827556610107,-0.596908450126648,0.10145122557878494,0.31777796149253845,0.1943332850933075,-0.22270727157592773,0.4668523073196411,-0.38545462489128113,-0.16159696877002716,1.1819827556610107,-0.596908450126648,-0.12592069804668427,1.062300682067871,-0.044359564781188965,0.025362806394696236,0.8794444799423218,-1.4514167308807373,-0.055676817893981934,0.9167131185531616,-1.5963636636734009,-0.04039924219250679,1.0954957008361816,-1.6492271423339844,-0.031480174511671066,1.065575122833252,-1.5110899209976196,2.7235774993896484,0.3549192547798157,8.581413269042969,-1.2109540700912476,0.7827253937721252,5.978302001953125,-0.6302992105484009,-1.8058948516845703,0.9587077498435974,-1.0934211015701294,-2.7131054401397705,5.434401988983154,0.0,0.0,0.0,0.0,0.0,0.0,0.0,0.0,0.0,0.0,0.0,0.0
run-0cbf4a31137e48c79a1f61b4bb639a3e,962,,15828459705066,true,9.14315128326416,-0.0950806587934494,,,,0.10433148592710495,0,-0.9988726377487183,-0.05,-0.05,0.0,0.0,0.0,-0.0006123292841948569,-0.0007843745988793671,,,,,,true,97869,true,true,false,,,,2.5849626064300537,2.5849626064300537,2.5849626064300537,2.5849626064300537,2.5849626064300537,2.5849626064300537,2.5849626064300537,2.5849626064300537,2.5849626064300537,2.5849626064300537,2.5849626064300537,-0.22413602471351624,0.46642571687698364,-0.39603403210639954,0.10334648936986923,0.32317668199539185,0.20401886105537415,-0.1280944049358368,1.0650761127471924,-0.05030813068151474,-0.1590585559606552,1.1809768676757812,-0.5948640704154968,0.10334648936986923,0.32317668199539185,0.20401886105537415,-0.22413602471351624,0.46642571687698364,-0.39603403210639954,-0.1590585559606552,1.1809768676757812,-0.5948640704154968,-0.1280944049358368,1.0650761127471924,-0.05030813068151474,0.025836622342467308,0.8807941675186157,-1.4489952325820923,-0.05603400617837906,0.9166064262390137,-1.599008560180664,-0.0397646389901638,1.0952441692352295,-1.6487159729003906,-0.0320236012339592,1.066269040107727,-1.5125770568847656,2.7439725399017334,0.40180402994155884,8.637939453125,-1.2153494358062744,0.7856225371360779,5.884824275970459,-0.6058850884437561,-1.815786361694336,0.9743605256080627,-1.1048613786697388,-2.6886401176452637,5.382449626922607,0.0,0.0,0.0,0.0,0.0,0.0,0.0,0.0,0.0,0.0,0.0,0.0
run-0cbf4a31137e48c79a1f61b4bb639a3e,966,,15828512343192,true,9.143128395080566,-0.09511356055736542,,,,0.104368656873703,0,-0.9988726377487183,-0.05,-0.05,0.0,0.0,0.0,-0.0005398921202868223,-0.0005611412925645709,,,,,,true,929903,true,true,false,,,,2.5849626064300537,2.5849626064300537,2.5849626064300537,2.5849626064300537,2.5849626064300537,2.5849626064300537,2.5849626064300537,2.5849626064300537,2.5849626064300537,2.5849626064300537,2.5849626064300537,-0.22410264611244202,0.4680425524711609,-0.40324920415878296,0.10739363729953766,0.3284023404121399,0.2057022750377655,-0.13081082701683044,1.0673331022262573,-0.05451112985610962,-0.156965970993042,1.1792452335357666,-0.595506489276886,0.10739363729953766,0.3284023404121399,0.2057022750377655,-0.22410264611244202,0.4680425524711609,-0.40324920415878296,-0.156965970993042,1.1792452335357666,-0.595506489276886,-0.13081082701683044,1.0673331022262573,-0.05451112985610962,0.026848409324884415,0.8821005821228027,-1.448574423789978,-0.056025661528110504,0.9170106649398804,-1.600812315940857,-0.0392414927482605,1.0948113203048706,-1.648876667022705,-0.03270270675420761,1.066833257675171,-1.5136277675628662,2.781512498855591,0.4471105635166168,8.6328706741333,-1.207824468612671,0.8044639825820923,5.813687324523926,-0.5841848254203796,-1.8312824964523315,0.9684900045394897,-1.119783639907837,-2.6686770915985107,5.3431243896484375,0.0,0.0,0.0,0.0,0.0,0.0,0.0,0.0,0.0,0.0,0.0,0.0
run-0cbf4a31137e48c79a1f61b4bb639a3e,974,,15828579526440,true,9.14310073852539,-0.09515033662319183,,,,0.10442628711462021,0,-0.9988731741905212,-0.05,-0.05,0.0,0.0,0.0,-0.0002532846119720489,-0.00036773737519979477,,,,,,true,211164,true,true,false,,,,2.5849626064300537,2.5849626064300537,2.5849626064300537,2.5849626064300537,2.5849626064300537,2.5849626064300537,2.5849626064300537,2.5849626064300537,2.5849626064300537,2.5849626064300537,2.5849626064300537,-0.22349485754966736,0.4770269989967346,-0.4081890881061554,0.11751506477594376,0.3383391499519348,0.1979614496231079,-0.13637645542621613,1.0704888105392456,-0.06002335995435715,-0.15420012176036835,1.1734161376953125,-0.6020573377609253,0.11751506477594376,0.3383391499519348,0.1979614496231079,-0.22349485754966736,0.4770269989967346,-0.4081890881061554,-0.15420012176036835,1.1734161376953125,-0.6020573377609253,-0.13637645542621613,1.0704888105392456,-0.06002335995435715,0.02937876619398594,0.8845847845077515,-1.4505096673965454,-0.05587371438741684,0.9192567467689514,-1.602047324180603,-0.03855003044009209,1.0933539867401123,-1.6505143642425537,-0.03409411385655403,1.067622184753418,-1.5150058269500732,2.867605447769165,0.5274698734283447,8.55375862121582,-1.1931860446929932,0.8800867795944214,5.753767013549805,-0.5552859306335449,-1.8794264793395996,0.9181705117225647,-1.1542218923568726,-2.6427135467529297,5.292720794677734,0.0,0.0,0.0,0.0,0.0,0.0,0.0,0.0,0.0,0.0,0.0,0.0
run-0cbf4a31137e48c79a1f61b4bb639a3e,978,,15828619450908,true,9.143095016479492,-0.09516505151987076,,,,0.1044527217745781,0,-0.9988735318183899,-0.05,-0.05,0.0,0.0,0.0,-9.55560099100694e-05,-0.00034591436269693077,,,,,,true,285042,true,true,false,,,,2.5849626064300537,2.5849626064300537,2.5849626064300537,2.5849626064300537,2.5849626064300537,2.5849626064300537,2.5849626064300537,2.5849626064300537,2.5849626064300537,2.5849626064300537,2.5849626064300537,-0.22303274273872375,0.483384907245636,-0.40786615014076233,0.1230955496430397,0.34317559003829956,0.19074106216430664,-0.1391924023628235,1.0715969800949097,-0.061901308596134186,-0.15320374071598053,1.1697425842285156,-0.6068370342254639,0.1230955496430397,0.34317559003829956,0.19074106216430664,-0.22303274273872375,0.483384907245636,-0.40786615014076233,-0.15320374071598053,1.1697425842285156,-0.6068370342254639,-0.1391924023628235,1.0715969800949097,-0.061901308596134186,0.030773887410759926,0.885793924331665,-1.4523147344589233,-0.05575818568468094,0.9208462238311768,-1.6019665002822876,-0.03830093517899513,1.092435598373413,-1.6517093181610107,-0.03479810059070587,1.067899227142334,-1.5154752731323242,2.9140937328338623,0.5643966794013977,8.493365287780762,-1.1852821111679077,0.9304201602935791,5.747425079345703,-0.5442076325416565,-1.9098552465438843,0.8827576637268066,-1.172190546989441,-2.634230136871338,5.275448322296143,0.0,0.0,0.0,0.0,0.0,0.0,0.0,0.0,0.0,0.0,0.0,0.0
run-0cbf4a31137e48c79a1f61b4bb639a3e,982,,15828671465732,true,9.143095970153809,-0.09518029540777206,,,,0.10447873175144196,0,-0.9988738298416138,-0.05,-0.05,0.0,0.0,0.0,4.567412179312669e-05,-0.0003512614930514246,,,,,,true,325352,true,true,false,,,,2.5849626064300537,2.5849626064300537,2.5849626064300537,2.5849626064300537,2.5849626064300537,2.5849626064300537,2.5849626064300537,2.5849626064300537,2.5849626064300537,2.5849626064300537,2.5849626064300537,-0.2224620282649994,0.4903818964958191,-0.4067261219024658,0.12890082597732544,0.34802311658859253,0.18222543597221375,-0.14204101264476776,1.0725622177124023,-0.06353358924388885,-0.15226618945598602,1.165818691253662,-0.6120757460594177,0.12890082597732544,0.34802311658859253,0.18222543597221375,-0.2224620282649994,0.4903818964958191,-0.4067261219024658,-0.15226618945598602,1.165818691253662,-0.6120757460594177,-0.14204101264476776,1.0725622177124023,-0.06353358924388885,0.03222520649433136,0.8870058059692383,-1.4544436931610107,-0.05561550706624985,0.9225955009460449,-1.6016814708709717,-0.038066547363996506,1.0914547443389893,-1.6530189514160156,-0.03551025316119194,1.0681405067443848,-1.515883445739746,2.962341785430908,0.600045919418335,8.425506591796875,-1.1765936613082886,0.9847483038902283,5.748375415802002,-0.5335484743118286,-1.9427762031555176,0.8446094989776611,-1.1904325485229492,-2.627243757247925,5.260377407073975,0.0,0.0,0.0,0.0,0.0,0.0,0.0,0.0,0.0,0.0,0.0,0.0
run-0cbf4a31137e48c79a1f61b4bb639a3e,988,,15828719082264,true,9.143106460571289,-0.09519997239112854,,,,0.10450644791126251,0,-0.998874306678772,-0.05,-0.05,0.0,0.0,0.0,0.0002801995724439621,-0.0003981766349170357,,,,,,true,1125202,true,true,false,,,,2.5849626064300537,2.5849626064300537,2.5849626064300537,2.5849626064300537,2.5849626064300537,2.5849626064300537,2.5849626064300537,2.5849626064300537,2.5849626064300537,2.5849626064300537,2.5849626064300537,-0.2215351164340973,0.5014885663986206,-0.40396636724472046,0.13779720664024353,0.35536226630210876,0.16834485530853271,-0.14632290601730347,1.0739613771438599,-0.0658206194639206,-0.15085330605506897,1.1596341133117676,-0.6202648878097534,0.13779720664024353,0.35536226630210876,0.16834485530853271,-0.2215351164340973,0.5014885663986206,-0.40396636724472046,-0.15085330605506897,1.1596341133117676,-0.6202648878097534,-0.14632290601730347,1.0739613771438599,-0.0658206194639206,0.03444930166006088,0.8888405561447144,-1.4579137563705444,-0.05538377910852432,0.9253721237182617,-1.6009916067123413,-0.03771332651376724,1.0899085998535156,-1.6550662517547607,-0.03658072650432587,1.0684903860092163,-1.5164551734924316,3.034400224685669,0.6516430377960205,8.321534156799316,-1.1648403406143188,1.068487286567688,5.763095378875732,-0.5188551545143127,-1.994262456893921,0.7859522104263306,-1.2191026210784912,-2.6178581714630127,5.240866184234619,0.0,0.0,0.0,0.0,0.0,0.0,0.0,0.0,0.0,0.0,0.0,0.0
run-0cbf4a31137e48c79a1f61b4bb639a3e,994,,15828778837896,true,9.143133163452148,-0.09522349387407303,,,,0.10452687740325928,0,-0.998874843120575,-0.05,-0.05,0.0,0.0,0.0,0.0005114648374728858,-0.0004774796834681183,,,,,,true,5177,true,true,false,,,,2.5849626064300537,2.5849626064300537,2.5849626064300537,2.5849626064300537,2.5849626064300537,2.5849626064300537,2.5849626064300537,2.5849626064300537,2.5849626064300537,2.5849626064300537,2.5849626064300537,-0.2205198109149933,0.5129643678665161,-0.40066006779670715,0.14672720432281494,0.3628721237182617,0.15393787622451782,-0.15047764778137207,1.0753371715545654,-0.06823227554559708,-0.14938205480575562,1.1532435417175293,-0.6285462379455566,0.14672720432281494,0.3628721237182617,0.15393787622451782,-0.2205198109149933,0.5129643678665161,-0.40066006779670715,-0.14938205480575562,1.1532435417175293,-0.6285462379455566,-0.15047764778137207,1.0753371715545654,-0.06823227554559708,0.036681801080703735,0.8907180428504944,-1.4615155458450317,-0.05512995272874832,0.9282411336898804,-1.6001650094985962,-0.037345513701438904,1.088310956954956,-1.6571365594863892,-0.03761941194534302,1.0688343048095703,-1.51705801486969,3.1061618328094482,0.7013838291168213,8.219780921936035,-1.1531662940979004,1.1525472402572632,5.786417007446289,-0.5041140913963318,-2.048250913619995,0.7282958030700684,-1.2472577095031738,-2.6096134185791016,5.22176456451416,0.0,0.0,0.0,0.0,0.0,0.0,0.0,0.0,0.0,0.0,0.0,0.0
run-0cbf4a31137e48c79a1f61b4bb639a3e,998,,15828819588625,true,9.143157958984375,-0.09524134546518326,,,,0.10453727841377258,0,-0.9988751411437988,-0.05,-0.05,0.0,0.0,0.0,0.0006608595140278339,-0.0005392840830609202,,,,,,true,1151514,true,true,false,,,,2.5849626064300537,2.5849626064300537,2.5849626064300537,2.5849626064300537,2.5849626064300537,2.5849626064300537,2.5849626064300537,2.5849626064300537,2.5849626064300537,2.5849626064300537,2.5849626064300537,-0.219811350107193,0.5205694437026978,-0.39850157499313354,0.1526760756969452,0.367986261844635,0.14437100291252136,-0.1531667709350586,1.0763342380523682,-0.0700720027089119,-0.1482883244752884,1.1489789485931396,-0.6339161396026611,0.1526760756969452,0.367986261844635,0.14437100291252136,-0.219811350107193,0.5205694437026978,-0.39850157499313354,-0.1482883244752884,1.1489789485931396,-0.6339161396026611,-0.1531667709350586,1.0763342380523682,-0.0700720027089119,0.0381690189242363,0.8919965624809265,-1.463907241821289,-0.05495283752679825,0.9301424026489258,-1.5996253490447998,-0.0370720811188221,1.0872447490692139,-1.6584789752960205,-0.03829169273376465,1.069083571434021,-1.5175180435180664,3.153801918029785,0.7332983613014221,8.155933380126953,-1.1454490423202515,1.2066775560379028,5.804245471954346,-0.49353668093681335,-2.085029125213623,0.6920802593231201,-1.2656053304672241,-2.60410737991333,5.207912445068359,0.0,0.0,0.0,0.0,0.0,0.0,0.0,0.0,0.0,0.0,0.0,0.0
run-0cbf4a31137e48c79a1f61b4bb639a3e,1004,,15828885332589,true,9.143208503723145,-0.09527148306369781,,,,0.10454631596803665,0,-0.998875617980957,-0.05,-0.05,0.0,0.0,0.0,0.000889402930624783,-0.0006329617463052273,,,,,,true,264098,true,true,false,,,,2.5849626064300537,2.5849626064300537,2.5849626064300537,2.5849626064300537,2.5849626064300537,2.5849626064300537,2.5849626064300537,2.5849626064300537,2.5849626064300537,2.5849626064300537,2.5849626064300537,-0.21876350045204163,0.5318441390991211,-0.3954155743122101,0.16151979565620422,0.37575823068618774,0.13021054863929749,-0.15711313486099243,1.077924132347107,-0.0731026753783226,-0.14646315574645996,1.1426048278808594,-0.6416189670562744,0.16151979565620422,0.37575823068618774,0.13021054863929749,-0.21876350045204163,0.5318441390991211,-0.3954155743122101,-0.14646315574645996,1.1426048278808594,-0.6416189670562744,-0.15711313486099243,1.077924132347107,-0.0731026753783226,0.040379948914051056,0.8939395546913147,-1.4674474000930786,-0.054690875113010406,0.9329610466957092,-1.5988539457321167,-0.03661578893661499,1.085651159286499,-1.6604046821594238,-0.03927828371524811,1.0694810152053833,-1.5182756185531616,3.2238101959228516,0.7800328731536865,8.065508842468262,-1.1349196434020996,1.2850300073623657,5.833347320556641,-0.4768882989883423,-2.140279531478882,0.6411851644515991,-1.2931125164031982,-2.595715045928955,5.185994625091553,0.0,0.0,0.0,0.0,0.0,0.0,0.0,0.0,0.0,0.0,0.0,0.0
run-0cbf4a31137e48c79a1f61b4bb639a3e,1010,,15828939667127,true,9.143272399902344,-0.09530579298734665,,,,0.10454967617988586,0,-0.9988760948181152,-0.05,-0.05,0.0,0.0,0.0,0.0011470186291262507,-0.0007328207138925791,,,,,,true,964008,true,true,false,,,,2.5849626064300537,2.5849626064300537,2.5849626064300537,2.5849626064300537,2.5849626064300537,2.5849626064300537,2.5849626064300537,2.5849626064300537,2.5849626064300537,2.5849626064300537,2.5849626064300537,-0.21778222918510437,0.542935848236084,-0.39243605732917786,0.17027047276496887,0.38359910249710083,0.11641239374876022,-0.16092321276664734,1.0795888900756836,-0.07648655772209167,-0.14447222650051117,1.1362218856811523,-0.648932695388794,0.17027047276496887,0.38359910249710083,0.11641239374876022,-0.21778222918510437,0.542935848236084,-0.39243605732917786,-0.14447222650051117,1.1362218856811523,-0.648932695388794,-0.16092321276664734,1.0795888900756836,-0.07648655772209167,0.04256761819124222,0.895899772644043,-1.4708969593048096,-0.05444555729627609,0.93573397397995,-1.5981090068817139,-0.03611805662512779,1.0840554237365723,-1.6622331142425537,-0.040230803191661835,1.069897174835205,-1.5191216468811035,3.2924702167510986,0.8243380188941956,7.982964992523193,-1.1256850957870483,1.3595435619354248,5.865641117095947,-0.45943617820739746,-2.1964406967163086,0.5944188833236694,-1.3201581239700317,-2.587684154510498,5.162293910980225,0.0,0.0,0.0,0.0,0.0,0.0,0.0,0.0,0.0,0.0,0.0,0.0
run-0cbf4a31137e48c79a1f61b4bb639a3e,1014,,15828979094349,true,9.143325805664062,-0.09533124417066574,,,,0.10454826056957245,0,-0.9988764524459839,-0.05,-0.05,0.0,0.0,0.0,0.0013499369379132986,-0.0008030086173675954,,,,,,true,857980,true,true,false,,,,2.5849626064300537,2.5849626064300537,2.5849626064300537,2.5849626064300537,2.5849626064300537,2.5849626064300537,2.5849626064300537,2.5849626064300537,2.5849626064300537,2.5849626064300537,2.5849626064300537,-0.2172216773033142,0.5500980019569397,-0.3905297517776489,0.17597967386245728,0.38889771699905396,0.10779248923063278,-0.16326561570167542,1.0807795524597168,-0.07912244647741318,-0.1430688202381134,1.131990909576416,-0.6536215543746948,0.17597967386245728,0.38889771699905396,0.10779248923063278,-0.2172216773033142,0.5500980019569397,-0.3905297517776489,-0.1430688202381134,1.131990909576416,-0.6536215543746948,-0.16326561570167542,1.0807795524597168,-0.07912244647741318,0.04399491846561432,0.8972244262695312,-1.473051905632019,-0.05430541932582855,0.9375244975090027,-1.5976324081420898,-0.03576720505952835,1.0829977989196777,-1.663405418395996,-0.040816403925418854,1.070194959640503,-1.5197806358337402,3.336850166320801,0.8523080348968506,7.935940742492676,-1.120792269706726,1.4057259559631348,5.889368057250977,-0.4475223124027252,-2.2343180179595947,0.5655413269996643,-1.3370985984802246,-2.58247709274292,5.144388675689697,0.0,0.0,0.0,0.0,0.0,0.0,0.0,0.0,0.0,0.0,0.0,0.0
run-0cbf4a31137e48c79a1f61b4bb639a3e,1020,,15829038759678,true,9.143421173095703,-0.09537214785814285,,,,0.10454034805297852,0,-0.9988770484924316,-0.05,-0.05,0.0,0.0,0.0,0.0016890907427296042,-0.0008836383349262178,,,,,,true,315110,true,true,false,,,,2.5849626064300537,2.5849626064300537,2.5849626064300537,2.5849626064300537,2.5849626064300537,2.5849626064300537,2.5849626064300537,2.5849626064300537,2.5849626064300537,2.5849626064300537,2.5849626064300537,-0.2164771556854248,0.5606510043144226,-0.38776126503944397,0.1844380497932434,0.3968757092952728,0.09528123587369919,-0.16664472222328186,1.0826348066329956,-0.08342616260051727,-0.1408286690711975,1.1256327629089355,-0.6603697538375854,0.1844380497932434,0.3968757092952728,0.09528123587369919,-0.2164771556854248,0.5606510043144226,-0.38776126503944397,-0.1408286690711975,1.1256327629089355,-0.6603697538375854,-0.16664472222328186,1.0826348066329956,-0.08342616260051727,0.04610951244831085,0.8992189168930054,-1.4761797189712524,-0.0541192889213562,0.9401627779006958,-1.596940279006958,-0.03520716726779938,1.0814082622528076,-1.6650924682617188,-0.041661180555820465,1.0706586837768555,-1.520856499671936,3.4019477367401123,0.891567051410675,7.873088836669922,-1.1149749755859375,1.4704759120941162,5.928798675537109,-0.42900508642196655,-2.2922465801239014,0.5255171060562134,-1.362044095993042,-2.5754776000976562,5.115883827209473,0.0,0.0,0.0,0.0,0.0,0.0,0.0,0.0,0.0,0.0,0.0,0.0
run-0cbf4a31137e48c79a1f61b4bb639a3e,1024,,15829078698592,true,9.14349365234375,-0.09539958834648132,,,,0.10453110933303833,0,-0.9988775253295898,-0.05,-0.05,0.0,0.0,0.0,0.001975869294255972,-0.0009587880922481418,,,,,,true,882934,true,true,false,,,,2.5849626064300537,2.5849626064300537,2.5849626064300537,2.5849626064300537,2.5849626064300537,2.5849626064300537,2.5849626064300537,2.5849626064300537,2.5849626064300537,2.5849626064300537,2.5849626064300537,-0.21609017252922058,0.567509651184082,-0.3858660161495209,0.18996679782867432,0.4021989405155182,0.08751150220632553,-0.16873326897621155,1.0839593410491943,-0.08662212640047073,-0.1392941176891327,1.1213743686676025,-0.664696991443634,0.18996679782867432,0.4021989405155182,0.08751150220632553,-0.21609017252922058,0.567509651184082,-0.3858660161495209,-0.1392941176891327,1.1213743686676025,-0.664696991443634,-0.16873326897621155,1.0839593410491943,-0.08662212640047073,0.04749169945716858,0.9005497694015503,-1.4781221151351929,-0.054022543132305145,0.9418774247169495,-1.5964665412902832,-0.03482352942228317,1.0803436040878296,-1.666174292564392,-0.04218331724405289,1.0709898471832275,-1.521655559539795,3.4441282749176025,0.9152407050132751,7.839608192443848,-1.1124248504638672,1.5100815296173096,5.958805084228516,-0.4165330231189728,-2.3317298889160156,0.5010370016098022,-1.3777976036071777,-2.5709750652313232,5.095013618469238,0.0,0.0,0.0,0.0,0.0,0.0,0.0,0.0,0.0,0.0,0.0,0.0
run-0cbf4a31137e48c79a1f61b4bb639a3e,1030,,15829138776952,true,9.14364242553711,-0.09544996917247772,,,,0.10451212525367737,0,-0.9988784790039062,-0.05,-0.05,0.0,0.0,0.0,0.0025956640020012856,-0.0011493583442643285,,,,,,true,282742,true,true,false,,,,2.5849626064300537,2.5849626064300537,2.5849626064300537,2.5849626064300537,2.5849626064300537,2.5849626064300537,2.5849626064300537,2.5849626064300537,2.5849626064300537,2.5849626064300537,2.5849626064300537,-0.21572446823120117,0.5773401856422424,-0.3833341896533966,0.19807353615760803,0.41019386053085327,0.07699169963598251,-0.17151591181755066,1.0861120223999023,-0.0922183245420456,-0.13688182830810547,1.1149808168411255,-0.6709734201431274,0.19807353615760803,0.41019386053085327,0.07699169963598251,-0.21572446823120117,0.5773401856422424,-0.3833341896533966,-0.13688182830810547,1.1149808168411255,-0.6709734201431274,-0.17151591181755066,1.0861120223999023,-0.0922183245420456,0.04951838403940201,0.9025484919548035,-1.4807521104812622,-0.05393111705780029,0.9443350434303284,-1.5958335399627686,-0.03422045707702637,1.0787452459335327,-1.6677433252334595,-0.042878977954387665,1.0715279579162598,-1.523054599761963,3.505512237548828,0.9459069967269897,7.80486536026001,-1.1108975410461426,1.5616778135299683,6.007147789001465,-0.397111177444458,-2.3926708698272705,0.4674553871154785,-1.399402141571045,-2.564242362976074,5.0575995445251465,0.0,0.0,0.0,0.0,0.0,0.0,0.0,0.0,0.0,0.0,0.0,0.0
run-0cbf4a31137e48c79a1f61b4bb639a3e,1034,,15829178644599,true,9.143760681152344,-0.09548578411340714,,,,0.10449590533971786,0,-0.9988793134689331,-0.05,-0.05,0.0,0.0,0.0,0.0031225441489368677,-0.0012452156515792012,,,,,,true,705061,true,true,false,,,,2.5849626064300537,2.5849626064300537,2.5849626064300537,2.5849626064300537,2.5849626064300537,2.5849626064300537,2.5849626064300537,2.5849626064300537,2.5849626064300537,2.5849626064300537,2.5849626064300537,-0.21562492847442627,0.5835049152374268,-0.3816109001636505,0.20335310697555542,0.4155387580394745,0.07100316137075424,-0.1731358766555786,1.0876964330673218,-0.0964358001947403,-0.13527564704418182,1.1107332706451416,-0.6750050187110901,0.20335310697555542,0.4155387580394745,0.07100316137075424,-0.21562492847442627,0.5835049152374268,-0.3816109001636505,-0.13527564704418182,1.1107332706451416,-0.6750050187110901,-0.1731358766555786,1.0876964330673218,-0.0964358001947403,0.050838276743888855,0.9038847088813782,-1.4822492599487305,-0.05390623211860657,0.9458762407302856,-1.595402717590332,-0.033818911761045456,1.0776833295822144,-1.6687512397766113,-0.04328396916389465,1.071924090385437,-1.5241090059280396,3.5450820922851562,0.9629833102226257,7.794620990753174,-1.1115185022354126,1.5895448923110962,6.044884204864502,-0.3842625916004181,-2.4337966442108154,0.4468653202056885,-1.4125189781188965,-2.559481143951416,5.0291056632995605,0.0,0.0,0.0,0.0,0.0,0.0,0.0,0.0,0.0,0.0,0.0,0.0
run-0cbf4a31137e48c79a1f61b4bb639a3e,1040,,15829238796764,true,9.143970489501953,-0.09553879499435425,,,,0.10446636378765106,0,-0.9988803863525391,-0.05,-0.05,0.0,0.0,0.0,0.0038295076228678226,-0.0013152165338397026,,,,,,true,954652,true,true,false,,,,2.5849626064300537,2.5849626064300537,2.5849626064300537,2.5849626064300537,2.5849626064300537,2.5849626064300537,2.5849626064300537,2.5849626064300537,2.5849626064300537,2.5849626064300537,2.5849626064300537,-0.21565261483192444,0.5926559567451477,-0.3791060149669647,0.21106338500976562,0.4235904812812805,0.06246345490217209,-0.1753096580505371,1.0899934768676758,-0.10320929437875748,-0.1328090876340866,1.1042765378952026,-0.681082010269165,0.21106338500976562,0.4235904812812805,0.06246345490217209,-0.21565261483192444,0.5926559567451477,-0.3791060149669647,-0.1328090876340866,1.1042765378952026,-0.681082010269165,-0.1753096580505371,1.0899934768676758,-0.10320929437875748,0.052765846252441406,0.9058976173400879,-1.4843841791152954,-0.05391315370798111,0.9481639862060547,-1.5947765111923218,-0.03320227190852165,1.0760691165924072,-1.6702704429626465,-0.04382741451263428,1.0724983215332031,-1.5258023738861084,3.6021904945373535,0.9845340251922607,7.788008213043213,-1.114579677581787,1.6257240772247314,6.107027053833008,-0.36470016837120056,-2.497373104095459,0.41660207509994507,-1.4309498071670532,-2.555377244949341,4.984246730804443,0.0,0.0,0.0,0.0,0.0,0.0,0.0,0.0,0.0,0.0,0.0,0.0
run-0cbf4a31137e48c79a1f61b4bb639a3e,1044,,15829278608931,true,9.144135475158691,-0.09557466953992844,,,,0.10444039851427078,0,-0.998880922794342,-0.05,-0.05,0.0,0.0,0.0,0.00419588154181838,-0.0013326253974810243,,,,,,true,968328,true,true,false,,,,2.5849626064300537,2.5849626064300537,2.5849626064300537,2.5849626064300537,2.5849626064300537,2.5849626064300537,2.5849626064300537,2.5849626064300537,2.5849626064300537,2.5849626064300537,2.5849626064300537,-0.21571466326713562,0.5988362431526184,-0.37751609086990356,0.2161557972431183,0.42902079224586487,0.05666621774435043,-0.17671549320220947,1.0915759801864624,-0.10800939053297043,-0.1310097724199295,1.0999069213867188,-0.6849654912948608,0.2161557972431183,0.42902079224586487,0.05666621774435043,-0.21571466326713562,0.5988362431526184,-0.37751609086990356,-0.1310097724199295,1.0999069213867188,-0.6849654912948608,-0.17671549320220947,1.0915759801864624,-0.10800939053297043,0.05403894931077957,0.907255232334137,-1.4858334064483643,-0.053928665816783905,0.9497090578079224,-1.5943790674209595,-0.032752443104982376,1.0749766826629639,-1.6712414026260376,-0.04417887330055237,1.0728939771652222,-1.5270023345947266,3.6393139362335205,0.9940202236175537,7.789752960205078,-1.117757797241211,1.645283818244934,6.153990745544434,-0.3505445718765259,-2.542494058609009,0.3996538817882538,-1.4435255527496338,-2.555182933807373,4.953775405883789,0.0,0.0,0.0,0.0,0.0,0.0,0.0,0.0,0.0,0.0,0.0,0.0
run-0cbf4a31137e48c79a1f61b4bb639a3e,1050,,15829338764084,true,9.14439868927002,-0.09562720358371735,,,,0.1043989285826683,0,-0.9988811612129211,-0.05,-0.05,0.0,0.0,0.0,0.004318807739764452,-0.0013306180480867624,,,,,,true,1099147,true,true,false,,,,2.5849626064300537,2.5849626064300537,2.5849626064300537,2.5849626064300537,2.5849626064300537,2.5849626064300537,2.5849626064300537,2.5849626064300537,2.5849626064300537,2.5849626064300537,2.5849626064300537,-0.21556922793388367,0.6088164448738098,-0.37557879090309143,0.22380977869033813,0.43745318055152893,0.04652305692434311,-0.1793087124824524,1.093920350074768,-0.11472033709287643,-0.12795045971870422,1.0934257507324219,-0.6901149749755859,0.22380977869033813,0.43745318055152893,0.04652305692434311,-0.21556922793388367,0.6088164448738098,-0.37557879090309143,-0.12795045971870422,1.0934257507324219,-0.6901149749755859,-0.1793087124824524,1.093920350074768,-0.11472033709287643,0.055952444672584534,0.909363329410553,-1.4883692264556885,-0.05389230698347092,0.9522041082382202,-1.5938947200775146,-0.031987614929676056,1.0733563899993896,-1.6725287437438965,-0.0448271781206131,1.0734801292419434,-1.5286800861358643,3.6945154666900635,1.013465166091919,7.776491165161133,-1.1211469173431396,1.6822025775909424,6.217448711395264,-0.3268562853336334,-2.608242988586426,0.3781239092350006,-1.46623957157135,-2.5546488761901855,4.911526679992676,0.0,0.0,0.0,0.0,0.0,0.0,0.0,0.0,0.0,0.0,0.0,0.0
run-0cbf4a31137e48c79a1f61b4bb639a3e,1054,,15829379455119,true,9.144587516784668,-0.09566402435302734,,,,0.10436362028121948,0,-0.9988813400268555,-0.05,-0.05,0.0,0.0,0.0,0.00441753538325429,-0.0013513691956177354,,,,,,true,1057807,true,true,false,,,,2.5849626064300537,2.5849626064300537,2.5849626064300537,2.5849626064300537,2.5849626064300537,2.5849626064300537,2.5849626064300537,2.5849626064300537,2.5849626064300537,2.5849626064300537,2.5849626064300537,-0.2155762016773224,0.6154248118400574,-0.37422600388526917,0.22881093621253967,0.44307875633239746,0.04019661992788315,-0.1809752881526947,1.0955108404159546,-0.11939019709825516,-0.125871941447258,1.0890321731567383,-0.6932135820388794,0.22881093621253967,0.44307875633239746,0.04019661992788315,-0.2155762016773224,0.6154248118400574,-0.37422600388526917,-0.125871941447258,1.0890321731567383,-0.6932135820388794,-0.1809752881526947,1.0955108404159546,-0.11939019709825516,0.05720273405313492,0.9107697010040283,-1.4899508953094482,-0.0538940504193306,0.9538562297821045,-1.593556523323059,-0.0314679853618145,1.0722579956054688,-1.6733033657073975,-0.045243822038173676,1.0738776922225952,-1.529847502708435,3.7298507690429688,1.0230852365493774,7.775529861450195,-1.1250581741333008,1.7033674716949463,6.263822078704834,-0.31081196665763855,-2.653566360473633,0.36745214462280273,-1.4814399480819702,-2.5556535720825195,4.88253116607666,0.0,0.0,0.0,0.0,0.0,0.0,0.0,0.0,0.0,0.0,0.0,0.0
run-0cbf4a31137e48c79a1f61b4bb639a3e,1058,,15829427270353,true,9.144770622253418,-0.09569934755563736,,,,0.10432562232017517,0,-0.998881459236145,-0.05,-0.05,0.0,0.0,0.0,0.0045080166310071945,-0.0013643924612551928,,,,,,true,909949,true,true,false,,,,2.5849626064300537,2.5849626064300537,2.5849626064300537,2.5849626064300537,2.5849626064300537,2.5849626064300537,2.5849626064300537,2.5849626064300537,2.5849626064300537,2.5849626064300537,2.5849626064300537,-0.21556222438812256,0.6220418214797974,-0.3729143440723419,0.23381024599075317,0.44864195585250854,0.03373434394598007,-0.18278351426124573,1.096997618675232,-0.12389453500509262,-0.12371401488780975,1.0846428871154785,-0.6960195302963257,0.23381024599075317,0.44864195585250854,0.03373434394598007,-0.21556222438812256,0.6220418214797974,-0.3729143440723419,-0.12371401488780975,1.0846428871154785,-0.6960195302963257,-0.18278351426124573,1.096997618675232,-0.12389453500509262,0.05845256149768829,0.9121605157852173,-1.4915664196014404,-0.05389055609703064,0.9555104970932007,-1.5932285785675049,-0.03092850372195244,1.0711607933044434,-1.6740049123764038,-0.04569587856531143,1.0742493867874146,-1.5309736728668213,3.764749526977539,1.0332961082458496,7.7717742919921875,-1.1291757822036743,1.7254310846328735,6.308337688446045,-0.29425880312919617,-2.6981499195098877,0.3585168719291687,-1.4978715181350708,-2.5574967861175537,4.854881763458252,0.0,0.0,0.0,0.0,0.0,0.0,0.0,0.0,0.0,0.0,0.0,0.0
run-0cbf4a31137e48c79a1f61b4bb639a3e,1064,,15829480032573,true,9.145040512084961,-0.09575282782316208,,,,0.10426171123981476,0,-0.9988813996315002,-0.05,-0.05,0.0,0.0,0.0,0.004421578720211983,-0.001360297785140574,,,,,,true,700769,true,true,false,,,,2.5849626064300537,2.5849626064300537,2.5849626064300537,2.5849626064300537,2.5849626064300537,2.5849626064300537,2.5849626064300537,2.5849626064300537,2.5849626064300537,2.5849626064300537,2.5849626064300537,-0.21543005108833313,0.6323535442352295,-0.3711871802806854,0.24125152826309204,0.45714735984802246,0.023388080298900604,-0.18583297729492188,1.0991877317428589,-0.13037525117397308,-0.1202419102191925,1.0780789852142334,-0.6995328068733215,0.24125152826309204,0.45714735984802246,0.023388080298900604,-0.21543005108833313,0.6323535442352295,-0.3711871802806854,-0.1202419102191925,1.0780789852142334,-0.6995328068733215,-0.18583297729492188,1.0991877317428589,-0.13037525117397308,0.06031288206577301,0.9142868518829346,-1.4941530227661133,-0.05385751277208328,0.9580883979797363,-1.592796802520752,-0.030060477554798126,1.0695197582244873,-1.674883246421814,-0.04645824432373047,1.0747969150543213,-1.532593846321106,3.815941095352173,1.0517230033874512,7.758574962615967,-1.1351717710494995,1.7630245685577393,6.370842456817627,-0.26774394512176514,-2.7632839679718018,0.3495185375213623,-1.525315284729004,-2.5596842765808105,4.814675807952881,0.0,0.0,0.0,0.0,0.0,0.0,0.0,0.0,0.0,0.0,0.0,0.0
run-0cbf4a31137e48c79a1f61b4bb639a3e,1068,,15829526999347,true,9.14521598815918,-0.09578671306371689,,,,0.1042150929570198,0,-0.9988816380500793,-0.05,-0.05,0.0,0.0,0.0,0.004579196684062481,-0.0013789557851850986,,,,,,true,57441,true,true,false,,,,2.5849626064300537,2.5849626064300537,2.5849626064300537,2.5849626064300537,2.5849626064300537,2.5849626064300537,2.5849626064300537,2.5849626064300537,2.5849626064300537,2.5849626064300537,2.5849626064300537,-0.2156555950641632,0.6389824748039246,-0.3695260286331177,0.2460251748561859,0.46259233355522156,0.017529956996440887,-0.1876339614391327,1.1005007028579712,-0.13480661809444427,-0.11816553771495819,1.0735620260238647,-0.7020135521888733,0.2460251748561859,0.46259233355522156,0.017529956996440887,-0.2156555950641632,0.6389824748039246,-0.3695260286331177,-0.11816553771495819,1.0735620260238647,-0.7020135521888733,-0.1876339614391327,1.1005007028579712,-0.13480661809444427,0.06150629371404648,0.9156481027603149,-1.4956175088882446,-0.0539138987660408,0.9597456455230713,-1.592381477355957,-0.029541384428739548,1.0683904886245728,-1.6755033731460571,-0.04690849035978317,1.0751252174377441,-1.5337016582489014,3.8482444286346436,1.0626652240753174,7.7571797370910645,-1.1419239044189453,1.7863284349441528,6.416164875030518,-0.2518133223056793,-2.806736707687378,0.3419385552406311,-1.5420267581939697,-2.562030076980591,4.786765098571777,0.0,0.0,0.0,0.0,0.0,0.0,0.0,0.0,0.0,0.0,0.0,0.0
run-0cbf4a31137e48c79a1f61b4bb639a3e,1074,,15829579278348,true,9.145495414733887,-0.09584259241819382,,,,0.10413214564323425,0,-0.9988812208175659,-0.05,-0.05,0.0,0.0,0.0,0.004257892724126577,-0.001351204002276063,,,,,,true,597336,true,true,false,,,,2.5849626064300537,2.5849626064300537,2.5849626064300537,2.5849626064300537,2.5849626064300537,2.5849626064300537,2.5849626064300537,2.5849626064300537,2.5849626064300537,2.5849626064300537,2.5849626064300537,-0.21558842062950134,0.6495435833930969,-0.3682383596897125,0.2530399262905121,0.4712948799133301,0.007178299129009247,-0.19086259603500366,1.1026750802993774,-0.14146855473518372,-0.11433190107345581,1.0670037269592285,-0.7045831084251404,0.2530399262905121,0.4712948799133301,0.007178299129009247,-0.21558842062950134,0.6495435833930969,-0.3682383596897125,-0.11433190107345581,1.0670037269592285,-0.7045831084251404,-0.19086259603500366,1.1026750802993774,-0.14146855473518372,0.06325998157262802,0.9178237318992615,-1.4982054233551025,-0.053897105157375336,0.962385892868042,-1.59205961227417,-0.028582975268363953,1.0667510032653809,-1.6761457920074463,-0.047715649008750916,1.0756688117980957,-1.5353671312332153,3.894519567489624,1.0827789306640625,7.743738174438477,-1.150154709815979,1.825599193572998,6.47481107711792,-0.222420334815979,-2.8692102432250977,0.33940714597702026,-1.5716009140014648,-2.563992738723755,4.74416446685791,0.0,0.0,0.0,0.0,0.0,0.0,0.0,0.0,0.0,0.0,0.0,0.0
run-0cbf4a31137e48c79a1f61b4bb639a3e,1080,,15829647921100,true,9.145759582519531,-0.09589403122663498,,,,0.10404020547866821,0,-0.9988816380500793,-0.05,-0.05,0.0,0.0,0.0,0.004542965441942215,-0.0013649928150698543,,,,,,true,33862,true,true,false,,,,2.5849626064300537,2.5849626064300537,2.5849626064300537,2.5849626064300537,2.5849626064300537,2.5849626064300537,2.5849626064300537,2.5849626064300537,2.5849626064300537,2.5849626064300537,2.5849626064300537,-0.21611836552619934,0.6594529747962952,-0.3657037913799286,0.25983506441116333,0.479299396276474,-0.0009901002049446106,-0.19382265210151672,1.1044315099716187,-0.1480148285627365,-0.11109001934528351,1.0601184368133545,-0.707252025604248,0.25983506441116333,0.479299396276474,-0.0009901002049446106,-0.21611836552619934,0.6594529747962952,-0.3657037913799286,-0.11109001934528351,1.0601184368133545,-0.707252025604248,-0.19382265210151672,1.1044315099716187,-0.1480148285627365,0.06495876610279083,0.9198248386383057,-1.5002474784851074,-0.054029591381549835,0.9648632407188416,-1.591425895690918,-0.027772504836320877,1.0650296211242676,-1.676813006401062,-0.04845566302537918,1.0761078596115112,-1.537003755569458,3.938258171081543,1.0968984365463257,7.74785041809082,-1.1637881994247437,1.8588842153549194,6.543923854827881,-0.1973818838596344,-2.9326250553131104,0.3354203701019287,-1.599503755569458,-2.56953763961792,4.702462673187256,0.0,0.0,0.0,0.0,0.0,0.0,0.0,0.0,0.0,0.0,0.0,0.0
run-0cbf4a31137e48c79a1f61b4bb639a3e,1086,,15829699510940,true,9.146036148071289,-0.09594697505235672,,,,0.10394144803285599,0,-0.9988816976547241,-0.05,-0.05,0.0,0.0,0.0,0.004566388204693794,-0.001352857449091971,,,,,,true,1176297,true,true,false,,,,2.5849626064300537,2.5849626064300537,2.5849626064300537,2.5849626064300537,2.5849626064300537,2.5849626064300537,2.5849626064300537,2.5849626064300537,2.5849626064300537,2.5849626064300537,2.5849626064300537,-0.2164999544620514,0.6695242524147034,-0.364001989364624,0.2664537727832794,0.4874503016471863,-0.00991300493478775,-0.19707903265953064,1.1061657667160034,-0.15461039543151855,-0.10735604166984558,1.0533256530761719,-0.7091199159622192,0.2664537727832794,0.4874503016471863,-0.00991300493478775,-0.2164999544620514,0.6695242524147034,-0.364001989364624,-0.10735604166984558,1.0533256530761719,-0.7091199159622192,-0.19707903265953064,1.1061657667160034,-0.15461039543151855,0.06661344319581985,0.9218626022338867,-1.5024782419204712,-0.05412498861551285,0.9673810601234436,-1.5910005569458008,-0.026839010417461395,1.0633313655853271,-1.6772799491882324,-0.04926975816488266,1.0765414237976074,-1.5386526584625244,3.98014497756958,1.114533543586731,7.742231845855713,-1.1767144203186035,1.8952990770339966,6.603277683258057,-0.16855983436107635,-2.993819236755371,0.3364444077014923,-1.6296571493148804,-2.5748186111450195,4.659877777099609,0.0,0.0,0.0,0.0,0.0,0.0,0.0,0.0,0.0,0.0,0.0,0.0
run-0cbf4a31137e48c79a1f61b4bb639a3e,1090,,15829739371973,true,9.146222114562988,-0.09598182141780853,,,,0.10386709123849869,0,-0.9988816976547241,-0.05,-0.05,0.0,0.0,0.0,0.00455774599686265,-0.001351769082248211,,,,,,true,391416,true,true,false,,,,2.5849626064300537,2.5849626064300537,2.5849626064300537,2.5849626064300537,2.5849626064300537,2.5849626064300537,2.5849626064300537,2.5849626064300537,2.5849626064300537,2.5849626064300537,2.5849626064300537,-0.21691977977752686,0.6762638688087463,-0.36283570528030396,0.2707217335700989,0.49291539192199707,-0.0154365673661232,-0.19919753074645996,1.107263445854187,-0.15914778411388397,-0.10489793121814728,1.0487210750579834,-0.7102575898170471,0.2707217335700989,0.49291539192199707,-0.0154365673661232,-0.21691977977752686,0.6762638688087463,-0.36283570528030396,-0.10489793121814728,1.0487210750579834,-0.7102575898170471,-0.19919753074645996,1.107263445854187,-0.15914778411388397,0.06768043339252472,0.9232288599014282,-1.5038591623306274,-0.054229944944381714,0.9690659642219543,-1.5907089710235596,-0.02622448280453682,1.0621802806854248,-1.6775643825531006,-0.04979938268661499,1.0768158435821533,-1.5397869348526,4.006430625915527,1.1255685091018677,7.74281120300293,-1.187179446220398,1.9186455011367798,6.643996715545654,-0.14960810542106628,-3.035189390182495,0.33803266286849976,-1.6495556831359863,-2.5792365074157715,4.630270481109619,0.0,0.0,0.0,0.0,0.0,0.0,0.0,0.0,0.0,0.0,0.0,0.0
run-0cbf4a31137e48c79a1f61b4bb639a3e,1096,,15829799437740,true,9.146510124206543,-0.09603514522314072,,,,0.10374612361192703,0,-0.9988816976547241,-0.05,-0.05,0.0,0.0,0.0,0.0045190779492259026,-0.0013288166373968124,,,,,,true,257823,true,true,false,,,,2.5849626064300537,2.5849626064300537,2.5849626064300537,2.5849626064300537,2.5849626064300537,2.5849626064300537,2.5849626064300537,2.5849626064300537,2.5849626064300537,2.5849626064300537,2.5849626064300537,-0.21758678555488586,0.6862668395042419,-0.36141499876976013,0.2770046889781952,0.5010853409767151,-0.023548968136310577,-0.20257654786109924,1.108846664428711,-0.16596625745296478,-0.10103090107440948,1.0418304204940796,-0.7112811803817749,0.2770046889781952,0.5010853409767151,-0.023548968136310577,-0.21758678555488586,0.6862668395042419,-0.36141499876976013,-0.10103090107440948,1.0418304204940796,-0.7112811803817749,-0.20257654786109924,1.108846664428711,-0.16596625745296478,0.0692511722445488,0.9252713322639465,-1.5058872699737549,-0.054396696388721466,0.9715667366981506,-1.5903537273406982,-0.02525772526860237,1.0604575872421265,-1.6778203248977661,-0.05064413696527481,1.077211618423462,-1.5414915084838867,4.044159412384033,1.1423043012619019,7.743856906890869,-1.203946828842163,1.9528985023498535,6.701521873474121,-0.1200423389673233,-3.0966978073120117,0.3450523018836975,-1.6811633110046387,-2.586885929107666,4.585835933685303,0.0,0.0,0.0,0.0,0.0,0.0,0.0,0.0,0.0,0.0,0.0,0.0
run-0cbf4a31137e48c79a1f61b4bb639a3e,1100,,15829841866419,true,9.146686553955078,-0.09606695175170898,,,,0.10365884006023407,0,-0.9988817572593689,-0.05,-0.05,0.0,0.0,0.0,0.004567098803818226,-0.0013053945731371641,,,,,,true,1670471,true,true,false,,,,2.5849626064300537,2.5849626064300537,2.5849626064300537,2.5849626064300537,2.5849626064300537,2.5849626064300537,2.5849626064300537,2.5849626064300537,2.5849626064300537,2.5849626064300537,2.5849626064300537,-0.21809759736061096,0.6927787661552429,-0.3604736030101776,0.28109776973724365,0.5064524412155151,-0.028524525463581085,-0.20484516024589539,1.1098626852035522,-0.17051385343074799,-0.09847843647003174,1.0372207164764404,-0.7117213010787964,0.28109776973724365,0.5064524412155151,-0.028524525463581085,-0.21809759736061096,0.6927787661552429,-0.3604736030101776,-0.09847843647003174,1.0372207164764404,-0.7117213010787964,-0.20484516024589539,1.1098626852035522,-0.17051385343074799,0.07027444243431091,0.9266130924224854,-1.5071310997009277,-0.05452439934015274,0.9731947183609009,-1.590118408203125,-0.024619609117507935,1.059305191040039,-1.6779303550720215,-0.051211290061473846,1.0774656534194946,-1.5426284074783325,4.068069934844971,1.1529393196105957,7.747445106506348,-1.216146469116211,1.9743491411209106,6.739546298980713,-0.10070279985666275,-3.137505531311035,0.3510586619377136,-1.7024976015090942,-2.592608690261841,4.55622673034668,0.0,0.0,0.0,0.0,0.0,0.0,0.0,0.0,0.0,0.0,0.0,0.0
run-0cbf4a31137e48c79a1f61b4bb639a3e,1106,,15829899434255,true,9.146966934204102,-0.09611775726079941,,,,0.10351524502038956,0,-0.998881459236145,-0.05,-0.05,0.0,0.0,0.0,0.00434771366417408,-0.0012634919257834554,,,,,,true,1166594,true,true,false,,,,2.5849626064300537,2.5849626064300537,2.5849626064300537,2.5849626064300537,2.5849626064300537,2.5849626064300537,2.5849626064300537,2.5849626064300537,2.5849626064300537,2.5849626064300537,2.5849626064300537,-0.21875497698783875,0.7029067277908325,-0.35941097140312195,0.28712156414985657,0.5146967172622681,-0.0366211012005806,-0.20835533738136292,1.111366629600525,-0.17726807296276093,-0.09454354643821716,1.030306100845337,-0.712189257144928,0.28712156414985657,0.5146967172622681,-0.0366211012005806,-0.21875497698783875,0.7029067277908325,-0.35941097140312195,-0.09454354643821716,1.030306100845337,-0.712189257144928,-0.20835533738136292,1.111366629600525,-0.17726807296276093,0.07178039103746414,0.9286742210388184,-1.5091552734375,-0.054688744246959686,0.9757267236709595,-1.5898526906967163,-0.02363588660955429,1.0575765371322632,-1.6780472993850708,-0.05208883434534073,1.0778416395187378,-1.5443170070648193,4.102328777313232,1.1714107990264893,7.746091842651367,-1.234334945678711,2.0099151134490967,6.7919697761535645,-0.07114098966121674,-3.198439121246338,0.360918253660202,-1.7354012727737427,-2.6011781692504883,4.51161527633667,0.0,0.0,0.0,0.0,0.0,0.0,0.0,0.0,0.0,0.0,0.0,0.0
run-0cbf4a31137e48c79a1f61b4bb639a3e,1110,,15829946944791,true,9.147136688232422,-0.096147820353508,,,,0.10342097282409668,0,-0.9988815784454346,-0.05,-0.05,0.0,0.0,0.0,0.004383318591862917,-0.0012496823910623789,,,,,,true,1607549,true,true,false,,,,2.5849626064300537,2.5849626064300537,2.5849626064300537,2.5849626064300537,2.5849626064300537,2.5849626064300537,2.5849626064300537,2.5849626064300537,2.5849626064300537,2.5849626064300537,2.5849626064300537,-0.21931731700897217,0.7094328999519348,-0.3583984375,0.2910603880882263,0.5199379920959473,-0.04149738699197769,-0.2106168270111084,1.112260341644287,-0.1816062182188034,-0.09209194034337997,1.0256476402282715,-0.7125327587127686,0.2910603880882263,0.5199379920959473,-0.04149738699197769,-0.21931731700897217,0.7094328999519348,-0.3583984375,-0.09209194034337997,1.0256476402282715,-0.7125327587127686,-0.2106168270111084,1.112260341644287,-0.1816062182188034,0.07276509702205658,0.9299845099449158,-1.5103743076324463,-0.05482932925224304,0.9773582220077515,-1.589599609375,-0.023022985085844994,1.0564119815826416,-1.678133249282837,-0.0526542067527771,1.0780651569366455,-1.5454015731811523,4.12455415725708,1.1842308044433594,7.745683193206787,-1.2473074197769165,2.0339272022247314,6.826526641845703,-0.052951689809560776,-3.2385952472686768,0.36602264642715454,-1.7565698623657227,-2.6069235801696777,4.482793807983398,0.0,0.0,0.0,0.0,0.0,0.0,0.0,0.0,0.0,0.0,0.0,0.0
run-0cbf4a31137e48c79a1f61b4bb639a3e,1116,,15829998716077,true,9.147401809692383,-0.09619837254285812,,,,0.10324980318546295,0,-0.9988818764686584,-0.05,-0.05,0.0,0.0,0.0,0.004434911999851465,-0.0013813631376251578,,,,,,true,1017202,true,true,false,,,,2.5849626064300537,2.5849626064300537,2.5849626064300537,2.5849626064300537,2.5849626064300537,2.5849626064300537,2.5849626064300537,2.5849626064300537,2.5849626064300537,2.5849626064300537,2.5849626064300537,-0.2203751504421234,0.7190039753913879,-0.35752543807029724,0.2966933846473694,0.5278179049491882,-0.04850844293832779,-0.2137840986251831,1.1135108470916748,-0.18844516575336456,-0.08818202465772629,1.0187640190124512,-0.7128581404685974,0.2966933846473694,0.5278179049491882,-0.04850844293832779,-0.2203751504421234,0.7190039753913879,-0.35752543807029724,-0.08818202465772629,1.0187640190124512,-0.7128581404685974,-0.2137840986251831,1.1135108470916748,-0.18844516575336456,0.07417334616184235,0.9319545030593872,-1.512127161026001,-0.05509378761053085,0.9797509908676147,-1.5893813371658325,-0.022045506164431572,1.0546910762786865,-1.6782145500183105,-0.053446024656295776,1.0783777236938477,-1.5471112728118896,4.153450012207031,1.2022680044174194,7.748948574066162,-1.2709181308746338,2.0668492317199707,6.872970104217529,-0.024211212992668152,-3.2979135513305664,0.3750801384449005,-1.787184715270996,-2.6174676418304443,4.436562538146973,0.0,0.0,0.0,0.0,0.0,0.0,0.0,0.0,0.0,0.0,0.0,0.0
run-0cbf4a31137e48c79a1f61b4bb639a3e,1122,,15830058947033,true,9.147689819335938,-0.09626231342554092,,,,0.10302426666021347,0,-0.9988823533058167,-0.05,-0.05,0.0,0.0,0.0,0.004576177801936865,-0.0015897885896265507,,,,,,true,493871,true,true,false,,,,2.5849626064300537,2.5849626064300537,2.5849626064300537,2.5849626064300537,2.5849626064300537,2.5849626064300537,2.5849626064300537,2.5849626064300537,2.5849626064300537,2.5849626064300537,2.5849626064300537,-0.2218063771724701,0.7279782891273499,-0.35738280415534973,0.3020622730255127,0.5357052683830261,-0.054278261959552765,-0.21645596623420715,1.1147269010543823,-0.1960473656654358,-0.08422975242137909,1.0120303630828857,-0.7133364081382751,0.3020622730255127,0.5357052683830261,-0.054278261959552765,-0.2218063771724701,0.7279782891273499,-0.35738280415534973,-0.08422975242137909,1.0120303630828857,-0.7133364081382751,-0.21645596623420715,1.1147269010543823,-0.1960473656654358,0.07551556825637817,0.9339263439178467,-1.5135695934295654,-0.05545159429311752,0.9819945693016052,-1.5893456935882568,-0.021057438105344772,1.0530076026916504,-1.67833411693573,-0.05411399155855179,1.0786817073822021,-1.5490118265151978,4.177279949188232,1.219376564025879,7.762726306915283,-1.3006110191345215,2.093867063522339,6.912384033203125,0.004691391251981258,-3.3555712699890137,0.3824225068092346,-1.8144174814224243,-2.6292660236358643,4.3831562995910645,0.0,0.0,0.0,0.0,0.0,0.0,0.0,0.0,0.0,0.0,0.0,0.0
run-0cbf4a31137e48c79a1f61b4bb639a3e,1126,,15830098922522,true,9.147882461547852,-0.09630823880434036,,,,0.10283301025629044,0,-0.9988828897476196,-0.05,-0.05,0.0,0.0,0.0,0.004789072088897228,-0.0016802861355245113,,,,,,true,407351,true,true,false,,,,2.5849626064300537,2.5849626064300537,2.5849626064300537,2.5849626064300537,2.5849626064300537,2.5849626064300537,2.5849626064300537,2.5849626064300537,2.5849626064300537,2.5849626064300537,2.5849626064300537,-0.22288760542869568,0.7335928082466125,-0.3573184907436371,0.30553269386291504,0.5407897233963013,-0.0575619712471962,-0.21806171536445618,1.11545991897583,-0.20128636062145233,-0.08165453374385834,1.0075491666793823,-0.7136260867118835,0.30553269386291504,0.5407897233963013,-0.0575619712471962,-0.22288760542869568,0.7335928082466125,-0.3573184907436371,-0.08165453374385834,1.0075491666793823,-0.7136260867118835,-0.21806171536445618,1.11545991897583,-0.20128636062145233,0.07638317346572876,0.9351974725723267,-1.514390468597412,-0.05572190135717392,0.9833981990814209,-1.5893296003341675,-0.020413633435964584,1.0518872737884521,-1.6784064769744873,-0.054515428841114044,1.0788650512695312,-1.5503215789794922,4.189765930175781,1.2271710634231567,7.778925895690918,-1.3241366147994995,2.106332302093506,6.939365863800049,0.023341158404946327,-3.3939285278320312,0.3875845968723297,-1.8318181037902832,-2.639878988265991,4.346371650695801,0.0,0.0,0.0,0.0,0.0,0.0,0.0,0.0,0.0,0.0,0.0,0.0
run-0cbf4a31137e48c79a1f61b4bb639a3e,1132,,15830159418514,true,9.14818000793457,-0.09638095647096634,,,,0.10251732170581818,0,-0.9988831877708435,-0.05,-0.05,0.0,0.0,0.0,0.0048524197190999985,-0.0017369093839079142,,,,,,true,1030222,true,true,false,,,,2.5849626064300537,2.5849626064300537,2.5849626064300537,2.5849626064300537,2.5849626064300537,2.5849626064300537,2.5849626064300537,2.5849626064300537,2.5849626064300537,2.5849626064300537,2.5849626064300537,-0.22431406378746033,0.7424115538597107,-0.35732749104499817,0.31076210737228394,0.5486021041870117,-0.0633452907204628,-0.2205413281917572,1.11660635471344,-0.20917509496212006,-0.07777990400791168,1.0008013248443604,-0.714310884475708,0.31076210737228394,0.5486021041870117,-0.0633452907204628,-0.22431406378746033,0.7424115538597107,-0.35732749104499817,-0.07777990400791168,1.0008013248443604,-0.714310884475708,-0.2205413281917572,1.11660635471344,-0.20917509496212006,0.07769052684307098,0.9371505379676819,-1.5158363580703735,-0.05607851594686508,0.9856029152870178,-1.589331865310669,-0.01944497600197792,1.050200343132019,-1.6785776615142822,-0.0551353320479393,1.0791516304016113,-1.5522937774658203,4.207879543304443,1.2428032159805298,7.792472839355469,-1.3586505651474,2.1298112869262695,6.97483491897583,0.05154039338231087,-3.450894355773926,0.39227309823036194,-1.8580381870269775,-2.6550710201263428,4.289888858795166,0.0,0.0,0.0,0.0,0.0,0.0,0.0,0.0,0.0,0.0,0.0,0.0
run-0cbf4a31137e48c79a1f61b4bb639a3e,1136,,15830204596944,true,9.148369789123535,-0.09642793238162994,,,,0.10229673236608505,0,-0.9988833069801331,-0.05,-0.05,0.0,0.0,0.0,0.004883648827672005,-0.0017466727877035737,,,,,,true,585869,true,true,false,,,,2.5849626064300537,2.5849626064300537,2.5849626064300537,2.5849626064300537,2.5849626064300537,2.5849626064300537,2.5849626064300537,2.5849626064300537,2.5849626064300537,2.5849626064300537,2.5849626064300537,-0.22516191005706787,0.7483925223350525,-0.3571840822696686,0.3142412304878235,0.5537188053131104,-0.06755328923463821,-0.2223125398159027,1.1173464059829712,-0.21421931684017181,-0.0752103328704834,0.9962626695632935,-0.714635968208313,0.3142412304878235,0.5537188053131104,-0.06755328923463821,-0.22516191005706787,0.7483925223350525,-0.3571840822696686,-0.0752103328704834,0.9962626695632935,-0.714635968208313,-0.2223125398159027,1.1173464059829712,-0.21421931684017181,0.07856030762195587,0.9384297132492065,-1.5168883800506592,-0.05629047751426697,0.9870981574058533,-1.5892959833145142,-0.01880258321762085,1.0490657091140747,-1.6786589622497559,-0.05557813495397568,1.0793366432189941,-1.5535547733306885,4.219573020935059,1.254116415977478,7.796291828155518,-1.3811396360397339,2.147411346435547,6.9971747398376465,0.07030661404132843,-3.488670587539673,0.39564988017082214,-1.8761367797851562,-2.66532826423645,4.253655433654785,0.0,0.0,0.0,0.0,0.0,0.0,0.0,0.0,0.0,0.0,0.0,0.0
run-0cbf4a31137e48c79a1f61b4bb639a3e,1142,,15830259416589,true,9.148673057556152,-0.09650266170501709,,,,0.10191544145345688,0,-0.9988836646080017,-0.05,-0.05,0.0,0.0,0.0,0.004997245501726866,-0.001764071173965931,,,,,,true,386597,true,true,false,,,,2.5849626064300537,2.5849626064300537,2.5849626064300537,2.5849626064300537,2.5849626064300537,2.5849626064300537,2.5849626064300537,2.5849626064300537,2.5849626064300537,2.5849626064300537,2.5849626064300537,-0.2264869511127472,0.7573370337486267,-0.3567541539669037,0.31929850578308105,0.5613181591033936,-0.07362622767686844,-0.22481215000152588,1.1183955669403076,-0.2218853235244751,-0.0714653953909874,0.9893803000450134,-0.7152575254440308,0.31929850578308105,0.5613181591033936,-0.07362622767686844,-0.2264869511127472,0.7573370337486267,-0.3567541539669037,-0.0714653953909874,0.9893803000450134,-0.7152575254440308,-0.22481215000152588,1.1183955669403076,-0.2218853235244751,0.07982462644577026,0.9403295516967773,-1.5184065103530884,-0.0566217377781868,0.9893342852592468,-1.589188575744629,-0.01786634884774685,1.0473450422286987,-1.67881441116333,-0.05620303750038147,1.0795989036560059,-1.5554713010787964,4.233241558074951,1.2683134078979492,7.806241035461426,-1.4181129932403564,2.17075777053833,7.032651901245117,0.09778156131505966,-3.5456433296203613,0.3995015025138855,-1.9023218154907227,-2.6834256649017334,4.198335647583008,0.0,0.0,0.0,0.0,0.0,0.0,0.0,0.0,0.0,0.0,0.0,0.0
run-0cbf4a31137e48c79a1f61b4bb639a3e,1146,,15830298400264,true,9.14889144897461,-0.09655513614416122,,,,0.10162077844142914,0,-0.9988840818405151,-0.05,-0.05,0.0,0.0,0.0,0.005150973796844482,-0.0017830623546615243,,,,,,true,186010,true,true,false,,,,2.5849626064300537,2.5849626064300537,2.5849626064300537,2.5849626064300537,2.5849626064300537,2.5849626064300537,2.5849626064300537,2.5849626064300537,2.5849626064300537,2.5849626064300537,2.5849626064300537,-0.22744616866111755,0.7632575631141663,-0.35624024271965027,0.32257527112960815,0.5663204193115234,-0.07753456383943558,-0.22632253170013428,1.1190019845962524,-0.22705282270908356,-0.06905759125947952,0.9847360849380493,-0.7159051895141602,0.32257527112960815,0.5663204193115234,-0.07753456383943558,-0.22744616866111755,0.7632575631141663,-0.35624024271965027,-0.06905759125947952,0.9847360849380493,-0.7159051895141602,-0.22632253170013428,1.1190019845962524,-0.22705282270908356,0.08064381778240204,0.9415801167488098,-1.5193836688995361,-0.05686154216527939,0.9908143877983093,-1.5890600681304932,-0.01726439781486988,1.0461840629577637,-1.67897629737854,-0.05658063292503357,1.0797505378723145,-1.5567631721496582,4.239485740661621,1.275249719619751,7.816294193267822,-1.445640206336975,2.1833691596984863,7.058778762817383,0.11562745273113251,-3.5838124752044678,0.40025535225868225,-1.9187544584274292,-2.6981780529022217,4.161009311676025,0.0,0.0,0.0,0.0,0.0,0.0,0.0,0.0,0.0,0.0,0.0,0.0
run-0cbf4a31137e48c79a1f61b4bb639a3e,1152,,15830358421752,true,9.149215698242188,-0.0966307669878006,,,,0.1011737659573555,0,-0.9988845586776733,-0.05,-0.05,0.0,0.0,0.0,0.005337548907846212,-0.0018152365228161216,,,,,,true,468088,true,true,false,,,,2.5849626064300537,2.5849626064300537,2.5849626064300537,2.5849626064300537,2.5849626064300537,2.5849626064300537,2.5849626064300537,2.5849626064300537,2.5849626064300537,2.5849626064300537,2.5849626064300537,-0.22889018058776855,0.7722569704055786,-0.3553149104118347,0.32746782898902893,0.5737953186035156,-0.08366964012384415,-0.2285410463809967,1.1198548078536987,-0.23475874960422516,-0.06548220664262772,0.9777393937110901,-0.7171767354011536,0.32746782898902893,0.5737953186035156,-0.08366964012384415,-0.22889018058776855,0.7722569704055786,-0.3553149104118347,-0.06548220664262772,0.9777393937110901,-0.7171767354011536,-0.2285410463809967,1.1198548078536987,-0.23475874960422516,0.08186695724725723,0.9434488415718079,-1.5209174156188965,-0.05722254514694214,0.993064284324646,-1.588828682899475,-0.01637055166065693,1.044434905052185,-1.679294228553772,-0.057135261595249176,1.0799636840820312,-1.5586897134780884,4.249222755432129,1.288313865661621,7.825042724609375,-1.4862570762634277,2.2054948806762695,7.095740795135498,0.1425960212945938,-3.640353202819824,0.3980853259563446,-1.9421837329864502,-2.7198686599731445,4.104866027832031,0.0,0.0,0.0,0.0,0.0,0.0,0.0,0.0,0.0,0.0,0.0,0.0
run-0cbf4a31137e48c79a1f61b4bb639a3e,1156,,15830398756237,true,9.149425506591797,-0.09667903184890747,,,,0.1008426770567894,0,-0.9988848567008972,-0.05,-0.05,0.0,0.0,0.0,0.005444543436169624,-0.0018250014400109649,,,,,,true,1110277,true,true,false,,,,2.5849626064300537,2.5849626064300537,2.5849626064300537,2.5849626064300537,2.5849626064300537,2.5849626064300537,2.5849626064300537,2.5849626064300537,2.5849626064300537,2.5849626064300537,2.5849626064300537,-0.22977426648139954,0.7783165574073792,-0.3545916974544525,0.3306763172149658,0.5787578821182251,-0.08794308453798294,-0.23000872135162354,1.1204410791397095,-0.2399379312992096,-0.06310699880123138,0.9730297327041626,-0.7180136442184448,0.3306763172149658,0.5787578821182251,-0.08794308453798294,-0.22977426648139954,0.7783165574073792,-0.3545916974544525,-0.06310699880123138,0.9730297327041626,-0.7180136442184448,-0.23000872135162354,1.1204410791397095,-0.2399379312992096,0.08266907930374146,0.9446895122528076,-1.5219857692718506,-0.057443566620349884,0.9945791363716125,-1.5886479616165161,-0.015776749700307846,1.043257474899292,-1.6795034408569336,-0.057502180337905884,1.0801103115081787,-1.5599844455718994,4.253838539123535,1.295552372932434,7.830824851989746,-1.514312744140625,2.2189338207244873,7.121271133422852,0.1608342081308365,-3.678086519241333,0.3966583013534546,-1.9576423168182373,-2.7356314659118652,4.067007541656494,0.0,0.0,0.0,0.0,0.0,0.0,0.0,0.0,0.0,0.0,0.0,0.0
run-0cbf4a31137e48c79a1f61b4bb639a3e,1162,,15830459151758,true,9.149774551391602,-0.0967574417591095,,,,0.10029932856559753,0,-0.9988851547241211,-0.05,-0.05,0.0,0.0,0.0,0.005562695674598217,-0.0018167676171287894,,,,,,true,948315,true,true,false,,,,2.5849626064300537,2.5849626064300537,2.5849626064300537,2.5849626064300537,2.5849626064300537,2.5849626064300537,2.5849626064300537,2.5849626064300537,2.5849626064300537,2.5849626064300537,2.5849626064300537,-0.23097580671310425,0.7875747680664062,-0.3531823456287384,0.3354238271713257,0.5862128138542175,-0.09452880173921585,-0.23218008875846863,1.1213387250900269,-0.247728630900383,-0.05966470390558243,0.965874195098877,-0.7193753719329834,0.3354238271713257,0.5862128138542175,-0.09452880173921585,-0.23097580671310425,0.7875747680664062,-0.3531823456287384,-0.05966470390558243,0.965874195098877,-0.7193753719329834,-0.23218008875846863,1.1213387250900269,-0.247728630900383,0.08385595679283142,0.9465532302856445,-1.5236321687698364,-0.05774395167827606,0.9968937039375305,-1.588295578956604,-0.014916175976395607,1.041468620300293,-1.6798439025878906,-0.05804502218961716,1.0803346633911133,-1.5619322061538696,4.258480072021484,1.3047173023223877,7.8400774002075195,-1.557364821434021,2.2379212379455566,7.16240930557251,0.18784885108470917,-3.734802722930908,0.39356133341789246,-1.980324625968933,-2.7608859539031982,4.009741306304932,0.0,0.0,0.0,0.0,0.0,0.0,0.0,0.0,0.0,0.0,0.0,0.0
run-0cbf4a31137e48c79a1f61b4bb639a3e,1166,,15830499051055,true,9.150002479553223,-0.09680729359388351,,,,0.09993346780538559,0,-0.9988852739334106,-0.05,-0.05,0.0,0.0,0.0,0.005614140536636114,-0.0018038548296317458,,,,,,true,1011702,true,true,false,,,,2.5849626064300537,2.5849626064300537,2.5849626064300537,2.5849626064300537,2.5849626064300537,2.5849626064300537,2.5849626064300537,2.5849626064300537,2.5849626064300537,2.5849626064300537,2.5849626064300537,-0.2317102551460266,0.7938916087150574,-0.35200461745262146,0.33856716752052307,0.5911717414855957,-0.09914804250001907,-0.23365777730941772,1.121916651725769,-0.2528062164783478,-0.05741771683096886,0.9610615372657776,-0.7203483581542969,0.33856716752052307,0.5911717414855957,-0.09914804250001907,-0.2317102551460266,0.7938916087150574,-0.35200461745262146,-0.05741771683096886,0.9610615372657776,-0.7203483581542969,-0.23365777730941772,1.121916651725769,-0.2528062164783478,0.08464179188013077,0.9477929472923279,-1.5247870683670044,-0.05792756378650665,0.9984729290008545,-1.5880011320114136,-0.014354429207742214,1.040265440940857,-1.6800870895385742,-0.05841444432735443,1.0804791450500488,-1.5632015466690063,4.261715412139893,1.3116579055786133,7.8432087898254395,-1.5851949453353882,2.2523703575134277,7.190563678741455,0.20583534240722656,-3.7724106311798096,0.3906368017196655,-1.995179295539856,-2.777543544769287,3.9722342491149902,0.0,0.0,0.0,0.0,0.0,0.0,0.0,0.0,0.0,0.0,0.0,0.0
run-0cbf4a31137e48c79a1f61b4bb639a3e,1172,,15830558896776,true,9.150351524353027,-0.09688161313533783,,,,0.09937621653079987,0,-0.9988856911659241,-0.05,-0.05,0.0,0.0,0.0,0.005765127018094063,-0.0018198585603386164,,,,,,true,230546,true,true,false,,,,2.5849626064300537,2.5849626064300537,2.5849626064300537,2.5849626064300537,2.5849626064300537,2.5849626064300537,2.5849626064300537,2.5849626064300537,2.5849626064300537,2.5849626064300537,2.5849626064300537,-0.23289725184440613,0.8033535480499268,-0.3500272333621979,0.34315985441207886,0.5985331535339355,-0.10605383664369583,-0.23577317595481873,1.1226516962051392,-0.26031816005706787,-0.054059725254774094,0.9538353085517883,-0.7219230532646179,0.34315985441207886,0.5985331535339355,-0.10605383664369583,-0.23289725184440613,0.8033535480499268,-0.3500272333621979,-0.054059725254774094,0.9538353085517883,-0.7219230532646179,-0.23577317595481873,1.1226516962051392,-0.26031816005706787,0.08578996360301971,0.9496333003044128,-1.5265134572982788,-0.05822431296110153,1.0008383989334106,-1.5875067710876465,-0.013514931313693523,1.0384588241577148,-1.680480718612671,-0.05894329398870468,1.0806629657745361,-1.5650795698165894,4.265571594238281,1.3222198486328125,7.847039699554443,-1.6276044845581055,2.2743582725524902,7.233098030090332,0.2332259714603424,-3.828134536743164,0.38505473732948303,-2.0160651206970215,-2.8035943508148193,3.9166436195373535,0.0,0.0,0.0,0.0,0.0,0.0,0.0,0.0,0.0,0.0,0.0,0.0
run-0cbf4a31137e48c79a1f61b4bb639a3e,1176,,15830606741576,true,9.1505765914917,-0.09692905098199844,,,,0.09897620230913162,0,-0.9988858103752136,-0.05,-0.05,0.0,0.0,0.0,0.005803690291941166,-0.0018251105211675167,,,,,,true,1569582,true,true,false,,,,2.5849626064300537,2.5849626064300537,2.5849626064300537,2.5849626064300537,2.5849626064300537,2.5849626064300537,2.5849626064300537,2.5849626064300537,2.5849626064300537,2.5849626064300537,2.5849626064300537,-0.23358747363090515,0.809784471988678,-0.3486245572566986,0.346194863319397,0.6034930348396301,-0.11083132773637772,-0.2371741235256195,1.1231895685195923,-0.265434205532074,-0.05185228958725929,0.948976457118988,-0.723022997379303,0.346194863319397,0.6034930348396301,-0.11083132773637772,-0.23358747363090515,0.809784471988678,-0.3486245572566986,-0.05185228958725929,0.948976457118988,-0.723022997379303,-0.2371741235256195,1.1231895685195923,-0.265434205532074,0.08654871582984924,0.9508732557296753,-1.527707815170288,-0.05839686840772629,1.002446174621582,-1.5871561765670776,-0.012963072396814823,1.0372440814971924,-1.6807557344436646,-0.05929353088140488,1.0807974338531494,-1.5663585662841797,4.267058372497559,1.3286261558532715,7.849361896514893,-1.6560587882995605,2.2886013984680176,7.26218318939209,0.25170832872390747,-3.865185022354126,0.38093075156211853,-2.029616594314575,-2.821406841278076,3.878344774246216,0.0,0.0,0.0,0.0,0.0,0.0,0.0,0.0,0.0,0.0,0.0,0.0
run-0cbf4a31137e48c79a1f61b4bb639a3e,1182,,15830659215190,true,9.15092945098877,-0.09700316190719604,,,,0.09836913645267487,0,-0.998885989189148,-0.05,-0.05,0.0,0.0,0.0,0.005844669416546822,-0.001809177454560995,,,,,,true,831677,true,true,false,,,,2.5849626064300537,2.5849626064300537,2.5849626064300537,2.5849626064300537,2.5849626064300537,2.5849626064300537,2.5849626064300537,2.5849626064300537,2.5849626064300537,2.5849626064300537,2.5849626064300537,-0.23446691036224365,0.8195645213127136,-0.34622782468795776,0.35066354274749756,0.6108968257904053,-0.11834675818681717,-0.23936834931373596,1.1239798069000244,-0.27286893129348755,-0.048540759831666946,0.9416592121124268,-0.7244558334350586,0.35066354274749756,0.6108968257904053,-0.11834675818681717,-0.23446691036224365,0.8195645213127136,-0.34622782468795776,-0.048540759831666946,0.9416592121124268,-0.7244558334350586,-0.23936834931373596,1.1239798069000244,-0.27286893129348755,0.08766588568687439,0.9527242183685303,-1.529586672782898,-0.05861672759056091,1.0048911571502686,-1.5865569114685059,-0.012135189957916737,1.0354148149490356,-1.6811139583587646,-0.05984208732843399,1.080994963645935,-1.5682172775268555,4.2687482833862305,1.3382554054260254,7.849833011627197,-1.6974406242370605,2.311174154281616,7.307183742523193,0.2799506187438965,-3.920271873474121,0.37619251012802124,-2.050029993057251,-2.848263740539551,3.82255220413208,0.0,0.0,0.0,0.0,0.0,0.0,0.0,0.0,0.0,0.0,0.0,0.0
run-0cbf4a31137e48c79a1f61b4bb639a3e,1186,,15830699392479,true,9.15117073059082,-0.09705321490764618,,,,0.0979398861527443,0,-0.9988862872123718,-0.05,-0.05,0.0,0.0,0.0,0.005982925649732351,-0.00185280607547611,,,,,,true,262293,true,true,false,,,,2.5849626064300537,2.5849626064300537,2.5849626064300537,2.5849626064300537,2.5849626064300537,2.5849626064300537,2.5849626064300537,2.5849626064300537,2.5849626064300537,2.5849626064300537,2.5849626064300537,-0.23530665040016174,0.8258630633354187,-0.34471672773361206,0.3534865081310272,0.6157888770103455,-0.12280438095331192,-0.24056527018547058,1.1243559122085571,-0.27801191806793213,-0.04634362831711769,0.9368308186531067,-0.725642740726471,0.3534865081310272,0.6157888770103455,-0.12280438095331192,-0.23530665040016174,0.8258630633354187,-0.34471672773361206,-0.04634362831711769,0.9368308186531067,-0.725642740726471,-0.24056527018547058,1.1243559122085571,-0.27801191806793213,0.0883716270327568,0.9539472460746765,-1.5307010412216187,-0.058826662600040436,1.0064657926559448,-1.5861791372299194,-0.011585907079279423,1.0342077016830444,-1.6814106702804565,-0.060141317546367645,1.0810890197753906,-1.5695029497146606,4.267637729644775,1.3434967994689941,7.8552937507629395,-1.7280447483062744,2.32334041595459,7.336416721343994,0.29913175106048584,-3.956151008605957,0.37132781744003296,-2.0613014698028564,-2.868255853652954,3.7837839126586914,0.0,0.0,0.0,0.0,0.0,0.0,0.0,0.0,0.0,0.0,0.0,0.0
run-0cbf4a31137e48c79a1f61b4bb639a3e,1192,,15830758816896,true,9.151554107666016,-0.09713256359100342,,,,0.09724745899438858,0,-0.9988865852355957,-0.05,-0.05,0.0,0.0,0.0,0.00608756672590971,-0.0018799911485984921,,,,,,true,811584,true,true,false,,,,2.5849626064300537,2.5849626064300537,2.5849626064300537,2.5849626064300537,2.5849626064300537,2.5849626064300537,2.5849626064300537,2.5849626064300537,2.5849626064300537,2.5849626064300537,2.5849626064300537,-0.23635074496269226,0.8354178071022034,-0.34236326813697815,0.35773104429244995,0.6231993436813354,-0.12985673546791077,-0.2423878312110901,1.12501859664917,-0.28591859340667725,-0.04304845258593559,0.9295598268508911,-0.7274343371391296,0.35773104429244995,0.6231993436813354,-0.12985673546791077,-0.23635074496269226,0.8354178071022034,-0.34236326813697815,-0.04304845258593559,0.9295598268508911,-0.7274343371391296,-0.2423878312110901,1.12501859664917,-0.28591859340667725,0.08943276107311249,0.9557998180389404,-1.5324641466140747,-0.059087686240673065,1.0088545083999634,-1.5855908393859863,-0.010762113146483898,1.0323899984359741,-1.6818585395812988,-0.06059695780277252,1.0812547206878662,-1.5714796781539917,4.264471054077148,1.3499575853347778,7.86273193359375,-1.7739979028701782,2.339932918548584,7.381134510040283,0.3286837935447693,-4.009480953216553,0.3641875386238098,-2.077906847000122,-2.8991763591766357,3.7237234115600586,0.0,0.0,0.0,0.0,0.0,0.0,0.0,0.0,0.0,0.0,0.0,0.0
run-0cbf4a31137e48c79a1f61b4bb639a3e,1196,,15830798926072,true,9.151790618896484,-0.09718144685029984,,,,0.09678894281387329,0,-0.9988867044448853,-0.05,-0.05,0.0,0.0,0.0,0.0061387051828205585,-0.0018809110624715686,,,,,,true,968831,true,true,false,,,,2.5849626064300537,2.5849626064300537,2.5849626064300537,2.5849626064300537,2.5849626064300537,2.5849626064300537,2.5849626064300537,2.5849626064300537,2.5849626064300537,2.5849626064300537,2.5849626064300537,-0.23697420954704285,0.8418506383895874,-0.34065183997154236,0.3605230748653412,0.6281152963638306,-0.13471254706382751,-0.2436632513999939,1.1254656314849854,-0.2911175489425659,-0.040836405009031296,0.9247103929519653,-0.7285405397415161,0.3605230748653412,0.6281152963638306,-0.13471254706382751,-0.23697420954704285,0.8418506383895874,-0.34065183997154236,-0.040836405009031296,0.9247103929519653,-0.7285405397415161,-0.2436632513999939,1.1254656314849854,-0.2911175489425659,0.0901307687163353,0.957028865814209,-1.5336781740188599,-0.05924355238676071,1.0104626417160034,-1.5851629972457886,-0.010209101252257824,1.0311776399612427,-1.6821351051330566,-0.060915812849998474,1.0813664197921753,-1.5727794170379639,4.26260232925415,1.3549402952194214,7.865374565124512,-1.8034846782684326,2.352308750152588,7.411072731018066,0.3487716019153595,-4.04463005065918,0.3600180745124817,-2.0889785289764404,-2.919335126876831,3.684173107147217,0.0,0.0,0.0,0.0,0.0,0.0,0.0,0.0,0.0,0.0,0.0,0.0
run-0cbf4a31137e48c79a1f61b4bb639a3e,1202,,15830858959564,true,9.152166366577148,-0.09725862741470337,,,,0.0961107611656189,0,-0.99888676404953,-0.05,-0.05,0.0,0.0,0.0,0.006155045703053474,-0.0018733310280367732,,,,,,true,39088,true,true,false,,,,2.5849626064300537,2.5849626064300537,2.5849626064300537,2.5849626064300537,2.5849626064300537,2.5849626064300537,2.5849626064300537,2.5849626064300537,2.5849626064300537,2.5849626064300537,2.5849626064300537,-0.23783281445503235,0.8516433835029602,-0.33790138363838196,0.3646632432937622,0.6354919672012329,-0.14214026927947998,-0.24565580487251282,1.1261422634124756,-0.29886946082115173,-0.03752410039305687,0.9174243807792664,-0.7301640510559082,0.3646632432937622,0.6354919672012329,-0.14214026927947998,-0.23783281445503235,0.8516433835029602,-0.33790138363838196,-0.03752410039305687,0.9174243807792664,-0.7301640510559082,-0.24565580487251282,1.1261422634124756,-0.29886946082115173,0.09116581082344055,0.9588730335235596,-1.5355350971221924,-0.05945820361375809,1.0129108428955078,-1.5844753980636597,-0.009381025098264217,1.0293561220169067,-1.682541012763977,-0.061413951218128204,1.0815355777740479,-1.574717402458191,4.260587692260742,1.3641057014465332,7.866050720214844,-1.8458524942398071,2.3736624717712402,7.455865383148193,0.37919190526008606,-4.096884727478027,0.3538186848163605,-2.105506181716919,-2.948390483856201,3.6249077320098877,0.0,0.0,0.0,0.0,0.0,0.0,0.0,0.0,0.0,0.0,0.0,0.0
run-0cbf4a31137e48c79a1f61b4bb639a3e,1206,,15830898896128,true,9.152430534362793,-0.09731243550777435,,,,0.09561295062303543,0,-0.9988868236541748,-0.05,-0.05,0.0,0.0,0.0,0.006156513933092356,-0.0018672437872737646,,,,,,true,150114,true,true,false,,,,2.5849626064300537,2.5849626064300537,2.5849626064300537,2.5849626064300537,2.5849626064300537,2.5849626064300537,2.5849626064300537,2.5849626064300537,2.5849626064300537,2.5849626064300537,2.5849626064300537,-0.23831883072853088,0.8582271933555603,-0.3359389901161194,0.3673292398452759,0.640431821346283,-0.1471630036830902,-0.2469482123851776,1.126590609550476,-0.30411362648010254,-0.03534425050020218,0.9125444889068604,-0.7311933040618896,0.3673292398452759,0.640431821346283,-0.1471630036830902,-0.23831883072853088,0.8582271933555603,-0.3359389901161194,-0.03534425050020218,0.9125444889068604,-0.7311933040618896,-0.2469482123851776,1.126590609550476,-0.30411362648010254,0.09183230996131897,0.9601079821586609,-1.5367907285690308,-0.05957970768213272,1.0145567655563354,-1.5839847326278687,-0.008836062625050545,1.028136134147644,-1.6827983856201172,-0.0617370530962944,1.0816476345062256,-1.5760283470153809,4.256718635559082,1.3678656816482544,7.868995189666748,-1.8754011392593384,2.3853816986083984,7.487585067749023,0.3999398946762085,-4.1312947273254395,0.35043105483055115,-2.115893602371216,-2.969679832458496,3.5845375061035156,0.0,0.0,0.0,0.0,0.0,0.0,0.0,0.0,0.0,0.0,0.0,0.0
run-0cbf4a31137e48c79a1f61b4bb639a3e,1210,,15830939109536,true,9.152682304382324,-0.09736365079879761,,,,0.0951550155878067,0,-0.9988869428634644,-0.05,-0.05,0.0,0.0,0.0,0.006193900015205145,-0.001870682230219245,,,,,,true,249438,true,true,false,,,,2.5849626064300537,2.5849626064300537,2.5849626064300537,2.5849626064300537,2.5849626064300537,2.5849626064300537,2.5849626064300537,2.5849626064300537,2.5849626064300537,2.5849626064300537,2.5849626064300537,-0.23890340328216553,0.8647804856300354,-0.3339116871356964,0.3699582815170288,0.6453155279159546,-0.15210869908332825,-0.24825701117515564,1.1269525289535522,-0.30921560525894165,-0.033120784908533096,0.9077059626579285,-0.7322215437889099,0.3699582815170288,0.6453155279159546,-0.15210869908332825,-0.23890340328216553,0.8647804856300354,-0.3339116871356964,-0.033120784908533096,0.9077059626579285,-0.7322215437889099,-0.24825701117515564,1.1269525289535522,-0.30921560525894165,0.0924895703792572,0.9613288640975952,-1.5380271673202515,-0.05972585082054138,1.0161951780319214,-1.5834779739379883,-0.008280196227133274,1.0269265174865723,-1.6830554008483887,-0.06206425279378891,1.0817381143569946,-1.5773038864135742,4.254581451416016,1.3742001056671143,7.868854999542236,-1.903478980064392,2.4001753330230713,7.517916679382324,0.4208472967147827,-4.165261745452881,0.34671783447265625,-2.1260526180267334,-2.9895853996276855,3.5453367233276367,0.0,0.0,0.0,0.0,0.0,0.0,0.0,0.0,0.0,0.0,0.0,0.0
run-0cbf4a31137e48c79a1f61b4bb639a3e,1216,,15830998920651,true,9.153056144714355,-0.09744039922952652,,,,0.09440814703702927,0,-0.9988868236541748,-0.05,-0.05,0.0,0.0,0.0,0.006098030600696802,-0.0018364444840699434,,,,,,true,359063,true,true,false,,,,2.5849626064300537,2.5849626064300537,2.5849626064300537,2.5849626064300537,2.5849626064300537,2.5849626064300537,2.5849626064300537,2.5849626064300537,2.5849626064300537,2.5849626064300537,2.5849626064300537,-0.2394181489944458,0.8749071955680847,-0.33064278960227966,0.37389421463012695,0.6527696847915649,-0.16003826260566711,-0.25035127997398376,1.1276719570159912,-0.3170626759529114,-0.029834125190973282,0.9003672003746033,-0.7336394786834717,0.37389421463012695,0.6527696847915649,-0.16003826260566711,-0.2394181489944458,0.8749071955680847,-0.33064278960227966,-0.029834125190973282,0.9003672003746033,-0.7336394786834717,-0.25035127997398376,1.1276719570159912,-0.3170626759529114,0.09347355365753174,0.9631924629211426,-1.540009617805481,-0.05985453724861145,1.0187268257141113,-1.5826606750488281,-0.0074585312977433205,1.0250917673110962,-1.6834099292755127,-0.06258781999349594,1.0819180011749268,-1.5792657136917114,4.249567985534668,1.3818330764770508,7.8680572509765625,-1.9447600841522217,2.4213085174560547,7.565932273864746,0.45287996530532837,-4.2159037590026855,0.34241557121276855,-2.141571283340454,-3.0198769569396973,3.4841861724853516,0.0,0.0,0.0,0.0,0.0,0.0,0.0,0.0,0.0,0.0,0.0,0.0
run-0cbf4a31137e48c79a1f61b4bb639a3e,1222,,15831058503773,true,9.153420448303223,-0.097514308989048,,,,0.09368759393692017,0,-0.9988871812820435,-0.05,-0.05,0.0,0.0,0.0,0.006236194632947445,-0.0018703078385442495,,,,,,true,837428,true,true,false,,,,2.5849626064300537,2.5849626064300537,2.5849626064300537,2.5849626064300537,2.5849626064300537,2.5849626064300537,2.5849626064300537,2.5849626064300537,2.5849626064300537,2.5849626064300537,2.5849626064300537,-0.2404496669769287,0.8845621347427368,-0.32737064361572266,0.3775313198566437,0.6600025296211243,-0.16709887981414795,-0.2520424425601959,1.1279782056808472,-0.3248365521430969,-0.02648194134235382,0.8931844234466553,-0.7352449893951416,0.3775313198566437,0.6600025296211243,-0.16709887981414795,-0.2404496669769287,0.8845621347427368,-0.32737064361572266,-0.02648194134235382,0.8931844234466553,-0.7352449893951416,-0.2520424425601959,1.1279782056808472,-0.3248365521430969,0.09438282996416092,0.9650006294250488,-1.5417747497558594,-0.06011241674423218,1.0211405754089355,-1.5818426609039307,-0.006620485335588455,1.0232961177825928,-1.6838111877441406,-0.06301061064004898,1.0819945335388184,-1.5812091827392578,4.243325233459473,1.3900799751281738,7.871128082275391,-1.9887326955795288,2.441213607788086,7.612052917480469,0.485454261302948,-4.264893054962158,0.3365898132324219,-2.1534833908081055,-3.0522382259368896,3.4239444732666016,0.0,0.0,0.0,0.0,0.0,0.0,0.0,0.0,0.0,0.0,0.0,0.0
run-0cbf4a31137e48c79a1f61b4bb639a3e,1228,,15831119569239,true,9.153800964355469,-0.09759234637022018,,,,0.09292510896921158,0,-0.9988868832588196,-0.05,-0.05,0.0,0.0,0.0,0.006132474169135094,-0.0018634875304996967,,,,,,true,788074,true,true,false,,,,2.5849626064300537,2.5849626064300537,2.5849626064300537,2.5849626064300537,2.5849626064300537,2.5849626064300537,2.5849626064300537,2.5849626064300537,2.5849626064300537,2.5849626064300537,2.5849626064300537,-0.24110904335975647,0.8945003151893616,-0.32385995984077454,0.3813195526599884,0.6674035787582397,-0.17485010623931885,-0.253792941570282,1.1285053491592407,-0.33307093381881714,-0.023166317492723465,0.885914146900177,-0.7371011972427368,0.3813195526599884,0.6674035787582397,-0.17485010623931885,-0.24110904335975647,0.8945003151893616,-0.32385995984077454,-0.023166317492723465,0.885914146900177,-0.7371011972427368,-0.253792941570282,1.1285053491592407,-0.33307093381881714,0.0953298881649971,0.9668508768081665,-1.5437124967575073,-0.06027726083993912,1.023625135421753,-1.5809650421142578,-0.005791579373180866,1.021478533744812,-1.6842752695083618,-0.0634482353925705,1.0821263790130615,-1.5832676887512207,4.237810134887695,1.3987905979156494,7.869405746459961,-2.030306816101074,2.4620752334594727,7.659484386444092,0.5185741782188416,-4.313753604888916,0.32909679412841797,-2.165034770965576,-3.083216428756714,3.3590924739837646,0.0,0.0,0.0,0.0,0.0,0.0,0.0,0.0,0.0,0.0,0.0,0.0
run-0cbf4a31137e48c79a1f61b4bb639a3e,1232,,15831158683127,true,9.154050827026367,-0.09764379262924194,,,,0.09239380806684494,0,-0.9988871812820435,-0.05,-0.05,0.0,0.0,0.0,0.006180795840919018,-0.0018569097155705094,,,,,,true,782249,true,true,false,,,,2.5849626064300537,2.5849626064300537,2.5849626064300537,2.5849626064300537,2.5849626064300537,2.5849626064300537,2.5849626064300537,2.5849626064300537,2.5849626064300537,2.5849626064300537,2.5849626064300537,-0.24161475896835327,0.9008733034133911,-0.3212752044200897,0.3836034834384918,0.6721681356430054,-0.17999377846717834,-0.25476333498954773,1.128646969795227,-0.33836668729782104,-0.020885538309812546,0.8811433911323547,-0.7381787300109863,0.3836034834384918,0.6721681356430054,-0.17999377846717834,-0.24161475896835327,0.9008733034133911,-0.3212752044200897,-0.020885538309812546,0.8811433911323547,-0.7381787300109863,-0.25476333498954773,1.128646969795227,-0.33836668729782104,0.09590087085962296,0.9680420160293579,-1.5449984073638916,-0.06040368974208832,1.0252183675765991,-1.580318808555603,-0.0052213845774531364,1.0202858448028564,-1.6845446825027466,-0.06369083374738693,1.082161784172058,-1.5845916271209717,4.230826377868652,1.4013985395431519,7.871049880981445,-2.060093641281128,2.4720795154571533,7.693358898162842,0.541680097579956,-4.345088481903076,0.32599973678588867,-2.1709349155426025,-3.107332706451416,3.3178961277008057,0.0,0.0,0.0,0.0,0.0,0.0,0.0,0.0,0.0,0.0,0.0,0.0
run-0cbf4a31137e48c79a1f61b4bb639a3e,1236,,15831206558003,true,9.154304504394531,-0.09769617766141891,,,,0.09189794212579727,0,-0.9988873600959778,-0.05,-0.05,0.0,0.0,0.0,0.006241908296942711,-0.0018960449378937483,,,,,,true,1531567,true,true,false,,,,2.5849626064300537,2.5849626064300537,2.5849626064300537,2.5849626064300537,2.5849626064300537,2.5849626064300537,2.5849626064300537,2.5849626064300537,2.5849626064300537,2.5849626064300537,2.5849626064300537,-0.24230915307998657,0.9072261452674866,-0.31871238350868225,0.38593223690986633,0.6769698858261108,-0.18488305807113647,-0.25562161207199097,1.1287009716033936,-0.3437849283218384,-0.018619652837514877,0.8764147162437439,-0.7395932674407959,0.38593223690986633,0.6769698858261108,-0.18488305807113647,-0.24230915307998657,0.9072261452674866,-0.31871238350868225,-0.018619652837514877,0.8764147162437439,-0.7395932674407959,-0.25562161207199097,1.1287009716033936,-0.3437849283218384,0.09648305922746658,0.9692424535751343,-1.5462207794189453,-0.06057728826999664,1.0268065929412842,-1.5796780586242676,-0.004654913209378719,1.0191036462783813,-1.6848983764648438,-0.06390540301799774,1.0821752548217773,-1.5859462022781372,4.226129531860352,1.4072948694229126,7.8708577156066895,-2.089155673980713,2.485184907913208,7.725367546081543,0.5643282532691956,-4.37625789642334,0.3200700879096985,-2.1758384704589844,-3.1298322677612305,3.275564670562744,0.0,0.0,0.0,0.0,0.0,0.0,0.0,0.0,0.0,0.0,0.0,0.0
run-0cbf4a31137e48c79a1f61b4bb639a3e,1242,,15831259023165,true,9.154692649841309,-0.09777887910604477,,,,0.09109454602003098,0,-0.9988872408866882,-0.05,-0.05,0.0,0.0,0.0,0.006154986098408699,-0.0019005712820217013,,,,,,true,777291,true,true,false,,,,2.5849626064300537,2.5849626064300537,2.5849626064300537,2.5849626064300537,2.5849626064300537,2.5849626064300537,2.5849626064300537,2.5849626064300537,2.5849626064300537,2.5849626064300537,2.5849626064300537,-0.24287882447242737,0.9169389605522156,-0.3145155906677246,0.38946986198425293,0.6842752695083618,-0.19310438632965088,-0.25697043538093567,1.128964900970459,-0.3521445393562317,-0.015195399522781372,0.8692683577537537,-0.7416244745254517,0.38946986198425293,0.6842752695083618,-0.19310438632965088,-0.24287882447242737,0.9169389605522156,-0.3145155906677246,-0.015195399522781372,0.8692683577537537,-0.7416244745254517,-0.25697043538093567,1.128964900970459,-0.3521445393562317,0.09736746549606323,0.9710688591003418,-1.5482760667800903,-0.06071970611810684,1.029234766960144,-1.5786288976669312,-0.003798849880695343,1.0173170566558838,-1.6854060888290405,-0.06424260884523392,1.0822412967681885,-1.5880361795425415,4.217648983001709,1.4140349626541138,7.867266654968262,-2.1310856342315674,2.503103017807007,7.7765116691589355,0.5995659828186035,-4.422330379486084,0.31282147765159607,-2.182891845703125,-3.164072275161743,3.209643602371216,0.0,0.0,0.0,0.0,0.0,0.0,0.0,0.0,0.0,0.0,0.0,0.0
run-0cbf4a31137e48c79a1f61b4bb639a3e,1248,,15831318822044,true,9.155070304870605,-0.09786202758550644,,,,0.09029296040534973,0,-0.9988873600959778,-0.05,-0.05,0.0,0.0,0.0,0.00617628637701273,-0.001969396835193038,,,,,,true,744321,true,true,false,,,,2.5849626064300537,2.5849626064300537,2.5849626064300537,2.5849626064300537,2.5849626064300537,2.5849626064300537,2.5849626064300537,2.5849626064300537,2.5849626064300537,2.5849626064300537,2.5849626064300537,-0.24374142289161682,0.9263032078742981,-0.3103055953979492,0.39282625913619995,0.6915168762207031,-0.20081743597984314,-0.2579534351825714,1.1289390325546265,-0.3606814742088318,-0.011753711849451065,0.8622569441795349,-0.7439041137695312,0.39282625913619995,0.6915168762207031,-0.20081743597984314,-0.24374142289161682,0.9263032078742981,-0.3103055953979492,-0.011753711849451065,0.8622569441795349,-0.7439041137695312,-0.2579534351825714,1.1289390325546265,-0.3606814742088318,0.09820656478404999,0.9728792309761047,-1.5502043962478638,-0.060935355722904205,1.0315757989883423,-1.5775763988494873,-0.0029384279623627663,1.015564203262329,-1.6859760284423828,-0.06448835879564285,1.0822347402572632,-1.5901703834533691,4.207948684692383,1.4211796522140503,7.866570949554443,-2.1749727725982666,2.519411325454712,7.826457500457764,0.6350211501121521,-4.466969966888428,0.30438822507858276,-2.1867947578430176,-3.2000973224639893,3.142474889755249,0.0,0.0,0.0,0.0,0.0,0.0,0.0,0.0,0.0,0.0,0.0,0.0
run-0cbf4a31137e48c79a1f61b4bb639a3e,1252,,15831362645164,true,9.155309677124023,-0.0979166328907013,,,,0.08977877348661423,0,-0.9988874793052673,-0.05,-0.05,0.0,0.0,0.0,0.006183132529258728,-0.0020052287727594376,,,,,,true,1575370,true,true,false,,,,2.5849626064300537,2.5849626064300537,2.5849626064300537,2.5849626064300537,2.5849626064300537,2.5849626064300537,2.5849626064300537,2.5849626064300537,2.5849626064300537,2.5849626064300537,2.5849626064300537,-0.24428966641426086,0.9324352741241455,-0.307407945394516,0.3949928879737854,0.6963008642196655,-0.2060272991657257,-0.2585856318473816,1.128851056098938,-0.3663366436958313,-0.009435251355171204,0.8576099276542664,-0.7453296184539795,0.3949928879737854,0.6963008642196655,-0.2060272991657257,-0.24428966641426086,0.9324352741241455,-0.307407945394516,-0.009435251355171204,0.8576099276542664,-0.7453296184539795,-0.2585856318473816,1.128851056098938,-0.3663366436958313,0.09874822199344635,0.974075198173523,-1.5515068769454956,-0.061072416603565216,1.0331088304519653,-1.5768519639968872,-0.002358812838792801,1.0144025087356567,-1.6863324642181396,-0.0646464079618454,1.0822128057479858,-1.5915842056274414,4.201916217803955,1.4270474910736084,7.8639421463012695,-2.202953577041626,2.5312042236328125,7.85942268371582,0.6586759686470032,-4.496472358703613,0.29970306158065796,-2.189105749130249,-3.2236506938934326,3.0981647968292236,0.0,0.0,0.0,0.0,0.0,0.0,0.0,0.0,0.0,0.0,0.0,0.0
run-0cbf4a31137e48c79a1f61b4bb639a3e,1258,,15831419499686,true,9.155682563781738,-0.09800531715154648,,,,0.08897102624177933,0,-0.998887300491333,-0.05,-0.05,0.0,0.0,0.0,0.006056992802768946,-0.0020298936869949102,,,,,,true,272597,true,true,false,,,,2.5849626064300537,2.5849626064300537,2.5849626064300537,2.5849626064300537,2.5849626064300537,2.5849626064300537,2.5849626064300537,2.5849626064300537,2.5849626064300537,2.5849626064300537,2.5849626064300537,-0.24478113651275635,0.9417554140090942,-0.3027370870113373,0.398173451423645,0.7035644054412842,-0.21427929401397705,-0.25958940386772156,1.128750205039978,-0.37489640712738037,-0.006064008921384811,0.8506040573120117,-0.7472738027572632,0.398173451423645,0.7035644054412842,-0.21427929401397705,-0.24478113651275635,0.9417554140090942,-0.3027370870113373,-0.006064008921384811,0.8506040573120117,-0.7472738027572632,-0.25958940386772156,1.128750205039978,-0.37489640712738037,0.09954336285591125,0.97589111328125,-1.5535697937011719,-0.06119528412818909,1.035438895225525,-1.5756843090057373,-0.0015160022303462029,1.012650966644287,-1.6868184804916382,-0.06489735096693039,1.082187533378601,-1.5937241315841675,4.191582679748535,1.4351087808609009,7.858562469482422,-2.2432374954223633,2.5484871864318848,7.911178112030029,0.694083034992218,-4.54012393951416,0.294954389333725,-2.192307472229004,-3.259308099746704,3.03045392036438,0.0,0.0,0.0,0.0,0.0,0.0,0.0,0.0,0.0,0.0,0.0,0.0
run-0cbf4a31137e48c79a1f61b4bb639a3e,1262,,15831459233716,true,9.155941009521484,-0.0980692058801651,,,,0.08840179443359375,0,-0.998887300491333,-0.05,-0.05,0.0,0.0,0.0,0.006018034648150206,-0.0020708232186734676,,,,,,true,831379,true,true,false,,,,2.5849626064300537,2.5849626064300537,2.5849626064300537,2.5849626064300537,2.5849626064300537,2.5849626064300537,2.5849626064300537,2.5849626064300537,2.5849626064300537,2.5849626064300537,2.5849626064300537,-0.24518564343452454,0.9477555155754089,-0.29963621497154236,0.40011757612228394,0.7083882093429565,-0.21951010823249817,-0.26005861163139343,1.1285320520401,-0.3807023763656616,-0.0038310326635837555,0.846011757850647,-0.748489499092102,0.40011757612228394,0.7083882093429565,-0.21951010823249817,-0.24518564343452454,0.9477555155754089,-0.29963621497154236,-0.0038310326635837555,0.846011757850647,-0.748489499092102,-0.26005861163139343,1.1285320520401,-0.3807023763656616,0.10002939403057098,0.9770970344543457,-1.554877519607544,-0.061296410858631134,1.0369389057159424,-1.5749090909957886,-0.0009577581658959389,1.011502981185913,-1.6871223449707031,-0.06501465290784836,1.0821330547332764,-1.5951756238937378,4.182093143463135,1.4388928413391113,7.859087944030762,-2.2719976902008057,2.556882858276367,7.945648670196533,0.7180518507957458,-4.567982196807861,0.293121337890625,-2.1925086975097656,-3.2852671146392822,2.98443341255188,0.0,0.0,0.0,0.0,0.0,0.0,0.0,0.0,0.0,0.0,0.0,0.0
run-0cbf4a31137e48c79a1f61b4bb639a3e,1268,,15831518720288,true,9.156295776367188,-0.09816063195466995,,,,0.08758208155632019,0,-0.9988872408866882,-0.05,-0.05,0.0,0.0,0.0,0.005947325844317675,-0.0021173933055251837,,,,,,true,157935,true,true,false,,,,2.5849626064300537,2.5849626064300537,2.5849626064300537,2.5849626064300537,2.5849626064300537,2.5849626064300537,2.5849626064300537,2.5849626064300537,2.5849626064300537,2.5849626064300537,2.5849626064300537,-0.24581420421600342,0.9566560387611389,-0.29493656754493713,0.40299704670906067,0.7156400680541992,-0.22728213667869568,-0.260743111371994,1.1280852556228638,-0.38941431045532227,-0.0004956163465976715,0.8391736149787903,-0.7503016591072083,0.40299704670906067,0.7156400680541992,-0.22728213667869568,-0.24581420421600342,0.9566560387611389,-0.29493656754493713,-0.0004956163465976715,0.8391736149787903,-0.7503016591072083,-0.260743111371994,1.1280852556228638,-0.38941431045532227,0.10074926167726517,0.9789100289344788,-1.5568205118179321,-0.061453551054000854,1.0391640663146973,-1.573734164237976,-0.00012390408664941788,1.0097934007644653,-1.6875754594802856,-0.0651857778429985,1.0820213556289673,-1.5973535776138306,4.16936731338501,1.4473611116409302,7.8574676513671875,-2.3133370876312256,2.5718910694122314,7.996142864227295,0.7535508871078491,-4.609416484832764,0.2904405891895294,-2.1925055980682373,-3.322939157485962,2.9153780937194824,0.0,0.0,0.0,0.0,0.0,0.0,0.0,0.0,0.0,0.0,0.0,0.0
run-0cbf4a31137e48c79a1f61b4bb639a3e,1272,,15831562178743,true,9.156536102294922,-0.09822534769773483,,,,0.08706479519605637,0,-0.9988870620727539,-0.05,-0.05,0.0,0.0,0.0,0.005833315663039684,-0.002129620173946023,,,,,,true,248050,true,true,false,,,,2.5849626064300537,2.5849626064300537,2.5849626064300537,2.5849626064300537,2.5849626064300537,2.5849626064300537,2.5849626064300537,2.5849626064300537,2.5849626064300537,2.5849626064300537,2.5849626064300537,-0.2461511790752411,0.9626442790031433,-0.29166898131370544,0.40489259362220764,0.7204872369766235,-0.2325977087020874,-0.2612549960613251,1.127761960029602,-0.39516979455947876,0.0016925595700740814,0.8346002101898193,-0.7514587640762329,0.40489259362220764,0.7204872369766235,-0.2325977087020874,-0.2461511790752411,0.9626442790031433,-0.29166898131370544,0.0016925595700740814,0.8346002101898193,-0.7514587640762329,-0.2612549960613251,1.127761960029602,-0.39516979455947876,0.10122314840555191,0.9801218509674072,-1.5581494569778442,-0.06153779476881027,1.040661096572876,-1.5729172229766846,0.00042313989251852036,1.0086500644683838,-1.6878646612167358,-0.06531374901533127,1.0819405317306519,-1.5987924337387085,4.162313938140869,1.4552260637283325,7.8529205322265625,-2.338536262512207,2.584822177886963,8.029730796813965,0.7766892313957214,-4.637229919433594,0.28884974122047424,-2.192833423614502,-3.346409797668457,2.869615077972412,0.0,0.0,0.0,0.0,0.0,0.0,0.0,0.0,0.0,0.0,0.0,0.0
run-0cbf4a31137e48c79a1f61b4bb639a3e,1278,,15831618631449,true,9.156886100769043,-0.09832344949245453,,,,0.08623624593019485,0,-0.9988868236541748,-0.05,-0.05,0.0,0.0,0.0,0.0056624868884682655,-0.0021336933132261038,,,,,,true,1062382,true,true,false,,,,2.5849626064300537,2.5849626064300537,2.5849626064300537,2.5849626064300537,2.5849626064300537,2.5849626064300537,2.5849626064300537,2.5849626064300537,2.5849626064300537,2.5849626064300537,2.5849626064300537,-0.24649015069007874,0.9715262055397034,-0.2865641415119171,0.40753889083862305,0.7277785539627075,-0.24074789881706238,-0.26191532611846924,1.1271932125091553,-0.4038528800010681,0.004952076822519302,0.8277919888496399,-0.7528996467590332,0.40753889083862305,0.7277785539627075,-0.24074789881706238,-0.24649015069007874,0.9715262055397034,-0.2865641415119171,0.004952076822519302,0.8277919888496399,-0.7528996467590332,-0.26191532611846924,1.1271932125091553,-0.4038528800010681,0.10188472270965576,0.9819446802139282,-1.5601869821548462,-0.061622537672519684,1.0428816080093384,-1.5716410875320435,0.0012380192056298256,1.0069479942321777,-1.6882249116897583,-0.06547883152961731,1.0817983150482178,-1.6009632349014282,4.148344993591309,1.464559555053711,7.8485846519470215,-2.377089023590088,2.6008872985839844,8.081881523132324,0.8122018575668335,-4.677292823791504,0.28985124826431274,-2.1916677951812744,-3.383840799331665,2.8001914024353027,0.0,0.0,0.0,0.0,0.0,0.0,0.0,0.0,0.0,0.0,0.0,0.0
run-0cbf4a31137e48c79a1f61b4bb639a3e,1282,,15831658537611,true,9.15712833404541,-0.09839381277561188,,,,0.08569587022066116,0,-0.9988868236541748,-0.05,-0.05,0.0,0.0,0.0,0.005608953535556793,-0.002166260965168476,,,,,,true,524982,true,true,false,,,,2.5849626064300537,2.5849626064300537,2.5849626064300537,2.5849626064300537,2.5849626064300537,2.5849626064300537,2.5849626064300537,2.5849626064300537,2.5849626064300537,2.5849626064300537,2.5849626064300537,-0.24697592854499817,0.9772292971611023,-0.2832970917224884,0.4091794490814209,0.7326298356056213,-0.24562674760818481,-0.26216360926628113,1.1266344785690308,-0.4097083806991577,0.007121693342924118,0.8233780264854431,-0.7539249062538147,0.4091794490814209,0.7326298356056213,-0.24562674760818481,-0.24697592854499817,0.9772292971611023,-0.2832970917224884,0.007121693342924118,0.8233780264854431,-0.7539249062538147,-0.26216360926628113,1.1266344785690308,-0.4097083806991577,0.10229486227035522,0.9831574559211731,-1.5614067316055298,-0.06174398213624954,1.0443073511123657,-1.5708242654800415,0.0017804233357310295,1.0058444738388062,-1.6884812116622925,-0.06554090231657028,1.0816586017608643,-1.6024271249771118,4.138544082641602,1.4719411134719849,7.848766326904297,-2.4042227268218994,2.6113014221191406,8.114921569824219,0.8356764316558838,-4.702816009521484,0.2899707853794098,-2.189366102218628,-3.4091591835021973,2.75338077545166,0.0,0.0,0.0,0.0,0.0,0.0,0.0,0.0,0.0,0.0,0.0,0.0
run-0cbf4a31137e48c79a1f61b4bb639a3e,1288,,15831719286995,true,9.157458305358887,-0.09849225729703903,,,,0.08490802347660065,0,-0.9988866448402405,-0.05,-0.05,0.0,0.0,0.0,0.005489974282681942,-0.0021598057355731726,,,,,,true,22362,true,true,false,,,,2.5849626064300537,2.5849626064300537,2.5849626064300537,2.5849626064300537,2.5849626064300537,2.5849626064300537,2.5849626064300537,2.5849626064300537,2.5849626064300537,2.5849626064300537,2.5849626064300537,-0.2476484477519989,0.9858487844467163,-0.2780916392803192,0.41155683994293213,0.7399724721908569,-0.2531547546386719,-0.26258936524391174,1.1257188320159912,-0.4183362126350403,0.010352011770009995,0.8168405294418335,-0.7554653286933899,0.41155683994293213,0.7399724721908569,-0.2531547546386719,-0.2476484477519989,0.9858487844467163,-0.2780916392803192,0.010352011770009995,0.8168405294418335,-0.7554653286933899,-0.26258936524391174,1.1257188320159912,-0.4183362126350403,0.10288920998573303,0.9849931001663208,-1.563288688659668,-0.061912111937999725,1.0464621782302856,-1.5695228576660156,0.0025880029425024986,1.004210114479065,-1.688866376876831,-0.06564734131097794,1.0814297199249268,-1.6045840978622437,4.1243414878845215,1.4861063957214355,7.844979286193848,-2.4432339668273926,2.6301181316375732,8.165665626525879,0.8704919815063477,-4.738976001739502,0.2898923456668854,-2.1862757205963135,-3.4454383850097656,2.683955669403076,0.0,0.0,0.0,0.0,0.0,0.0,0.0,0.0,0.0,0.0,0.0,0.0
run-0cbf4a31137e48c79a1f61b4bb639a3e,1292,,15831759247685,true,9.15769100189209,-0.09856360405683517,,,,0.08434103429317474,0,-0.9988864660263062,-0.05,-0.05,0.0,0.0,0.0,0.005370466969907284,-0.0021481094881892204,,,,,,true,114146,true,true,false,,,,2.5849626064300537,2.5849626064300537,2.5849626064300537,2.5849626064300537,2.5849626064300537,2.5849626064300537,2.5849626064300537,2.5849626064300537,2.5849626064300537,2.5849626064300537,2.5849626064300537,-0.24794688820838928,0.9915840029716492,-0.274431973695755,0.4130345284938812,0.7448431253433228,-0.25846153497695923,-0.26284706592559814,1.1250849962234497,-0.42416077852249146,0.012482117861509323,0.8124940991401672,-0.7563430070877075,0.4130345284938812,0.7448431253433228,-0.25846153497695923,-0.24794688820838928,0.9915840029716492,-0.274431973695755,0.012482117861509323,0.8124940991401672,-0.7563430070877075,-0.26284706592559814,1.1250849962234497,-0.42416077852249146,0.1032586321234703,0.986210823059082,-1.5646153688430786,-0.06198672205209732,1.0478960275650024,-1.568608045578003,0.0031205294653773308,1.0031235218048096,-1.6890857219696045,-0.06571176648139954,1.0812712907791138,-1.6060402393341064,4.11273717880249,1.4939160346984863,7.842570781707764,-2.469494342803955,2.6409976482391357,8.200932502746582,0.8943213224411011,-4.761294364929199,0.2916722893714905,-2.1833651065826416,-3.470541477203369,2.636549949645996,0.0,0.0,0.0,0.0,0.0,0.0,0.0,0.0,0.0,0.0,0.0,0.0
run-0cbf4a31137e48c79a1f61b4bb639a3e,1298,,15831821693025,true,9.15800666809082,-0.09866324812173843,,,,0.08355526626110077,0,-0.9988864064216614,-0.05,-0.05,0.0,0.0,0.0,0.00527840293943882,-0.002174695720896125,,,,,,true,1541155,true,true,false,,,,2.5849626064300537,2.5849626064300537,2.5849626064300537,2.5849626064300537,2.5849626064300537,2.5849626064300537,2.5849626064300537,2.5849626064300537,2.5849626064300537,2.5849626064300537,2.5849626064300537,-0.2486434280872345,1.000126838684082,-0.2687493562698364,0.41513386368751526,0.7520734071731567,-0.26612553000450134,-0.2631409466266632,1.1238826513290405,-0.4326528310775757,0.015600435435771942,0.8060454726219177,-0.7577682137489319,0.41513386368751526,0.7520734071731567,-0.26612553000450134,-0.2486434280872345,1.000126838684082,-0.2687493562698364,0.015600435435771942,0.8060454726219177,-0.7577682137489319,-0.2631409466266632,1.1238826513290405,-0.4326528310775757,0.10378346592187881,0.9880183935165405,-1.5665314197540283,-0.062160857021808624,1.0500316619873047,-1.5671873092651367,0.0039001088589429855,1.0015113353729248,-1.6894420385360718,-0.0657852366566658,1.0809706449508667,-1.6081632375717163,4.0971150398254395,1.508912444114685,7.836777210235596,-2.507875442504883,2.661292552947998,8.253671646118164,0.928790807723999,-4.794549942016602,0.29281020164489746,-2.1784791946411133,-3.507192850112915,2.567627191543579,0.0,0.0,0.0,0.0,0.0,0.0,0.0,0.0,0.0,0.0,0.0,0.0
run-0cbf4a31137e48c79a1f61b4bb639a3e,1304,,15831879561094,true,9.158336639404297,-0.09877240657806396,,,,0.08271853625774384,0,-0.9988862872123718,-0.05,-0.05,0.0,0.0,0.0,0.005162997171282768,-0.0022136636544018984,,,,,,true,842308,true,true,false,,,,2.5849626064300537,2.5849626064300537,2.5849626064300537,2.5849626064300537,2.5849626064300537,2.5849626064300537,2.5849626064300537,2.5849626064300537,2.5849626064300537,2.5849626064300537,2.5849626064300537,-0.2492644488811493,1.0084834098815918,-0.2629905939102173,0.4171072244644165,0.7592872381210327,-0.2738298177719116,-0.2632577419281006,1.1225934028625488,-0.4414491653442383,0.01864789053797722,0.7996839284896851,-0.7591365575790405,0.4171072244644165,0.7592872381210327,-0.2738298177719116,-0.2492644488811493,1.0084834098815918,-0.2629905939102173,0.01864789053797722,0.7996839284896851,-0.7591365575790405,-0.2632577419281006,1.1225934028625488,-0.4414491653442383,0.10427680611610413,0.9898217916488647,-1.5684574842453003,-0.06231611222028732,1.0521209239959717,-1.565747618675232,0.004661972634494305,0.9999209642410278,-1.6897841691970825,-0.06581443548202515,1.080648422241211,-1.6103622913360596,4.0791015625,1.5219790935516357,7.833409309387207,-2.5471620559692383,2.6784515380859375,8.306523323059082,0.9637553691864014,-4.825827121734619,0.29549872875213623,-2.1712305545806885,-3.5454206466674805,2.4957523345947266,0.0,0.0,0.0,0.0,0.0,0.0,0.0,0.0,0.0,0.0,0.0,0.0
run-0cbf4a31137e48c79a1f61b4bb639a3e,1310,,15831939437183,true,9.158650398254395,-0.09888176620006561,,,,0.08193475008010864,0,-0.9988861083984375,-0.05,-0.05,0.0,0.0,0.0,0.0050431848503649235,-0.0022572230082005262,,,,,,true,61102,true,true,false,,,,2.5849626064300537,2.5849626064300537,2.5849626064300537,2.5849626064300537,2.5849626064300537,2.5849626064300537,2.5849626064300537,2.5849626064300537,2.5849626064300537,2.5849626064300537,2.5849626064300537,-0.2500019669532776,1.0167776346206665,-0.2571042478084564,0.41904982924461365,0.7664809823036194,-0.2813515365123749,-0.26331812143325806,1.1211377382278442,-0.4502432346343994,0.021592888981103897,0.7933763265609741,-0.7606679201126099,0.41904982924461365,0.7664809823036194,-0.2813515365123749,-0.2500019669532776,1.0167776346206665,-0.2571042478084564,0.021592888981103897,0.7933763265609741,-0.7606679201126099,-0.26331812143325806,1.1211377382278442,-0.4502432346343994,0.10476245731115341,0.9916202425956726,-1.5703378915786743,-0.0625004917383194,1.054194450378418,-1.564276099205017,0.005398222245275974,0.9983440637588501,-1.69016695022583,-0.06582953035831451,1.0802844762802124,-1.612560749053955,4.063351631164551,1.5379987955093384,7.827505111694336,-2.5846312046051025,2.698878288269043,8.358733177185059,0.9973296523094177,-4.857930660247803,0.2965865135192871,-2.163644552230835,-3.58257794380188,2.424194812774658,0.0,0.0,0.0,0.0,0.0,0.0,0.0,0.0,0.0,0.0,0.0,0.0
run-0cbf4a31137e48c79a1f61b4bb639a3e,1314,,15831979151530,true,9.158855438232422,-0.09895647317171097,,,,0.08137021958827972,0,-0.998885989189148,-0.05,-0.05,0.0,0.0,0.0,0.004963776562362909,-0.002284814603626728,,,,,,true,472131,true,true,false,,,,2.5849626064300537,2.5849626064300537,2.5849626064300537,2.5849626064300537,2.5849626064300537,2.5849626064300537,2.5849626064300537,2.5849626064300537,2.5849626064300537,2.5849626064300537,2.5849626064300537,-0.2504581809043884,1.0221734046936035,-0.25312286615371704,0.42026275396347046,0.7712842226028442,-0.2863823175430298,-0.2632175385951996,1.1201022863388062,-0.4563026428222656,0.023524288088083267,0.7892448902130127,-0.7616404891014099,0.42026275396347046,0.7712842226028442,-0.2863823175430298,-0.2504581809043884,1.0221734046936035,-0.25312286615371704,0.023524288088083267,0.7892448902130127,-0.7616404891014099,-0.2632175385951996,1.1201022863388062,-0.4563026428222656,0.10506568849086761,0.9928210973739624,-1.571595549583435,-0.0626145452260971,1.0555434226989746,-1.563280701637268,0.005881072022020817,0.9973112344741821,-1.6904101371765137,-0.0658043846487999,1.080025553703308,-1.6140756607055664,4.050801753997803,1.5469040870666504,7.82603645324707,-2.6108198165893555,2.7097020149230957,8.393828392028809,1.0201936960220337,-4.878114223480225,0.2986803352832794,-2.1568374633789062,-3.6090164184570312,2.3747072219848633,0.0,0.0,0.0,0.0,0.0,0.0,0.0,0.0,0.0,0.0,0.0,0.0
run-0cbf4a31137e48c79a1f61b4bb639a3e,1320,,15832041284113,true,9.159156799316406,-0.09907136857509613,,,,0.08057086914777756,0,-0.998885452747345,-0.05,-0.05,0.0,0.0,0.0,0.004724146332591772,-0.0022997427731752396,,,,,,true,710807,true,true,false,,,,2.5849626064300537,2.5849626064300537,2.5849626064300537,2.5849626064300537,2.5849626064300537,2.5849626064300537,2.5849626064300537,2.5849626064300537,2.5849626064300537,2.5849626064300537,2.5849626064300537,-0.250985324382782,1.0304619073867798,-0.24694082140922546,0.4221542477607727,0.7785536050796509,-0.2942012548446655,-0.26320144534111023,1.11855947971344,-0.465448260307312,0.02627459540963173,0.7829678654670715,-0.7632285356521606,0.4221542477607727,0.7785536050796509,-0.2942012548446655,-0.250985324382782,1.0304619073867798,-0.24694082140922546,0.02627459540963173,0.7829678654670715,-0.7632285356521606,-0.26320144534111023,1.11855947971344,-0.465448260307312,0.10553856194019318,0.9946384429931641,-1.5735503435134888,-0.0627463310956955,1.0576155185699463,-1.5617351531982422,0.006568648852407932,0.9957419633865356,-1.6908071041107178,-0.06580036133527756,1.0796399116516113,-1.6163620948791504,4.035269737243652,1.5638618469238281,7.817507266998291,-2.645989179611206,2.730984926223755,8.446634292602539,1.0528658628463745,-4.91054105758667,0.3003084659576416,-2.147702693939209,-3.646106481552124,2.299960136413574,0.0,0.0,0.0,0.0,0.0,0.0,0.0,0.0,0.0,0.0,0.0,0.0
run-0cbf4a31137e48c79a1f61b4bb639a3e,1324,,15832079092509,true,9.15934944152832,-0.09914834052324295,,,,0.0800783559679985,0,-0.9988856911659241,-0.05,-0.05,0.0,0.0,0.0,0.004699280019849539,-0.0023234107065945864,,,,,,true,173664,true,true,false,,,,2.5849626064300537,2.5849626064300537,2.5849626064300537,2.5849626064300537,2.5849626064300537,2.5849626064300537,2.5849626064300537,2.5849626064300537,2.5849626064300537,2.5849626064300537,2.5849626064300537,-0.25158095359802246,1.0357719659805298,-0.242508202791214,0.4231320917606354,0.7832462191581726,-0.29911503195762634,-0.2629920542240143,1.117289423942566,-0.4711092710494995,0.028161469846963882,0.7789520025253296,-0.7641662955284119,0.4231320917606354,0.7832462191581726,-0.29911503195762634,-0.25158095359802246,1.0357719659805298,-0.242508202791214,0.028161469846963882,0.7789520025253296,-0.7641662955284119,-0.2629920542240143,1.117289423942566,-0.4711092710494995,0.10578302294015884,0.9958115816116333,-1.5747787952423096,-0.06289523839950562,1.0589430332183838,-1.5606271028518677,0.007040367461740971,0.994737982749939,-1.6910415887832642,-0.06574801355600357,1.079322338104248,-1.6177773475646973,4.02353572845459,1.5751726627349854,7.813271999359131,-2.6704509258270264,2.7454161643981934,8.483534812927246,1.0745646953582764,-4.931065559387207,0.30238136649131775,-2.1404035091400146,-3.672020196914673,2.2544100284576416,0.0,0.0,0.0,0.0,0.0,0.0,0.0,0.0,0.0,0.0,0.0,0.0
run-0cbf4a31137e48c79a1f61b4bb639a3e,1330,,15832139503440,true,9.159639358520508,-0.09926944971084595,,,,0.07924750447273254,0,-0.9988857507705688,-0.05,-0.05,0.0,0.0,0.0,0.004682566504925489,-0.0024416528176516294,,,,,,true,525590,true,true,false,,,,2.5849626064300537,2.5849626064300537,2.5849626064300537,2.5849626064300537,2.5849626064300537,2.5849626064300537,2.5849626064300537,2.5849626064300537,2.5849626064300537,2.5849626064300537,2.5849626064300537,-0.2526473104953766,1.0433775186538696,-0.23658311367034912,0.42459574341773987,0.7904560565948486,-0.3056749403476715,-0.26232588291168213,1.1152012348175049,-0.48034805059432983,0.030924584716558456,0.7731515765190125,-0.7657749056816101,0.42459574341773987,0.7904560565948486,-0.3056749403476715,-0.2526473104953766,1.0433775186538696,-0.23658311367034912,0.030924584716558456,0.7731515765190125,-0.7657749056816101,-0.26232588291168213,1.1152012348175049,-0.48034805059432983,0.10614893585443497,0.9976140260696411,-1.5764187574386597,-0.06316182762384415,1.0608444213867188,-1.5591458082199097,0.007731146179139614,0.9932879209518433,-1.691443681716919,-0.06558147072792053,1.0788003206253052,-1.6200870275497437,4.0029520988464355,1.5903894901275635,7.816895484924316,-2.7114577293395996,2.7608425617218018,8.533082008361816,1.1077656745910645,-4.959568977355957,0.3055647313594818,-2.125657558441162,-3.7142837047576904,2.179400682449341,0.0,0.0,0.0,0.0,0.0,0.0,0.0,0.0,0.0,0.0,0.0,0.0
run-0cbf4a31137e48c79a1f61b4bb639a3e,1334,,15832178785652,true,9.159830093383789,-0.09935320168733597,,,,0.07871554791927338,0,-0.9988855123519897,-0.05,-0.05,0.0,0.0,0.0,0.004574503283947706,-0.002462350530549884,,,,,,true,892256,true,true,false,,,,2.5849626064300537,2.5849626064300537,2.5849626064300537,2.5849626064300537,2.5849626064300537,2.5849626064300537,2.5849626064300537,2.5849626064300537,2.5849626064300537,2.5849626064300537,2.5849626064300537,-0.25315621495246887,1.0484764575958252,-0.23250803351402283,0.4256468117237091,0.7952426671981812,-0.31027576327323914,-0.26201990246772766,1.1138761043548584,-0.48653918504714966,0.03268155828118324,0.769242525100708,-0.7668023109436035,0.4256468117237091,0.7952426671981812,-0.31027576327323914,-0.25315621495246887,1.0484764575958252,-0.23250803351402283,0.03268155828118324,0.769242525100708,-0.7668023109436035,-0.26201990246772766,1.1138761043548584,-0.48653918504714966,0.10641170293092728,0.9988106489181519,-1.5775688886642456,-0.06328905373811722,1.0621191263198853,-1.5581270456314087,0.00817038957029581,0.992310643196106,-1.6917005777359009,-0.06550497561693192,1.0784690380096436,-1.621634840965271,3.9911210536956787,1.6016247272491455,7.815710544586182,-2.735861301422119,2.7729556560516357,8.566336631774902,1.1289558410644531,-4.979953765869141,0.3079356253147125,-2.116943120956421,-3.7410120964050293,2.129296064376831,0.0,0.0,0.0,0.0,0.0,0.0,0.0,0.0,0.0,0.0,0.0,0.0
run-0cbf4a31137e48c79a1f61b4bb639a3e,1340,,15832239772708,true,9.160099029541016,-0.09947614371776581,,,,0.07795819640159607,0,-0.9988852143287659,-0.05,-0.05,0.0,0.0,0.0,0.004387219902127981,-0.002468717284500599,,,,,,true,239890,true,true,false,,,,2.5849626064300537,2.5849626064300537,2.5849626064300537,2.5849626064300537,2.5849626064300537,2.5849626064300537,2.5849626064300537,2.5849626064300537,2.5849626064300537,2.5849626064300537,2.5849626064300537,-0.2538183033466339,1.0562944412231445,-0.22592693567276,0.42706525325775146,0.8024538159370422,-0.317340612411499,-0.2615676820278168,1.1117992401123047,-0.4955146312713623,0.03520249202847481,0.7634038329124451,-0.7683607339859009,0.42706525325775146,0.8024538159370422,-0.317340612411499,-0.2538183033466339,1.0562944412231445,-0.22592693567276,0.03520249202847481,0.7634038329124451,-0.7683607339859009,-0.2615676820278168,1.1117992401123047,-0.4955146312713623,0.10676631331443787,1.0006134510040283,-1.5793352127075195,-0.06345457583665848,1.0640735626220703,-1.5564817190170288,0.008800623007118702,0.9908509850502014,-1.6920901536941528,-0.0653919205069542,1.0779497623443604,-1.6238787174224854,3.9739277362823486,1.6208127737045288,7.810110569000244,-2.769843339920044,2.7949938774108887,8.618766784667969,1.159435749053955,-5.011241912841797,0.3111175298690796,-2.1040854454040527,-3.780163526535034,2.0567352771759033,0.0,0.0,0.0,0.0,0.0,0.0,0.0,0.0,0.0,0.0,0.0,0.0
run-0cbf4a31137e48c79a1f61b4bb639a3e,1344,,15832279705175,true,9.160277366638184,-0.09956184029579163,,,,0.07741766422986984,0,-0.9988850951194763,-0.05,-0.05,0.0,0.0,0.0,0.0043058739975094795,-0.002493009902536869,,,,,,true,1105500,true,true,false,,,,2.5849626064300537,2.5849626064300537,2.5849626064300537,2.5849626064300537,2.5849626064300537,2.5849626064300537,2.5849626064300537,2.5849626064300537,2.5849626064300537,2.5849626064300537,2.5849626064300537,-0.25428125262260437,1.0613502264022827,-0.22149109840393066,0.42784783244132996,0.8072667121887207,-0.3219276964664459,-0.2610810697078705,1.110291838645935,-0.5015347003936768,0.036883722990751266,0.7596551179885864,-0.7692818641662598,0.42784783244132996,0.8072667121887207,-0.3219276964664459,-0.25428125262260437,1.0613502264022827,-0.22149109840393066,0.036883722990751266,0.7596551179885864,-0.7692818641662598,-0.2610810697078705,1.110291838645935,-0.5015347003936768,0.10696195811033249,1.001816749572754,-1.5804818868637085,-0.06357031315565109,1.0653375387191772,-1.555372714996338,0.009220930747687817,0.989913821220398,-1.692320466041565,-0.06527026742696762,1.0775729417800903,-1.6253836154937744,3.959787607192993,1.6320210695266724,7.8098368644714355,-2.794135808944702,2.8071272373199463,8.653643608093262,1.1803823709487915,-5.0304083824157715,0.31523314118385315,-2.093496084213257,-3.8082504272460938,2.0079851150512695,0.0,0.0,0.0,0.0,0.0,0.0,0.0,0.0,0.0,0.0,0.0,0.0
run-0cbf4a31137e48c79a1f61b4bb639a3e,1350,,15832339318878,true,9.160540580749512,-0.09969373047351837,,,,0.07667226344347,0,-0.998884916305542,-0.05,-0.05,0.0,0.0,0.0,0.004178230185061693,-0.0025476112496107817,,,,,,true,71697,true,true,false,,,,2.5849626064300537,2.5849626064300537,2.5849626064300537,2.5849626064300537,2.5849626064300537,2.5849626064300537,2.5849626064300537,2.5849626064300537,2.5849626064300537,2.5849626064300537,2.5849626064300537,-0.2550877332687378,1.0689409971237183,-0.21487972140312195,0.428985059261322,0.8145030736923218,-0.3284011781215668,-0.26034578680992126,1.1078983545303345,-0.5104479193687439,0.03930278494954109,0.7540991306304932,-0.7708230018615723,0.428985059261322,0.8145030736923218,-0.3284011781215668,-0.2550877332687378,1.0689409971237183,-0.21487972140312195,0.03930278494954109,0.7540991306304932,-0.7708230018615723,-0.26034578680992126,1.1078983545303345,-0.5104479193687439,0.1072462648153305,1.003625750541687,-1.58210027217865,-0.06377193331718445,1.0672352313995361,-1.5537198781967163,0.009825696237385273,0.9885247945785522,-1.692705750465393,-0.06508644670248032,1.076974630355835,-1.6276119947433472,3.940993070602417,1.6525042057037354,7.807660102844238,-2.8285534381866455,2.829270839691162,8.704538345336914,1.2100200653076172,-5.060227870941162,0.3191259503364563,-2.0782310962677,-3.8488497734069824,1.9360086917877197,0.0,0.0,0.0,0.0,0.0,0.0,0.0,0.0,0.0,0.0,0.0,0.0
run-0cbf4a31137e48c79a1f61b4bb639a3e,1356,,15832398801896,true,9.160796165466309,-0.09982913732528687,,,,0.07591001689434052,0,-0.9988847374916077,-0.05,-0.05,0.0,0.0,0.0,0.004053137730807066,-0.0025914062280207872,,,,,,true,58467,true,true,false,,,,2.5849626064300537,2.5849626064300537,2.5849626064300537,2.5849626064300537,2.5849626064300537,2.5849626064300537,2.5849626064300537,2.5849626064300537,2.5849626064300537,2.5849626064300537,2.5849626064300537,-0.25583794713020325,1.0763702392578125,-0.20819208025932312,0.4300226867198944,0.8217588067054749,-0.33473527431488037,-0.2594752013683319,1.1053800582885742,-0.5194330215454102,0.041640106588602066,0.7486855387687683,-0.7723205089569092,0.4300226867198944,0.8217588067054749,-0.33473527431488037,-0.25583794713020325,1.0763702392578125,-0.20819208025932312,0.041640106588602066,0.7486855387687683,-0.7723205089569092,-0.2594752013683319,1.1053800582885742,-0.5194330215454102,0.1075056716799736,1.0054397583007812,-1.5836838483810425,-0.06395948678255081,1.0690925121307373,-1.5520479679107666,0.010410026647150517,0.9871714115142822,-1.693080186843872,-0.06486880034208298,1.0763449668884277,-1.6298582553863525,3.920997381210327,1.6725963354110718,7.8073248863220215,-2.8629510402679443,2.850099563598633,8.754972457885742,1.2393620014190674,-5.0892839431762695,0.32422059774398804,-2.061485528945923,-3.8906607627868652,1.8634155988693237,0.0,0.0,0.0,0.0,0.0,0.0,0.0,0.0,0.0,0.0,0.0,0.0
run-0cbf4a31137e48c79a1f61b4bb639a3e,1360,,15832439263333,true,9.160970687866211,-0.09992597997188568,,,,0.07538057863712311,0,-0.9988846182823181,-0.05,-0.05,0.0,0.0,0.0,0.003960195928812027,-0.002619556151330471,,,,,,true,3620,true,true,false,,,,2.5849626064300537,2.5849626064300537,2.5849626064300537,2.5849626064300537,2.5849626064300537,2.5849626064300537,2.5849626064300537,2.5849626064300537,2.5849626064300537,2.5849626064300537,2.5849626064300537,-0.2563048303127289,1.081187129020691,-0.20377865433692932,0.4306522011756897,0.8266067504882812,-0.3388364911079407,-0.25878939032554626,1.103641152381897,-0.5255693197250366,0.04317469522356987,0.7451733946800232,-0.7732790112495422,0.4306522011756897,0.8266067504882812,-0.3388364911079407,-0.2563048303127289,1.081187129020691,-0.20377865433692932,0.04317469522356987,0.7451733946800232,-0.7732790112495422,-0.25878939032554626,1.103641152381897,-0.5255693197250366,0.10766305029392242,1.0066516399383545,-1.5847091674804688,-0.06407620757818222,1.0702967643737793,-1.5509446859359741,0.010793673805892467,0.986293375492096,-1.6933197975158691,-0.06469734758138657,1.0759103298187256,-1.6313923597335815,3.906543016433716,1.6853258609771729,7.809040546417236,-2.886270523071289,2.8624446392059326,8.78762435913086,1.2590868473052979,-5.107967853546143,0.32863849401474,-2.0491254329681396,-3.919405460357666,1.81373929977417,0.0,0.0,0.0,0.0,0.0,0.0,0.0,0.0,0.0,0.0,0.0,0.0
run-0cbf4a31137e48c79a1f61b4bb639a3e,1366,,15832499280207,true,9.16120433807373,-0.10006141662597656,,,,0.07466045022010803,0,-0.9988843202590942,-0.05,-0.05,0.0,0.0,0.0,0.0038053919561207294,-0.0026307692751288414,,,,,,true,473270,true,true,false,,,,2.5849626064300537,2.5849626064300537,2.5849626064300537,2.5849626064300537,2.5849626064300537,2.5849626064300537,2.5849626064300537,2.5849626064300537,2.5849626064300537,2.5849626064300537,2.5849626064300537,-0.257000207901001,1.0885872840881348,-0.1967991590499878,0.4315105676651001,0.8339303731918335,-0.3449181616306305,-0.25781917572021484,1.1009302139282227,-0.5343926548957825,0.04534197226166725,0.7399545907974243,-0.7748682498931885,0.4315105676651001,0.8339303731918335,-0.3449181616306305,-0.257000207901001,1.0885872840881348,-0.1967991590499878,0.04534197226166725,0.7399545907974243,-0.7748682498931885,-0.25781917572021484,1.1009302139282227,-0.5343926548957825,0.10787764191627502,1.008482575416565,-1.5862295627593994,-0.06425005197525024,1.0721468925476074,-1.5491998195648193,0.011335493065416813,0.9849886894226074,-1.6937170028686523,-0.06445479393005371,1.0752325057983398,-1.6335982084274292,3.887056350708008,1.7085367441177368,7.807238578796387,-2.9182205200195312,2.8863372802734375,8.838483810424805,1.2865912914276123,-5.136692047119141,0.3328820765018463,-2.0318448543548584,-3.960634469985962,1.742475152015686,0.0,0.0,0.0,0.0,0.0,0.0,0.0,0.0,0.0,0.0,0.0,0.0
run-0cbf4a31137e48c79a1f61b4bb639a3e,1370,,15832539595041,true,9.161368370056152,-0.1001606434583664,,,,0.07414460927248001,0,-0.9988842010498047,-0.05,-0.05,0.0,0.0,0.0,0.003710496937856078,-0.002650692593306303,,,,,,true,155026,true,true,false,,,,2.5849626064300537,2.5849626064300537,2.5849626064300537,2.5849626064300537,2.5849626064300537,2.5849626064300537,2.5849626064300537,2.5849626064300537,2.5849626064300537,2.5849626064300537,2.5849626064300537,-0.25741133093833923,1.0933849811553955,-0.19214028120040894,0.43196481466293335,0.8388310670852661,-0.34891477227211,-0.2570246458053589,1.0990451574325562,-0.5403974056243896,0.046775419265031815,0.736603319644928,-0.7758355140686035,0.43196481466293335,0.8388310670852661,-0.34891477227211,-0.25741133093833923,1.0933849811553955,-0.19214028120040894,0.046775419265031815,0.736603319644928,-0.7758355140686035,-0.2570246458053589,1.0990451574325562,-0.5403974056243896,0.10799120366573334,1.0097078084945679,-1.5872286558151245,-0.06435283273458481,1.0733462572097778,-1.5480350255966187,0.011693854816257954,0.9841508269309998,-1.6939588785171509,-0.06425616145133972,1.0747612714767456,-1.6350994110107422,3.871918201446533,1.722817301750183,7.808419704437256,-2.9403839111328125,2.900144100189209,8.871670722961426,1.3054611682891846,-5.15434455871582,0.33747726678848267,-2.0185868740081787,-3.9894676208496094,1.6936917304992676,0.0,0.0,0.0,0.0,0.0,0.0,0.0,0.0,0.0,0.0,0.0,0.0
run-0cbf4a31137e48c79a1f61b4bb639a3e,1376,,15832598652971,true,9.161596298217773,-0.1003047451376915,,,,0.07341312617063522,0,-0.9988840222358704,-0.05,-0.05,0.0,0.0,0.0,0.00360550987534225,-0.002695882460102439,,,,,,true,28393,true,true,false,,,,2.5849626064300537,2.5849626064300537,2.5849626064300537,2.5849626064300537,2.5849626064300537,2.5849626064300537,2.5849626064300537,2.5849626064300537,2.5849626064300537,2.5849626064300537,2.5849626064300537,-0.25812044739723206,1.100579857826233,-0.1850247085094452,0.4325418472290039,0.8462153673171997,-0.3545815348625183,-0.25576117634773254,1.0960593223571777,-0.5491961240768433,0.048827383667230606,0.7316980957984924,-0.777387261390686,0.4325418472290039,0.8462153673171997,-0.3545815348625183,-0.25812044739723206,1.100579857826233,-0.1850247085094452,0.048827383667230606,0.7316980957984924,-0.777387261390686,-0.25576117634773254,1.0960593223571777,-0.5491961240768433,0.10813546180725098,1.0115538835525513,-1.588645339012146,-0.06453011184930801,1.0751450061798096,-1.546256184577942,0.012206845916807652,0.9829245209693909,-1.6943467855453491,-0.06394029408693314,1.0740149021148682,-1.6372990608215332,3.849928855895996,1.7466148138046265,7.809807777404785,-2.9727132320404053,2.923279285430908,8.9215726852417,1.3323919773101807,-5.180582046508789,0.3430245816707611,-1.9986279010772705,-4.03240966796875,1.6223268508911133,0.0,0.0,0.0,0.0,0.0,0.0,0.0,0.0,0.0,0.0,0.0,0.0
run-0cbf4a31137e48c79a1f61b4bb639a3e,1380,,15832638984533,true,9.161738395690918,-0.10039788484573364,,,,0.07292693853378296,0,-0.9988839626312256,-0.05,-0.05,0.0,0.0,0.0,0.003545330371707678,-0.0027261904906481504,,,,,,true,1366041,true,true,false,,,,2.5849626064300537,2.5849626064300537,2.5849626064300537,2.5849626064300537,2.5849626064300537,2.5849626064300537,2.5849626064300537,2.5849626064300537,2.5849626064300537,2.5849626064300537,2.5849626064300537,-0.2586216330528259,1.1052685976028442,-0.1803281307220459,0.43289104104042053,0.8511450886726379,-0.358093798160553,-0.2548442780971527,1.0939953327178955,-0.5550881624221802,0.05014361813664436,0.7285303473472595,-0.7783995270729065,0.43289104104042053,0.8511450886726379,-0.358093798160553,-0.2586216330528259,1.1052685976028442,-0.1803281307220459,0.05014361813664436,0.7285303473472595,-0.7783995270729065,-0.2548442780971527,1.0939953327178955,-0.5550881624221802,0.10822276026010513,1.0127862691879272,-1.589523434638977,-0.06465540826320648,1.0763171911239624,-1.5450820922851562,0.01253590453416109,0.982132613658905,-1.6945998668670654,-0.06371106952428818,1.0734988451004028,-1.6387720108032227,3.8350882530212402,1.7628374099731445,7.812282562255859,-2.9943487644195557,2.9383745193481445,8.95387077331543,1.3499141931533813,-5.197427272796631,0.34703636169433594,-1.9847373962402344,-4.06132173538208,1.5744785070419312,0.0,0.0,0.0,0.0,0.0,0.0,0.0,0.0,0.0,0.0,0.0,0.0
run-0cbf4a31137e48c79a1f61b4bb639a3e,1386,,15832699356711,true,9.16196346282959,-0.10055162757635117,,,,0.07220788300037384,0,-0.9988836050033569,-0.05,-0.05,0.0,0.0,0.0,0.0033913806546479464,-0.0027320662047713995,,,,,,true,722416,true,true,false,,,,2.5849626064300537,2.5849626064300537,2.5849626064300537,2.5849626064300537,2.5849626064300537,2.5849626064300537,2.5849626064300537,2.5849626064300537,2.5849626064300537,2.5849626064300537,2.5849626064300537,-0.25926753878593445,1.1122519969940186,-0.1731993556022644,0.4334174394607544,0.8585361242294312,-0.36324045062065125,-0.2534879148006439,1.090866208076477,-0.5638811588287354,0.051966745406389236,0.7238514423370361,-0.7798527479171753,0.4334174394607544,0.8585361242294312,-0.36324045062065125,-0.25926753878593445,1.1122519969940186,-0.1731993556022644,0.051966745406389236,0.7238514423370361,-0.7798527479171753,-0.2534879148006439,1.090866208076477,-0.5638811588287354,0.1083543598651886,1.0146340131759644,-1.5908100605010986,-0.06481688469648361,1.0780630111694336,-1.5432997941970825,0.012991686351597309,0.980962872505188,-1.6949632167816162,-0.06337197870016098,1.0727165937423706,-1.640970230102539,3.813493013381958,1.788076639175415,7.815530300140381,-3.025282382965088,2.9618327617645264,9.001981735229492,1.374977707862854,-5.222373008728027,0.3535521328449249,-1.964033842086792,-4.104168891906738,1.502891182899475,0.0,0.0,0.0,0.0,0.0,0.0,0.0,0.0,0.0,0.0,0.0,0.0
run-0cbf4a31137e48c79a1f61b4bb639a3e,1390,,15832746490837,true,9.16209602355957,-0.10064622759819031,,,,0.07176025211811066,0,-0.9988834857940674,-0.05,-0.05,0.0,0.0,0.0,0.0033082300797104836,-0.0027338736690580845,,,,,,true,973298,true,true,false,,,,2.5849626064300537,2.5849626064300537,2.5849626064300537,2.5849626064300537,2.5849626064300537,2.5849626064300537,2.5849626064300537,2.5849626064300537,2.5849626064300537,2.5849626064300537,2.5849626064300537,-0.2597104012966156,1.1169192790985107,-0.16828155517578125,0.43373340368270874,0.8634377121925354,-0.36656510829925537,-0.2525887191295624,1.08870530128479,-0.5695451498031616,0.05307338759303093,0.7207543253898621,-0.7808641195297241,0.43373340368270874,0.8634377121925354,-0.36656510829925537,-0.2597104012966156,1.1169192790985107,-0.16828155517578125,0.05307338759303093,0.7207543253898621,-0.7808641195297241,-0.2525887191295624,1.08870530128479,-0.5695451498031616,0.10843335092067719,1.0158594846725464,-1.5916413068771362,-0.0649276003241539,1.0792298316955566,-1.5420703887939453,0.013268346898257732,0.9801886081695557,-1.6952160596847534,-0.0631471797823906,1.0721763372421265,-1.6423863172531128,3.7999701499938965,1.806154727935791,7.816440582275391,-3.044795513153076,2.979175329208374,9.034846305847168,1.390443205833435,-5.239295959472656,0.3570745289325714,-1.9506196975708008,-4.132382392883301,1.4569001197814941,0.0,0.0,0.0,0.0,0.0,0.0,0.0,0.0,0.0,0.0,0.0,0.0
run-0cbf4a31137e48c79a1f61b4bb639a3e,1396,,15832798803170,true,9.162298202514648,-0.10079585015773773,,,,0.07104306668043137,0,-0.9988832473754883,-0.05,-0.05,0.0,0.0,0.0,0.0031769685447216034,-0.0027398932725191116,,,,,,true,105240,true,true,false,,,,2.5849626064300537,2.5849626064300537,2.5849626064300537,2.5849626064300537,2.5849626064300537,2.5849626064300537,2.5849626064300537,2.5849626064300537,2.5849626064300537,2.5849626064300537,2.5849626064300537,-0.26030805706977844,1.1236964464187622,-0.1609337031841278,0.4341750144958496,0.8707759976387024,-0.37144407629966736,-0.2510804831981659,1.0853747129440308,-0.5782266855239868,0.05462047830224037,0.7162559032440186,-0.7822757959365845,0.4341750144958496,0.8707759976387024,-0.37144407629966736,-0.26030805706977844,1.1236964464187622,-0.1609337031841278,0.05462047830224037,0.7162559032440186,-0.7822757959365845,-0.2510804831981659,1.0853747129440308,-0.5782266855239868,0.1085437536239624,1.0176939964294434,-1.5928610563278198,-0.06507701426744461,1.080924153327942,-1.5402333736419678,0.013655119575560093,0.9790639877319336,-1.6955689191818237,-0.06277012079954147,1.0713436603546143,-1.6445566415786743,3.7780113220214844,1.831703543663025,7.8205180168151855,-3.074955701828003,3.002429246902466,9.082320213317871,1.4137102365493774,-5.262936592102051,0.3646136522293091,-1.9283781051635742,-4.176208972930908,1.3859128952026367,0.0,0.0,0.0,0.0,0.0,0.0,0.0,0.0,0.0,0.0,0.0,0.0
run-0cbf4a31137e48c79a1f61b4bb639a3e,1400,,15832838881287,true,9.162437438964844,-0.1009022668004036,,,,0.07057948410511017,0,-0.9988831877708435,-0.05,-0.05,0.0,0.0,0.0,0.003130002412945032,-0.0027753543108701706,,,,,,true,64931,true,true,false,,,,2.5849626064300537,2.5849626064300537,2.5849626064300537,2.5849626064300537,2.5849626064300537,2.5849626064300537,2.5849626064300537,2.5849626064300537,2.5849626064300537,2.5849626064300537,2.5849626064300537,-0.26091334223747253,1.12800931930542,-0.15623068809509277,0.43447643518447876,0.875632107257843,-0.3741619884967804,-0.24995815753936768,1.0830219984054565,-0.5840479731559753,0.055603254586458206,0.7133797407150269,-0.7833002805709839,0.43447643518447876,0.875632107257843,-0.3741619884967804,-0.26091334223747253,1.12800931930542,-0.15623068809509277,0.055603254586458206,0.7133797407150269,-0.7833002805709839,-0.24995815753936768,1.0830219984054565,-0.5840479731559753,0.10861910879611969,1.0189080238342285,-1.5935405492782593,-0.06522833555936813,1.0820024013519287,-1.539057731628418,0.013900813646614552,0.9783449172973633,-1.6958250999450684,-0.06248953938484192,1.0707554817199707,-1.6460119485855103,3.763763189315796,1.849195957183838,7.826114654541016,-3.0962231159210205,3.017197847366333,9.112005233764648,1.4285542964935303,-5.278130531311035,0.36884334683418274,-1.9129189252853394,-4.206076145172119,1.3385406732559204,0.0,0.0,0.0,0.0,0.0,0.0,0.0,0.0,0.0,0.0,0.0,0.0
run-0cbf4a31137e48c79a1f61b4bb639a3e,1406,,15832902720969,true,9.162618637084961,-0.10104576498270035,,,,0.06991343945264816,0,-0.9988829493522644,-0.05,-0.05,0.0,0.0,0.0,0.00301670772023499,-0.002780289389193058,,,,,,true,601800,true,true,false,,,,2.5849626064300537,2.5849626064300537,2.5849626064300537,2.5849626064300537,2.5849626064300537,2.5849626064300537,2.5849626064300537,2.5849626064300537,2.5849626064300537,2.5849626064300537,2.5849626064300537,-0.26172080636024475,1.1344631910324097,-0.14900672435760498,0.4349883794784546,0.882902979850769,-0.37819650769233704,-0.2483486533164978,1.0794627666473389,-0.5926926732063293,0.05689585581421852,0.7090901732444763,-0.7849292755126953,0.4349883794784546,0.882902979850769,-0.37819650769233704,-0.26172080636024475,1.1344631910324097,-0.14900672435760498,0.05689585581421852,0.7090901732444763,-0.7849292755126953,-0.2483486533164978,1.0794627666473389,-0.5926926732063293,0.10874709486961365,1.0207257270812988,-1.5945491790771484,-0.06543020159006119,1.083615779876709,-1.5372517108917236,0.01422396395355463,0.9772725701332092,-1.6962323188781738,-0.06208716332912445,1.0698657035827637,-1.648173213005066,3.744147539138794,1.877030611038208,7.832193851470947,-3.125978469848633,3.041017532348633,9.157163619995117,1.4490283727645874,-5.301276206970215,0.37404683232307434,-1.8906512260437012,-4.250020980834961,1.2682396173477173,0.0,0.0,0.0,0.0,0.0,0.0,0.0,0.0,0.0,0.0,0.0,0.0
run-0cbf4a31137e48c79a1f61b4bb639a3e,1410,,15832938975382,true,9.162749290466309,-0.10115335881710052,,,,0.06946343183517456,0,-0.9988827705383301,-0.05,-0.05,0.0,0.0,0.0,0.0029128717724233866,-0.0027685738168656826,,,,,,true,1150782,true,true,false,,,,2.5849626064300537,2.5849626064300537,2.5849626064300537,2.5849626064300537,2.5849626064300537,2.5849626064300537,2.5849626064300537,2.5849626064300537,2.5849626064300537,2.5849626064300537,2.5849626064300537,-0.2621561288833618,1.1386712789535522,-0.1440877616405487,0.43529683351516724,0.8876936435699463,-0.38094761967658997,-0.2472476065158844,1.0770667791366577,-0.5984733700752258,0.05767955258488655,0.706267237663269,-0.7859547138214111,0.43529683351516724,0.8876936435699463,-0.38094761967658997,-0.2621561288833618,1.1386712789535522,-0.1440877616405487,0.05767955258488655,0.706267237663269,-0.7859547138214111,-0.2472476065158844,1.0770667791366577,-0.5984733700752258,0.10882420837879181,1.0219234228134155,-1.595236897468567,-0.06553903222084045,1.0846678018569946,-1.5360219478607178,0.014419888146221638,0.9765667915344238,-1.696488618850708,-0.0618119016289711,1.069266676902771,-1.64961838722229,3.730729341506958,1.895119309425354,7.835678577423096,-3.145092010498047,3.0563929080963135,9.187152862548828,1.4623075723648071,-5.316356658935547,0.3784499764442444,-1.8753721714019775,-4.279563903808594,1.2211803197860718,0.0,0.0,0.0,0.0,0.0,0.0,0.0,0.0,0.0,0.0,0.0,0.0
run-0cbf4a31137e48c79a1f61b4bb639a3e,1416,,15833002742904,true,9.16292953491211,-0.10130750387907028,,,,0.06879714876413345,0,-0.9988824725151062,-0.05,-0.05,0.0,0.0,0.0,0.0027715126052498817,-0.0027660115156322718,,,,,,true,759003,true,true,false,,,,2.5849626064300537,2.5849626064300537,2.5849626064300537,2.5849626064300537,2.5849626064300537,2.5849626064300537,2.5849626064300537,2.5849626064300537,2.5849626064300537,2.5849626064300537,2.5849626064300537,-0.26289573311805725,1.1448370218276978,-0.1367369294166565,0.4357537627220154,0.8948596715927124,-0.38471341133117676,-0.24549856781959534,1.0733542442321777,-0.6071616411209106,0.058731015771627426,0.7021564841270447,-0.7875699996948242,0.4357537627220154,0.8948596715927124,-0.38471341133117676,-0.26289573311805725,1.1448370218276978,-0.1367369294166565,0.058731015771627426,0.7021564841270447,-0.7875699996948242,-0.24549856781959534,1.0733542442321777,-0.6071616411209106,0.10893844068050385,1.0237149000167847,-1.5961782932281494,-0.06572393327951431,1.0862092971801758,-1.534184217453003,0.014682753942906857,0.9755391478538513,-1.696892499923706,-0.061374641954898834,1.0683386325836182,-1.6517903804779053,3.7109344005584717,1.9228628873825073,7.842382431030273,-3.1739656925201416,3.0792934894561768,9.230978012084961,1.4812344312667847,-5.338235855102539,0.3846055269241333,-1.851746916770935,-4.32436990737915,1.1505159139633179,0.0,0.0,0.0,0.0,0.0,0.0,0.0,0.0,0.0,0.0,0.0,0.0
run-0cbf4a31137e48c79a1f61b4bb639a3e,1420,,15833039601365,true,9.163043975830078,-0.10141003131866455,,,,0.06836415827274323,0,-0.9988822340965271,-0.05,-0.05,0.0,0.0,0.0,0.0026473167818039656,-0.002742297714576125,,,,,,true,83564,true,true,false,,,,2.5849626064300537,2.5849626064300537,2.5849626064300537,2.5849626064300537,2.5849626064300537,2.5849626064300537,2.5849626064300537,2.5849626064300537,2.5849626064300537,2.5849626064300537,2.5849626064300537,-0.26324495673179626,1.1490169763565063,-0.13156715035438538,0.4360562562942505,0.8996832966804504,-0.3873658776283264,-0.24437087774276733,1.0708545446395874,-0.6128433346748352,0.05929066613316536,0.6994361281394958,-0.7887048721313477,0.4360562562942505,0.8996832966804504,-0.3873658776283264,-0.26324495673179626,1.1490169763565063,-0.13156715035438538,0.05929066613316536,0.6994361281394958,-0.7887048721313477,-0.24437087774276733,1.0708545446395874,-0.6128433346748352,0.10901406407356262,1.0249208211898804,-1.5968414545059204,-0.06581123918294907,1.087254285812378,-1.5328917503356934,0.01482266653329134,0.9748590588569641,-1.697176218032837,-0.061092719435691833,1.0677136182785034,-1.6532108783721924,3.6983730792999268,1.9425170421600342,7.84453010559082,-3.1914327144622803,3.0960476398468018,9.2615327835083,1.492782711982727,-5.352794170379639,0.38830646872520447,-1.8362809419631958,-4.353880882263184,1.1041755676269531,0.0,0.0,0.0,0.0,0.0,0.0,0.0,0.0,0.0,0.0,0.0,0.0
run-0cbf4a31137e48c79a1f61b4bb639a3e,1426,,15833098531408,true,9.163209915161133,-0.10156501829624176,,,,0.06771747767925262,0,-0.9988821744918823,-0.05,-0.05,0.0,0.0,0.0,0.0025715110823512077,-0.0027870647609233856,,,,,,true,967523,true,true,false,,,,2.5849626064300537,2.5849626064300537,2.5849626064300537,2.5849626064300537,2.5849626064300537,2.5849626064300537,2.5849626064300537,2.5849626064300537,2.5849626064300537,2.5849626064300537,2.5849626064300537,-0.2641419470310211,1.1547945737838745,-0.12426269799470901,0.43640416860580444,0.906735360622406,-0.3905033469200134,-0.24237802624702454,1.0668683052062988,-0.6214982867240906,0.06017063930630684,0.6955905556678772,-0.7903933525085449,0.43640416860580444,0.906735360622406,-0.3905033469200134,-0.2641419470310211,1.1547945737838745,-0.12426269799470901,0.06017063930630684,0.6955905556678772,-0.7903933525085449,-0.24237802624702454,1.0668683052062988,-0.6214982867240906,0.10910104215145111,1.0266838073730469,-1.5976258516311646,-0.06603548675775528,1.0886986255645752,-1.5310657024383545,0.01504265982657671,0.9738976359367371,-1.6975983381271362,-0.060594506561756134,1.0667171478271484,-1.655374526977539,3.6783173084259033,1.9705966711044312,7.853881359100342,-3.220787286758423,3.117786169052124,9.302878379821777,1.510337471961975,-5.373050689697266,0.39449769258499146,-1.810886263847351,-4.400354385375977,1.0341750383377075,0.0,0.0,0.0,0.0,0.0,0.0,0.0,0.0,0.0,0.0,0.0,0.0
run-0cbf4a31137e48c79a1f61b4bb639a3e,1430,,15833139163485,true,9.163322448730469,-0.10167503356933594,,,,0.0672677606344223,0,-0.9988819360733032,-0.05,-0.05,0.0,0.0,0.0,0.002481942530721426,-0.0027943032328039408,,,,,,true,1101249,true,true,false,,,,2.5849626064300537,2.5849626064300537,2.5849626064300537,2.5849626064300537,2.5849626064300537,2.5849626064300537,2.5849626064300537,2.5849626064300537,2.5849626064300537,2.5849626064300537,2.5849626064300537,-0.2646799385547638,1.1584914922714233,-0.11947015672922134,0.4367188811302185,0.9114554524421692,-0.39247673749923706,-0.24101683497428894,1.0641852617263794,-0.6274477243423462,0.06065978482365608,0.693133533000946,-0.7915325164794922,0.4367188811302185,0.9114554524421692,-0.39247673749923706,-0.2646799385547638,1.1584914922714233,-0.11947015672922134,0.06065978482365608,0.693133533000946,-0.7915325164794922,-0.24101683497428894,1.0641852617263794,-0.6274477243423462,0.10917972028255463,1.02786386013031,-1.5981191396713257,-0.06616998463869095,1.0896228551864624,-1.5298675298690796,0.01516494620591402,0.9732834100723267,-1.697883129119873,-0.060254208743572235,1.0660463571548462,-1.6568619012832642,3.665130615234375,1.9892150163650513,7.861082077026367,-3.2402918338775635,3.1310393810272217,9.32875919342041,1.5216537714004517,-5.385626792907715,0.3993062973022461,-1.793379306793213,-4.431720733642578,0.9859063029289246,0.0,0.0,0.0,0.0,0.0,0.0,0.0,0.0,0.0,0.0,0.0,0.0
run-0cbf4a31137e48c79a1f61b4bb639a3e,1436,,15833199199096,true,9.163476943969727,-0.10183236002922058,,,,0.06665875762701035,0,-0.9988816976547241,-0.05,-0.05,0.0,0.0,0.0,0.0023376494646072388,-0.002786849159747362,,,,,,true,1114009,true,true,false,,,,2.5849626064300537,2.5849626064300537,2.5849626064300537,2.5849626064300537,2.5849626064300537,2.5849626064300537,2.5849626064300537,2.5849626064300537,2.5849626064300537,2.5849626064300537,2.5849626064300537,-0.26550668478012085,1.1640517711639404,-0.11200316250324249,0.4371633529663086,0.9184532761573792,-0.3952402174472809,-0.23902976512908936,1.060098648071289,-0.6360902786254883,0.06123247370123863,0.6894552707672119,-0.793408989906311,0.4371633529663086,0.9184532761573792,-0.3952402174472809,-0.26550668478012085,1.1640517711639404,-0.11200316250324249,0.06123247370123863,0.6894552707672119,-0.793408989906311,-0.23902976512908936,1.060098648071289,-0.6360902786254883,0.10929083824157715,1.0296133756637573,-1.598810076713562,-0.06637667119503021,1.091012954711914,-1.528000831604004,0.015308118425309658,0.9723638296127319,-1.6983522176742554,-0.05975744128227234,1.0650246143341064,-1.659022569656372,3.6474969387054443,2.019221782684326,7.869598388671875,-3.267287015914917,3.1537623405456543,9.369963645935059,1.5364559888839722,-5.405345916748047,0.403950572013855,-1.7684657573699951,-4.477657318115234,0.9163911938667297,0.0,0.0,0.0,0.0,0.0,0.0,0.0,0.0,0.0,0.0,0.0,0.0
run-0cbf4a31137e48c79a1f61b4bb639a3e,1440,,15833238988696,true,9.16357421875,-0.10193780809640884,,,,0.0662461444735527,0,-0.9988815188407898,-0.05,-0.05,0.0,0.0,0.0,0.0022469426039606333,-0.0027995724231004715,,,,,,true,358487,true,true,false,,,,2.5849626064300537,2.5849626064300537,2.5849626064300537,2.5849626064300537,2.5849626064300537,2.5849626064300537,2.5849626064300537,2.5849626064300537,2.5849626064300537,2.5849626064300537,2.5849626064300537,-0.26605355739593506,1.167602777481079,-0.10699190944433212,0.43747007846832275,0.923090934753418,-0.3968826234340668,-0.23761281371116638,1.0573186874389648,-0.6419253349304199,0.0615362785756588,0.6871168613433838,-0.7946871519088745,0.43747007846832275,0.923090934753418,-0.3968826234340668,-0.26605355739593506,1.167602777481079,-0.10699190944433212,0.0615362785756588,0.6871168613433838,-0.7946871519088745,-0.23761281371116638,1.0573186874389648,-0.6419253349304199,0.10936751961708069,1.0307726860046387,-1.599220633506775,-0.06651338934898376,1.0919007062911987,-1.5267479419708252,0.0153840696439147,0.9717792272567749,-1.698671817779541,-0.059403203427791595,1.0643296241760254,-1.660481333732605,3.6357040405273438,2.038928985595703,7.876915454864502,-3.2853243350982666,3.1679859161376953,9.396865844726562,1.5459831953048706,-5.417579650878906,0.40744271874427795,-1.750933289527893,-4.508641719818115,0.8694090247154236,0.0,0.0,0.0,0.0,0.0,0.0,0.0,0.0,0.0,0.0,0.0,0.0
run-0cbf4a31137e48c79a1f61b4bb639a3e,1446,,15833298530347,true,9.163710594177246,-0.10209270566701889,,,,0.06563401967287064,0,-0.9988813996315002,-0.05,-0.05,0.0,0.0,0.0,0.002139081945642829,-0.002842322224751115,,,,,,true,1027261,true,true,false,,,,2.5849626064300537,2.5849626064300537,2.5849626064300537,2.5849626064300537,2.5849626064300537,2.5849626064300537,2.5849626064300537,2.5849626064300537,2.5849626064300537,2.5849626064300537,2.5849626064300537,-0.2670045495033264,1.17271888256073,-0.09957744926214218,0.43793171644210815,0.93007493019104,-0.3989289104938507,-0.2353338897228241,1.0529687404632568,-0.6506667733192444,0.06191881373524666,0.6838312745094299,-0.7967203855514526,0.43793171644210815,0.93007493019104,-0.3989289104938507,-0.2670045495033264,1.17271888256073,-0.09957744926214218,0.06191881373524666,0.6838312745094299,-0.7967203855514526,-0.2353338897228241,1.0529687404632568,-0.6506667733192444,0.10948292911052704,1.032518744468689,-1.5997322797775269,-0.0667511373758316,1.093179702758789,-1.5248943567276,0.015479703433811665,0.9709578156471252,-1.6991801261901855,-0.058833472430706024,1.0632421970367432,-1.66266667842865,3.6181604862213135,2.0691323280334473,7.890373229980469,-3.3131625652313232,3.18849778175354,9.435535430908203,1.5597001314163208,-5.434485912322998,0.4123621881008148,-1.7235318422317505,-4.5562825202941895,0.7992652058601379,0.0,0.0,0.0,0.0,0.0,0.0,0.0,0.0,0.0,0.0,0.0,0.0
run-0cbf4a31137e48c79a1f61b4bb639a3e,1452,,15833358716449,true,9.16384506225586,-0.10225608199834824,,,,0.06502959877252579,0,-0.9988811612129211,-0.05,-0.05,0.0,0.0,0.0,0.0020077235531061888,-0.002877502702176571,,,,,,true,959639,true,true,false,,,,2.5849626064300537,2.5849626064300537,2.5849626064300537,2.5849626064300537,2.5849626064300537,2.5849626064300537,2.5849626064300537,2.5849626064300537,2.5849626064300537,2.5849626064300537,2.5849626064300537,-0.2680213451385498,1.177521824836731,-0.09232639521360397,0.43848901987075806,0.9370158314704895,-0.40047940611839294,-0.23298034071922302,1.0485066175460815,-0.6595147252082825,0.06220126524567604,0.68077152967453,-0.7988178730010986,0.43848901987075806,0.9370158314704895,-0.40047940611839294,-0.2680213451385498,1.177521824836731,-0.09232639521360397,0.06220126524567604,0.68077152967453,-0.7988178730010986,-0.23298034071922302,1.0485066175460815,-0.6595147252082825,0.10962225496768951,1.0342539548873901,-1.6001198291778564,-0.06700533628463745,1.094380497932434,-1.5230815410614014,0.01555031631141901,0.9701929092407227,-1.6997044086456299,-0.058245085179805756,1.062126636505127,-1.6648787260055542,3.6017332077026367,2.099700689315796,7.90654993057251,-3.3410208225250244,3.207724094390869,9.472002983093262,1.5726171731948853,-5.449995040893555,0.4173124134540558,-1.6956474781036377,-4.604257106781006,0.7284498810768127,0.0,0.0,0.0,0.0,0.0,0.0,0.0,0.0,0.0,0.0,0.0,0.0
run-0cbf4a31137e48c79a1f61b4bb639a3e,1456,,15833399478055,true,9.163934707641602,-0.10237173736095428,,,,0.06461405754089355,0,-0.9988809823989868,-0.05,-0.05,0.0,0.0,0.0,0.0019065074156969786,-0.0028925659134984016,,,,,,true,835752,true,true,false,,,,2.5849626064300537,2.5849626064300537,2.5849626064300537,2.5849626064300537,2.5849626064300537,2.5849626064300537,2.5849626064300537,2.5849626064300537,2.5849626064300537,2.5849626064300537,2.5849626064300537,-0.26865866780281067,1.180531620979309,-0.08758159726858139,0.4388872981071472,0.9416332244873047,-0.4014015197753906,-0.23133578896522522,1.045487880706787,-0.6655035614967346,0.062334079295396805,0.6788708567619324,-0.8001813888549805,0.4388872981071472,0.9416332244873047,-0.4014015197753906,-0.26865866780281067,1.180531620979309,-0.08758159726858139,0.062334079295396805,0.6788708567619324,-0.8001813888549805,-0.23133578896522522,1.045487880706787,-0.6655035614967346,0.1097218245267868,1.0354082584381104,-1.6003503799438477,-0.06716466695070267,1.0951329469680786,-1.521895408630371,0.015583519823849201,0.9697177410125732,-1.7000453472137451,-0.057833947241306305,1.0613720417022705,-1.6663758754730225,3.5906004905700684,2.1197564601898193,7.918421745300293,-3.3596129417419434,3.2192561626434326,9.4944486618042,1.5811289548873901,-5.4592390060424805,0.4218980669975281,-1.6762206554412842,-4.636788368225098,0.680614173412323,0.0,0.0,0.0,0.0,0.0,0.0,0.0,0.0,0.0,0.0,0.0,0.0
run-0cbf4a31137e48c79a1f61b4bb639a3e,1462,,15833461594811,true,9.164050102233887,-0.10253250598907471,,,,0.06405412405729294,0,-0.9988806247711182,-0.05,-0.05,0.0,0.0,0.0,0.0017375325551256537,-0.0028901624027639627,,,,,,true,1467672,true,true,false,,,,2.5849626064300537,2.5849626064300537,2.5849626064300537,2.5849626064300537,2.5849626064300537,2.5849626064300537,2.5849626064300537,2.5849626064300537,2.5849626064300537,2.5849626064300537,2.5849626064300537,-0.2695638835430145,1.1850917339324951,-0.08019114285707474,0.43949759006500244,0.9485479593276978,-0.40255895256996155,-0.22897055745124817,1.0409678220748901,-0.6742483973503113,0.062366340309381485,0.6760313510894775,-0.8024065494537354,0.43949759006500244,0.9485479593276978,-0.40255895256996155,-0.2695638835430145,1.1850917339324951,-0.08019114285707474,0.062366340309381485,0.6760313510894775,-0.8024065494537354,-0.22897055745124817,1.0409678220748901,-0.6742483973503113,0.10987439751625061,1.0371370315551758,-1.6006397008895874,-0.06739097088575363,1.0962729454040527,-1.5200477838516235,0.015591585077345371,0.9690078496932983,-1.700601577758789,-0.05724263936281204,1.060241937637329,-1.6685620546340942,3.5764265060424805,2.152416229248047,7.934577941894531,-3.3846757411956787,3.239439010620117,9.531180381774902,1.5916869640350342,-5.473848342895508,0.42582592368125916,-1.6487709283828735,-4.68356990814209,0.6110794544219971,0.0,0.0,0.0,0.0,0.0,0.0,0.0,0.0,0.0,0.0,0.0,0.0
run-0cbf4a31137e48c79a1f61b4bb639a3e,1466,,15833499388692,true,9.164127349853516,-0.10264941304922104,,,,0.06365656107664108,0,-0.9988805055618286,-0.05,-0.05,0.0,0.0,0.0,0.001646502991206944,-0.002909374423325062,,,,,,true,593760,true,true,false,,,,2.5849626064300537,2.5849626064300537,2.5849626064300537,2.5849626064300537,2.5849626064300537,2.5849626064300537,2.5849626064300537,2.5849626064300537,2.5849626064300537,2.5849626064300537,2.5849626064300537,-0.27014845609664917,1.1878892183303833,-0.07548754662275314,0.43982452154159546,0.953118085861206,-0.4033016264438629,-0.22723475098609924,1.0378888845443726,-0.680162250995636,0.062393803149461746,0.674305260181427,-0.8037506937980652,0.43982452154159546,0.953118085861206,-0.4033016264438629,-0.27014845609664917,1.1878892183303833,-0.07548754662275314,0.062393803149461746,0.674305260181427,-0.8037506937980652,-0.22723475098609924,1.0378888845443726,-0.680162250995636,0.10995613038539886,1.0382795333862305,-1.6008254289627075,-0.06753711402416229,1.0969723463058472,-1.5188719034194946,0.015598450787365437,0.9685763120651245,-1.7009376287460327,-0.05680868774652481,1.0594722032546997,-1.6700406074523926,3.5653626918792725,2.1731438636779785,7.946369647979736,-3.402181386947632,3.2508606910705566,9.552159309387207,1.5993037223815918,-5.482149600982666,0.43114885687828064,-1.6288262605667114,-4.716055393218994,0.5642979145050049,0.0,0.0,0.0,0.0,0.0,0.0,0.0,0.0,0.0,0.0,0.0,0.0
run-0cbf4a31137e48c79a1f61b4bb639a3e,1472,,15833558427906,true,9.164229393005371,-0.10281302779912949,,,,0.06311117112636566,0,-0.9988803267478943,-0.05,-0.05,0.0,0.0,0.0,0.0015156109584495425,-0.0029358731117099524,,,,,,true,846921,true,true,false,,,,2.5849626064300537,2.5849626064300537,2.5849626064300537,2.5849626064300537,2.5849626064300537,2.5849626064300537,2.5849626064300537,2.5849626064300537,2.5849626064300537,2.5849626064300537,2.5849626064300537,-0.27116110920906067,1.1919273138046265,-0.06853289157152176,0.4403810203075409,0.9598673582077026,-0.4038355052471161,-0.2246834635734558,1.0332624912261963,-0.6889736652374268,0.06233397498726845,0.6717807650566101,-0.8059147000312805,0.4403810203075409,0.9598673582077026,-0.4038355052471161,-0.27116110920906067,1.1919273138046265,-0.06853289157152176,0.06233397498726845,0.6717807650566101,-0.8059147000312805,-0.2246834635734558,1.0332624912261963,-0.6889736652374268,0.11009525507688522,1.0399668216705322,-1.6009588241577148,-0.06779027730226517,1.0979818105697632,-1.5171332359313965,0.015583493746817112,0.9679452180862427,-1.7014787197113037,-0.05617086589336395,1.058315634727478,-1.672243356704712,3.5510261058807373,2.2056586742401123,7.9654765129089355,-3.427685022354126,3.268707513809204,9.583869934082031,1.6089812517166138,-5.494936466217041,0.4364946782588959,-1.6002731323242188,-4.763421535491943,0.49514585733413696,0.0,0.0,0.0,0.0,0.0,0.0,0.0,0.0,0.0,0.0,0.0,0.0
run-0cbf4a31137e48c79a1f61b4bb639a3e,1476,,15833604394776,true,9.164294242858887,-0.10292670875787735,,,,0.06274112313985825,0,-0.99888014793396,-0.05,-0.05,0.0,0.0,0.0,0.0014180282596498728,-0.0029424175154417753,,,,,,true,1806277,true,true,false,,,,2.5849626064300537,2.5849626064300537,2.5849626064300537,2.5849626064300537,2.5849626064300537,2.5849626064300537,2.5849626064300537,2.5849626064300537,2.5849626064300537,2.5849626064300537,2.5849626064300537,-0.27175426483154297,1.194440484046936,-0.06395957618951797,0.4407612681388855,0.9643092751502991,-0.40416204929351807,-0.2229475975036621,1.0301923751831055,-0.6949048042297363,0.06224534288048744,0.6701871752738953,-0.807287335395813,0.4407612681388855,0.9643092751502991,-0.40416204929351807,-0.27175426483154297,1.194440484046936,-0.06395957618951797,0.06224534288048744,0.6701871752738953,-0.807287335395813,-0.2229475975036621,1.0301923751831055,-0.6949048042297363,0.11019031703472137,1.0410773754119873,-1.6010404825210571,-0.06793856620788574,1.0986101627349854,-1.515989899635315,0.01556133572012186,0.967546820640564,-1.7018218040466309,-0.05573689937591553,1.0575480461120605,-1.673726201057434,3.5413289070129395,2.22695255279541,7.978299617767334,-3.4442288875579834,3.2796032428741455,9.60356330871582,1.6152377128601074,-5.502830982208252,0.4413420557975769,-1.580857515335083,-4.794976234436035,0.44880738854408264,0.0,0.0,0.0,0.0,0.0,0.0,0.0,0.0,0.0,0.0,0.0,0.0
run-0cbf4a31137e48c79a1f61b4bb639a3e,1482,,15833658540142,true,9.164387702941895,-0.10310337692499161,,,,0.06217952072620392,0,-0.9988799095153809,-0.05,-0.05,0.0,0.0,0.0,0.0012603540671989322,-0.0029412414878606796,,,,,,true,491073,true,true,false,,,,2.5849626064300537,2.5849626064300537,2.5849626064300537,2.5849626064300537,2.5849626064300537,2.5849626064300537,2.5849626064300537,2.5849626064300537,2.5849626064300537,2.5849626064300537,2.5849626064300537,-0.2725549042224884,1.1980096101760864,-0.05714680999517441,0.4413873255252838,0.9708925485610962,-0.4045830965042114,-0.220302015542984,1.025615930557251,-0.7038207650184631,0.06199704483151436,0.6679194569587708,-0.8092764616012573,0.4413873255252838,0.9708925485610962,-0.4045830965042114,-0.2725549042224884,1.1980096101760864,-0.05714680999517441,0.06199704483151436,0.6679194569587708,-0.8092764616012573,-0.220302015542984,1.025615930557251,-0.7038207650184631,0.11034683138132095,1.0427231788635254,-1.6011457443237305,-0.0681387260556221,1.099502444267273,-1.514286756515503,0.01549926120787859,0.9669798612594604,-1.7023191452026367,-0.055075503885746,1.0564039945602417,-1.6759551763534546,3.5270252227783203,2.25856876373291,7.997700214385986,-3.4684720039367676,3.2951390743255615,9.63133716583252,1.6239935159683228,-5.5138044357299805,0.4500851333141327,-1.5512585639953613,-4.842029571533203,0.3794768154621124,0.0,0.0,0.0,0.0,0.0,0.0,0.0,0.0,0.0,0.0,0.0,0.0
run-0cbf4a31137e48c79a1f61b4bb639a3e,1486,,15833698491151,true,9.164443016052246,-0.1032179594039917,,,,0.06181837618350983,0,-0.9988798499107361,-0.05,-0.05,0.0,0.0,0.0,0.001193566364236176,-0.0029492073226720095,,,,,,true,707802,true,true,false,,,,2.5849626064300537,2.5849626064300537,2.5849626064300537,2.5849626064300537,2.5849626064300537,2.5849626064300537,2.5849626064300537,2.5849626064300537,2.5849626064300537,2.5849626064300537,2.5849626064300537,-0.27319714426994324,1.2002114057540894,-0.0527668222784996,0.44179898500442505,0.9751754999160767,-0.4045531451702118,-0.21849289536476135,1.0225154161453247,-0.7097087502479553,0.061809439212083817,0.6664900779724121,-0.8106323480606079,0.44179898500442505,0.9751754999160767,-0.4045531451702118,-0.27319714426994324,1.2002114057540894,-0.0527668222784996,0.061809439212083817,0.6664900779724121,-0.8106323480606079,-0.21849289536476135,1.0225154161453247,-0.7097087502479553,0.11044974625110626,1.0437939167022705,-1.6011382341384888,-0.06829928606748581,1.100052833557129,-1.5131916999816895,0.015452359803020954,0.966622531414032,-1.7026580572128296,-0.05462322384119034,1.0556288957595825,-1.6774271726608276,3.5176544189453125,2.2795231342315674,8.011916160583496,-3.4852147102355957,3.3046412467956543,9.648639678955078,1.6293398141860962,-5.520838260650635,0.45546871423721313,-1.5315402746200562,-4.873662948608398,0.33424192667007446,0.0,0.0,0.0,0.0,0.0,0.0,0.0,0.0,0.0,0.0,0.0,0.0
run-0cbf4a31137e48c79a1f61b4bb639a3e,1492,,15833761374769,true,9.164519309997559,-0.10338456928730011,,,,0.06129604950547218,0,-0.9988797307014465,-0.05,-0.05,0.0,0.0,0.0,0.0011111539788544178,-0.0029480839148163795,,,,,,true,1302065,true,true,false,,,,2.5849626064300537,2.5849626064300537,2.5849626064300537,2.5849626064300537,2.5849626064300537,2.5849626064300537,2.5849626064300537,2.5849626064300537,2.5849626064300537,2.5849626064300537,2.5849626064300537,-0.27408990263938904,1.2034121751785278,-0.04602517932653427,0.4424525797367096,0.981520414352417,-0.40437600016593933,-0.21580448746681213,1.0178722143173218,-0.7184119820594788,0.06138547137379646,0.6643877625465393,-0.8128158450126648,0.4424525797367096,0.981520414352417,-0.40437600016593933,-0.27408990263938904,1.2034121751785278,-0.04602517932653427,0.06138547137379646,0.6643877625465393,-0.8128158450126648,-0.21580448746681213,1.0178722143173218,-0.7184119820594788,0.1106131449341774,1.0453801155090332,-1.6010940074920654,-0.06852247565984726,1.1008530855178833,-1.5115063190460205,0.015346367843449116,0.9660969376564026,-1.7032039165496826,-0.05395112186670303,1.054468035697937,-1.6796029806137085,3.5044679641723633,2.3113417625427246,8.032694816589355,-3.50917387008667,3.3188533782958984,9.676091194152832,1.6358689069747925,-5.531500816345215,0.4619503319263458,-1.502611756324768,-4.92057991027832,0.26788702607154846,0.0,0.0,0.0,0.0,0.0,0.0,0.0,0.0,0.0,0.0,0.0,0.0
run-0cbf4a31137e48c79a1f61b4bb639a3e,1496,,15833798782486,true,9.164571762084961,-0.1035052239894867,,,,0.06093774735927582,0,-0.998879611492157,-0.05,-0.05,0.0,0.0,0.0,0.0010546956909820437,-0.002945034997537732,,,,,,true,196159,true,true,false,,,,2.5849626064300537,2.5849626064300537,2.5849626064300537,2.5849626064300537,2.5849626064300537,2.5849626064300537,2.5849626064300537,2.5849626064300537,2.5849626064300537,2.5849626064300537,2.5849626064300537,-0.2746170461177826,1.2053518295288086,-0.04158870130777359,0.44291284680366516,0.9856444597244263,-0.40421637892723083,-0.21397259831428528,1.0147995948791504,-0.724260151386261,0.061045218259096146,0.663057267665863,-0.8142285943031311,0.44291284680366516,0.9856444597244263,-0.40421637892723083,-0.2746170461177826,1.2053518295288086,-0.04158870130777359,0.061045218259096146,0.663057267665863,-0.8142285943031311,-0.21397259831428528,1.0147995948791504,-0.724260151386261,0.11072821170091629,1.046411156654358,-1.601054072380066,-0.06865426152944565,1.1013379096984863,-1.51039719581604,0.015261304564774036,0.9657643437385559,-1.7035571336746216,-0.05349314957857132,1.0536999702453613,-1.6810650825500488,3.495455265045166,2.331679344177246,8.046770095825195,-3.5249886512756348,3.3269176483154297,9.693039894104004,1.6399600505828857,-5.538087844848633,0.4672516882419586,-1.482927918434143,-4.951887130737305,0.22363556921482086,0.0,0.0,0.0,0.0,0.0,0.0,0.0,0.0,0.0,0.0,0.0,0.0
run-0cbf4a31137e48c79a1f61b4bb639a3e,1502,,15833858580229,true,9.164640426635742,-0.10367259383201599,,,,0.0603986456990242,0,-0.9988795518875122,-0.05,-0.05,0.0,0.0,0.0,0.000977159827016294,-0.002961409743875265,,,,,,true,888432,true,true,false,,,,2.5849626064300537,2.5849626064300537,2.5849626064300537,2.5849626064300537,2.5849626064300537,2.5849626064300537,2.5849626064300537,2.5849626064300537,2.5849626064300537,2.5849626064300537,2.5849626064300537,-0.2754240930080414,1.2080166339874268,-0.03514460474252701,0.4436168074607849,0.9916977882385254,-0.4037667214870453,-0.21117648482322693,1.010194182395935,-0.7330449223518372,0.06049041822552681,0.6611849069595337,-0.8162815570831299,0.4436168074607849,0.9916977882385254,-0.4037667214870453,-0.2754240930080414,1.2080166339874268,-0.03514460474252701,0.06049041822552681,0.6611849069595337,-0.8162815570831299,-0.21117648482322693,1.010194182395935,-0.7330449223518372,0.11090420186519623,1.047924518585205,-1.6009416580200195,-0.06885602325201035,1.1020041704177856,-1.5087862014770508,0.015122604556381702,0.9652962684631348,-1.7040703296661377,-0.05279412120580673,1.0525485277175903,-1.6832612752914429,3.4817421436309814,2.3615262508392334,8.06871509552002,-3.549062967300415,3.337538003921509,9.715985298156738,1.645674705505371,-5.54722261428833,0.4760727882385254,-1.4532318115234375,-4.998871326446533,0.1579788476228714,0.0,0.0,0.0,0.0,0.0,0.0,0.0,0.0,0.0,0.0,0.0,0.0
run-0cbf4a31137e48c79a1f61b4bb639a3e,1506,,15833901830986,true,9.16468334197998,-0.10378290712833405,,,,0.06002047657966614,0,-0.9988794922828674,-0.05,-0.05,0.0,0.0,0.0,0.0009252468007616699,-0.0029695481061935425,,,,,,true,525227,true,true,false,,,,2.5849626064300537,2.5849626064300537,2.5849626064300537,2.5849626064300537,2.5849626064300537,2.5849626064300537,2.5849626064300537,2.5849626064300537,2.5849626064300537,2.5849626064300537,2.5849626064300537,-0.27595943212509155,1.2095938920974731,-0.031079180538654327,0.4441487193107605,0.9956628084182739,-0.4033668637275696,-0.20927318930625916,1.0071511268615723,-0.7390081882476807,0.06012347713112831,0.6600261926651001,-0.817512571811676,0.4441487193107605,0.9956628084182739,-0.4033668637275696,-0.27595943212509155,1.2095938920974731,-0.031079180538654327,0.06012347713112831,0.6600261926651001,-0.817512571811676,-0.20927318930625916,1.0071511268615723,-0.7390081882476807,0.11103717982769012,1.0489157438278198,-1.600841760635376,-0.06898985803127289,1.1023985147476196,-1.5077698230743408,0.015030869282782078,0.9650065898895264,-1.7043781280517578,-0.05231829732656479,1.0517878532409668,-1.6847519874572754,3.472353219985962,2.3806962966918945,8.084172248840332,-3.5657360553741455,3.343107223510742,9.728246688842773,1.6497795581817627,-5.552577972412109,0.4838532507419586,-1.4329718351364136,-5.030158996582031,0.11392391473054886,0.0,0.0,0.0,0.0,0.0,0.0,0.0,0.0,0.0,0.0,0.0,0.0
run-0cbf4a31137e48c79a1f61b4bb639a3e,1512,,15833959357362,true,9.164750099182129,-0.1039692685008049,,,,0.05949898436665535,0,-0.9988793730735779,-0.05,-0.05,0.0,0.0,0.0,0.0008498210809193552,-0.002979100216180086,,,,,,true,432358,true,true,false,,,,2.5849626064300537,2.5849626064300537,2.5849626064300537,2.5849626064300537,2.5849626064300537,2.5849626064300537,2.5849626064300537,2.5849626064300537,2.5849626064300537,2.5849626064300537,2.5849626064300537,-0.27678635716438293,1.2121573686599731,-0.02475089579820633,0.4449235200881958,1.0016834735870361,-0.4026798605918884,-0.2064974009990692,1.0025835037231445,-0.7476087808609009,0.059502605348825455,0.6582422256469727,-0.819481372833252,0.4449235200881958,1.0016834735870361,-0.4026798605918884,-0.27678635716438293,1.2121573686599731,-0.02475089579820633,0.059502605348825455,0.6582422256469727,-0.819481372833252,-0.2064974009990692,1.0025835037231445,-0.7476087808609009,0.11123088002204895,1.050420880317688,-1.6006699800491333,-0.06919658929109573,1.1030393838882446,-1.5061876773834229,0.014875651337206364,0.9645605683326721,-1.704870343208313,-0.0516243502497673,1.0506458282470703,-1.6869021654129028,3.4596359729766846,2.4116756916046143,8.10584545135498,-3.5894148349761963,3.3541085720062256,9.749896049499512,1.6545484066009521,-5.561443328857422,0.49265146255493164,-1.4040530920028687,-5.075573444366455,0.05122060328722,0.0,0.0,0.0,0.0,0.0,0.0,0.0,0.0,0.0,0.0,0.0,0.0
run-0cbf4a31137e48c79a1f61b4bb639a3e,1516,,15833999371176,true,9.164791107177734,-0.1040867492556572,,,,0.059119049459695816,0,-0.9988793730735779,-0.05,-0.05,0.0,0.0,0.0,0.0008231013780459762,-0.003006534418091178,,,,,,true,598670,true,true,false,,,,2.5849626064300537,2.5849626064300537,2.5849626064300537,2.5849626064300537,2.5849626064300537,2.5849626064300537,2.5849626064300537,2.5849626064300537,2.5849626064300537,2.5849626064300537,2.5849626064300537,-0.27733615040779114,1.2136870622634888,-0.020852111279964447,0.44545841217041016,1.0056650638580322,-0.40219491720199585,-0.2045598030090332,0.9995613098144531,-0.75344318151474,0.05913393571972847,0.6571862101554871,-0.8205349445343018,0.44545841217041016,1.0056650638580322,-0.40219491720199585,-0.27733615040779114,1.2136870622634888,-0.020852111279964447,0.05913393571972847,0.6571862101554871,-0.8205349445343018,-0.2045598030090332,0.9995613098144531,-0.75344318151474,0.11136460304260254,1.051416277885437,-1.6005487442016602,-0.06933403760194778,1.1034218072891235,-1.5052130222320557,0.014783483929932117,0.9642965793609619,-1.7051336765289307,-0.0511399507522583,1.0498902797698975,-1.6883608102798462,3.450042486190796,2.4314424991607666,8.121057510375977,-3.606334686279297,3.3598334789276123,9.759811401367188,1.6586061716079712,-5.566126346588135,0.5018242001533508,-1.38377845287323,-5.105769634246826,0.009571407921612263,0.0,0.0,0.0,0.0,0.0,0.0,0.0,0.0,0.0,0.0,0.0,0.0
run-0cbf4a31137e48c79a1f61b4bb639a3e,1522,,15834058888779,true,9.164847373962402,-0.10425902903079987,,,,0.058585941791534424,0,-0.9988794326782227,-0.05,-0.05,0.0,0.0,0.0,0.0008094761287793517,-0.0030421374831348658,,,,,,true,498475,true,true,false,,,,2.5849626064300537,2.5849626064300537,2.5849626064300537,2.5849626064300537,2.5849626064300537,2.5849626064300537,2.5849626064300537,2.5849626064300537,2.5849626064300537,2.5849626064300537,2.5849626064300537,-0.2783389687538147,1.215936303138733,-0.015321709215641022,0.44625264406204224,1.0115840435028076,-0.40110698342323303,-0.20170801877975464,0.9950124025344849,-0.7619543075561523,0.05865106359124184,0.6556471586227417,-0.8220235109329224,0.44625264406204224,1.0115840435028076,-0.40110698342323303,-0.2783389687538147,1.215936303138733,-0.015321709215641022,0.05865106359124184,0.6556471586227417,-0.8220235109329224,-0.20170801877975464,0.9950124025344849,-0.7619543075561523,0.11156316101551056,1.0528960227966309,-1.6002767086029053,-0.06958474218845367,1.1039841175079346,-1.5038304328918457,0.01466276589781046,0.963911771774292,-1.7055058479309082,-0.05042700469493866,1.0487531423568726,-1.690488576889038,3.4366531372070312,2.4619343280792236,8.144639015197754,-3.632005453109741,3.368757963180542,9.773539543151855,1.6644095182418823,-5.573400020599365,0.5141382217407227,-1.3547146320343018,-5.149634838104248,-0.04910287633538246,0.0,0.0,0.0,0.0,0.0,0.0,0.0,0.0,0.0,0.0,0.0,0.0
run-0cbf4a31137e48c79a1f61b4bb639a3e,1526,,15834107171210,true,9.164887428283691,-0.10437887161970139,,,,0.05821022763848305,0,-0.9988794922828674,-0.05,-0.05,0.0,0.0,0.0,0.0008199959411285818,-0.0030534446705132723,,,,,,true,1178831,true,true,false,,,,2.5849626064300537,2.5849626064300537,2.5849626064300537,2.5849626064300537,2.5849626064300537,2.5849626064300537,2.5849626064300537,2.5849626064300537,2.5849626064300537,2.5849626064300537,2.5849626064300537,-0.2789901793003082,1.2173329591751099,-0.011869482696056366,0.4468258023262024,1.0155088901519775,-0.40039291977882385,-0.19979867339134216,0.9920221567153931,-0.7675978541374207,0.05835236981511116,0.6547066569328308,-0.8228323459625244,0.4468258023262024,1.0155088901519775,-0.40039291977882385,-0.2789901793003082,1.2173329591751099,-0.011869482696056366,0.05835236981511116,0.6547066569328308,-0.8228323459625244,-0.19979867339134216,0.9920221567153931,-0.7675978541374207,0.1117064505815506,1.0538772344589233,-1.6000982522964478,-0.06974754482507706,1.1043332815170288,-1.502967357635498,0.01458809245377779,0.9636766910552979,-1.7057080268859863,-0.04994966834783554,1.0480055809020996,-1.6918994188308716,3.427281618118286,2.4817616939544678,8.160140991210938,-3.649678945541382,3.3736190795898438,9.779577255249023,1.6687368154525757,-5.577713489532471,0.5241097807884216,-1.335273027420044,-5.177975177764893,-0.08602701127529144,0.0,0.0,0.0,0.0,0.0,0.0,0.0,0.0,0.0,0.0,0.0,0.0
run-0cbf4a31137e48c79a1f61b4bb639a3e,1530,,15834139749313,true,9.164926528930664,-0.10449858009815216,,,,0.05782930552959442,0,-0.9988795518875122,-0.05,-0.05,0.0,0.0,0.0,0.0008509510662406683,-0.0030569294467568398,,,,,,true,32163,true,true,false,,,,2.5849626064300537,2.5849626064300537,2.5849626064300537,2.5849626064300537,2.5849626064300537,2.5849626064300537,2.5849626064300537,2.5849626064300537,2.5849626064300537,2.5849626064300537,2.5849626064300537,-0.27961254119873047,1.2186270952224731,-0.008577220141887665,0.4474208354949951,1.019352912902832,-0.3997262716293335,-0.19790783524513245,0.9890991449356079,-0.7731887102127075,0.058088887482881546,0.6537917256355286,-0.8234893083572388,0.4474208354949951,1.019352912902832,-0.3997262716293335,-0.27961254119873047,1.2186270952224731,-0.008577220141887665,0.058088887482881546,0.6537917256355286,-0.8234893083572388,-0.19790783524513245,0.9890991449356079,-0.7731887102127075,0.11185520887374878,1.0548381805419922,-1.5999315977096558,-0.06990313529968262,1.1046568155288696,-1.5021443367004395,0.014522221870720387,0.9634479284286499,-1.7058722972869873,-0.04947695881128311,1.0472748279571533,-1.6932971477508545,3.4179069995880127,2.500898599624634,8.174842834472656,-3.6672561168670654,3.37758207321167,9.783758163452148,1.6734280586242676,-5.58206033706665,0.5349875688552856,-1.3161354064941406,-5.2049055099487305,-0.12056588381528854,0.0,0.0,0.0,0.0,0.0,0.0,0.0,0.0,0.0,0.0,0.0,0.0
