[INFO] [launch]: All log files can be found below /home/lidio/.ros/log/2026-10-10-18-13-41-722826-Estara-181832
[INFO] [launch]: Default logging verbosity is set to INFO
[INFO] [rviz2-1]: process started with pid [181856]
[INFO] [robot_state_publisher-2]: process started with pid [181858]
[INFO] [ros2_control_node-3]: process started with pid [181860]
[INFO] [spawner-4]: process started with pid [181862]
[robot_state_publisher-2] [INFO] [1791627221.862894391] [robot_state_publisher]: got segment FL_calf
[robot_state_publisher-2] [INFO] [1791627221.863046360] [robot_state_publisher]: got segment FL_foot
[robot_state_publisher-2] [INFO] [1791627221.863051795] [robot_state_publisher]: got segment FL_hip
[robot_state_publisher-2] [INFO] [1791627221.863054624] [robot_state_publisher]: got segment FL_thigh
[robot_state_publisher-2] [INFO] [1791627221.863057130] [robot_state_publisher]: got segment FR_calf
[robot_state_publisher-2] [INFO] [1791627221.863059550] [robot_state_publisher]: got segment FR_foot
[robot_state_publisher-2] [INFO] [1791627221.863061932] [robot_state_publisher]: got segment FR_hip
[robot_state_publisher-2] [INFO] [1791627221.863064314] [robot_state_publisher]: got segment FR_thigh
[robot_state_publisher-2] [INFO] [1791627221.863067137] [robot_state_publisher]: got segment RL_calf
[robot_state_publisher-2] [INFO] [1791627221.863069660] [robot_state_publisher]: got segment RL_foot
[robot_state_publisher-2] [INFO] [1791627221.863073223] [robot_state_publisher]: got segment RL_hip
[robot_state_publisher-2] [INFO] [1791627221.863075784] [robot_state_publisher]: got segment RL_thigh
[robot_state_publisher-2] [INFO] [1791627221.863078121] [robot_state_publisher]: got segment RR_calf
[robot_state_publisher-2] [INFO] [1791627221.863080488] [robot_state_publisher]: got segment RR_foot
[robot_state_publisher-2] [INFO] [1791627221.863082814] [robot_state_publisher]: got segment RR_hip
[robot_state_publisher-2] [INFO] [1791627221.863085199] [robot_state_publisher]: got segment RR_thigh
[robot_state_publisher-2] [INFO] [1791627221.863090454] [robot_state_publisher]: got segment base
[robot_state_publisher-2] [INFO] [1791627221.863092863] [robot_state_publisher]: got segment front_camera
[robot_state_publisher-2] [INFO] [1791627221.863095372] [robot_state_publisher]: got segment imu_link
[robot_state_publisher-2] [INFO] [1791627221.863097922] [robot_state_publisher]: got segment lidar
[robot_state_publisher-2] [INFO] [1791627221.863100453] [robot_state_publisher]: got segment trunk
[ros2_control_node-3] [INFO] [1791627221.874147757] [controller_manager]: Subscribing to '~/robot_description' topic for robot description file.
[ros2_control_node-3] [INFO] [1791627221.874783494] [controller_manager]: update rate is 1000 Hz
[ros2_control_node-3] [INFO] [1791627221.874799126] [controller_manager]: Spawning controller_manager RT thread with scheduler priority: 50
[ros2_control_node-3] [WARN] [1791627221.874880240] [controller_manager]: Could not enable FIFO RT scheduling policy: with error number <1>(Operation not permitted). See [https://control.ros.org/master/doc/ros2_control/controller_manager/doc/userdoc.html] for details on how to enable realtime scheduling.
[ros2_control_node-3] [INFO] [1791627222.023659085] [controller_manager]: Received robot description file.
[ros2_control_node-3] [INFO] [1791627222.024220574] [resource_manager]: Loading hardware 'UnitreeSystem' 
[ros2_control_node-3] [INFO] [1791627222.029905152] [resource_manager]: Initialize hardware 'UnitreeSystem' 
[ros2_control_node-3] [INFO] [1791627222.033517060] [unitree_hardware]:  network_interface: lo, domain: 1
[ros2_control_node-3] 1791627222.040458 [1] ros2_contr: selected interface "lo" is not multicast-capable: disabling multicast
[spawner-4] [INFO] [1791627222.094908610] [spawner_joint_state_broadcaster]: waiting for service /controller_manager/list_controllers to become available...
[ros2_control_node-3] [INFO] [1791627222.147117136] [unitree_hardware]: [MOTOR-MAP] controller[0] FR_hip_joint -> Unitree motor[0]
[ros2_control_node-3] [INFO] [1791627222.147205794] [unitree_hardware]: [MOTOR-MAP] controller[1] FR_thigh_joint -> Unitree motor[1]
[ros2_control_node-3] [INFO] [1791627222.147220233] [unitree_hardware]: [MOTOR-MAP] controller[2] FR_calf_joint -> Unitree motor[2]
[ros2_control_node-3] [INFO] [1791627222.147231237] [unitree_hardware]: [MOTOR-MAP] controller[3] FL_hip_joint -> Unitree motor[3]
[ros2_control_node-3] [INFO] [1791627222.147242091] [unitree_hardware]: [MOTOR-MAP] controller[4] FL_thigh_joint -> Unitree motor[4]
[ros2_control_node-3] [INFO] [1791627222.147252904] [unitree_hardware]: [MOTOR-MAP] controller[5] FL_calf_joint -> Unitree motor[5]
[ros2_control_node-3] [INFO] [1791627222.147263369] [unitree_hardware]: [MOTOR-MAP] controller[6] RR_hip_joint -> Unitree motor[6]
[ros2_control_node-3] [INFO] [1791627222.147273644] [unitree_hardware]: [MOTOR-MAP] controller[7] RR_thigh_joint -> Unitree motor[7]
[ros2_control_node-3] [INFO] [1791627222.147283873] [unitree_hardware]: [MOTOR-MAP] controller[8] RR_calf_joint -> Unitree motor[8]
[ros2_control_node-3] [INFO] [1791627222.147294189] [unitree_hardware]: [MOTOR-MAP] controller[9] RL_hip_joint -> Unitree motor[9]
[ros2_control_node-3] [INFO] [1791627222.147304122] [unitree_hardware]: [MOTOR-MAP] controller[10] RL_thigh_joint -> Unitree motor[10]
[ros2_control_node-3] [INFO] [1791627222.147314927] [unitree_hardware]: [MOTOR-MAP] controller[11] RL_calf_joint -> Unitree motor[11]
[ros2_control_node-3] [INFO] [1791627222.149239156] [resource_manager]: Successful initialization of hardware 'UnitreeSystem'
[ros2_control_node-3] [INFO] [1791627222.149666003] [resource_manager]: 'configure' hardware 'UnitreeSystem' 
[ros2_control_node-3] [INFO] [1791627222.149697201] [resource_manager]: Successful 'configure' of hardware 'UnitreeSystem'
[ros2_control_node-3] [INFO] [1791627222.149749720] [resource_manager]: 'activate' hardware 'UnitreeSystem' 
[ros2_control_node-3] [INFO] [1791627222.149764244] [resource_manager]: Successful 'activate' of hardware 'UnitreeSystem'
[rviz2-1] [INFO] [1791627222.314375576] [rviz2]: Stereo is NOT SUPPORTED
[rviz2-1] [INFO] [1791627222.314505103] [rviz2]: OpenGl version: 4.6 (GLSL 4.6)
[rviz2-1] [INFO] [1791627222.334681880] [rviz2]: Stereo is NOT SUPPORTED
[ros2_control_node-3] [INFO] [1791627222.346421879] [controller_manager]: Loading controller 'joint_state_broadcaster'
[spawner-4] [INFO] [1791627222.355809879] [spawner_joint_state_broadcaster]: [94mLoaded [1mjoint_state_broadcaster[0m
[ros2_control_node-3] [INFO] [1791627222.356653182] [controller_manager]: Configuring controller 'joint_state_broadcaster'
[ros2_control_node-3] [INFO] [1791627222.356748925] [joint_state_broadcaster]: 'joints' or 'interfaces' parameter is empty. All available state interfaces will be published
[spawner-4] [INFO] [1791627222.364657984] [spawner_joint_state_broadcaster]: [92mConfigured and activated [1mjoint_state_broadcaster[0m
[INFO] [spawner-4]: process has finished cleanly [pid 181862]
[INFO] [spawner-5]: process started with pid [182006]
[ros2_control_node-3] [INFO] [1791627222.756408505] [controller_manager]: Loading controller 'imu_sensor_broadcaster'
[spawner-5] [INFO] [1791627222.772175950] [spawner_imu_sensor_broadcaster]: [94mLoaded [1mimu_sensor_broadcaster[0m
[ros2_control_node-3] [INFO] [1791627222.773070178] [controller_manager]: Configuring controller 'imu_sensor_broadcaster'
[spawner-5] [INFO] [1791627222.777737584] [spawner_imu_sensor_broadcaster]: [92mConfigured and activated [1mimu_sensor_broadcaster[0m
[INFO] [spawner-5]: process has finished cleanly [pid 182006]
[INFO] [spawner-6]: process started with pid [182038]
[spawner-6] [INFO] [1791627223.172509995] [spawner_rl_quadruped_controller]: waiting for service /controller_manager/list_controllers to become available...
[ros2_control_node-3] [INFO] [1791627225.681382146] [controller_manager]: Loading controller 'rl_quadruped_controller'
[ros2_control_node-3] [INFO] [1791627225.923582414] [rl_quadruped_controller]: Controller Update Rate: 200 Hz
[ros2_control_node-3] [INFO] [1791627225.923605552] [rl_quadruped_controller]: Enable Estimator
[ros2_control_node-3] dt: 0.005
[spawner-6] [INFO] [1791627225.925265323] [spawner_rl_quadruped_controller]: [94mLoaded [1mrl_quadruped_controller[0m
[ros2_control_node-3] [INFO] [1791627225.926390192] [controller_manager]: Configuring controller 'rl_quadruped_controller'
[ros2_control_node-3] [INFO] [1791627225.930198923] [rl_quadruped_controller]: [FOOT-LOANED] index=0 name=foot_force/FR
[ros2_control_node-3] [INFO] [1791627225.930231160] [rl_quadruped_controller]: [FOOT-LOANED] index=1 name=foot_force/FL
[ros2_control_node-3] [INFO] [1791627225.930236990] [rl_quadruped_controller]: [FOOT-LOANED] index=2 name=foot_force/RR
[ros2_control_node-3] [INFO] [1791627225.930241502] [rl_quadruped_controller]: [FOOT-LOANED] index=3 name=foot_force/RL
[ros2_control_node-3] [INFO] [1791627225.930270690] [rl_quadruped_controller]: [VERIFY] joint interface order: FR_hip_joint FR_thigh_joint FR_calf_joint ... RL_calf_joint
[ros2_control_node-3] [INFO] [1791627225.930334333] [rl_quadruped_controller]: Using robot model from go2_description
[ros2_control_node-3] [INFO] [1791627225.932066900] [rl_quadruped_controller]: [S1-RUN-SOURCE] pid=181860 package_share=/home/lidio/quadruped_robots/quadruped_ros2_control_humble/install/go2_description/share/go2_description config=/home/lidio/quadruped_robots/quadruped_ros2_control_humble/install/go2_description/share/go2_description/config/abs/config.yaml agile_model=/home/lidio/quadruped_robots/quadruped_ros2_control_humble/install/go2_description/share/go2_description/config/abs/policy.pt ra_model=/home/lidio/quadruped_robots/quadruped_ros2_control_humble/install/go2_description/share/go2_description/config/abs/ra_value.pt candidate=paper_faithful_switch group=A entry_threshold=-0.05 effective_exit_threshold=-0.05 hysteresis=false hold=false goal=(7.000,0.000)
[ros2_control_node-3] [INFO] [1791627225.932103222] [rl_quadruped_controller]: [S2-SWITCH-CONFIG] group=A entry_threshold=-0.05 effective_exit_threshold=-0.05 hysteresis=false hold=false
[ros2_control_node-3] [INFO] [1791627225.932109847] [rl_quadruped_controller]: Model loading: policy.pt
[ros2_control_node-3] robot_legs_.size(): 4
[ros2_control_node-3] [INFO] [1791627225.946566156] [rl_quadruped_controller]: [VERIFY] num_observations=61, num_of_dofs=12
[ros2_control_node-3] [INFO] [1791627225.946631768] [rl_quadruped_controller]: [VERIFY] observations order: contact ang_vel gravity_vec commands timer dof_pos dof_vel actions ray2d 
[ros2_control_node-3] [INFO] [1791627225.946682842] [rl_quadruped_controller]: [VERIFY] rl_kp[0]=30.00, rl_kd[0]=0.65
[ros2_control_node-3] [INFO] [1791627225.946691261] [rl_quadruped_controller]: [VERIFY] scales: action=0.25 lin_vel=1.00 ang_vel=1.00 dof_pos=1.00 dof_vel=0.20
[ros2_control_node-3] [INFO] [1791627225.946699749] [rl_quadruped_controller]: [VERIFY] default_dof_pos: 0.0000 0.8000 -1.5000 (first 3 joints = FR hip/thigh/calf)
[ros2_control_node-3] [INFO] [1791627225.946704448] [rl_quadruped_controller]: [VERIFY] ABS: max_ep_len=9.0s contact_thr=1.0N ray2d_count=11 ray2d_max_range=6.0m
[ros2_control_node-3] [INFO] [1791627225.946708377] [rl_quadruped_controller]: [VERIFY] decimation=4 frequency=200Hz dt=0.0200s
[ros2_control_node-3] [INFO] [1791627225.946715550] [rl_quadruped_controller]: [VERIFY] use_rl_thread=false policy_joint_order=ros1_fl_fr_rl_rr
[ros2_control_node-3] [INFO] [1791627225.948728066] [rl_quadruped_controller]: [RA] Value network loaded: ra_value.pt
[ros2_control_node-3] [INFO] [1791627225.952131679] [rl_quadruped_controller]: [REC] Recovery policy loaded: /home/lidio/quadruped_robots/quadruped_ros2_control_humble/install/go2_description/share/go2_description/config/rec/policy.pt
[ros2_control_node-3] [INFO] [1791627225.952659717] [rl_quadruped_controller]: StateRLRec: Loading recovery model: policy.pt
[ros2_control_node-3] [INFO] [1791627225.955845020] [rl_quadruped_controller]: [REC-VERIFY] num_observations=49, num_of_dofs=12
[ros2_control_node-3] [INFO] [1791627225.955867797] [rl_quadruped_controller]: [REC-VERIFY] observations: contact ang_vel gravity_vec commands dof_pos dof_vel actions 
[ros2_control_node-3] [INFO] [1791627225.955886638] [rl_quadruped_controller]: [REC-VERIFY] rl_kp[0]=30.00, rl_kd[0]=0.65
[ros2_control_node-3] [INFO] [1791627225.955894395] [rl_quadruped_controller]: [REC-VERIFY] action_scale=0.25 dof_vel_scale=0.20 contact_thr=1.0N
[spawner-6] [INFO] [1791627225.957520571] [spawner_rl_quadruped_controller]: [92mConfigured and activated [1mrl_quadruped_controller[0m
[INFO] [spawner-6]: process has finished cleanly [pid 182038]
[ros2_control_node-3] [INFO] [1791627235.714548613] [rl_quadruped_controller]: Switched from passive to fixed down
[ros2_control_node-3] [INFO] [1791627238.184518354] [rl_quadruped_controller]: Switched from fixed down to fixed stand
[ros2_control_node-3] [INFO] [1791627238.194575698] [BaseFixedStand]: [STAND-SYMM] phase=0.004 q_thigh FR=1.258 FL=1.258 RR=1.327 RL=1.327 diff_FLFR=0.000 diff_RLRR=-0.000 q_calf FR=-2.732 FL=-2.732 RR=-2.744 RL=-2.744 diff_FLFR=0.000 diff_RLRR=0.000
[ros2_control_node-3] [INFO] [1791627238.694538004] [BaseFixedStand]: [STAND-SYMM] phase=0.398 q_thigh FR=1.076 FL=1.076 RR=1.124 RL=1.124 diff_FLFR=0.000 diff_RLRR=-0.000 q_calf FR=-2.369 FL=-2.369 RR=-2.395 RL=-2.395 diff_FLFR=-0.000 diff_RLRR=-0.000
[ros2_control_node-3] [INFO] [1791627239.194413637] [BaseFixedStand]: [STAND-SYMM] phase=0.684 q_thigh FR=0.941 FL=0.941 RR=0.971 RL=0.971 diff_FLFR=0.000 diff_RLRR=-0.000 q_calf FR=-1.995 FL=-1.995 RR=-2.010 RL=-2.010 diff_FLFR=-0.000 diff_RLRR=-0.000
[ros2_control_node-3] [INFO] [1791627239.694283790] [BaseFixedStand]: [STAND-SYMM] phase=0.849 q_thigh FR=0.864 FL=0.864 RR=0.883 RL=0.883 diff_FLFR=0.000 diff_RLRR=-0.000 q_calf FR=-1.777 FL=-1.777 RR=-1.779 RL=-1.779 diff_FLFR=0.000 diff_RLRR=-0.000
[ros2_control_node-3] [INFO] [1791627240.194433067] [BaseFixedStand]: [STAND-SYMM] phase=0.932 q_thigh FR=0.826 FL=0.826 RR=0.840 RL=0.840 diff_FLFR=0.000 diff_RLRR=-0.000 q_calf FR=-1.667 FL=-1.667 RR=-1.663 RL=-1.663 diff_FLFR=0.000 diff_RLRR=-0.000
[ros2_control_node-3] [INFO] [1791627240.694461620] [BaseFixedStand]: [STAND-SYMM] phase=0.970 q_thigh FR=0.808 FL=0.808 RR=0.820 RL=0.820 diff_FLFR=0.000 diff_RLRR=-0.000 q_calf FR=-1.615 FL=-1.615 RR=-1.608 RL=-1.608 diff_FLFR=0.000 diff_RLRR=-0.000
[ros2_control_node-3] [INFO] [1791627241.194338867] [BaseFixedStand]: [STAND-SYMM] phase=0.987 q_thigh FR=0.800 FL=0.800 RR=0.811 RL=0.811 diff_FLFR=0.000 diff_RLRR=-0.000 q_calf FR=-1.592 FL=-1.592 RR=-1.584 RL=-1.584 diff_FLFR=0.000 diff_RLRR=-0.000
[ros2_control_node-3] [INFO] [1791627241.694358783] [BaseFixedStand]: [STAND-SYMM] phase=0.994 q_thigh FR=0.797 FL=0.797 RR=0.807 RL=0.807 diff_FLFR=0.000 diff_RLRR=-0.000 q_calf FR=-1.582 FL=-1.582 RR=-1.573 RL=-1.573 diff_FLFR=0.000 diff_RLRR=-0.000
[ros2_control_node-3] [INFO] [1791627242.194362486] [BaseFixedStand]: [STAND-SYMM] phase=0.997 q_thigh FR=0.794 FL=0.794 RR=0.804 RL=0.804 diff_FLFR=0.000 diff_RLRR=-0.000 q_calf FR=-1.576 FL=-1.576 RR=-1.567 RL=-1.567 diff_FLFR=0.000 diff_RLRR=-0.000
[ros2_control_node-3] [INFO] [1791627242.694243095] [BaseFixedStand]: [STAND-SYMM] phase=0.999 q_thigh FR=0.793 FL=0.793 RR=0.803 RL=0.803 diff_FLFR=0.000 diff_RLRR=-0.000 q_calf FR=-1.573 FL=-1.573 RR=-1.564 RL=-1.564 diff_FLFR=0.000 diff_RLRR=-0.000
[ros2_control_node-3] [INFO] [1791627243.194515660] [BaseFixedStand]: [STAND-SYMM] phase=1.000 q_thigh FR=0.793 FL=0.793 RR=0.803 RL=0.803 diff_FLFR=0.000 diff_RLRR=-0.000 q_calf FR=-1.572 FL=-1.572 RR=-1.562 RL=-1.562 diff_FLFR=0.000 diff_RLRR=-0.000
[ros2_control_node-3] [INFO] [1791627243.599321298] [rl_quadruped_controller]: Switched from fixed stand to rl
[ros2_control_node-3] [INFO] [1791627243.604912079] [StateRL]: [Ray2D] Shared memory connected: /mujoco_ray2d
[ros2_control_node-3] [INFO] [1791627243.605037798] [StateRL]: [RtFrame] Shared memory initialized: /mujoco_rt_frame session_id=34745926610867 writer_pid=181860
[ros2_control_node-3] [INFO] [1791627243.605659930] [StateRL]: [RL] enable_estimator_=1 rec_loaded=1 ra_loaded=1 ra_threshold=-0.0500
[ros2_control_node-3] [INFO] [1791627243.605687011] [StateRL]: [RL] Ray2d: shm connected, policy active
[ros2_control_node-3] [INFO] [1791627243.633339234] [StateRL]: [PATH] start=(-0.03,0.00) goal=(7.00,0.00) tracking=1 lateral_gain=2.50 heading_gain=2.50
[ros2_control_node-3] [INFO] [1791627243.633449196] [StateRL]: [GOAL] 位置=(-0.03,0.00) 偏航=-0.00 目标=(7.00,0.00) 距离=7.03 机体系=(4.99,0.00) 航向=0.00 path_err=0.00 path_on=1
[ros2_control_node-3] [INFO] [1791627243.676355087] [StateRL]: [RA] ra=-0.4341 ray2d=[1.88 1.97 2.27 2.46 2.42 1.39 1.34 0.77 0.55 0.69 0.95]
[ros2_control_node-3] [INFO] [1791627243.678180508] [StateRL]: [EVAL] step=0 t=0.000 robot=(-0.034,0.000) yaw=-0.000 goal=(7.000,0.000) dist=7.034 body=(4.993,0.000) heading=0.000 arrived=0 ra=-0.43409 entry=-0.05000 recovery=0 hold=0 twist=(0.000,0.000,0.000) min_ray_log=0.554 max_ray_log=2.461 min_ray_m=1.469 lin_vel=(0.001,0.000,-0.059) ang_vel=(-0.000,0.043,-0.000) action_range=(-0.490,2.422) contact=(1,1,1,1)
[ros2_control_node-3] [INFO] [1791627244.125321423] [StateRL]: [EVAL] step=25 t=0.500 robot=(-0.078,-0.003) yaw=0.030 goal=(7.000,0.000) dist=7.078 body=(4.991,-0.138) heading=-0.069 arrived=0 ra=-0.43929 entry=-0.05000 recovery=0 hold=0 twist=(0.000,0.000,0.000) min_ray_log=0.622 max_ray_log=2.435 min_ray_m=1.539 lin_vel=(0.062,-0.021,0.306) ang_vel=(0.211,0.827,0.192) action_range=(-1.781,3.012) contact=(1,1,1,1)
[ros2_control_node-3] [INFO] [1791627244.625775654] [StateRL]: [EVAL] step=50 t=1.000 robot=(0.081,-0.007) yaw=-0.042 goal=(7.000,0.000) dist=6.919 body=(4.988,0.231) heading=0.116 arrived=0 ra=-0.43123 entry=-0.05000 recovery=0 hold=0 twist=(0.000,0.000,0.000) min_ray_log=0.390 max_ray_log=2.585 min_ray_m=1.311 lin_vel=(0.571,0.031,-0.132) ang_vel=(-1.277,0.547,-0.132) action_range=(-1.099,2.032) contact=(1,-1,1,-1)
[ros2_control_node-3] [INFO] [1791627245.012025544] [StateRL]: [TWIST-GD] 梯度下降恢复速度优化 | 初始=[1.24,0.05,-0.11] 最终=[0.75,0.00,-0.12] 目标=(4.97,0.54) RA迭代=[-0.0471,-0.1613,-0.1602] 中心射线=1.15
[ros2_control_node-3] [WARN] [1791627245.012081432] [StateRL]: [RA-REC] 进入恢复 | group=A mode=paper_faithful_switch ra=-0.0471 entry=-0.0500 effective_exit=-0.0500 hysteresis=false hold=false 恢复速度=[0.75,0.00,-0.12]
[ros2_control_node-3] [INFO] [1791627245.015214965] [StateRL]: [REC-DIAG] lin_vel=[1.24,0.05,-0.03] twist=[0.75,0.00,-0.12] hold=0 rec_action_range=[-1.959,1.288]
[ros2_control_node-3] [INFO] [1791627245.015886962] [StateRL]: [ABS-POLICY-CMD] event=recovery_command_issued clock=steady_clock_ns write_ns=34747337482841 write_id=280 source_session_id=34745926610867 source_policy_cycle_id=69 source_mode=1 action_source=2 transition_reason=1 recovery_episode_id=1 q_rad=[0.060631,0.608926,-1.989749,-0.074036,0.550702,-1.574889,0.321900,1.055586,-1.762510,0.074381,0.863047,-1.866604]
[ros2_control_node-3] [INFO] [1791627245.126137046] [StateRL]: [EVAL] step=75 t=1.500 robot=(0.588,-0.036) yaw=-0.063 goal=(7.000,0.000) dist=6.412 body=(4.980,0.342) heading=0.069 arrived=0 ra=-0.01508 entry=-0.05000 recovery=1 hold=0 twist=(0.753,0.005,-0.119) min_ray_log=-0.131 max_ray_log=2.585 min_ray_m=0.913 lin_vel=(1.095,-0.057,-0.800) ang_vel=(0.087,-0.319,0.797) action_range=(-3.129,1.937) contact=(-1,1,-1,1)
[ros2_control_node-3] [INFO] [1791627245.144957508] [StateRL]: [RA-REC] 退出恢复 | group=A mode=paper_faithful_switch ra=-0.0742 < effective_exit=-0.0500 entry=-0.0500 hysteresis=false hold=false, 回到敏捷策略
[ros2_control_node-3] [INFO] [1791627245.449693444] [StateRL]: [TWIST-GD] 梯度下降恢复速度优化 | 初始=[1.02,-0.04,0.07] 最终=[0.53,-0.19,0.05] 目标=(4.98,0.57) RA迭代=[-0.0306,-0.1351,-0.1342] 中心射线=0.78
[ros2_control_node-3] [WARN] [1791627245.449752272] [StateRL]: [RA-REC] 进入恢复 | group=A mode=paper_faithful_switch ra=-0.0306 entry=-0.0500 effective_exit=-0.0500 hysteresis=false hold=false 恢复速度=[0.53,-0.19,0.05]
[ros2_control_node-3] [INFO] [1791627245.452469375] [StateRL]: [ABS-POLICY-CMD] event=recovery_command_issued clock=steady_clock_ns write_ns=34747773986830 write_id=368 source_session_id=34745926610867 source_policy_cycle_id=91 source_mode=1 action_source=2 transition_reason=1 recovery_episode_id=2 q_rad=[-0.083247,0.222588,-1.643077,-0.013232,0.583075,-1.947363,0.403180,0.825389,-1.524601,0.299973,0.719591,-1.848884]
[ros2_control_node-3] [INFO] [1791627245.507755777] [StateRL]: [REC-DIAG] lin_vel=[1.05,-0.16,-0.24] twist=[0.53,-0.19,0.05] hold=0 rec_action_range=[-2.843,2.516]
[ros2_control_node-3] [INFO] [1791627245.624503299] [StateRL]: [GOAL] 位置=(1.09,-0.10) 偏航=-0.08 目标=(7.00,0.00) 距离=5.91 机体系=(4.97,0.48) 航向=0.10 path_err=0.00 path_on=0
[ros2_control_node-3] [INFO] [1791627245.626047098] [StateRL]: [EVAL] step=100 t=2.000 robot=(1.089,-0.095) yaw=-0.080 goal=(7.000,0.000) dist=5.912 body=(4.969,0.479) heading=0.096 arrived=0 ra=0.28756 entry=-0.05000 recovery=1 hold=0 twist=(0.531,-0.185,0.049) min_ray_log=0.501 max_ray_log=2.585 min_ray_m=1.415 lin_vel=(0.795,0.051,-0.594) ang_vel=(-1.876,-1.678,0.179) action_range=(-2.560,1.272) contact=(1,1,-1,-1)
[ros2_control_node-3] [INFO] [1791627245.707622839] [StateRL]: [REC-DIAG] lin_vel=[0.19,-0.17,0.01] twist=[0.53,-0.19,0.05] hold=0 rec_action_range=[-1.805,1.032]
[ros2_control_node-3] [INFO] [1791627245.884796967] [StateRL]: [RA-REC] 退出恢复 | group=A mode=paper_faithful_switch ra=-0.0689 < effective_exit=-0.0500 entry=-0.0500 hysteresis=false hold=false, 回到敏捷策略
[ros2_control_node-3] [INFO] [1791627245.908137261] [StateRL]: [TWIST-GD] 梯度下降恢复速度优化 | 初始=[-0.15,-0.29,0.49] 最终=[-0.64,-0.30,0.19] 目标=(4.96,0.82) RA迭代=[-0.0124,-0.1801,-0.1786] 中心射线=0.67
[ros2_control_node-3] [WARN] [1791627245.908179250] [StateRL]: [RA-REC] 进入恢复 | group=A mode=paper_faithful_switch ra=-0.0124 entry=-0.0500 effective_exit=-0.0500 hysteresis=false hold=false 恢复速度=[-0.64,-0.30,0.19]
[ros2_control_node-3] [INFO] [1791627245.909619795] [StateRL]: [ABS-POLICY-CMD] event=recovery_command_issued clock=steady_clock_ns write_ns=34748231211990 write_id=460 source_session_id=34745926610867 source_policy_cycle_id=114 source_mode=1 action_source=2 transition_reason=1 recovery_episode_id=3 q_rad=[0.416647,0.674134,-1.534105,-0.424180,1.023623,-2.225645,0.184842,1.035476,-1.917869,-0.055015,1.123496,-1.835480]
[ros2_control_node-3] [INFO] [1791627245.945660786] [StateRL]: [REC-DIAG] lin_vel=[-0.23,-0.00,0.34] twist=[-0.64,-0.30,0.19] hold=0 rec_action_range=[-2.545,1.989]
[ros2_control_node-3] [INFO] [1791627246.024670539] [StateRL]: [RA-REC] 退出恢复 | group=A mode=paper_faithful_switch ra=-0.2684 < effective_exit=-0.0500 entry=-0.0500 hysteresis=false hold=false, 回到敏捷策略
[ros2_control_node-3] [INFO] [1791627246.125445888] [StateRL]: [EVAL] step=125 t=2.500 robot=(1.037,-0.131) yaw=0.012 goal=(7.000,0.000) dist=5.964 body=(4.991,0.378) heading=0.187 arrived=0 ra=-0.23171 entry=-0.05000 recovery=0 hold=0 twist=(-0.641,-0.298,0.192) min_ray_log=0.615 max_ray_log=2.307 min_ray_m=1.531 lin_vel=(-0.191,-0.133,0.061) ang_vel=(0.012,0.894,0.391) action_range=(-1.526,2.328) contact=(1,1,-1,1)
[ros2_control_node-3] [INFO] [1791627246.553829015] [StateRL]: [TWIST-GD] 梯度下降恢复速度优化 | 初始=[0.47,-0.20,0.00] 最终=[-1.03,0.29,1.04] 目标=(4.99,0.62) RA迭代=[0.1875,0.0386,-0.0974] 中心射线=0.62
[ros2_control_node-3] [WARN] [1791627246.553975169] [StateRL]: [RA-REC] 进入恢复 | group=A mode=paper_faithful_switch ra=0.1875 entry=-0.0500 effective_exit=-0.0500 hysteresis=false hold=false 恢复速度=[-1.03,0.29,1.04]
[ros2_control_node-3] [INFO] [1791627246.555162784] [StateRL]: [ABS-POLICY-CMD] event=recovery_command_issued clock=steady_clock_ns write_ns=34748876762050 write_id=588 source_session_id=34745926610867 source_policy_cycle_id=146 source_mode=1 action_source=2 transition_reason=1 recovery_episode_id=4 q_rad=[0.038029,0.372248,-1.515794,-0.036123,0.805622,-2.019195,0.221250,0.924148,-1.439337,0.122160,0.634368,-1.658275]
[ros2_control_node-3] [INFO] [1791627246.627545468] [StateRL]: [EVAL] step=150 t=3.000 robot=(1.133,-0.196) yaw=0.011 goal=(7.000,0.000) dist=5.870 body=(4.990,0.110) heading=0.022 arrived=0 ra=0.22342 entry=-0.05000 recovery=1 hold=0 twist=(-1.034,0.286,1.037) min_ray_log=0.507 max_ray_log=2.585 min_ray_m=1.421 lin_vel=(0.538,-0.116,-0.190) ang_vel=(-1.510,1.775,0.172) action_range=(-1.989,1.605) contact=(1,-1,1,-1)
[ros2_control_node-3] [INFO] [1791627246.664982686] [StateRL]: [RA-REC] 退出恢复 | group=A mode=paper_faithful_switch ra=-0.0872 < effective_exit=-0.0500 entry=-0.0500 hysteresis=false hold=false, 回到敏捷策略
[ros2_control_node-3] [INFO] [1791627246.845584136] [StateRL]: [TWIST-GD] 梯度下降恢复速度优化 | 初始=[0.41,0.12,-0.26] 最终=[-1.09,0.26,-1.00] 目标=(4.99,0.55) RA迭代=[0.2670,0.0957,-0.0520] 中心射线=0.48
[ros2_control_node-3] [WARN] [1791627246.845724572] [StateRL]: [RA-REC] 进入恢复 | group=A mode=paper_faithful_switch ra=0.2670 entry=-0.0500 effective_exit=-0.0500 hysteresis=false hold=false 恢复速度=[-1.09,0.26,-1.00]
[ros2_control_node-3] [INFO] [1791627246.848787532] [StateRL]: [REC-DIAG] lin_vel=[0.41,0.12,0.18] twist=[-1.09,0.26,-1.00] hold=0 rec_action_range=[-2.044,1.204]
[ros2_control_node-3] [INFO] [1791627246.849556963] [StateRL]: [ABS-POLICY-CMD] event=recovery_command_issued clock=steady_clock_ns write_ns=34749171156382 write_id=644 source_session_id=34745926610867 source_policy_cycle_id=160 source_mode=1 action_source=2 transition_reason=1 recovery_episode_id=5 q_rad=[0.272898,0.640252,-1.790311,-0.510952,0.795310,-1.666159,-0.013922,1.030975,-1.874520,-0.127887,1.101004,-1.725619]
[ros2_control_node-3] [INFO] [1791627246.945016751] [StateRL]: [RA-REC] 退出恢复 | group=A mode=paper_faithful_switch ra=-0.1353 < effective_exit=-0.0500 entry=-0.0500 hysteresis=false hold=false, 回到敏捷策略
[ros2_control_node-3] [INFO] [1791627247.127588635] [StateRL]: [TWIST-GD] 梯度下降恢复速度优化 | 初始=[0.43,-0.26,-0.41] 最终=[-1.07,-0.21,-1.09] 目标=(4.99,0.44) RA迭代=[0.2556,0.0942,-0.0627] 中心射线=0.38
[ros2_control_node-3] [WARN] [1791627247.127641682] [StateRL]: [RA-REC] 进入恢复 | group=A mode=paper_faithful_switch ra=0.2556 entry=-0.0500 effective_exit=-0.0500 hysteresis=false hold=false 恢复速度=[-1.07,-0.21,-1.09]
[ros2_control_node-3] [INFO] [1791627247.128956668] [StateRL]: [EVAL] step=175 t=3.500 robot=(1.310,-0.232) yaw=0.069 goal=(7.000,0.000) dist=5.695 body=(4.989,0.437) heading=0.216 arrived=0 ra=0.25559 entry=-0.05000 recovery=1 hold=0 twist=(-1.066,-0.206,-1.088) min_ray_log=0.337 max_ray_log=2.585 min_ray_m=1.263 lin_vel=(0.434,-0.260,0.171) ang_vel=(1.622,0.130,-0.410) action_range=(-1.689,2.685) contact=(-1,1,-1,1)
[ros2_control_node-3] [INFO] [1791627247.129244322] [StateRL]: [ABS-POLICY-CMD] event=recovery_command_issued clock=steady_clock_ns write_ns=34749450846831 write_id=704 source_session_id=34745926610867 source_policy_cycle_id=175 source_mode=1 action_source=2 transition_reason=1 recovery_episode_id=6 q_rad=[0.138424,0.803529,-1.922182,-0.284399,0.518841,-1.497787,0.141523,1.471327,-1.874281,-0.098844,0.746618,-1.855838]
[ros2_control_node-3] [INFO] [1791627247.204914816] [StateRL]: [REC-DIAG] lin_vel=[0.24,-0.30,-0.11] twist=[-1.07,-0.21,-1.09] hold=0 rec_action_range=[-2.925,1.452]
[ros2_control_node-3] [INFO] [1791627247.324883392] [StateRL]: [RA-REC] 退出恢复 | group=A mode=paper_faithful_switch ra=-0.0585 < effective_exit=-0.0500 entry=-0.0500 hysteresis=false hold=false, 回到敏捷策略
[ros2_control_node-3] [INFO] [1791627247.426431589] [StateRL]: [TWIST-GD] 梯度下降恢复速度优化 | 初始=[0.06,-0.47,0.60] 最终=[-0.93,-0.09,1.21] 目标=(4.99,0.75) RA迭代=[0.1571,0.0198,-0.1342] 中心射线=0.39
[ros2_control_node-3] [WARN] [1791627247.426482343] [StateRL]: [RA-REC] 进入恢复 | group=A mode=paper_faithful_switch ra=0.1571 entry=-0.0500 effective_exit=-0.0500 hysteresis=false hold=false 恢复速度=[-0.93,-0.09,1.21]
[ros2_control_node-3] [INFO] [1791627247.427493963] [StateRL]: [ABS-POLICY-CMD] event=recovery_command_issued clock=steady_clock_ns write_ns=34749749094437 write_id=764 source_session_id=34745926610867 source_policy_cycle_id=190 source_mode=1 action_source=2 transition_reason=1 recovery_episode_id=7 q_rad=[0.180830,0.805476,-1.511406,-0.129233,1.099256,-1.964945,0.004496,1.355985,-1.881982,-0.008455,0.694281,-1.368563]
[ros2_control_node-3] [INFO] [1791627247.505287678] [StateRL]: [REC-DIAG] lin_vel=[-0.16,-0.25,0.24] twist=[-0.93,-0.09,1.21] hold=0 rec_action_range=[-1.929,1.263]
[ros2_control_node-3] [INFO] [1791627247.564913389] [StateRL]: [RA-REC] 退出恢复 | group=A mode=paper_faithful_switch ra=-0.1873 < effective_exit=-0.0500 entry=-0.0500 hysteresis=false hold=false, 回到敏捷策略
[ros2_control_node-3] [INFO] [1791627247.625158932] [StateRL]: [GOAL] 位置=(1.32,-0.35) 偏航=0.20 目标=(7.00,0.00) 距离=5.69 机体系=(4.94,0.15) 航向=0.08 path_err=-0.35 path_on=1
[ros2_control_node-3] [INFO] [1791627247.632239118] [StateRL]: [EVAL] step=200 t=4.000 robot=(1.324,-0.353) yaw=0.205 goal=(7.000,0.000) dist=5.687 body=(4.941,0.155) heading=0.078 arrived=0 ra=-0.08666 entry=-0.05000 recovery=0 hold=0 twist=(-0.932,-0.087,1.210) min_ray_log=0.365 max_ray_log=2.255 min_ray_m=1.288 lin_vel=(-0.296,-0.276,0.002) ang_vel=(1.981,-0.358,0.978) action_range=(-1.669,1.938) contact=(-1,-1,1,1)
[ros2_control_node-3] [INFO] [1791627247.648027436] [StateRL]: [TWIST-GD] 梯度下降恢复速度优化 | 初始=[-0.26,-0.29,0.91] 最终=[-0.69,-0.21,1.31] 目标=(4.93,0.07) RA迭代=[-0.0279,-0.1069,-0.1064] 中心射线=0.37
[ros2_control_node-3] [WARN] [1791627247.648082422] [StateRL]: [RA-REC] 进入恢复 | group=A mode=paper_faithful_switch ra=-0.0279 entry=-0.0500 effective_exit=-0.0500 hysteresis=false hold=false 恢复速度=[-0.69,-0.21,1.31]
[ros2_control_node-3] [INFO] [1791627247.648893521] [StateRL]: [ABS-POLICY-CMD] event=recovery_command_issued clock=steady_clock_ns write_ns=34749970497675 write_id=808 source_session_id=34745926610867 source_policy_cycle_id=201 source_mode=1 action_source=2 transition_reason=1 recovery_episode_id=8 q_rad=[0.305776,0.743088,-2.092189,-0.018685,1.032640,-1.991575,-0.230458,0.960959,-1.864980,0.032869,1.018328,-1.952934]
[ros2_control_node-3] [INFO] [1791627247.764522108] [StateRL]: [RA-REC] 退出恢复 | group=A mode=paper_faithful_switch ra=-0.1099 < effective_exit=-0.0500 entry=-0.0500 hysteresis=false hold=false, 回到敏捷策略
[ros2_control_node-3] [INFO] [1791627248.065916000] [StateRL]: [TWIST-GD] 梯度下降恢复速度优化 | 初始=[0.30,-0.12,-0.47] 最终=[-0.19,-0.25,-0.51] 目标=(4.80,-0.38) RA迭代=[-0.0434,-0.1212,-0.1205] 中心射线=0.44
[ros2_control_node-3] [WARN] [1791627248.065958861] [StateRL]: [RA-REC] 进入恢复 | group=A mode=paper_faithful_switch ra=-0.0434 entry=-0.0500 effective_exit=-0.0500 hysteresis=false hold=false 恢复速度=[-0.19,-0.25,-0.51]
[ros2_control_node-3] [INFO] [1791627248.066699323] [StateRL]: [ABS-POLICY-CMD] event=recovery_command_issued clock=steady_clock_ns write_ns=34750388302019 write_id=892 source_session_id=34745926610867 source_policy_cycle_id=222 source_mode=1 action_source=2 transition_reason=1 recovery_episode_id=9 q_rad=[0.180550,0.472915,-1.539870,0.033917,0.777838,-1.756795,0.246734,1.208374,-1.919108,0.215760,0.851405,-1.831390]
[ros2_control_node-3] [INFO] [1791627248.086118301] [StateRL]: [RA-REC] 退出恢复 | group=A mode=paper_faithful_switch ra=-0.1073 < effective_exit=-0.0500 entry=-0.0500 hysteresis=false hold=false, 回到敏捷策略
[ros2_control_node-3] [INFO] [1791627248.112009241] [StateRL]: [TWIST-GD] 梯度下降恢复速度优化 | 初始=[0.26,-0.11,-0.54] 最终=[-0.23,-0.20,-0.50] 目标=(4.82,-0.31) RA迭代=[-0.0248,-0.1115,-0.1107] 中心射线=0.41
[ros2_control_node-3] [WARN] [1791627248.112131514] [StateRL]: [RA-REC] 进入恢复 | group=A mode=paper_faithful_switch ra=-0.0248 entry=-0.0500 effective_exit=-0.0500 hysteresis=false hold=false 恢复速度=[-0.23,-0.20,-0.50]
[ros2_control_node-3] [INFO] [1791627248.114119248] [StateRL]: [REC-DIAG] lin_vel=[0.26,-0.11,-0.10] twist=[-0.23,-0.20,-0.50] hold=0 rec_action_range=[-2.651,1.187]
[ros2_control_node-3] [INFO] [1791627248.115194100] [StateRL]: [ABS-POLICY-CMD] event=recovery_command_issued clock=steady_clock_ns write_ns=34750436767605 write_id=900 source_session_id=34745926610867 source_policy_cycle_id=224 source_mode=1 action_source=2 transition_reason=1 recovery_episode_id=10 q_rad=[0.163938,0.421861,-1.518739,-0.095986,0.672121,-1.665249,0.277894,1.096862,-2.162725,0.249933,0.748076,-1.570836]
[ros2_control_node-3] [INFO] [1791627248.130533275] [StateRL]: [EVAL] step=225 t=4.500 robot=(1.331,-0.420) yaw=0.321 goal=(7.000,0.000) dist=5.684 body=(4.840,-1.220) heading=-0.247 arrived=0 ra=0.00864 entry=-0.05000 recovery=1 hold=0 twist=(-0.226,-0.202,-0.502) min_ray_log=0.392 max_ray_log=2.585 min_ray_m=1.312 lin_vel=(0.239,0.044,-0.137) ang_vel=(-2.661,-0.302,-0.952) action_range=(-2.219,1.102) contact=(1,-1,-1,-1)
[ros2_control_node-3] [INFO] [1791627248.306714644] [StateRL]: [RA-REC] 退出恢复 | group=A mode=paper_faithful_switch ra=-0.1087 < effective_exit=-0.0500 entry=-0.0500 hysteresis=false hold=false, 回到敏捷策略
[ros2_control_node-3] [INFO] [1791627248.625113539] [StateRL]: [EVAL] step=250 t=5.000 robot=(1.327,-0.491) yaw=0.255 goal=(7.000,0.000) dist=5.694 body=(4.920,0.349) heading=0.175 arrived=0 ra=-0.15736 entry=-0.05000 recovery=0 hold=0 twist=(-0.226,-0.202,-0.502) min_ray_log=0.408 max_ray_log=2.585 min_ray_m=1.327 lin_vel=(0.090,-0.137,0.060) ang_vel=(-1.238,-0.007,-0.065) action_range=(-1.506,1.932) contact=(-1,1,1,-1)
[ros2_control_node-3] [INFO] [1791627248.878392753] [StateRL]: [TWIST-GD] 梯度下降恢复速度优化 | 初始=[0.57,-0.24,-0.86] 最终=[-0.43,0.25,-1.27] 目标=(4.94,0.46) RA迭代=[0.2131,0.0521,-0.1095] 中心射线=0.33
[ros2_control_node-3] [WARN] [1791627248.878467741] [StateRL]: [RA-REC] 进入恢复 | group=A mode=paper_faithful_switch ra=0.2131 entry=-0.0500 effective_exit=-0.0500 hysteresis=false hold=false 恢复速度=[-0.43,0.25,-1.27]
[ros2_control_node-3] [INFO] [1791627248.879307241] [StateRL]: [REC-DIAG] lin_vel=[0.57,-0.24,0.39] twist=[-0.43,0.25,-1.27] hold=0 rec_action_range=[-1.885,3.270]
[ros2_control_node-3] [INFO] [1791627248.879998830] [StateRL]: [ABS-POLICY-CMD] event=recovery_command_issued clock=steady_clock_ns write_ns=34751201587903 write_id=1052 source_session_id=34745926610867 source_policy_cycle_id=262 source_mode=1 action_source=2 transition_reason=1 recovery_episode_id=11 q_rad=[0.013519,0.672352,-1.798213,-0.176136,0.481650,-1.549700,0.303687,1.617444,-1.971206,0.036879,0.810432,-1.925782]
[ros2_control_node-3] [INFO] [1791627249.067001939] [StateRL]: [REC-DIAG] lin_vel=[0.21,-0.04,-0.13] twist=[-0.43,0.25,-1.27] hold=0 rec_action_range=[-2.532,1.325]
[ros2_control_node-3] [INFO] [1791627249.085446451] [StateRL]: [RA-REC] 退出恢复 | group=A mode=paper_faithful_switch ra=-0.0586 < effective_exit=-0.0500 entry=-0.0500 hysteresis=false hold=false, 回到敏捷策略
[ros2_control_node-3] [INFO] [1791627249.105531335] [StateRL]: [TWIST-GD] 梯度下降恢复速度优化 | 初始=[0.04,0.10,-0.10] 最终=[-0.96,-0.30,0.30] 目标=(4.98,0.88) RA迭代=[0.0472,-0.0532,-0.1313] 中心射线=0.35
[ros2_control_node-3] [WARN] [1791627249.105570529] [StateRL]: [RA-REC] 进入恢复 | group=A mode=paper_faithful_switch ra=0.0472 entry=-0.0500 effective_exit=-0.0500 hysteresis=false hold=false 恢复速度=[-0.96,-0.30,0.30]
[ros2_control_node-3] [INFO] [1791627249.106290657] [StateRL]: [ABS-POLICY-CMD] event=recovery_command_issued clock=steady_clock_ns write_ns=34751427884774 write_id=1100 source_session_id=34745926610867 source_policy_cycle_id=274 source_mode=1 action_source=2 transition_reason=1 recovery_episode_id=12 q_rad=[0.174017,0.772782,-1.894685,-0.270528,0.491722,-1.616916,0.352858,1.073664,-1.864694,-0.101947,0.844531,-1.592883]
[ros2_control_node-3] [INFO] [1791627249.124505143] [StateRL]: [RA-REC] 退出恢复 | group=A mode=paper_faithful_switch ra=-0.0631 < effective_exit=-0.0500 entry=-0.0500 hysteresis=false hold=false, 回到敏捷策略
[ros2_control_node-3] [INFO] [1791627249.124974794] [StateRL]: [EVAL] step=275 t=5.500 robot=(1.524,-0.493) yaw=0.151 goal=(7.000,0.000) dist=5.498 body=(4.982,-0.306) heading=-0.061 arrived=0 ra=-0.06307 entry=-0.05000 recovery=0 hold=0 twist=(-0.956,-0.299,0.296) min_ray_log=0.183 max_ray_log=2.252 min_ray_m=1.136 lin_vel=(0.065,0.010,-0.366) ang_vel=(-1.887,-1.764,0.167) action_range=(-2.372,2.371) contact=(1,1,1,1)
[ros2_control_node-3] [INFO] [1791627249.146321124] [StateRL]: [TWIST-GD] 梯度下降恢复速度优化 | 初始=[0.16,-0.07,0.14] 最终=[-0.83,-0.02,0.00] 目标=(4.98,0.90) RA迭代=[0.0234,-0.0701,-0.1673] 中心射线=0.37
[ros2_control_node-3] [WARN] [1791627249.146362164] [StateRL]: [RA-REC] 进入恢复 | group=A mode=paper_faithful_switch ra=0.0234 entry=-0.0500 effective_exit=-0.0500 hysteresis=false hold=false 恢复速度=[-0.83,-0.02,0.00]
[ros2_control_node-3] [INFO] [1791627249.151393526] [StateRL]: [ABS-POLICY-CMD] event=recovery_command_issued clock=steady_clock_ns write_ns=34751472948837 write_id=1108 source_session_id=34745926610867 source_policy_cycle_id=276 source_mode=1 action_source=2 transition_reason=1 recovery_episode_id=13 q_rad=[0.454514,0.680985,-1.660169,-0.037808,0.736356,-1.735617,0.112319,1.414821,-1.986293,-0.095058,0.873586,-1.639045]
[ros2_control_node-3] [INFO] [1791627249.167423379] [StateRL]: [RA-REC] 退出恢复 | group=A mode=paper_faithful_switch ra=-0.0516 < effective_exit=-0.0500 entry=-0.0500 hysteresis=false hold=false, 回到敏捷策略
[ros2_control_node-3] [INFO] [1791627249.200158377] [StateRL]: [TWIST-GD] 梯度下降恢复速度优化 | 初始=[0.18,-0.14,-0.01] 最终=[-0.81,-0.10,0.01] 目标=(4.98,0.90) RA迭代=[0.0046,-0.0864,-0.1757] 中心射线=0.37
[ros2_control_node-3] [WARN] [1791627249.200321107] [StateRL]: [RA-REC] 进入恢复 | group=A mode=paper_faithful_switch ra=0.0046 entry=-0.0500 effective_exit=-0.0500 hysteresis=false hold=false 恢复速度=[-0.81,-0.10,0.01]
[ros2_control_node-3] [INFO] [1791627249.206140354] [StateRL]: [ABS-POLICY-CMD] event=recovery_command_issued clock=steady_clock_ns write_ns=34751527680534 write_id=1116 source_session_id=34745926610867 source_policy_cycle_id=278 source_mode=1 action_source=2 transition_reason=1 recovery_episode_id=14 q_rad=[0.408625,0.552244,-1.414003,-0.312055,0.866796,-1.894983,0.101872,1.197052,-1.992230,-0.071955,0.974893,-1.829377]
[ros2_control_node-3] [INFO] [1791627249.217275482] [StateRL]: [RA-REC] 退出恢复 | group=A mode=paper_faithful_switch ra=-0.1070 < effective_exit=-0.0500 entry=-0.0500 hysteresis=false hold=false, 回到敏捷策略
[ros2_control_node-3] [INFO] [1791627249.326358080] [StateRL]: [TWIST-GD] 梯度下降恢复速度优化 | 初始=[0.45,0.15,0.08] 最终=[-0.54,0.06,-0.04] 目标=(4.98,0.93) RA迭代=[0.0046,-0.0765,-0.1679] 中心射线=0.39
[ros2_control_node-3] [WARN] [1791627249.326429777] [StateRL]: [RA-REC] 进入恢复 | group=A mode=paper_faithful_switch ra=0.0046 entry=-0.0500 effective_exit=-0.0500 hysteresis=false hold=false 恢复速度=[-0.54,0.06,-0.04]
[ros2_control_node-3] [INFO] [1791627249.327245942] [StateRL]: [ABS-POLICY-CMD] event=recovery_command_issued clock=steady_clock_ns write_ns=34751648839721 write_id=1144 source_session_id=34745926610867 source_policy_cycle_id=285 source_mode=1 action_source=2 transition_reason=1 recovery_episode_id=15 q_rad=[0.350665,0.847971,-1.831183,-0.395926,0.827977,-1.552119,0.174127,1.216568,-1.835220,-0.044657,1.059800,-1.708084]
[ros2_control_node-3] [INFO] [1791627249.404477058] [StateRL]: [RA-REC] 退出恢复 | group=A mode=paper_faithful_switch ra=-0.0592 < effective_exit=-0.0500 entry=-0.0500 hysteresis=false hold=false, 回到敏捷策略
[ros2_control_node-3] [INFO] [1791627249.434583796] [StateRL]: [TWIST-GD] 梯度下降恢复速度优化 | 初始=[0.14,0.06,0.01] 最终=[-0.85,0.16,0.01] 目标=(4.98,0.79) RA迭代=[0.0052,-0.0891,-0.1805] 中心射线=0.24
[ros2_control_node-3] [WARN] [1791627249.434635016] [StateRL]: [RA-REC] 进入恢复 | group=A mode=paper_faithful_switch ra=0.0052 entry=-0.0500 effective_exit=-0.0500 hysteresis=false hold=false 恢复速度=[-0.85,0.16,0.01]
[ros2_control_node-3] [INFO] [1791627249.436588756] [StateRL]: [ABS-POLICY-CMD] event=recovery_command_issued clock=steady_clock_ns write_ns=34751758179354 write_id=1164 source_session_id=34745926610867 source_policy_cycle_id=290 source_mode=1 action_source=2 transition_reason=1 recovery_episode_id=16 q_rad=[0.338889,0.754859,-1.707165,-0.220402,0.832144,-1.759269,0.130399,1.479994,-1.939335,-0.087125,0.880936,-1.477886]
[ros2_control_node-3] [INFO] [1791627249.475205744] [StateRL]: [REC-DIAG] lin_vel=[0.15,-0.05,0.03] twist=[-0.85,0.16,0.01] hold=0 rec_action_range=[-1.502,0.972]
[ros2_control_node-3] [INFO] [1791627249.506148152] [StateRL]: [RA-REC] 退出恢复 | group=A mode=paper_faithful_switch ra=-0.0687 < effective_exit=-0.0500 entry=-0.0500 hysteresis=false hold=false, 回到敏捷策略
[ros2_control_node-3] [INFO] [1791627249.528300839] [StateRL]: [TWIST-GD] 梯度下降恢复速度优化 | 初始=[0.10,0.02,-0.02] 最终=[-0.89,0.16,-0.09] 目标=(4.96,0.63) RA迭代=[0.0058,-0.0890,-0.1681] 中心射线=0.16
[ros2_control_node-3] [WARN] [1791627249.528352278] [StateRL]: [RA-REC] 进入恢复 | group=A mode=paper_faithful_switch ra=0.0058 entry=-0.0500 effective_exit=-0.0500 hysteresis=false hold=false 恢复速度=[-0.89,0.16,-0.09]
[ros2_control_node-3] [INFO] [1791627249.530236253] [StateRL]: [ABS-POLICY-CMD] event=recovery_command_issued clock=steady_clock_ns write_ns=34751851831180 write_id=1184 source_session_id=34745926610867 source_policy_cycle_id=295 source_mode=1 action_source=2 transition_reason=1 recovery_episode_id=17 q_rad=[0.213868,0.970036,-1.643168,-0.129694,0.848609,-1.633289,-0.036304,1.045402,-1.709250,-0.019291,1.110540,-1.630828]
[ros2_control_node-3] [INFO] [1791627249.585953881] [StateRL]: [RA-REC] 退出恢复 | group=A mode=paper_faithful_switch ra=-0.0614 < effective_exit=-0.0500 entry=-0.0500 hysteresis=false hold=false, 回到敏捷策略
[ros2_control_node-3] [INFO] [1791627249.611748234] [StateRL]: [TWIST-GD] 梯度下降恢复速度优化 | 初始=[-0.05,0.00,0.11] 最终=[-0.54,0.04,0.13] 目标=(4.97,0.71) RA迭代=[-0.0271,-0.1184,-0.1175] 中心射线=0.18
[ros2_control_node-3] [WARN] [1791627249.611853438] [StateRL]: [RA-REC] 进入恢复 | group=A mode=paper_faithful_switch ra=-0.0271 entry=-0.0500 effective_exit=-0.0500 hysteresis=false hold=false 恢复速度=[-0.54,0.04,0.13]
[ros2_control_node-3] [INFO] [1791627249.627640028] [StateRL]: [ABS-POLICY-CMD] event=recovery_command_issued clock=steady_clock_ns write_ns=34751949195319 write_id=1200 source_session_id=34745926610867 source_policy_cycle_id=299 source_mode=1 action_source=2 transition_reason=1 recovery_episode_id=18 q_rad=[0.374221,1.143685,-1.706180,-0.040712,0.863711,-1.738149,0.117776,1.412674,-1.925149,-0.097340,0.991851,-1.499803]
[ros2_control_node-3] [INFO] [1791627249.635688928] [StateRL]: [GOAL] 位置=(1.62,-0.47) 偏航=0.17 目标=(7.00,0.00) 距离=5.40 机体系=(4.97,-0.43) 航向=-0.09 path_err=0.00 path_on=0
[ros2_control_node-3] [INFO] [1791627249.636506467] [StateRL]: [RA-REC] 退出恢复 | group=A mode=paper_faithful_switch ra=-0.0522 < effective_exit=-0.0500 entry=-0.0500 hysteresis=false hold=false, 回到敏捷策略
[ros2_control_node-3] [INFO] [1791627249.638690267] [StateRL]: [EVAL] step=300 t=6.000 robot=(1.618,-0.467) yaw=0.173 goal=(7.000,0.000) dist=5.402 body=(4.972,-0.432) heading=-0.087 arrived=0 ra=-0.05217 entry=-0.05000 recovery=0 hold=0 twist=(-0.538,0.039,0.133) min_ray_log=0.053 max_ray_log=2.227 min_ray_m=1.038 lin_vel=(0.003,-0.020,-0.187) ang_vel=(0.072,-0.854,-0.126) action_range=(-1.448,2.160) contact=(1,1,1,1)
[ros2_control_node-3] [INFO] [1791627249.650794018] [StateRL]: [TWIST-GD] 梯度下降恢复速度优化 | 初始=[0.01,-0.06,-0.11] 最终=[-0.98,0.08,-0.07] 目标=(4.97,0.73) RA迭代=[0.0071,-0.0886,-0.1848] 中心射线=0.19
[ros2_control_node-3] [WARN] [1791627249.650841014] [StateRL]: [RA-REC] 进入恢复 | group=A mode=paper_faithful_switch ra=0.0071 entry=-0.0500 effective_exit=-0.0500 hysteresis=false hold=false 恢复速度=[-0.98,0.08,-0.07]
[ros2_control_node-3] [INFO] [1791627249.652232130] [StateRL]: [ABS-POLICY-CMD] event=recovery_command_issued clock=steady_clock_ns write_ns=34751973828208 write_id=1208 source_session_id=34745926610867 source_policy_cycle_id=301 source_mode=1 action_source=2 transition_reason=1 recovery_episode_id=19 q_rad=[0.410412,0.626532,-1.613137,-0.363366,0.876713,-1.876824,0.048399,1.186085,-1.886468,0.015282,0.895707,-1.776282]
[ros2_control_node-3] [INFO] [1791627249.665021377] [StateRL]: [RA-REC] 退出恢复 | group=A mode=paper_faithful_switch ra=-0.0604 < effective_exit=-0.0500 entry=-0.0500 hysteresis=false hold=false, 回到敏捷策略
[ros2_control_node-3] [INFO] [1791627249.685740849] [StateRL]: [TWIST-GD] 梯度下降恢复速度优化 | 初始=[0.00,-0.05,-0.06] 最终=[-0.99,0.07,-0.02] 目标=(4.97,0.75) RA迭代=[-0.0014,-0.0927,-0.1850] 中心射线=0.20
[ros2_control_node-3] [WARN] [1791627249.685785367] [StateRL]: [RA-REC] 进入恢复 | group=A mode=paper_faithful_switch ra=-0.0014 entry=-0.0500 effective_exit=-0.0500 hysteresis=false hold=false 恢复速度=[-0.99,0.07,-0.02]
[ros2_control_node-3] [INFO] [1791627249.686833536] [StateRL]: [ABS-POLICY-CMD] event=recovery_command_issued clock=steady_clock_ns write_ns=34752008429805 write_id=1216 source_session_id=34745926610867 source_policy_cycle_id=303 source_mode=1 action_source=2 transition_reason=1 recovery_episode_id=20 q_rad=[0.337925,0.593971,-1.457359,-0.426457,1.056115,-1.912312,0.136286,1.173253,-1.903724,-0.102299,0.873266,-1.734352]
[ros2_control_node-3] [INFO] [1791627249.706895593] [StateRL]: [RA-REC] 退出恢复 | group=A mode=paper_faithful_switch ra=-0.0807 < effective_exit=-0.0500 entry=-0.0500 hysteresis=false hold=false, 回到敏捷策略
[ros2_control_node-3] [INFO] [1791627249.740189246] [StateRL]: [TWIST-GD] 梯度下降恢复速度优化 | 初始=[-0.08,0.04,0.07] 最终=[-0.57,0.08,0.09] 目标=(4.97,0.75) RA迭代=[-0.0346,-0.1235,-0.1227] 中心射线=0.20
[ros2_control_node-3] [WARN] [1791627249.740334257] [StateRL]: [RA-REC] 进入恢复 | group=A mode=paper_faithful_switch ra=-0.0346 entry=-0.0500 effective_exit=-0.0500 hysteresis=false hold=false 恢复速度=[-0.57,0.08,0.09]
[ros2_control_node-3] [INFO] [1791627249.745974699] [StateRL]: [ABS-POLICY-CMD] event=recovery_command_issued clock=steady_clock_ns write_ns=34752067534369 write_id=1224 source_session_id=34745926610867 source_policy_cycle_id=305 source_mode=1 action_source=2 transition_reason=1 recovery_episode_id=21 q_rad=[0.316850,1.060715,-1.727053,-0.185815,0.890038,-1.628968,0.083626,1.174000,-1.770413,-0.118539,1.150363,-1.723551]
[ros2_control_node-3] [INFO] [1791627249.756521979] [StateRL]: [RA-REC] 退出恢复 | group=A mode=paper_faithful_switch ra=-0.0739 < effective_exit=-0.0500 entry=-0.0500 hysteresis=false hold=false, 回到敏捷策略
[ros2_control_node-3] [INFO] [1791627249.767265845] [StateRL]: [TWIST-GD] 梯度下降恢复速度优化 | 初始=[-0.04,0.04,-0.41] 最终=[-0.53,0.11,-0.39] 目标=(4.98,0.79) RA迭代=[-0.0142,-0.1106,-0.1096] 中心射线=0.22
[ros2_control_node-3] [WARN] [1791627249.767309148] [StateRL]: [RA-REC] 进入恢复 | group=A mode=paper_faithful_switch ra=-0.0142 entry=-0.0500 effective_exit=-0.0500 hysteresis=false hold=false 恢复速度=[-0.53,0.11,-0.39]
[ros2_control_node-3] [INFO] [1791627249.768578376] [StateRL]: [ABS-POLICY-CMD] event=recovery_command_issued clock=steady_clock_ns write_ns=34752090170253 write_id=1232 source_session_id=34745926610867 source_policy_cycle_id=307 source_mode=1 action_source=2 transition_reason=1 recovery_episode_id=22 q_rad=[0.234022,1.170242,-1.846797,-0.190842,0.785140,-1.696306,0.215489,1.461399,-1.929357,-0.094380,1.026368,-1.615426]
[ros2_control_node-3] [INFO] [1791627249.784954785] [StateRL]: [RA-REC] 退出恢复 | group=A mode=paper_faithful_switch ra=-0.0840 < effective_exit=-0.0500 entry=-0.0500 hysteresis=false hold=false, 回到敏捷策略
[ros2_control_node-3] [INFO] [1791627249.805637666] [StateRL]: [TWIST-GD] 梯度下降恢复速度优化 | 初始=[-0.02,-0.14,-0.40] 最终=[-0.51,-0.11,-0.40] 目标=(4.98,0.88) RA迭代=[-0.0216,-0.1102,-0.1093] 中心射线=0.29
[ros2_control_node-3] [WARN] [1791627249.805668361] [StateRL]: [RA-REC] 进入恢复 | group=A mode=paper_faithful_switch ra=-0.0216 entry=-0.0500 effective_exit=-0.0500 hysteresis=false hold=false 恢复速度=[-0.51,-0.11,-0.40]
[ros2_control_node-3] [INFO] [1791627249.806192397] [StateRL]: [REC-DIAG] lin_vel=[-0.02,-0.14,-0.09] twist=[-0.51,-0.11,-0.40] hold=0 rec_action_range=[-2.037,2.174]
[ros2_control_node-3] [INFO] [1791627249.806522417] [StateRL]: [ABS-POLICY-CMD] event=recovery_command_issued clock=steady_clock_ns write_ns=34752128119722 write_id=1240 source_session_id=34745926610867 source_policy_cycle_id=309 source_mode=1 action_source=2 transition_reason=1 recovery_episode_id=23 q_rad=[0.305106,0.682824,-1.612165,-0.301544,0.899242,-2.009346,0.128449,1.343427,-1.907035,0.092120,0.931470,-1.716656]
[ros2_control_node-3] [INFO] [1791627249.828503892] [StateRL]: [RA-REC] 退出恢复 | group=A mode=paper_faithful_switch ra=-0.1883 < effective_exit=-0.0500 entry=-0.0500 hysteresis=false hold=false, 回到敏捷策略
[ros2_control_node-3] [INFO] [1791627249.932427170] [StateRL]: [TWIST-GD] 梯度下降恢复速度优化 | 初始=[0.18,0.08,0.08] 最终=[-0.82,0.21,0.10] 目标=(4.98,0.92) RA迭代=[0.0192,-0.0737,-0.1631] 中心射线=0.36
[ros2_control_node-3] [WARN] [1791627249.932566760] [StateRL]: [RA-REC] 进入恢复 | group=A mode=paper_faithful_switch ra=0.0192 entry=-0.0500 effective_exit=-0.0500 hysteresis=false hold=false 恢复速度=[-0.82,0.21,0.10]
[ros2_control_node-3] [INFO] [1791627249.939734146] [StateRL]: [ABS-POLICY-CMD] event=recovery_command_issued clock=steady_clock_ns write_ns=34752261265020 write_id=1264 source_session_id=34745926610867 source_policy_cycle_id=315 source_mode=1 action_source=2 transition_reason=1 recovery_episode_id=24 q_rad=[0.345180,0.854471,-1.722595,-0.426108,0.794265,-1.452154,0.106324,1.073324,-1.821157,0.045068,1.101763,-1.838179]
[ros2_control_node-3] [INFO] [1791627249.972439646] [StateRL]: [RA-REC] 退出恢复 | group=A mode=paper_faithful_switch ra=-0.0584 < effective_exit=-0.0500 entry=-0.0500 hysteresis=false hold=false, 回到敏捷策略
[ros2_control_node-3] [INFO] [1791627249.988029930] [StateRL]: [TWIST-GD] 梯度下降恢复速度优化 | 初始=[-0.01,0.13,-0.09] 最终=[-0.50,0.16,-0.11] 目标=(4.98,0.86) RA迭代=[-0.0183,-0.1093,-0.1084] 中心射线=0.26
[ros2_control_node-3] [WARN] [1791627249.988075847] [StateRL]: [RA-REC] 进入恢复 | group=A mode=paper_faithful_switch ra=-0.0183 entry=-0.0500 effective_exit=-0.0500 hysteresis=false hold=false 恢复速度=[-0.50,0.16,-0.11]
[ros2_control_node-3] [INFO] [1791627249.989593595] [StateRL]: [ABS-POLICY-CMD] event=recovery_command_issued clock=steady_clock_ns write_ns=34752311187360 write_id=1276 source_session_id=34745926610867 source_policy_cycle_id=318 source_mode=1 action_source=2 transition_reason=1 recovery_episode_id=25 q_rad=[0.257830,1.114078,-1.819320,-0.162682,0.734419,-1.606707,0.240274,1.628962,-1.919063,-0.019559,0.921772,-1.513100]
[ros2_control_node-3] [INFO] [1791627250.004898010] [StateRL]: [RA-REC] 退出恢复 | group=A mode=paper_faithful_switch ra=-0.0938 < effective_exit=-0.0500 entry=-0.0500 hysteresis=false hold=false, 回到敏捷策略
[ros2_control_node-3] [INFO] [1791627250.025929020] [StateRL]: [TWIST-GD] 梯度下降恢复速度优化 | 初始=[0.01,-0.11,-0.05] 最终=[-0.48,-0.07,-0.05] 目标=(4.98,0.88) RA迭代=[-0.0273,-0.1218,-0.1208] 中心射线=0.28
[ros2_control_node-3] [WARN] [1791627250.025959534] [StateRL]: [RA-REC] 进入恢复 | group=A mode=paper_faithful_switch ra=-0.0273 entry=-0.0500 effective_exit=-0.0500 hysteresis=false hold=false 恢复速度=[-0.48,-0.07,-0.05]
[ros2_control_node-3] [INFO] [1791627250.026925681] [StateRL]: [ABS-POLICY-CMD] event=recovery_command_issued clock=steady_clock_ns write_ns=34752348516692 write_id=1284 source_session_id=34745926610867 source_policy_cycle_id=320 source_mode=1 action_source=2 transition_reason=1 recovery_episode_id=26 q_rad=[0.327413,0.804398,-1.601589,-0.237129,0.977257,-2.022787,0.045166,1.367031,-1.918224,0.051414,0.950464,-1.638528]
[ros2_control_node-3] [INFO] [1791627250.045096541] [StateRL]: [RA-REC] 退出恢复 | group=A mode=paper_faithful_switch ra=-0.0730 < effective_exit=-0.0500 entry=-0.0500 hysteresis=false hold=false, 回到敏捷策略
[ros2_control_node-3] [INFO] [1791627250.066834161] [StateRL]: [TWIST-GD] 梯度下降恢复速度优化 | 初始=[0.02,-0.07,0.13] 最终=[-0.98,0.08,0.12] 目标=(4.98,0.88) RA迭代=[0.0097,-0.0880,-0.1791] 中心射线=0.27
[ros2_control_node-3] [WARN] [1791627250.066874370] [StateRL]: [RA-REC] 进入恢复 | group=A mode=paper_faithful_switch ra=0.0097 entry=-0.0500 effective_exit=-0.0500 hysteresis=false hold=false 恢复速度=[-0.98,0.08,0.12]
[ros2_control_node-3] [INFO] [1791627250.068750264] [StateRL]: [ABS-POLICY-CMD] event=recovery_command_issued clock=steady_clock_ns write_ns=34752390334167 write_id=1292 source_session_id=34745926610867 source_policy_cycle_id=322 source_mode=1 action_source=2 transition_reason=1 recovery_episode_id=27 q_rad=[0.325114,0.563317,-1.390433,-0.413196,1.138741,-1.991316,0.008890,0.982893,-1.825299,-0.045192,0.907209,-1.760434]
[ros2_control_node-3] [INFO] [1791627250.085984626] [StateRL]: [RA-REC] 退出恢复 | group=A mode=paper_faithful_switch ra=-0.0717 < effective_exit=-0.0500 entry=-0.0500 hysteresis=false hold=false, 回到敏捷策略
[ros2_control_node-3] [INFO] [1791627250.112735041] [StateRL]: [TWIST-GD] 梯度下降恢复速度优化 | 初始=[-0.03,0.04,-0.10] 最终=[-1.02,0.15,-0.11] 目标=(4.98,0.88) RA迭代=[-0.0080,-0.1005,-0.0996] 中心射线=0.28
[ros2_control_node-3] [WARN] [1791627250.112871279] [StateRL]: [RA-REC] 进入恢复 | group=A mode=paper_faithful_switch ra=-0.0080 entry=-0.0500 effective_exit=-0.0500 hysteresis=false hold=false 恢复速度=[-1.02,0.15,-0.11]
[ros2_control_node-3] [INFO] [1791627250.114189832] [StateRL]: [ABS-POLICY-CMD] event=recovery_command_issued clock=steady_clock_ns write_ns=34752435785915 write_id=1300 source_session_id=34745926610867 source_policy_cycle_id=324 source_mode=1 action_source=2 transition_reason=1 recovery_episode_id=28 q_rad=[0.326696,0.945437,-1.729260,-0.334818,0.935697,-1.648314,0.096736,0.944607,-1.675888,-0.022325,1.155767,-1.733397]
[ros2_control_node-3] [INFO] [1791627250.126042647] [StateRL]: [EVAL] step=325 t=6.500 robot=(1.625,-0.468) yaw=0.138 goal=(7.000,0.000) dist=5.395 body=(4.984,-0.257) heading=-0.052 arrived=0 ra=0.09961 entry=-0.05000 recovery=1 hold=0 twist=(-1.021,0.153,-0.112) min_ray_log=0.055 max_ray_log=2.585 min_ray_m=1.039 lin_vel=(0.040,0.089,0.066) ang_vel=(-1.180,0.657,-0.332) action_range=(-1.496,1.699) contact=(1,-1,1,1)
[ros2_control_node-3] [INFO] [1791627250.144857546] [StateRL]: [RA-REC] 退出恢复 | group=A mode=paper_faithful_switch ra=-0.2386 < effective_exit=-0.0500 entry=-0.0500 hysteresis=false hold=false, 回到敏捷策略
[ros2_control_node-3] [INFO] [1791627250.270106053] [StateRL]: [TWIST-GD] 梯度下降恢复速度优化 | 初始=[0.15,-0.13,0.09] 最终=[-0.34,-0.30,0.20] 目标=(4.99,1.14) RA迭代=[-0.0234,-0.1348,-0.1338] 中心射线=2.58
[ros2_control_node-3] [WARN] [1791627250.270177006] [StateRL]: [RA-REC] 进入恢复 | group=A mode=paper_faithful_switch ra=-0.0234 entry=-0.0500 effective_exit=-0.0500 hysteresis=false hold=false 恢复速度=[-0.34,-0.30,0.20]
[ros2_control_node-3] [INFO] [1791627250.272904826] [StateRL]: [ABS-POLICY-CMD] event=recovery_command_issued clock=steady_clock_ns write_ns=34752594467194 write_id=1332 source_session_id=34745926610867 source_policy_cycle_id=332 source_mode=1 action_source=2 transition_reason=1 recovery_episode_id=29 q_rad=[0.153876,0.680109,-1.796929,-0.249112,0.735044,-1.777089,0.146813,1.144774,-1.825673,0.098807,0.984493,-2.004161]
[ros2_control_node-3] [INFO] [1791627250.286069802] [StateRL]: [RA-REC] 退出恢复 | group=A mode=paper_faithful_switch ra=-0.0680 < effective_exit=-0.0500 entry=-0.0500 hysteresis=false hold=false, 回到敏捷策略
[ros2_control_node-3] [INFO] [1791627250.321653788] [StateRL]: [TWIST-GD] 梯度下降恢复速度优化 | 初始=[0.11,0.10,0.31] 最终=[-0.38,-0.27,0.33] 目标=(4.99,1.04) RA迭代=[-0.0392,-0.1614,-0.1603] 中心射线=2.58
[ros2_control_node-3] [WARN] [1791627250.321813456] [StateRL]: [RA-REC] 进入恢复 | group=A mode=paper_faithful_switch ra=-0.0392 entry=-0.0500 effective_exit=-0.0500 hysteresis=false hold=false 恢复速度=[-0.38,-0.27,0.33]
[ros2_control_node-3] [INFO] [1791627250.328615071] [StateRL]: [ABS-POLICY-CMD] event=recovery_command_issued clock=steady_clock_ns write_ns=34752650156845 write_id=1340 source_session_id=34745926610867 source_policy_cycle_id=334 source_mode=1 action_source=2 transition_reason=1 recovery_episode_id=30 q_rad=[0.352770,0.790804,-1.793991,-0.317210,0.805092,-1.531441,0.041846,1.168203,-1.971898,0.020928,0.995866,-1.602325]
[ros2_control_node-3] [INFO] [1791627250.343283297] [StateRL]: [RA-REC] 退出恢复 | group=A mode=paper_faithful_switch ra=-0.1668 < effective_exit=-0.0500 entry=-0.0500 hysteresis=false hold=false, 回到敏捷策略
[ros2_control_node-3] [INFO] [1791627250.445601096] [StateRL]: [TWIST-GD] 梯度下降恢复速度优化 | 初始=[0.25,-0.07,0.90] 最终=[-0.75,-0.28,0.63] 目标=(4.98,0.86) RA迭代=[0.0601,-0.0275,-0.1119] 中心射线=0.25
[ros2_control_node-3] [WARN] [1791627250.445630804] [StateRL]: [RA-REC] 进入恢复 | group=A mode=paper_faithful_switch ra=0.0601 entry=-0.0500 effective_exit=-0.0500 hysteresis=false hold=false 恢复速度=[-0.75,-0.28,0.63]
[ros2_control_node-3] [INFO] [1791627250.446043432] [StateRL]: [REC-DIAG] lin_vel=[0.25,-0.07,0.02] twist=[-0.75,-0.28,0.63] hold=0 rec_action_range=[-2.218,1.058]
[ros2_control_node-3] [INFO] [1791627250.446316041] [StateRL]: [ABS-POLICY-CMD] event=recovery_command_issued clock=steady_clock_ns write_ns=34752767923346 write_id=1368 source_session_id=34745926610867 source_policy_cycle_id=341 source_mode=1 action_source=2 transition_reason=1 recovery_episode_id=31 q_rad=[0.159137,0.648724,-1.797639,-0.160543,0.835863,-1.864665,0.177052,1.064492,-1.856880,-0.059471,0.941723,-2.054455]
[ros2_control_node-3] [INFO] [1791627250.505880114] [StateRL]: [RA-REC] 退出恢复 | group=A mode=paper_faithful_switch ra=-0.0527 < effective_exit=-0.0500 entry=-0.0500 hysteresis=false hold=false, 回到敏捷策略
[ros2_control_node-3] [INFO] [1791627250.525918043] [StateRL]: [TWIST-GD] 梯度下降恢复速度优化 | 初始=[-0.13,-0.02,0.44] 最终=[-0.62,0.15,0.46] 目标=(4.94,0.50) RA迭代=[-0.0448,-0.1117,-0.1111] 中心射线=0.10
[ros2_control_node-3] [WARN] [1791627250.525961178] [StateRL]: [RA-REC] 进入恢复 | group=A mode=paper_faithful_switch ra=-0.0448 entry=-0.0500 effective_exit=-0.0500 hysteresis=false hold=false 恢复速度=[-0.62,0.15,0.46]
[ros2_control_node-3] [INFO] [1791627250.533011330] [StateRL]: [ABS-POLICY-CMD] event=recovery_command_issued clock=steady_clock_ns write_ns=34752854606499 write_id=1384 source_session_id=34745926610867 source_policy_cycle_id=345 source_mode=1 action_source=2 transition_reason=1 recovery_episode_id=32 q_rad=[0.194082,1.136565,-2.029482,-0.184646,0.746672,-1.635359,0.339449,1.542738,-1.946441,-0.157229,1.301404,-1.637049]
[ros2_control_node-3] [INFO] [1791627250.625225450] [StateRL]: [EVAL] step=350 t=7.000 robot=(1.651,-0.511) yaw=0.305 goal=(7.000,0.000) dist=5.373 body=(4.881,-1.040) heading=-0.210 arrived=0 ra=0.18731 entry=-0.05000 recovery=1 hold=0 twist=(-0.623,0.147,0.460) min_ray_log=0.053 max_ray_log=2.585 min_ray_m=1.038 lin_vel=(-0.265,-0.043,0.140) ang_vel=(-0.645,0.474,0.157) action_range=(-2.630,2.869) contact=(1,-1,1,1)
[ros2_control_node-3] [INFO] [1791627250.665913064] [StateRL]: [REC-DIAG] lin_vel=[-0.36,-0.03,0.12] twist=[-0.62,0.15,0.46] hold=0 rec_action_range=[-2.892,3.304]
[ros2_control_node-3] [INFO] [1791627250.747196629] [StateRL]: [RA-REC] 退出恢复 | group=A mode=paper_faithful_switch ra=-0.1759 < effective_exit=-0.0500 entry=-0.0500 hysteresis=false hold=false, 回到敏捷策略
[ros2_control_node-3] [INFO] [1791627250.778602770] [StateRL]: [TWIST-GD] 梯度下降恢复速度优化 | 初始=[-0.47,-0.24,0.93] 最终=[-0.96,-0.23,1.38] 目标=(4.84,0.06) RA迭代=[-0.0225,-0.1405,-0.1400] 中心射线=0.12
[ros2_control_node-3] [WARN] [1791627250.778646478] [StateRL]: [RA-REC] 进入恢复 | group=A mode=paper_faithful_switch ra=-0.0225 entry=-0.0500 effective_exit=-0.0500 hysteresis=false hold=false 恢复速度=[-0.96,-0.23,1.38]
[ros2_control_node-3] [INFO] [1791627250.780008400] [StateRL]: [ABS-POLICY-CMD] event=recovery_command_issued clock=steady_clock_ns write_ns=34753101599264 write_id=1432 source_session_id=34745926610867 source_policy_cycle_id=357 source_mode=1 action_source=2 transition_reason=1 recovery_episode_id=33 q_rad=[0.466346,0.779437,-1.592233,-0.035968,1.362348,-2.127785,-0.288256,0.671090,-1.767731,0.125254,1.078794,-1.718603]
[ros2_control_node-3] [INFO] [1791627250.784820274] [StateRL]: [RA-REC] 退出恢复 | group=A mode=paper_faithful_switch ra=-0.1011 < effective_exit=-0.0500 entry=-0.0500 hysteresis=false hold=false, 回到敏捷策略
[ros2_control_node-3] [INFO] [1791627250.805468987] [StateRL]: [TWIST-GD] 梯度下降恢复速度优化 | 初始=[-0.50,-0.13,0.82] 最终=[-0.99,-0.01,0.53] 目标=(4.80,-0.06) RA迭代=[-0.0349,-0.1589,-0.1580] 中心射线=0.14
[ros2_control_node-3] [WARN] [1791627250.805504693] [StateRL]: [RA-REC] 进入恢复 | group=A mode=paper_faithful_switch ra=-0.0349 entry=-0.0500 effective_exit=-0.0500 hysteresis=false hold=false 恢复速度=[-0.99,-0.01,0.53]
[ros2_control_node-3] [INFO] [1791627250.806892040] [StateRL]: [ABS-POLICY-CMD] event=recovery_command_issued clock=steady_clock_ns write_ns=34753128485457 write_id=1440 source_session_id=34745926610867 source_policy_cycle_id=359 source_mode=1 action_source=2 transition_reason=1 recovery_episode_id=34 q_rad=[0.303235,0.590239,-1.344659,-0.299172,1.425988,-2.023082,0.003897,0.845023,-1.819296,0.047872,0.957387,-1.766483]
[ros2_control_node-3] [INFO] [1791627250.826677668] [StateRL]: [RA-REC] 退出恢复 | group=A mode=paper_faithful_switch ra=-0.1083 < effective_exit=-0.0500 entry=-0.0500 hysteresis=false hold=false, 回到敏捷策略
[ros2_control_node-3] [INFO] [1791627251.068765469] [StateRL]: [TWIST-GD] 梯度下降恢复速度优化 | 初始=[-0.29,-0.51,-0.26] 最终=[-1.28,-0.30,-0.78] 目标=(4.88,0.42) RA迭代=[0.0793,-0.0976,-0.2568] 中心射线=0.30
[ros2_control_node-3] [WARN] [1791627251.068842839] [StateRL]: [RA-REC] 进入恢复 | group=A mode=paper_faithful_switch ra=0.0793 entry=-0.0500 effective_exit=-0.0500 hysteresis=false hold=false 恢复速度=[-1.28,-0.30,-0.78]
[ros2_control_node-3] [INFO] [1791627251.090230455] [StateRL]: [ABS-POLICY-CMD] event=recovery_command_issued clock=steady_clock_ns write_ns=34753411825235 write_id=1492 source_session_id=34745926610867 source_policy_cycle_id=372 source_mode=1 action_source=2 transition_reason=1 recovery_episode_id=35 q_rad=[0.042167,0.335542,-1.408916,-0.199139,0.761245,-2.225591,0.094623,1.092768,-1.634410,0.102462,1.139034,-1.858472]
[ros2_control_node-3] [INFO] [1791627251.120097271] [StateRL]: [RA-REC] 退出恢复 | group=A mode=paper_faithful_switch ra=-0.1971 < effective_exit=-0.0500 entry=-0.0500 hysteresis=false hold=false, 回到敏捷策略
[ros2_control_node-3] [INFO] [1791627251.125793953] [StateRL]: [EVAL] step=375 t=7.500 robot=(1.499,-0.653) yaw=0.296 goal=(7.000,0.000) dist=5.540 body=(4.912,0.676) heading=0.332 arrived=0 ra=-0.12430 entry=-0.05000 recovery=0 hold=0 twist=(-1.284,-0.300,-0.778) min_ray_log=0.285 max_ray_log=2.585 min_ray_m=1.218 lin_vel=(-0.261,-0.133,0.096) ang_vel=(-4.286,0.333,-0.869) action_range=(-2.262,3.412) contact=(1,-1,1,-1)
[ros2_control_node-3] [INFO] [1791627251.505650101] [StateRL]: [TWIST-GD] 梯度下降恢复速度优化 | 初始=[0.53,-0.03,-0.43] 最终=[0.04,-0.30,-0.11] 目标=(4.94,0.91) RA迭代=[-0.0300,-0.1744,-0.1734] 中心射线=2.58
[ros2_control_node-3] [WARN] [1791627251.505692009] [StateRL]: [RA-REC] 进入恢复 | group=A mode=paper_faithful_switch ra=-0.0300 entry=-0.0500 effective_exit=-0.0500 hysteresis=false hold=false 恢复速度=[0.04,-0.30,-0.11]
[ros2_control_node-3] [INFO] [1791627251.506248803] [StateRL]: [ABS-POLICY-CMD] event=recovery_command_issued clock=steady_clock_ns write_ns=34753827846735 write_id=1580 source_session_id=34745926610867 source_policy_cycle_id=394 source_mode=1 action_source=2 transition_reason=1 recovery_episode_id=36 q_rad=[0.133500,0.790322,-2.017509,-0.130024,0.634923,-1.493738,0.342768,1.228160,-2.005380,0.033513,0.897539,-1.525559]
[ros2_control_node-3] [INFO] [1791627251.524837033] [StateRL]: [RA-REC] 退出恢复 | group=A mode=paper_faithful_switch ra=-0.1973 < effective_exit=-0.0500 entry=-0.0500 hysteresis=false hold=false, 回到敏捷策略
[ros2_control_node-3] [INFO] [1791627251.545599536] [StateRL]: [TWIST-GD] 梯度下降恢复速度优化 | 初始=[0.60,-0.11,-0.30] 最终=[0.11,-0.30,0.03] 目标=(4.94,0.96) RA迭代=[-0.0069,-0.1493,-0.1483] 中心射线=2.58
[ros2_control_node-3] [WARN] [1791627251.545633831] [StateRL]: [RA-REC] 进入恢复 | group=A mode=paper_faithful_switch ra=-0.0069 entry=-0.0500 effective_exit=-0.0500 hysteresis=false hold=false 恢复速度=[0.11,-0.30,0.03]
[ros2_control_node-3] [INFO] [1791627251.546511767] [StateRL]: [ABS-POLICY-CMD] event=recovery_command_issued clock=steady_clock_ns write_ns=34753868113221 write_id=1588 source_session_id=34745926610867 source_policy_cycle_id=396 source_mode=1 action_source=2 transition_reason=1 recovery_episode_id=37 q_rad=[0.090101,0.743185,-1.959145,0.150148,0.693135,-1.363315,0.145657,1.390473,-2.099503,-0.064631,0.948655,-1.678061]
[ros2_control_node-3] [INFO] [1791627251.575079518] [StateRL]: [REC-DIAG] lin_vel=[0.61,-0.14,-0.30] twist=[0.11,-0.30,0.03] hold=0 rec_action_range=[-2.888,1.996]
[ros2_control_node-3] [INFO] [1791627251.585760442] [StateRL]: [RA-REC] 退出恢复 | group=A mode=paper_faithful_switch ra=-0.1080 < effective_exit=-0.0500 entry=-0.0500 hysteresis=false hold=false, 回到敏捷策略
[ros2_control_node-3] [INFO] [1791627251.619375334] [StateRL]: [TWIST-GD] 梯度下降恢复速度优化 | 初始=[0.46,-0.32,-0.14] 最终=[-0.03,-0.30,0.06] 目标=(4.96,1.07) RA迭代=[-0.0276,-0.1307,-0.1297] 中心射线=2.58
[ros2_control_node-3] [WARN] [1791627251.619493476] [StateRL]: [RA-REC] 进入恢复 | group=A mode=paper_faithful_switch ra=-0.0276 entry=-0.0500 effective_exit=-0.0500 hysteresis=false hold=false 恢复速度=[-0.03,-0.30,0.06]
[ros2_control_node-3] [INFO] [1791627251.624730147] [StateRL]: [ABS-POLICY-CMD] event=recovery_command_issued clock=steady_clock_ns write_ns=34753946291022 write_id=1600 source_session_id=34745926610867 source_policy_cycle_id=399 source_mode=1 action_source=2 transition_reason=1 recovery_episode_id=38 q_rad=[0.399639,0.828384,-1.322388,-0.244058,0.846893,-1.805775,0.145531,1.243532,-2.091732,0.076378,1.062961,-1.706498]
[ros2_control_node-3] [INFO] [1791627251.627122033] [StateRL]: [GOAL] 位置=(1.69,-0.69) 偏航=0.24 目标=(7.00,0.00) 距离=5.36 机体系=(4.96,-0.57) 航向=-0.11 path_err=0.00 path_on=0
[ros2_control_node-3] [INFO] [1791627251.627340684] [StateRL]: [RA-REC] 退出恢复 | group=A mode=paper_faithful_switch ra=-0.2403 < effective_exit=-0.0500 entry=-0.0500 hysteresis=false hold=false, 回到敏捷策略
[ros2_control_node-3] [INFO] [1791627251.627840672] [StateRL]: [EVAL] step=400 t=8.000 robot=(1.685,-0.686) yaw=0.243 goal=(7.000,0.000) dist=5.359 body=(4.958,-0.568) heading=-0.114 arrived=0 ra=-0.24030 entry=-0.05000 recovery=0 hold=0 twist=(-0.026,-0.298,0.064) min_ray_log=0.101 max_ray_log=2.585 min_ray_m=1.072 lin_vel=(0.449,-0.370,-0.313) ang_vel=(1.001,-0.038,-0.386) action_range=(-1.024,2.172) contact=(1,1,-1,1)
[ros2_control_node-3] [INFO] [1791627251.645559664] [StateRL]: [TWIST-GD] 梯度下降恢复速度优化 | 初始=[0.45,-0.33,-0.37] 最终=[-0.04,-0.30,-0.05] 目标=(4.96,1.16) RA迭代=[-0.0056,-0.1372,-0.1360] 中心射线=2.58
[ros2_control_node-3] [WARN] [1791627251.645589333] [StateRL]: [RA-REC] 进入恢复 | group=A mode=paper_faithful_switch ra=-0.0056 entry=-0.0500 effective_exit=-0.0500 hysteresis=false hold=false 恢复速度=[-0.04,-0.30,-0.05]
[ros2_control_node-3] [INFO] [1791627251.646182314] [StateRL]: [ABS-POLICY-CMD] event=recovery_command_issued clock=steady_clock_ns write_ns=34753967787755 write_id=1608 source_session_id=34745926610867 source_policy_cycle_id=401 source_mode=1 action_source=2 transition_reason=1 recovery_episode_id=39 q_rad=[0.374000,0.592493,-1.481558,-0.371043,0.949359,-2.126487,0.191991,0.946315,-2.047170,0.098976,0.890421,-1.705401]
[ros2_control_node-3] [INFO] [1791627251.664653599] [StateRL]: [RA-REC] 退出恢复 | group=A mode=paper_faithful_switch ra=-0.2547 < effective_exit=-0.0500 entry=-0.0500 hysteresis=false hold=false, 回到敏捷策略
[ros2_control_node-3] [INFO] [1791627251.686148215] [StateRL]: [TWIST-GD] 梯度下降恢复速度优化 | 初始=[0.41,-0.19,-0.47] 最终=[-0.08,-0.30,-0.21] 目标=(4.97,1.27) RA迭代=[-0.0482,-0.1901,-0.1889] 中心射线=2.58
[ros2_control_node-3] [WARN] [1791627251.686188732] [StateRL]: [RA-REC] 进入恢复 | group=A mode=paper_faithful_switch ra=-0.0482 entry=-0.0500 effective_exit=-0.0500 hysteresis=false hold=false 恢复速度=[-0.08,-0.30,-0.21]
[ros2_control_node-3] [INFO] [1791627251.687791412] [StateRL]: [ABS-POLICY-CMD] event=recovery_command_issued clock=steady_clock_ns write_ns=34754009377027 write_id=1616 source_session_id=34745926610867 source_policy_cycle_id=403 source_mode=1 action_source=2 transition_reason=1 recovery_episode_id=40 q_rad=[0.304299,1.027123,-1.762439,-0.365693,0.871967,-1.812603,0.335294,1.030773,-1.816489,0.056187,1.184888,-1.762803]
[ros2_control_node-3] [INFO] [1791627251.708117794] [StateRL]: [RA-REC] 退出恢复 | group=A mode=paper_faithful_switch ra=-0.2455 < effective_exit=-0.0500 entry=-0.0500 hysteresis=false hold=false, 回到敏捷策略
[ros2_control_node-3] [INFO] [1791627251.733904473] [StateRL]: [TWIST-GD] 梯度下降恢复速度优化 | 初始=[0.44,-0.09,-0.37] 最终=[-0.05,-0.30,-0.10] 目标=(4.98,1.36) RA迭代=[-0.0381,-0.1894,-0.1881] 中心射线=2.58
[ros2_control_node-3] [WARN] [1791627251.733933588] [StateRL]: [RA-REC] 进入恢复 | group=A mode=paper_faithful_switch ra=-0.0381 entry=-0.0500 effective_exit=-0.0500 hysteresis=false hold=false 恢复速度=[-0.05,-0.30,-0.10]
[ros2_control_node-3] [INFO] [1791627251.735281530] [StateRL]: [ABS-POLICY-CMD] event=recovery_command_issued clock=steady_clock_ns write_ns=34754056876630 write_id=1624 source_session_id=34745926610867 source_policy_cycle_id=405 source_mode=1 action_source=2 transition_reason=1 recovery_episode_id=41 q_rad=[0.028158,1.529257,-1.961092,-0.060720,0.775298,-1.617070,0.326900,1.199925,-1.832691,0.069122,1.149497,-1.754441]
[ros2_control_node-3] [INFO] [1791627251.744632856] [StateRL]: [RA-REC] 退出恢复 | group=A mode=paper_faithful_switch ra=-0.2528 < effective_exit=-0.0500 entry=-0.0500 hysteresis=false hold=false, 回到敏捷策略
[ros2_control_node-3] [INFO] [1791627251.766027157] [StateRL]: [TWIST-GD] 梯度下降恢复速度优化 | 初始=[0.51,-0.20,-0.61] 最终=[0.02,-0.30,-0.32] 目标=(4.98,1.47) RA迭代=[-0.0447,-0.1897,-0.1884] 中心射线=2.58
[ros2_control_node-3] [WARN] [1791627251.766062995] [StateRL]: [RA-REC] 进入恢复 | group=A mode=paper_faithful_switch ra=-0.0447 entry=-0.0500 effective_exit=-0.0500 hysteresis=false hold=false 恢复速度=[0.02,-0.30,-0.32]
[ros2_control_node-3] [INFO] [1791627251.766891865] [StateRL]: [ABS-POLICY-CMD] event=recovery_command_issued clock=steady_clock_ns write_ns=34754088489249 write_id=1632 source_session_id=34745926610867 source_policy_cycle_id=407 source_mode=1 action_source=2 transition_reason=1 recovery_episode_id=42 q_rad=[0.231539,0.849630,-1.855335,-0.302231,0.839527,-1.799904,0.161174,1.315759,-1.789184,0.232060,0.991594,-1.823945]
[ros2_control_node-3] [INFO] [1791627251.787351769] [StateRL]: [RA-REC] 退出恢复 | group=A mode=paper_faithful_switch ra=-0.4204 < effective_exit=-0.0500 entry=-0.0500 hysteresis=false hold=false, 回到敏捷策略
[ros2_control_node-3] [INFO] [1791627251.812975603] [StateRL]: [TWIST-GD] 梯度下降恢复速度优化 | 初始=[0.39,-0.17,-0.50] 最终=[-1.11,-0.30,-0.23] 目标=(4.99,1.60) RA迭代=[0.1617,0.0307,-0.0624] 中心射线=2.58
[ros2_control_node-3] [WARN] [1791627251.813084945] [StateRL]: [RA-REC] 进入恢复 | group=A mode=paper_faithful_switch ra=0.1617 entry=-0.0500 effective_exit=-0.0500 hysteresis=false hold=false 恢复速度=[-1.11,-0.30,-0.23]
[ros2_control_node-3] [INFO] [1791627251.818866285] [StateRL]: [ABS-POLICY-CMD] event=recovery_command_issued clock=steady_clock_ns write_ns=34754140406149 write_id=1640 source_session_id=34745926610867 source_policy_cycle_id=409 source_mode=1 action_source=2 transition_reason=1 recovery_episode_id=43 q_rad=[0.281328,0.707601,-1.669011,-0.431443,0.751269,-1.737367,0.227072,1.398763,-1.856683,0.117905,0.848161,-1.657048]
[ros2_control_node-3] [INFO] [1791627251.834004411] [StateRL]: [RA-REC] 退出恢复 | group=A mode=paper_faithful_switch ra=-0.3905 < effective_exit=-0.0500 entry=-0.0500 hysteresis=false hold=false, 回到敏捷策略
[ros2_control_node-3] [INFO] [1791627251.861873263] [StateRL]: [TWIST-GD] 梯度下降恢复速度优化 | 初始=[0.28,-0.16,-0.16] 最终=[-0.21,-0.30,0.08] 目标=(4.99,1.73) RA迭代=[-0.0333,-0.1289,-0.1280] 中心射线=2.58
[ros2_control_node-3] [WARN] [1791627251.861916300] [StateRL]: [RA-REC] 进入恢复 | group=A mode=paper_faithful_switch ra=-0.0333 entry=-0.0500 effective_exit=-0.0500 hysteresis=false hold=false 恢复速度=[-0.21,-0.30,0.08]
[ros2_control_node-3] [INFO] [1791627251.863382947] [StateRL]: [ABS-POLICY-CMD] event=recovery_command_issued clock=steady_clock_ns write_ns=34754184978912 write_id=1648 source_session_id=34745926610867 source_policy_cycle_id=411 source_mode=1 action_source=2 transition_reason=1 recovery_episode_id=44 q_rad=[0.266460,0.918562,-1.802207,-0.336032,0.934756,-1.858760,0.131000,1.343464,-1.793191,0.230756,1.030924,-1.740332]
[ros2_control_node-3] [INFO] [1791627251.866416884] [StateRL]: [RA-REC] 退出恢复 | group=A mode=paper_faithful_switch ra=-0.4199 < effective_exit=-0.0500 entry=-0.0500 hysteresis=false hold=false, 回到敏捷策略
[ros2_control_node-3] [INFO] [1791627251.886559822] [StateRL]: [TWIST-GD] 梯度下降恢复速度优化 | 初始=[0.26,-0.13,-0.44] 最终=[-0.73,-0.30,-0.01] 目标=(4.99,1.81) RA迭代=[0.0405,-0.0842,-0.1527] 中心射线=2.58
[ros2_control_node-3] [WARN] [1791627251.886590679] [StateRL]: [RA-REC] 进入恢复 | group=A mode=paper_faithful_switch ra=0.0405 entry=-0.0500 effective_exit=-0.0500 hysteresis=false hold=false 恢复速度=[-0.73,-0.30,-0.01]
[ros2_control_node-3] [INFO] [1791627251.887309440] [StateRL]: [ABS-POLICY-CMD] event=recovery_command_issued clock=steady_clock_ns write_ns=34754208915562 write_id=1656 source_session_id=34745926610867 source_policy_cycle_id=413 source_mode=1 action_source=2 transition_reason=1 recovery_episode_id=45 q_rad=[0.300663,0.808849,-1.750555,-0.315727,0.764695,-1.741979,0.256307,1.383770,-1.699583,0.219852,0.864347,-1.725617]
[ros2_control_node-3] [INFO] [1791627251.907679022] [StateRL]: [RA-REC] 退出恢复 | group=A mode=paper_faithful_switch ra=-0.3809 < effective_exit=-0.0500 entry=-0.0500 hysteresis=false hold=false, 回到敏捷策略
[ros2_control_node-3] [INFO] [1791627251.940278622] [StateRL]: [TWIST-GD] 梯度下降恢复速度优化 | 初始=[0.15,-0.07,0.15] 最终=[-0.80,-0.30,0.16] 目标=(4.99,1.84) RA迭代=[0.0218,-0.0855,-0.1503] 中心射线=2.58
[ros2_control_node-3] [WARN] [1791627251.940351508] [StateRL]: [RA-REC] 进入恢复 | group=A mode=paper_faithful_switch ra=0.0218 entry=-0.0500 effective_exit=-0.0500 hysteresis=false hold=false 恢复速度=[-0.80,-0.30,0.16]
[ros2_control_node-3] [INFO] [1791627251.944045731] [StateRL]: [ABS-POLICY-CMD] event=recovery_command_issued clock=steady_clock_ns write_ns=34754265630929 write_id=1664 source_session_id=34745926610867 source_policy_cycle_id=415 source_mode=1 action_source=2 transition_reason=1 recovery_episode_id=46 q_rad=[0.198833,0.670834,-1.675317,-0.383346,0.886900,-1.892517,0.111585,1.149352,-1.875050,0.139970,0.942909,-1.628061]
[ros2_control_node-3] [INFO] [1791627251.946198877] [StateRL]: [RA-REC] 退出恢复 | group=A mode=paper_faithful_switch ra=-0.3909 < effective_exit=-0.0500 entry=-0.0500 hysteresis=false hold=false, 回到敏捷策略
[ros2_control_node-3] [INFO] [1791627251.965820381] [StateRL]: [TWIST-GD] 梯度下降恢复速度优化 | 初始=[0.20,0.02,-0.25] 最终=[-0.68,-0.30,0.16] 目标=(4.99,1.84) RA迭代=[0.0457,-0.0687,-0.1369] 中心射线=2.58
[ros2_control_node-3] [WARN] [1791627251.965856312] [StateRL]: [RA-REC] 进入恢复 | group=A mode=paper_faithful_switch ra=0.0457 entry=-0.0500 effective_exit=-0.0500 hysteresis=false hold=false 恢复速度=[-0.68,-0.30,0.16]
[ros2_control_node-3] [INFO] [1791627251.966433774] [StateRL]: [REC-DIAG] lin_vel=[0.20,0.02,0.05] twist=[-0.68,-0.30,0.16] hold=0 rec_action_range=[-2.147,1.430]
[ros2_control_node-3] [INFO] [1791627251.966668300] [StateRL]: [ABS-POLICY-CMD] event=recovery_command_issued clock=steady_clock_ns write_ns=34754288273702 write_id=1672 source_session_id=34745926610867 source_policy_cycle_id=417 source_mode=1 action_source=2 transition_reason=1 recovery_episode_id=47 q_rad=[0.170322,0.899399,-2.036870,-0.365286,0.916565,-1.862925,0.194661,1.157377,-1.901553,0.275656,1.016368,-1.628922]
[ros2_control_node-3] [INFO] [1791627251.986248383] [StateRL]: [RA-REC] 退出恢复 | group=A mode=paper_faithful_switch ra=-0.3591 < effective_exit=-0.0500 entry=-0.0500 hysteresis=false hold=false, 回到敏捷策略
[ros2_control_node-3] [INFO] [1791627252.006484697] [StateRL]: [TWIST-GD] 梯度下降恢复速度优化 | 初始=[0.19,-0.00,-0.17] 最终=[-0.77,-0.30,0.00] 目标=(4.99,1.88) RA迭代=[0.0581,-0.0678,-0.1409] 中心射线=2.58
[ros2_control_node-3] [WARN] [1791627252.006553401] [StateRL]: [RA-REC] 进入恢复 | group=A mode=paper_faithful_switch ra=0.0581 entry=-0.0500 effective_exit=-0.0500 hysteresis=false hold=false 恢复速度=[-0.77,-0.30,0.00]
[ros2_control_node-3] [INFO] [1791627252.008418333] [StateRL]: [ABS-POLICY-CMD] event=recovery_command_issued clock=steady_clock_ns write_ns=34754330008113 write_id=1680 source_session_id=34745926610867 source_policy_cycle_id=419 source_mode=1 action_source=2 transition_reason=1 recovery_episode_id=48 q_rad=[0.196601,1.218630,-1.900857,-0.127395,0.696871,-1.604721,0.236619,1.474308,-1.837156,-0.012403,0.920335,-1.616404]
[ros2_control_node-3] [INFO] [1791627252.024760073] [StateRL]: [RA-REC] 退出恢复 | group=A mode=paper_faithful_switch ra=-0.3840 < effective_exit=-0.0500 entry=-0.0500 hysteresis=false hold=false, 回到敏捷策略
[ros2_control_node-3] [INFO] [1791627252.046950218] [StateRL]: [TWIST-GD] 梯度下降恢复速度优化 | 初始=[0.17,-0.18,-0.29] 最终=[-0.82,-0.30,0.13] 目标=(4.99,1.92) RA迭代=[0.0429,-0.0756,-0.1551] 中心射线=2.58
[ros2_control_node-3] [WARN] [1791627252.046992517] [StateRL]: [RA-REC] 进入恢复 | group=A mode=paper_faithful_switch ra=0.0429 entry=-0.0500 effective_exit=-0.0500 hysteresis=false hold=false 恢复速度=[-0.82,-0.30,0.13]
[ros2_control_node-3] [INFO] [1791627252.048667328] [StateRL]: [ABS-POLICY-CMD] event=recovery_command_issued clock=steady_clock_ns write_ns=34754370257630 write_id=1688 source_session_id=34745926610867 source_policy_cycle_id=421 source_mode=1 action_source=2 transition_reason=1 recovery_episode_id=49 q_rad=[0.313187,0.752471,-1.694180,-0.306716,0.855534,-1.858760,0.212879,1.414822,-1.854623,0.164749,0.878433,-1.726226]
[ros2_control_node-3] [INFO] [1791627252.068200704] [StateRL]: [RA-REC] 退出恢复 | group=A mode=paper_faithful_switch ra=-0.4207 < effective_exit=-0.0500 entry=-0.0500 hysteresis=false hold=false, 回到敏捷策略
[ros2_control_node-3] [INFO] [1791627252.110585277] [StateRL]: [TWIST-GD] 梯度下降恢复速度优化 | 初始=[0.02,-0.08,0.08] 最终=[-0.42,-0.30,0.10] 目标=(4.99,2.00) RA迭代=[-0.0122,-0.1128,-0.1121] 中心射线=2.58
[ros2_control_node-3] [WARN] [1791627252.110736578] [StateRL]: [RA-REC] 进入恢复 | group=A mode=paper_faithful_switch ra=-0.0122 entry=-0.0500 effective_exit=-0.0500 hysteresis=false hold=false 恢复速度=[-0.42,-0.30,0.10]
[ros2_control_node-3] [INFO] [1791627252.116154336] [StateRL]: [ABS-POLICY-CMD] event=recovery_command_issued clock=steady_clock_ns write_ns=34754437709630 write_id=1696 source_session_id=34745926610867 source_policy_cycle_id=423 source_mode=1 action_source=2 transition_reason=1 recovery_episode_id=50 q_rad=[0.290296,0.847257,-1.735989,-0.332599,0.888261,-1.880034,0.236756,1.222722,-1.881808,0.080203,0.862698,-1.567185]
[ros2_control_node-3] [INFO] [1791627252.127266452] [StateRL]: [RA-REC] 退出恢复 | group=A mode=paper_faithful_switch ra=-0.4703 < effective_exit=-0.0500 entry=-0.0500 hysteresis=false hold=false, 回到敏捷策略
[ros2_control_node-3] [INFO] [1791627252.140251283] [StateRL]: [EVAL] step=425 t=8.500 robot=(1.838,-0.725) yaw=0.099 goal=(7.000,0.000) dist=5.212 body=(4.986,2.000) heading=0.787 arrived=0 ra=-0.07126 entry=-0.05000 recovery=0 hold=0 twist=(-0.421,-0.296,0.103) min_ray_log=-0.057 max_ray_log=2.585 min_ray_m=0.961 lin_vel=(0.102,-0.057,0.133) ang_vel=(0.328,0.875,0.071) action_range=(-1.587,2.333) contact=(1,1,1,1)
[ros2_control_node-3] [INFO] [1791627252.166631264] [StateRL]: [TWIST-GD] 梯度下降恢复速度优化 | 初始=[0.19,0.05,0.48] 最终=[-0.77,-0.30,0.58] 目标=(4.99,1.97) RA迭代=[0.0420,-0.0880,-0.1650] 中心射线=2.58
[ros2_control_node-3] [WARN] [1791627252.166660657] [StateRL]: [RA-REC] 进入恢复 | group=A mode=paper_faithful_switch ra=0.0420 entry=-0.0500 effective_exit=-0.0500 hysteresis=false hold=false 恢复速度=[-0.77,-0.30,0.58]
[ros2_control_node-3] [INFO] [1791627252.167363887] [StateRL]: [ABS-POLICY-CMD] event=recovery_command_issued clock=steady_clock_ns write_ns=34754488967263 write_id=1712 source_session_id=34745926610867 source_policy_cycle_id=427 source_mode=1 action_source=2 transition_reason=1 recovery_episode_id=51 q_rad=[0.406437,1.004765,-1.807022,-0.407818,0.784982,-1.575603,0.370370,1.121383,-1.789836,-0.012593,1.212243,-1.831726]
[ros2_control_node-3] [INFO] [1791627252.184945617] [StateRL]: [RA-REC] 退出恢复 | group=A mode=paper_faithful_switch ra=-0.3445 < effective_exit=-0.0500 entry=-0.0500 hysteresis=false hold=false, 回到敏捷策略
[ros2_control_node-3] [INFO] [1791627252.206292079] [StateRL]: [TWIST-GD] 梯度下降恢复速度优化 | 初始=[0.12,0.10,0.49] 最终=[-0.80,-0.30,0.53] 目标=(4.99,1.82) RA迭代=[0.0513,-0.0873,-0.1439] 中心射线=2.58
[ros2_control_node-3] [WARN] [1791627252.206367740] [StateRL]: [RA-REC] 进入恢复 | group=A mode=paper_faithful_switch ra=0.0513 entry=-0.0500 effective_exit=-0.0500 hysteresis=false hold=false 恢复速度=[-0.80,-0.30,0.53]
[ros2_control_node-3] [INFO] [1791627252.207254087] [StateRL]: [ABS-POLICY-CMD] event=recovery_command_issued clock=steady_clock_ns write_ns=34754528856869 write_id=1720 source_session_id=34745926610867 source_policy_cycle_id=429 source_mode=1 action_source=2 transition_reason=1 recovery_episode_id=52 q_rad=[0.441123,0.877180,-1.900812,-0.153226,0.743824,-1.547122,0.072706,1.318675,-1.871347,-0.082134,0.928475,-1.603549]
[ros2_control_node-3] [INFO] [1791627252.224855981] [StateRL]: [RA-REC] 退出恢复 | group=A mode=paper_faithful_switch ra=-0.3753 < effective_exit=-0.0500 entry=-0.0500 hysteresis=false hold=false, 回到敏捷策略
[ros2_control_node-3] [INFO] [1791627252.325544894] [StateRL]: [TWIST-GD] 梯度下降恢复速度优化 | 初始=[0.22,-0.08,0.54] 最终=[-0.27,-0.30,0.65] 目标=(4.99,1.64) RA迭代=[-0.0187,-0.1188,-0.1179] 中心射线=2.58
[ros2_control_node-3] [WARN] [1791627252.325573886] [StateRL]: [RA-REC] 进入恢复 | group=A mode=paper_faithful_switch ra=-0.0187 entry=-0.0500 effective_exit=-0.0500 hysteresis=false hold=false 恢复速度=[-0.27,-0.30,0.65]
[ros2_control_node-3] [INFO] [1791627252.326551569] [StateRL]: [ABS-POLICY-CMD] event=recovery_command_issued clock=steady_clock_ns write_ns=34754648139809 write_id=1744 source_session_id=34745926610867 source_policy_cycle_id=435 source_mode=1 action_source=2 transition_reason=1 recovery_episode_id=53 q_rad=[0.248665,0.677465,-1.793570,-0.176986,0.778444,-1.702889,0.246460,1.058001,-1.786814,0.043688,1.147102,-1.967948]
[ros2_control_node-3] [INFO] [1791627252.346889106] [StateRL]: [RA-REC] 退出恢复 | group=A mode=paper_faithful_switch ra=-0.3500 < effective_exit=-0.0500 entry=-0.0500 hysteresis=false hold=false, 回到敏捷策略
[ros2_control_node-3] [INFO] [1791627252.375343249] [StateRL]: [TWIST-GD] 梯度下降恢复速度优化 | 初始=[0.13,0.13,0.45] 最终=[-0.36,-0.30,0.56] 目标=(4.98,1.51) RA迭代=[0.0452,-0.1145,-0.1138] 中心射线=2.58
[ros2_control_node-3] [WARN] [1791627252.375516558] [StateRL]: [RA-REC] 进入恢复 | group=A mode=paper_faithful_switch ra=0.0452 entry=-0.0500 effective_exit=-0.0500 hysteresis=false hold=false 恢复速度=[-0.36,-0.30,0.56]
[ros2_control_node-3] [INFO] [1791627252.379875821] [StateRL]: [ABS-POLICY-CMD] event=recovery_command_issued clock=steady_clock_ns write_ns=34754701428524 write_id=1752 source_session_id=34745926610867 source_policy_cycle_id=437 source_mode=1 action_source=2 transition_reason=1 recovery_episode_id=54 q_rad=[0.348319,0.879014,-1.733509,-0.279552,0.805264,-1.496734,-0.059652,1.207539,-1.946326,0.014768,0.989256,-1.587163]
[ros2_control_node-3] [INFO] [1791627252.387349258] [StateRL]: [RA-REC] 退出恢复 | group=A mode=paper_faithful_switch ra=-0.3507 < effective_exit=-0.0500 entry=-0.0500 hysteresis=false hold=false, 回到敏捷策略
[ros2_control_node-3] [INFO] [1791627252.509658729] [StateRL]: [TWIST-GD] 梯度下降恢复速度优化 | 初始=[0.22,-0.35,0.76] 最终=[-0.27,-0.30,0.70] 目标=(4.94,1.15) RA迭代=[-0.0495,-0.1453,-0.1442] 中心射线=2.58
[ros2_control_node-3] [WARN] [1791627252.509732950] [StateRL]: [RA-REC] 进入恢复 | group=A mode=paper_faithful_switch ra=-0.0495 entry=-0.0500 effective_exit=-0.0500 hysteresis=false hold=false 恢复速度=[-0.27,-0.30,0.70]
[ros2_control_node-3] [INFO] [1791627252.521452102] [StateRL]: [ABS-POLICY-CMD] event=recovery_command_issued clock=steady_clock_ns write_ns=34754842990200 write_id=1780 source_session_id=34745926610867 source_policy_cycle_id=444 source_mode=1 action_source=2 transition_reason=1 recovery_episode_id=55 q_rad=[0.226306,0.409671,-1.467198,-0.185931,0.968989,-2.266894,0.117133,0.929830,-1.875390,0.122606,0.884226,-1.942378]
[ros2_control_node-3] [INFO] [1791627252.533307750] [StateRL]: [RA-REC] 退出恢复 | group=A mode=paper_faithful_switch ra=-0.1807 < effective_exit=-0.0500 entry=-0.0500 hysteresis=false hold=false, 回到敏捷策略
[ros2_control_node-3] [INFO] [1791627252.594241668] [StateRL]: [TWIST-GD] 梯度下降恢复速度优化 | 初始=[0.24,0.06,-0.14] 最终=[-0.25,-0.30,-0.06] 目标=(4.92,1.00) RA迭代=[0.0101,-0.1090,-0.1081] 中心射线=2.58
[ros2_control_node-3] [WARN] [1791627252.594303425] [StateRL]: [RA-REC] 进入恢复 | group=A mode=paper_faithful_switch ra=0.0101 entry=-0.0500 effective_exit=-0.0500 hysteresis=false hold=false 恢复速度=[-0.25,-0.30,-0.06]
[ros2_control_node-3] [INFO] [1791627252.597198051] [StateRL]: [ABS-POLICY-CMD] event=recovery_command_issued clock=steady_clock_ns write_ns=34754918770066 write_id=1796 source_session_id=34745926610867 source_policy_cycle_id=448 source_mode=1 action_source=2 transition_reason=1 recovery_episode_id=56 q_rad=[0.093038,1.205225,-2.140882,-0.290990,0.777554,-1.667850,0.058418,1.017344,-1.916043,0.162263,1.250880,-1.632421]
[ros2_control_node-3] [INFO] [1791627252.605608212] [StateRL]: [RA-REC] 退出恢复 | group=A mode=paper_faithful_switch ra=-0.1507 < effective_exit=-0.0500 entry=-0.0500 hysteresis=false hold=false, 回到敏捷策略
[ros2_control_node-3] [INFO] [1791627252.626245198] [StateRL]: [TWIST-GD] 梯度下降恢复速度优化 | 初始=[0.23,-0.08,0.08] 最终=[-0.26,-0.30,0.04] 目标=(4.92,0.98) RA迭代=[-0.0158,-0.1294,-0.1284] 中心射线=2.58
[ros2_control_node-3] [WARN] [1791627252.626299220] [StateRL]: [RA-REC] 进入恢复 | group=A mode=paper_faithful_switch ra=-0.0158 entry=-0.0500 effective_exit=-0.0500 hysteresis=false hold=false 恢复速度=[-0.26,-0.30,0.04]
[ros2_control_node-3] [INFO] [1791627252.626865181] [StateRL]: [REC-DIAG] lin_vel=[0.23,-0.08,-0.06] twist=[-0.26,-0.30,0.04] hold=0 rec_action_range=[-1.828,2.829]
[ros2_control_node-3] [INFO] [1791627252.627041739] [StateRL]: [EVAL] step=450 t=9.000 robot=(1.928,-0.758) yaw=0.313 goal=(7.000,0.000) dist=5.128 body=(4.922,0.982) heading=0.463 arrived=0 ra=-0.01583 entry=-0.05000 recovery=1 hold=0 twist=(-0.261,-0.298,0.042) min_ray_log=-0.127 max_ray_log=2.585 min_ray_m=0.916 lin_vel=(0.229,-0.079,-0.059) ang_vel=(-0.660,-0.457,0.077) action_range=(-1.828,2.829) contact=(-1,1,-1,1)
[ros2_control_node-3] [INFO] [1791627252.627152812] [StateRL]: [ABS-POLICY-CMD] event=recovery_command_issued clock=steady_clock_ns write_ns=34754948758038 write_id=1804 source_session_id=34745926610867 source_policy_cycle_id=450 source_mode=1 action_source=2 transition_reason=1 recovery_episode_id=57 q_rad=[0.148743,1.105894,-1.956963,-0.081053,0.773032,-1.745162,0.055020,1.507320,-1.848191,-0.027428,0.974158,-1.647912]
[ros2_control_node-3] [INFO] [1791627252.644540476] [StateRL]: [RA-REC] 退出恢复 | group=A mode=paper_faithful_switch ra=-0.1929 < effective_exit=-0.0500 entry=-0.0500 hysteresis=false hold=false, 回到敏捷策略
[ros2_control_node-3] [INFO] [1791627252.906036732] [StateRL]: [TWIST-GD] 梯度下降恢复速度优化 | 初始=[0.59,-0.20,0.32] 最终=[0.10,-0.30,0.51] 目标=(4.84,0.61) RA迭代=[-0.0375,-0.1717,-0.1706] 中心射线=2.58
[ros2_control_node-3] [WARN] [1791627252.906087834] [StateRL]: [RA-REC] 进入恢复 | group=A mode=paper_faithful_switch ra=-0.0375 entry=-0.0500 effective_exit=-0.0500 hysteresis=false hold=false 恢复速度=[0.10,-0.30,0.51]
[ros2_control_node-3] [INFO] [1791627252.915961931] [StateRL]: [ABS-POLICY-CMD] event=recovery_command_issued clock=steady_clock_ns write_ns=34755237516174 write_id=1860 source_session_id=34745926610867 source_policy_cycle_id=464 source_mode=1 action_source=2 transition_reason=1 recovery_episode_id=58 q_rad=[0.350593,0.725082,-1.794996,-0.244803,0.881747,-1.658092,0.127530,1.207223,-1.936014,0.013109,0.999108,-1.742154]
[ros2_control_node-3] [INFO] [1791627252.926412627] [StateRL]: [RA-REC] 退出恢复 | group=A mode=paper_faithful_switch ra=-0.1451 < effective_exit=-0.0500 entry=-0.0500 hysteresis=false hold=false, 回到敏捷策略
[ros2_control_node-3] [INFO] [1791627252.987488679] [StateRL]: [TWIST-GD] 梯度下降恢复速度优化 | 初始=[0.54,-0.46,0.16] 最终=[0.04,-0.30,0.36] 目标=(4.79,0.56) RA迭代=[-0.0490,-0.1647,-0.1635] 中心射线=2.58
[ros2_control_node-3] [WARN] [1791627252.987533164] [StateRL]: [RA-REC] 进入恢复 | group=A mode=paper_faithful_switch ra=-0.0490 entry=-0.0500 effective_exit=-0.0500 hysteresis=false hold=false 恢复速度=[0.04,-0.30,0.36]
[ros2_control_node-3] [INFO] [1791627252.988633895] [StateRL]: [ABS-POLICY-CMD] event=recovery_command_issued clock=steady_clock_ns write_ns=34755310221489 write_id=1876 source_session_id=34745926610867 source_policy_cycle_id=468 source_mode=1 action_source=2 transition_reason=1 recovery_episode_id=59 q_rad=[0.280807,0.555306,-1.571683,-0.087093,0.785441,-1.756796,0.126297,1.210256,-1.732038,0.193739,0.886814,-1.627223]
[ros2_control_node-3] [INFO] [1791627253.004861747] [StateRL]: [RA-REC] 退出恢复 | group=A mode=paper_faithful_switch ra=-0.1903 < effective_exit=-0.0500 entry=-0.0500 hysteresis=false hold=false, 回到敏捷策略
[ros2_control_node-3] [INFO] [1791627253.028454830] [StateRL]: [TWIST-GD] 梯度下降恢复速度优化 | 初始=[0.53,-0.35,-0.26] 最终=[0.04,-0.30,0.06] 目标=(4.77,0.61) RA迭代=[-0.0437,-0.1737,-0.1725] 中心射线=2.58
[ros2_control_node-3] [WARN] [1791627253.028504314] [StateRL]: [RA-REC] 进入恢复 | group=A mode=paper_faithful_switch ra=-0.0437 entry=-0.0500 effective_exit=-0.0500 hysteresis=false hold=false 恢复速度=[0.04,-0.30,0.06]
[ros2_control_node-3] [INFO] [1791627253.030408588] [StateRL]: [ABS-POLICY-CMD] event=recovery_command_issued clock=steady_clock_ns write_ns=34755351999242 write_id=1884 source_session_id=34745926610867 source_policy_cycle_id=470 source_mode=1 action_source=2 transition_reason=1 recovery_episode_id=60 q_rad=[0.039899,0.538646,-1.609119,-0.091361,0.850623,-1.774775,0.101844,0.891865,-1.936869,0.425056,0.816011,-1.639194]
[ros2_control_node-3] [INFO] [1791627253.046693054] [StateRL]: [RA-REC] 退出恢复 | group=A mode=paper_faithful_switch ra=-0.3443 < effective_exit=-0.0500 entry=-0.0500 hysteresis=false hold=false, 回到敏捷策略
[ros2_control_node-3] [INFO] [1791627253.133655246] [StateRL]: [EVAL] step=475 t=9.500 robot=(2.202,-0.800) yaw=0.354 goal=(7.000,0.000) dist=4.865 body=(4.778,0.965) heading=0.467 arrived=0 ra=-0.05387 entry=-0.05000 recovery=0 hold=0 twist=(0.039,-0.299,0.059) min_ray_log=-0.427 max_ray_log=2.585 min_ray_m=0.744 lin_vel=(0.756,-0.136,-0.252) ang_vel=(0.489,0.216,-0.550) action_range=(-1.582,2.169) contact=(-1,-1,1,1)
[ros2_control_node-3] [INFO] [1791627253.152424430] [StateRL]: [TWIST-GD] 梯度下降恢复速度优化 | 初始=[0.83,-0.07,-0.51] 最终=[0.34,-0.30,-0.17] 目标=(4.77,1.01) RA迭代=[0.0292,-0.2254,-0.2239] 中心射线=2.58
[ros2_control_node-3] [WARN] [1791627253.152467688] [StateRL]: [RA-REC] 进入恢复 | group=A mode=paper_faithful_switch ra=0.0292 entry=-0.0500 effective_exit=-0.0500 hysteresis=false hold=false 恢复速度=[0.34,-0.30,-0.17]
[ros2_control_node-3] [INFO] [1791627253.153780017] [StateRL]: [ABS-POLICY-CMD] event=recovery_command_issued clock=steady_clock_ns write_ns=34755475375366 write_id=1908 source_session_id=34745926610867 source_policy_cycle_id=476 source_mode=1 action_source=2 transition_reason=1 recovery_episode_id=61 q_rad=[0.318717,0.934354,-1.977195,-0.287482,0.717497,-1.569197,0.244910,1.112426,-1.980183,0.093976,1.075245,-1.834428]
[ros2_control_node-3] [INFO] [1791627253.165009529] [StateRL]: [RA-REC] 退出恢复 | group=A mode=paper_faithful_switch ra=-0.3253 < effective_exit=-0.0500 entry=-0.0500 hysteresis=false hold=false, 回到敏捷策略
[ros2_control_node-3] [INFO] [1791627253.187598681] [StateRL]: [TWIST-GD] 梯度下降恢复速度优化 | 初始=[0.84,-0.05,-0.48] 最终=[0.35,-0.30,-0.14] 目标=(4.75,1.07) RA迭代=[0.1015,-0.1617,-0.1602] 中心射线=2.58
[ros2_control_node-3] [WARN] [1791627253.187639740] [StateRL]: [RA-REC] 进入恢复 | group=A mode=paper_faithful_switch ra=0.1015 entry=-0.0500 effective_exit=-0.0500 hysteresis=false hold=false 恢复速度=[0.35,-0.30,-0.14]
[ros2_control_node-3] [INFO] [1791627253.188773125] [StateRL]: [ABS-POLICY-CMD] event=recovery_command_issued clock=steady_clock_ns write_ns=34755510372950 write_id=1916 source_session_id=34745926610867 source_policy_cycle_id=478 source_mode=1 action_source=2 transition_reason=1 recovery_episode_id=62 q_rad=[0.162907,1.044536,-1.962240,-0.284990,0.701183,-1.488688,0.319231,1.400425,-1.903917,0.123443,1.022734,-1.773700]
[ros2_control_node-3] [INFO] [1791627253.206378034] [StateRL]: [RA-REC] 退出恢复 | group=A mode=paper_faithful_switch ra=-0.4074 < effective_exit=-0.0500 entry=-0.0500 hysteresis=false hold=false, 回到敏捷策略
[ros2_control_node-3] [INFO] [1791627253.527077684] [StateRL]: [TWIST-GD] 梯度下降恢复速度优化 | 初始=[0.83,-0.43,1.24] 最终=[-0.17,-0.30,1.78] 目标=(4.29,0.18) RA迭代=[-0.0175,-0.0908,-0.1267] 中心射线=2.58
[ros2_control_node-3] [WARN] [1791627253.527143067] [StateRL]: [RA-REC] 进入恢复 | group=A mode=paper_faithful_switch ra=-0.0175 entry=-0.0500 effective_exit=-0.0500 hysteresis=false hold=false 恢复速度=[-0.17,-0.30,1.78]
[ros2_control_node-3] [INFO] [1791627253.528548343] [StateRL]: [ABS-POLICY-CMD] event=recovery_command_issued clock=steady_clock_ns write_ns=34755850142239 write_id=1984 source_session_id=34745926610867 source_policy_cycle_id=495 source_mode=1 action_source=2 transition_reason=1 recovery_episode_id=63 q_rad=[-0.067964,0.303828,-1.758890,0.100468,0.818396,-2.070564,0.021534,0.465004,-1.438066,0.270460,0.669872,-1.436501]
[ros2_control_node-3] [INFO] [1791627253.545855560] [StateRL]: [RA-REC] 退出恢复 | group=A mode=paper_faithful_switch ra=-0.2513 < effective_exit=-0.0500 entry=-0.0500 hysteresis=false hold=false, 回到敏捷策略
[ros2_control_node-3] [INFO] [1791627253.624319169] [StateRL]: [GOAL] 位置=(2.63,-0.72) 偏航=0.52 目标=(7.00,0.00) 距离=4.43 机体系=(4.15,0.01) 航向=0.01 path_err=-0.72 path_on=1
[ros2_control_node-3] [INFO] [1791627253.625465510] [StateRL]: [TWIST-GD] 梯度下降恢复速度优化 | 初始=[1.09,-0.12,0.05] 最终=[0.60,-0.30,0.55] 目标=(4.15,0.01) RA迭代=[-0.0066,-0.3200,-0.3195] 中心射线=2.58
[ros2_control_node-3] [WARN] [1791627253.625494990] [StateRL]: [RA-REC] 进入恢复 | group=A mode=paper_faithful_switch ra=-0.0066 entry=-0.0500 effective_exit=-0.0500 hysteresis=false hold=false 恢复速度=[0.60,-0.30,0.55]
[ros2_control_node-3] [INFO] [1791627253.626073110] [StateRL]: [EVAL] step=500 t=10.000 robot=(2.627,-0.717) yaw=0.519 goal=(7.000,0.000) dist=4.431 body=(4.153,0.009) heading=0.006 arrived=0 ra=-0.00660 entry=-0.05000 recovery=1 hold=0 twist=(0.597,-0.300,0.554) min_ray_log=-1.112 max_ray_log=2.585 min_ray_m=0.463 lin_vel=(1.088,-0.121,-0.110) ang_vel=(-0.947,-0.156,0.054) action_range=(-1.641,1.562) contact=(1,-1,1,1)
[ros2_control_node-3] [INFO] [1791627253.626185117] [StateRL]: [ABS-POLICY-CMD] event=recovery_command_issued clock=steady_clock_ns write_ns=34755947790258 write_id=2004 source_session_id=34745926610867 source_policy_cycle_id=500 source_mode=1 action_source=2 transition_reason=1 recovery_episode_id=64 q_rad=[0.307241,0.812040,-1.910188,-0.195878,0.593141,-1.412791,0.279350,0.989300,-1.759573,-0.022944,1.190425,-1.813464]
[ros2_control_node-3] [INFO] [1791627253.644986254] [StateRL]: [RA-REC] 退出恢复 | group=A mode=paper_faithful_switch ra=-0.1469 < effective_exit=-0.0500 entry=-0.0500 hysteresis=false hold=false, 回到敏捷策略
[ros2_control_node-3] [INFO] [1791627253.667780200] [StateRL]: [TWIST-GD] 梯度下降恢复速度优化 | 初始=[1.15,-0.13,0.09] 最终=[0.66,-0.30,0.59] 目标=(4.10,-0.06) RA迭代=[0.1031,-0.2267,-0.2260] 中心射线=2.58
[ros2_control_node-3] [WARN] [1791627253.667823867] [StateRL]: [RA-REC] 进入恢复 | group=A mode=paper_faithful_switch ra=0.1031 entry=-0.0500 effective_exit=-0.0500 hysteresis=false hold=false 恢复速度=[0.66,-0.30,0.59]
[ros2_control_node-3] [INFO] [1791627253.669465492] [StateRL]: [ABS-POLICY-CMD] event=recovery_command_issued clock=steady_clock_ns write_ns=34755991060866 write_id=2012 source_session_id=34745926610867 source_policy_cycle_id=502 source_mode=1 action_source=2 transition_reason=1 recovery_episode_id=65 q_rad=[0.361500,0.957346,-1.869740,-0.064544,0.715323,-1.379153,0.085567,1.080529,-2.002642,-0.004776,1.092946,-1.836583]
[ros2_control_node-3] [INFO] [1791627253.685952270] [StateRL]: [RA-REC] 退出恢复 | group=A mode=paper_faithful_switch ra=-0.0605 < effective_exit=-0.0500 entry=-0.0500 hysteresis=false hold=false, 回到敏捷策略
[ros2_control_node-3] [INFO] [1791627253.718471734] [StateRL]: [TWIST-GD] 梯度下降恢复速度优化 | 初始=[1.05,-0.23,-0.12] 最终=[0.05,-0.30,0.88] 目标=(4.05,-0.10) RA迭代=[0.1876,-0.0973,-0.2354] 中心射线=2.58
[ros2_control_node-3] [WARN] [1791627253.718625702] [StateRL]: [RA-REC] 进入恢复 | group=A mode=paper_faithful_switch ra=0.1876 entry=-0.0500 effective_exit=-0.0500 hysteresis=false hold=false 恢复速度=[0.05,-0.30,0.88]
[ros2_control_node-3] [INFO] [1791627253.725116096] [StateRL]: [ABS-POLICY-CMD] event=recovery_command_issued clock=steady_clock_ns write_ns=34756046657632 write_id=2020 source_session_id=34745926610867 source_policy_cycle_id=504 source_mode=1 action_source=2 transition_reason=1 recovery_episode_id=66 q_rad=[0.325734,0.754583,-1.712653,-0.236093,0.957065,-1.761095,-0.003593,1.285006,-1.845587,0.113839,1.030642,-1.873582]
[ros2_control_node-3] [INFO] [1791627253.740781740] [StateRL]: [REC-DIAG] lin_vel=[0.97,-0.32,-0.27] twist=[0.05,-0.30,0.88] hold=0 rec_action_range=[-2.597,1.232]
[ros2_control_node-3] [INFO] [1791627253.752622265] [StateRL]: [RA-REC] 退出恢复 | group=A mode=paper_faithful_switch ra=-0.0604 < effective_exit=-0.0500 entry=-0.0500 hysteresis=false hold=false, 回到敏捷策略
[ros2_control_node-3] [INFO] [1791627253.772285215] [StateRL]: [TWIST-GD] 梯度下降恢复速度优化 | 初始=[0.90,-0.23,-0.17] 最终=[0.77,-0.30,0.33] 目标=(4.01,-0.04) RA迭代=[-0.0408,-0.2234,-0.2233] 中心射线=2.58
[ros2_control_node-3] [WARN] [1791627253.772367092] [StateRL]: [RA-REC] 进入恢复 | group=A mode=paper_faithful_switch ra=-0.0408 entry=-0.0500 effective_exit=-0.0500 hysteresis=false hold=false 恢复速度=[0.77,-0.30,0.33]
[ros2_control_node-3] [INFO] [1791627253.775083054] [StateRL]: [ABS-POLICY-CMD] event=recovery_command_issued clock=steady_clock_ns write_ns=34756096670851 write_id=2032 source_session_id=34745926610867 source_policy_cycle_id=507 source_mode=1 action_source=2 transition_reason=1 recovery_episode_id=67 q_rad=[0.146242,0.803403,-1.693248,-0.371140,0.876378,-1.912447,0.286908,1.118884,-1.872994,0.188570,1.059274,-1.731199]
[ros2_control_node-3] [INFO] [1791627253.785664928] [StateRL]: [RA-REC] 退出恢复 | group=A mode=paper_faithful_switch ra=-0.1142 < effective_exit=-0.0500 entry=-0.0500 hysteresis=false hold=false, 回到敏捷策略
[ros2_control_node-3] [INFO] [1791627253.806013866] [StateRL]: [TWIST-GD] 梯度下降恢复速度优化 | 初始=[0.90,-0.04,-0.33] 最终=[1.07,-0.30,0.17] 目标=(3.99,-0.02) RA迭代=[0.0304,-0.2698,-0.2700] 中心射线=2.58
[ros2_control_node-3] [WARN] [1791627253.806045886] [StateRL]: [RA-REC] 进入恢复 | group=A mode=paper_faithful_switch ra=0.0304 entry=-0.0500 effective_exit=-0.0500 hysteresis=false hold=false 恢复速度=[1.07,-0.30,0.17]
[ros2_control_node-3] [INFO] [1791627253.806915648] [StateRL]: [ABS-POLICY-CMD] event=recovery_command_issued clock=steady_clock_ns write_ns=34756128518855 write_id=2040 source_session_id=34745926610867 source_policy_cycle_id=509 source_mode=1 action_source=2 transition_reason=1 recovery_episode_id=68 q_rad=[-0.004257,1.237837,-1.939032,-0.100408,0.816960,-1.523981,0.092118,1.201490,-1.896566,0.174495,1.227870,-1.675600]
[ros2_control_node-3] [INFO] [1791627253.864817910] [StateRL]: [RA-REC] 退出恢复 | group=A mode=paper_faithful_switch ra=-0.4516 < effective_exit=-0.0500 entry=-0.0500 hysteresis=false hold=false, 回到敏捷策略
[ros2_control_node-3] [INFO] [1791627254.140077161] [StateRL]: [EVAL] step=525 t=10.500 robot=(3.042,-0.558) yaw=0.475 goal=(7.000,0.000) dist=3.997 body=(3.775,-0.070) heading=-0.047 arrived=0 ra=-0.94650 entry=-0.05000 recovery=0 hold=0 twist=(1.067,-0.300,0.172) min_ray_log=1.054 max_ray_log=2.585 min_ray_m=2.076 lin_vel=(0.966,-0.085,0.336) ang_vel=(2.284,-0.349,0.518) action_range=(-2.100,1.597) contact=(-1,1,-1,-1)
[ros2_control_node-3] [INFO] [1791627254.625161122] [StateRL]: [EVAL] step=550 t=11.000 robot=(3.601,-0.171) yaw=0.364 goal=(7.000,0.000) dist=3.403 body=(3.236,-0.652) heading=-0.467 arrived=0 ra=-0.95945 entry=-0.05000 recovery=0 hold=0 twist=(1.067,-0.300,0.172) min_ray_log=0.692 max_ray_log=2.585 min_ray_m=1.615 lin_vel=(1.656,0.502,-0.359) ang_vel=(-0.482,1.154,-0.504) action_range=(-1.883,2.661) contact=(1,-1,1,-1)
[ros2_control_node-3] [INFO] [1791627255.126233399] [StateRL]: [EVAL] step=575 t=11.500 robot=(4.430,0.347) yaw=0.032 goal=(7.000,0.000) dist=2.594 body=(2.558,-1.297) heading=-0.903 arrived=0 ra=-0.94446 entry=-0.05000 recovery=0 hold=0 twist=(1.067,-0.300,0.172) min_ray_log=0.190 max_ray_log=2.585 min_ray_m=1.140 lin_vel=(1.932,0.768,0.314) ang_vel=(1.439,0.905,-0.966) action_range=(-1.695,2.078) contact=(1,1,-1,1)
[ros2_control_node-3] [INFO] [1791627255.624553297] [StateRL]: [GOAL] 位置=(5.36,0.59) 偏航=-0.70 目标=(7.00,0.00) 距离=1.74 机体系=(1.63,-0.53) 航向=-0.68 path_err=0.59 path_on=1
[ros2_control_node-3] [INFO] [1791627255.625685672] [StateRL]: [EVAL] step=600 t=12.000 robot=(5.365,0.589) yaw=-0.696 goal=(7.000,0.000) dist=1.738 body=(1.632,-0.533) heading=-0.685 arrived=0 ra=-0.99262 entry=-0.05000 recovery=0 hold=0 twist=(1.067,-0.300,0.172) min_ray_log=-0.016 max_ray_log=2.585 min_ray_m=0.989 lin_vel=(1.406,1.305,-0.253) ang_vel=(-1.027,0.025,-1.336) action_range=(-0.899,2.956) contact=(-1,-1,1,-1)
[ros2_control_node-3] [INFO] [1791627256.128883573] [StateRL]: [EVAL] step=625 t=12.500 robot=(6.226,0.411) yaw=-1.042 goal=(7.000,0.000) dist=0.877 body=(0.746,-0.057) heading=-0.190 arrived=0 ra=-0.99779 entry=-0.05000 recovery=0 hold=0 twist=(1.067,-0.300,0.172) min_ray_log=0.576 max_ray_log=2.585 min_ray_m=1.491 lin_vel=(1.374,0.744,0.244) ang_vel=(1.408,0.668,-0.195) action_range=(-1.511,1.427) contact=(-1,1,-1,1)
[ros2_control_node-3] [ERROR] [1791627256.409074330] [rl_quadruped_controller]: [HARD-STOP] command=1 -> forcing PASSIVE
[ros2_control_node-3] [INFO] [1791627256.409194991] [StateRL]: [VERIFY-EXIT] RL steps executed: 640
[ros2_control_node-3] [INFO] [1791627256.409228562] [rl_quadruped_controller]: [HARD-STOP-CONFIRMED] command=1 state=PASSIVE steady_ns=34758730844532 changed=1
[WARNING] [launch]: user interrupted with ctrl-c (SIGINT)
[ros2_control_node-3] [INFO] [1791627256.414440262] [rclcpp]: signal_handler(SIGINT/SIGTERM)
[ros2_control_node-3] [INFO] [1791627256.414528208] [controller_manager]: Shutdown request received....
[ros2_control_node-3] [INFO] [1791627256.414600623] [controller_manager]: Shutting down all controllers in the controller manager.
[ros2_control_node-3] [INFO] [1791627256.414630029] [controller_manager]: Deactivating controller 'joint_state_broadcaster'
[INFO] [ros2_control_node-3]: sending signal 'SIGINT' to process[ros2_control_node-3]
[INFO] [robot_state_publisher-2]: sending signal 'SIGINT' to process[robot_state_publisher-2]
[INFO] [rviz2-1]: sending signal 'SIGINT' to process[rviz2-1]
[rviz2-1] [INFO] [1791627256.414494096] [rclcpp]: signal_handler(SIGINT/SIGTERM)
[ros2_control_node-3] [INFO] [1791627256.414668312] [controller_manager]: Shutting down controller 'joint_state_broadcaster'
[ros2_control_node-3] [INFO] [1791627256.414689975] [controller_manager]: Deactivating controller 'imu_sensor_broadcaster'
[ros2_control_node-3] [INFO] [1791627256.414703782] [controller_manager]: Shutting down controller 'imu_sensor_broadcaster'
[ros2_control_node-3] [INFO] [1791627256.414721614] [controller_manager]: Deactivating controller 'rl_quadruped_controller'
[ros2_control_node-3] [INFO] [1791627256.414782071] [controller_manager]: Shutting down controller 'rl_quadruped_controller'
[ros2_control_node-3] [INFO] [1791627256.414814996] [resource_manager]: 'deactivate' hardware 'UnitreeSystem' 
[ros2_control_node-3] [INFO] [1791627256.414826767] [resource_manager]: Successful 'deactivate' of hardware 'UnitreeSystem'
[ros2_control_node-3] [INFO] [1791627256.414831219] [resource_manager]: 'shutdown' hardware 'UnitreeSystem' 
[ros2_control_node-3] [INFO] [1791627256.414837215] [resource_manager]: Successful 'shutdown' of hardware 'UnitreeSystem'
[ros2_control_node-3] [INFO] [1791627256.414841696] [controller_manager]: Shutting down the controller manager.
[robot_state_publisher-2] [INFO] [1791627256.414889674] [rclcpp]: signal_handler(SIGINT/SIGTERM)
[robot_state_publisher-2] [INFO] [1791627256.418809557] [rclcpp]: signal_handler(SIGINT/SIGTERM)
[rviz2-1] [INFO] [1791627256.420138156] [rclcpp]: signal_handler(SIGINT/SIGTERM)
[ERROR] [ros2_control_node-3]: process has died [pid 181860, exit code -2, cmd '/opt/ros/humble/lib/controller_manager/ros2_control_node --ros-args --params-file /home/lidio/quadruped_robots/quadruped_ros2_control_humble/install/go2_description/share/go2_description/config/robot_control.yaml -r ~/robot_description:=/robot_description'].
[INFO] [robot_state_publisher-2]: process has finished cleanly [pid 181858]
[INFO] [rviz2-1]: process has finished cleanly [pid 181856]
